user_id,user_interest_summary,scene,data_type
645216,"喜欢：用户偏好娱乐搞笑内容，包括动物相关（如小猫、狗狗）和意外事件（如消防员处理马蜂窝、钓鱼钓到飞机），关键词涉及消防员、狗狗、小猫、钓鱼、手机；品牌偏好支付宝、小米等数字服务；使用场景为移动浏览休闲内容（基于点击商品和搜索关键词如""手机""、""支付宝""）。

不喜欢：用户不感兴趣于旅游、锦鲤、游泳等平静内容（基于未点击商品""趵突泉锦鲤出游""的实体词如组团、出行、游泳）。",3,complete
778971,"### 用户兴趣偏好总结（场景3）
喜欢：用户偏好家居装修（如卫生间）和国内旅游景点（如八大景），关键词包括卫生间、国内景点；品牌涉及日常购物如沃尔玛、永辉超市；使用场景为家庭生活改善和旅游信息探索，基于点击行为和交易数据中的家居、旅游相关实体。

不喜欢：用户对阳台装修和独生子女补贴政策不感兴趣，基于未点击商品中阳台和补贴特征与点击行为（家居和旅游）相反，反映出对类似家居主题的阳台内容及金融补贴服务的回避。",3,complete
1227097,"喜欢：该用户偏好娱乐内容品类，特别是宠物相关（如母猫）和家庭生活主题（如孩子、妈妈），关键词包括幽默轶事、洗澡、接住；品牌方面常用支付宝、饿了么；使用场景涉及在线视频观看、外卖点餐（如饿了么平台）、理财管理（如余额宝、花呗）。

不喜欢：基于未点击商品，用户不感兴趣于负面事件主题，如安全风险（看手机骑行摔倒）或工作变化（旅游景区投喂），关键词包括带娃、骑行、投喂。",3,complete
110533,"### 用户兴趣偏好总结（场景3）

喜欢：该用户偏好家常食品品类，如素食和馒头制品（如煎馒头片、素菜），关键词包括""好吃的""、""酥""等，品牌涉及FamilyMart，使用场景主要为早餐和家庭日常用餐（基于点击商品标题和实体词，结合交易行为中的""早饭""、""下饭菜""、""配粥""等特征）。

不喜欢：基于未点击商品中与点击行为相反的特征，用户不喜欢肉类菜肴（如洋葱炒牛肉）和针对儿童的食品（如早餐饼），这与点击的素食偏好形成对比（从未点击商品标题和实体词""洋葱炒牛肉""、""家常菜""、""小孩子""、""早餐饼""推断）。",3,complete
1650741,"喜欢：该用户偏好休闲娱乐内容，如宠物（哈士奇）、时事新闻（印度火箭、经济崛起）、幽默故事（孙悟空投喂）和情感话题（相遇、小时候）；偏好品类包括食品（水果、草莓、咖啡、牛奶）和日常消费；关键词涉及哈士奇、孙悟空、经济、崛起；品牌如农夫山泉、oreo、七匹狼；使用场景为日常购物（生鲜超市、便利店）、支付宝服务（芭芭农场、公益捐步）和在线阅读（社交媒体标题）。

不喜欢：该用户不喜欢工作相关主题，如五险一金、打工等严肃内容，与点击行为中休闲娱乐偏好相反。",3,complete
1518364,"### 用户兴趣偏好总结（场景3）
喜欢：用户偏好食品品类，特别是家常菜和简单食谱（如韭菜鸡蛋饼、青椒酿肉、凉拌面）；关键词包括""好吃""、""下饭""、""营养""、""早餐""；品牌涉及苹果（在食物上下文如苹果派）和支付宝（服务使用）；使用场景聚焦家庭烹饪、日常饮食、夏季凉菜和儿童餐准备。

不喜欢：用户不喜欢非烹饪相关话题，如金融保险（车贷、五险一金）和抽象内容（车上图案），基于未点击行为与点击食物特征相反。",3,complete
994241,"### 用户兴趣偏好总结（场景3）
喜欢：用户偏好宠物相关品类（如猫咪、狗、大熊猫），关键词包括动物行为、仙境旅游、家庭生活（如妈妈、娃娃）和公益实验，品牌如星巴克、瑞幸咖啡、支付宝和美团，使用场景涉及休闲娱乐（如桌游、聚会）、日常消费（外卖、打车）和公益捐赠（如蚂蚁庄园）。  
不喜欢：用户不喜欢医疗主题（如医院场景）、工作压力内容（如工资讨论）以及无聊的动物或旅游主题（如锦鲤、游泳）。",3,complete
115823,"### 用户兴趣偏好总结（场景3）
喜欢：偏好品类包括家居改进（如卫生间设计、卧室收纳）、旅游探索（如中国景点、城市主题）、健康生活（锻炼操）；关键词如设计、收纳、卫生间、旅行、中国相关；品牌如饿了么（外卖服务）、支付宝（支付工具）；使用场景为家庭日常优化、健康维护、社会新闻观察。  
不喜欢：基于未点击商品特征，不喜欢内容如纯美景宣传（最美县城、名山排行榜）、医疗事件（医院扎针），与点击的实用或争议主题相反。",3,complete
478296,"喜欢：偏好宠物动物内容，特别是猫咪、大熊猫和狗狗相关的搞笑可爱视频；关键词包括猫咪、土豆、大熊猫、回家；品牌无明显偏好（基于点击内容）；使用场景为休闲娱乐和家庭观看，如观看动物搞笑视频或日常互动。

不喜欢：恐怖或诡异主题的内容（如“双马尾”或“波士顿龙虾”），以及非娱乐性的动物表演（如“舞狮”）或技术艺术类视频（如“技术”或“艺术”），与点击的可爱动物搞笑风格相反。",3,complete
663951,"喜欢：用户偏好娱乐和新闻类内容，包括家庭幽默（如萌娃和狗相关故事）、国际政治（如中美关系主题）、旅游评论（如国内景点分析）以及健康话题；关键词涵盖萌娃、狗、中国、美国、景点等；品牌方面对喜茶有搜索兴趣；使用场景涉及在线浏览（如支付宝服务、电影购票、公益参与）和日常消费（如餐饮小吃、零食支付，基于交易实体如美团、呷哺呷哺、便利蜂）。

不喜欢：用户不感兴趣于个人财务话题（如社保查询，基于未点击实体""社会保障,多少""）和混合虚构元素的国际政治内容（如未点击标题中""我纯阳之体开局娶画皮新娘""的娱乐化表述，与点击的严肃国际主题形成对比）。",3,complete
509076,"喜欢：用户偏好时尚穿搭品类（如短裤和针对矮个子的内容）、运动相关关键词（如打球、女孩）、可爱主题（如小狗、西瓜、软乎乎肉肉），以及休闲娱乐使用场景（如在线游戏或故事内容），品牌方面涉及支付宝相关服务（如芭芭农场、蚂蚁庄园）和食品品牌（如五彩、农夫山泉），整体体现身体积极、日常休闲和宠物兴趣。

不喜欢：用户不喜欢高个子穿搭或清冷风格的内容，这与点击行为中矮个子时尚和活泼主题相反。",3,complete
1440571,"### 用户兴趣偏好总结（场景3）
喜欢：用户偏好新闻事件类内容，包括交通事故（如车祸、占车位）、自然现象（如钱塘江潮水）、宠物行为（如遛狗）和钓鱼活动；关键词涉及车主、停车位、喇叭、钓鱼、大飞机概念；品牌偏好支付宝、美团、饿了么等生活服务；使用场景涵盖移动支付（如余额宝、花呗）、出行预订（如火车票、酒店）、健康管理（如医保搜索）和公益参与（如芭芭农场、蚂蚁庄园）。

不喜欢：用户不喜欢动物生存相关主题，如清道夫鱼内容，与点击的人类事件主题形成鲜明对比。",3,complete
1117409,"喜欢：该用户偏好食品品类如面食（如番茄鸡蛋面、次坞打面、素菜、包子、香菜丸子和小笼包），关键词包括简单易做、好吃、安全、健身和娱乐，品牌如familymart（从点击商品实体词体现），使用场景涉及家庭用餐、休闲健身（如女神蹲建议）和日常趣事（如遛狗、爬山、救援事件）。

不喜欢：基于未点击商品（标题强调“家里来客”的菜肴），用户不喜欢与招待客人或正式社交场合相关的食品内容，表明对这类社交导向特征不感兴趣。",3,complete
960360,"喜欢：用户偏好汽车金融和生活事件相关品类（如车贷、赔偿），关键词包括闪电、外卖、骑行和看手机，品牌如支付宝和永辉超市（高频出现在交易和服务使用中），使用场景涉及出行支付（如公交、地铁搜索）和日常生活消费（如外卖点餐、超市购物）。

不喜欢：用户对电动车主题（如未点击商品中的电动车）、女生群体事件及交警执法内容不感兴趣，这与点击行为中偏好戏剧性冲突（如车辆事故赔偿）相反。",3,complete
1146565,"喜欢：用户偏好动物视频（如猫、狗、大熊猫）和搞笑社会事件内容，关键词包括狗、猫、熊猫、网友、瞬间、红包、消费券；品牌涉及支付宝（服务使用频繁）、美团（交易行为）；使用场景为在线娱乐（观看搞笑和动物视频）和信息查询（搜索红包、消费券等日常服务）。

不喜欢：用户不喜欢虚构或不现实的狗故事内容，基于未点击商品特征（如""我纯阳之体开局娶画皮新娘""），与点击行为中现实动物和搞笑主题相反。",3,complete
961517,"喜欢：用户偏好旅游景点品类（如国内景点和四川目的地），关键词包括景点、中国、四川；品牌涉及高德（地图服务）和美团（生活服务）；使用场景为国内旅游探索和出行规划，基于点击行为中旅游相关标题和实体词（如""景点""、""去哪里""），以及交易行为中的""旅游开发""、""观光车门票""等实体。

不喜欢：用户对社保医保、政治话题（如中美关系）和车贷主题不感兴趣，基于未点击商品中社保卡、医保卡、美国、中国王牌、车贷等实体词，与点击行为形成鲜明对比。",3,complete
1174139,"### 用户兴趣偏好总结（场景3）
喜欢：偏好交通事件、社会新闻和搞笑视频内容，关键词包括电动车、交警、支付宝和代驾，品牌涉及Apple和高德，使用场景涵盖移动支付（如花呗、付款码）、网约车服务（如滴滴出行）及日常消费（如食品便利店、早饭）。  
不喜欢：动物或奇异生物相关内容，如清道夫鱼主题。",3,complete
15722,"喜欢：该用户偏好宠物相关品类（如狗和猫），关键词包括狗狗、猫咪、手机、学霸等幽默生活趣事内容，品牌涉及芭芭农场（服务使用），使用场景为休闲娱乐、家庭互动和宠物陪伴，基于点击商品标题和实体词如""狗狗中也尽显学神""和""妈妈对我猫咪的误解太深了""。

不喜欢：该用户不喜欢严肃的猫咪教育内容，基于未点击商品标题如""猫咪认主的表现""和实体词""猫咪""、""随便""，与点击行为中幽默趣事特征相反。",3,complete
1521998,"喜欢：该用户偏好美食品类，特别是家常菜和简单快捷的食谱（如葱爆鸡蛋、懒人焖饭、蒸排骨），关键词包括""好吃""、""下饭""、""懒人""、""家常""和""做法""，品牌涉及支付宝理财服务（如蚂蚁财富、余额宝）和家庭用品（如安琪酵母粉），使用场景聚焦家庭日常烹饪、便捷饮食（如""下班回来不想做饭""）以及生活理财管理（如独生子女补贴）。

不喜欢：基于未点击行为，用户不喜欢教程式烹饪内容（如包饺子教程）和非实用娱乐故事（如孙悟空被投喂），与点击的简单食谱偏好相反，且可能对素菜兴趣较低（未点击""素菜比肉好吃""），与点击的肉菜（如五花肉、牛肉）形成对比。",3,complete
1423503,"喜欢：该用户偏好美食烹饪品类，关键词包括简单、家常、下饭、懒人（从点击商品标题高频出现），品牌涉及公益服务如芭芭农场（交易和服务使用实体），使用场景主要为家庭日常用餐、早餐准备及节日聚餐（点击标题强调孩子、老公、年夜饭）。

不喜欢：基于未点击商品中与点击行为相反的特征，用户不喜欢内容夸张描述的食谱（如""神仙美味""）、强调商业应用如摆摊（实体词""地摊经济""），或特定解腻清爽类菜肴（如""包菜炒鸡蛋""对应大鱼大肉主题）。",3,complete
1484141,"喜欢：偏好品类包括户外服装（如短裤、运动板鞋）、自然景观和娱乐内容；关键词涉及日出、山风、钓鱼、游泳；品牌如Apple（从交易行为中的Apple|BRAND和appstore|BRAND）；使用场景为休闲娱乐（如爬山、钓鱼）和日常生活（如公交出行）。  
不喜欢：基于未点击商品，不喜欢汽车品牌（如奔驰）、实用生活技巧（如车内降温）、宠物故事（如小狗拖西瓜）和医疗场景（如医院扎针）。",3,complete
1898195,"喜欢：该用户偏好娱乐性强的内容，包括动物趣闻（如狗、猫、熊猫）、搞笑事件和救援故事，关键词涉及安全、搞笑、网友分享和户外活动（如爬山、台风）；从交易行为看，偏好品牌如卫龙（零食）、ucc/悠诗诗（咖啡）和小米（电子产品）；使用场景主要为休闲浏览、日常生活趣事和新闻事件。

不喜欢：基于未点击商品，用户不喜欢静态动物展示如锦鲤游泳，主题涉及旅游景点（趵突泉）和减肥，关键词包括组团、出行和游泳，与点击行为中动态、事件驱动的特征相反。",3,complete
171937,"喜欢：用户偏好宠物搞笑视频内容，特别是狗和猫的互动与幽默场景，关键词包括狗、猫、宠物、搞笑、互动；品牌上常涉及支付宝、京东等平台用于支付和娱乐消费；使用场景为移动端休闲娱乐，如观看短视频和参与宠物相关游戏（如芭芭农场）；偏好品类涵盖宠物用品（如狗粮）、食品（如鲜肉）和餐饮小吃（如燊华鸣烧腊）。

不喜欢：用户不喜欢家庭主题和严肃动物报道内容，如家庭会议、大熊猫新闻或旅游景点描述（如趵突泉锦鲤），这些特征与点击的搞笑宠物互动相反。",3,complete
83760,"### 用户兴趣偏好总结（场景3）

喜欢：用户偏好生活技巧类内容（如停车入库、卫生间设计、面条新吃法），家庭生活主题（如大学生回家、带娃育儿），健身和运动相关（如拎桶油健身、改善臀凹陷动作）；关键词涉及旅行（搜索""旅行""）、支付宝服务（搜索""支付宝""、交易""支付宝""）；品牌偏好支付宝（多次交易和服务使用）、抖音（交易""抖音电商""）、蒙牛（交易""纯牛奶""）；使用场景包括日常实用（停车、卫生间装修）、健康运动（在家健身）、在线娱乐（视频观看）和公益参与（芭芭农场、蚂蚁庄园）。

不喜欢：用户对高端汽车品牌内容不感兴趣，如奔驰和迈巴赫的区别（基于未点击商品）。",3,complete
670884,"喜欢：该用户偏好食品烹饪类内容，特别是家常菜谱和早餐食谱，如饺子、虾、包子、鸡蛋饼、蘑菇和汤圆等，关键词包括""好吃""、""简单""、""香""、""早餐""和""家庭""，使用场景聚焦于家庭日常饮食准备和聚餐，涉及品牌如familymart（全家便利店），并体现出对便捷、美味食谱的强烈兴趣。

不喜欢：该用户不喜欢新闻事件和社会报道类内容，如游玩事故或社会救援故事，与点击行为中美食娱乐主题相反，反映出对严肃、非娱乐性话题的回避。",3,complete
1248660,"喜欢：该用户偏好宠物相关品类（如狗、猫、大熊猫），关键词包括“狗”、“猫”、“事故”、“旅游景区”、“中国”等，品牌涉及支付宝（从交易和服务使用实体如支付宝运动、蚂蚁庄园），使用场景主要为公益捐赠（如通过公益项目、慈善基金会）和日常娱乐（如观看搞笑视频、交通知识内容）。

不喜欢：基于未点击商品特征，用户不喜欢政治和国际关系主题内容（如涉及中美冲突的“美国”、“中国”、“王牌”等关键词），这与点击行为中轻松、生活化主题相反。",3,complete
1597331,"### 用户兴趣偏好总结（场景3）
喜欢：用户偏好娱乐类内容，特别是动物相关搞笑视频和生活趣事，偏好品类包括宠物（如狗、猫、鸟）和日常幽默，关键词如""狗""、""网友""、""街头""、""搞笑""，品牌涉及咖啡店（如咖啡店|BRAND）和生活超市（如生活超市|BRAND），使用场景集中于休闲娱乐（如街头散步、家庭互动）和城市日常生活（如济南市街头、海滩休闲）。  
不喜欢：用户不喜欢现实情感或工作相关内容，基于未点击商品特征，如爱情故事、事故新闻或职场话题，关键词包括""女友""、""车贷""、""五险一金""、""打工""，偏好品类与点击行为相反，如情感叙事、严肃宠物饲养（如黄鳝）或时尚穿搭（如清冷套装）。",3,complete
1589446,"喜欢：用户偏好食品品类中的肉类菜肴（如牛肉、猪肉、鱼）和蔬菜（如秋葵、豆腐），关键词包括好吃、下饭、简单、美味；品牌方面，偏好FamilyMart（基于点击实体词）；使用场景为家庭烹饪（如在家做饭）和家居生活（如卫生间设计）。

不喜欢：用户不喜欢茄子相关的菜肴，基于未点击商品与点击行为相反的特征（点击了豆腐等蔬菜但未点击茄子）。",3,complete
1051322,"喜欢：用户偏好宠物相关品类（尤其是猫和狗），关键词包括养猫、宠物行为、幽默视频和家庭互动；品牌涉及支付宝（如芭芭农场、蚂蚁森林）和阿里体育；使用场景为休闲娱乐观看、公益参与（如动物保护vlog）和家庭生活分享。

不喜欢：基于未点击商品特征，用户不喜欢纯娱乐性的大熊猫内容（如高能瞬间视频），这与点击行为中偏好有深度主题（如保护故事）的动物内容相反。",3,complete
149072,"喜欢：偏好品类包括新闻事件、交通效率和户外活动；关键词如雨天、电动车、抢救、济南市、行道树、劈叉、街头、钓到鱼、风力发电机、山东泰安、退役军人、外卖员、同步、通行、效率、联动、泰州市、轿车、闯红灯等城市生活与紧急事件主题；品牌偏好如滴滴出行（服务使用）、美团（交易实体）、农夫山泉（交易实体）等日常消费品牌；使用场景涉及城市出行、交通管理、救援事件和日常消费。

不喜欢：基于未点击商品特征，不喜欢休闲旅游和动物相关主题，如组团出行、游泳、锦鲤和趵突泉等轻松娱乐内容。",3,complete
681192,"喜欢：该用户偏好交通警示和家庭生活趣事品类，关键词包括闯红灯、电动车、女子、双胞胎和养猫，品牌如支付宝（从交易和服务高频出现），使用场景涉及日常出行（如地铁、公交）和家庭互动（如养宠物）。

不喜欢：基于未点击商品与点击行为相反的特征，用户不喜欢空调使用、电动车事故和头盔相关危险内容（如未点击的空调、事故和头盔实体词）。",3,complete
10726,"喜欢：用户偏好休闲旅游品类（如趵突泉锦鲤出行、游泳相关），美食零食（如水果超市活动、咖啡糖、软糖果），品牌涉及星巴克、稻香村等，使用场景聚焦家庭生活（如厨房贴纸、防潮垫）和户外活动（如庐山风景区、公共交通）；关键词包括组团、出行、春季等，体现对轻松娱乐和日常消费的兴趣。

不喜欢：用户对社会保障和医疗相关话题（如医保卡、社保卡）不感兴趣，基于未点击商品特征，避免涉及健康保险或行政服务内容。",3,complete
1066634,"喜欢：用户偏好宠物相关温馨故事（如猫狗趣事、大熊猫表演）、社会公益事件（如交警救援、退役军人救助）、交通安全提示（如驾驶技巧、路口警示）及健康话题（如社保卡、医保卡），涉及品类包括动物互动、应急救援和在线求助，关键词如""温暖""、""救援""、""技巧""、""社保""，品牌如支付宝（从服务使用中体现），使用场景为在线娱乐观看和公益参与活动。

不喜欢：用户不喜欢奇特或冲突性的宠物内容，如大甩卖促销或战斗主题，这与点击行为中正面、趣味性的动物故事形成反差。",3,complete
237451,"喜欢：用户偏好新奇社会事件（如旅行奇景、悬空门和高效交通联动）和幽默故事（如管家翻身），涉及品类包括新闻、旅行和交通；关键词如金融（信用贷、网商贷）、汽车服务（洗车）和手机相关（回收旧手机）；品牌如哈啰单车、脉动和支付宝；使用场景主要在支付（支付宝交易）、运动（支付宝运动）、游戏（芭芭农场）和公益捐赠（慈善项目）。

不喜欢：用户不偏好事故内容（如跌入泥坑）、时尚穿搭（如清冷套装）、负面事件（如偷拍）和萌宠故事（如萌娃告状），这些特征与点击行为相反，体现在未点击商品的实体词如电动车事故、高个子时尚、黑屏偷窥和锦鲤出游。",3,complete
465947,"喜欢：用户偏好社保福利和工作相关品类（如五险一金、养老金），关键词包括社会保障、医保、公积金，品牌涉及支付宝服务（如蚂蚁庄园、生活缴费），使用场景为生活缴费、超市消费和公益项目（如电力缴费、种果树），基于点击商品和搜索数据（如社会保障、税务）体现对实用生活服务的兴趣。

不喜欢：用户不喜欢政治话题和虚构娱乐内容（如国际关系、小说情节），基于未点击商品特征（如美国、中国、王牌及小说标题）与点击行为（社保实用主题）相反，未在搜索或行为数据中出现类似偏好。",3,complete
735713,"喜欢：偏好品类包括宠物动物（如狗、猫）、幽默趣事、社会新闻和户外活动（如爬山、钓鱼），关键词涉及搞笑、情感、安全、健身、钓鱼、爬山、游戏（如""我纯阳之体开局娶画皮新娘""）；品牌偏好哈啰出行（多次出现在交易和搜索）、支付宝（服务使用）、华为（交易行为）；使用场景涵盖出行（打车、网约车）、娱乐（视频、小游戏）、健康（健身、疫苗）和公益（种树、捐赠）。

不喜欢：基于未点击商品，不喜欢涉及儿童主题（如萌娃）和家庭冲突（如妈妈打孩子）的内容，与点击的积极动物趣事和成人视角事件相反。",3,complete
240935,"喜欢：偏好萌娃宠物、理财存钱、电动车相关品类；关键词包括萌娃、狗、存钱、银行存款、电动车；品牌如芭芭农场、支付宝、余额宝；使用场景涉及公益（如海洋保护、种树）、理财（如存钱、资产管理）、日常生活（如电动车出行、手机租赁）。

不喜欢：基于未点击商品与点击行为相反特征，不喜欢时尚套装、女生露腿相关品类；关键词如套装、女生；使用场景偏向时尚穿搭，与用户偏好的萌娃宠物、理财存钱等形成对比。",3,complete
711733,"喜欢：用户偏好宠物相关（如狗、猫）的幽默视频和动物趣事内容，关键词包括动物行为、家庭情感、旅行（如武功山）和社会热点；品牌涉及支付宝、饿了么（服务使用）和康师傅（交易行为）；使用场景为娱乐休闲（如点餐平台、公益种树）和日常生活消费（如餐饮小吃、生活缴费、交通出行）。

不喜欢：用户不喜欢负面事件（如车祸、事故）和平淡的宠物互动场景（如静态抚摸猫咪），基于未点击商品中与点击行为相反的负面特征。",3,complete
1373278,"### 用户兴趣偏好总结（场景3）
喜欢：用户偏好宠物相关（如猫、狗）和搞笑娱乐内容，关键词包括""土豆""、""猫咪""、""好奇""、""卧室""、""好吃的""，使用场景涉及家庭生活（如家居设计、烹饪）和日常出行（如交通规则），无明显品牌偏好，但倾向轻松、可爱主题的视频和实用技巧。

不喜欢：用户不喜欢涉及负面情感（如宠物冲突故事）或技术警告内容（如汽车按键知识），与点击的积极、娱乐主题相反，具体表现为避免""欺负""、""按键""等关键词。",3,complete
236071,"喜欢：用户偏好品类包括宠物（如猫咪、狗）、救援故事（如消防员、救援行动）和搞笑意外事件（如电动车事故、网友评论），关键词涉及消防、宠物、救援、网友，品牌偏好如麦当劳、瑞幸咖啡（基于搜索关键词），使用场景主要为休闲娱乐和社交媒体浏览（基于服务使用如互动小游戏、公益产品）。

不喜欢：用户不喜欢负面事故内容（如攀爬瀑布导致的危险事件）和特定实体如早起场景（基于未点击商品中与点击行为相反的特征，如未点击的攀爬瀑布事故和狗狗撸猫内容，而点击行为偏好积极救援和搞笑事件）。",3,complete
1610813,"喜欢：用户偏好家常菜创新烹饪、健康低卡食品和便捷早餐解决方案，偏好品类包括家常菜（如糖醋排骨、酸菜鱼）、健康零食（如低卡炸鸡腿）和早餐类（如发面饼、小米粥），关键词突出“新吃法”、“简单”、“下饭”和“孩子爱吃”，品牌涉及familymart（全家便利店），使用场景集中于家庭用餐、减肥管理（如减脂期食谱）和生活技巧学习（如驾驶技巧、金融知识），体现在点击的多样食谱、健康食品和实用内容中。

不喜欢：用户不喜欢红薯粉类简单食材商品，与点击行为中偏好创新多样化食物（如大虾新吃法、豆腐创意做法）和健康管理特征相反。",3,complete
484367,"喜欢：该用户偏好宠物相关品类（尤其是猫咪和狗），关键词包括猫咪、狗、网友、救援和搞笑，品牌无明显特定偏好（交易行为中涉及apple、三得利等但未在点击商品中体现），使用场景为休闲娱乐观看幽默动物视频和社会趣闻内容。

不喜欢：基于未点击商品特征（如沙子流动、趵突泉锦鲤），用户不喜欢自然现象描述和旅游景点内容，与点击行为中宠物及幽默主题相反。",3,complete
1703344,"喜欢：用户偏好旅游景点（尤其浙江和中国名山、城市）、健康健身内容（如瘦腰动作和身材曲线管理）、时事新闻（如退役军人事件）和金融投资（基金相关），关键词包括浙江板块、打卡、名山、瘦腰、动作、基金、退役军人，使用场景涉及休闲旅游、个人健康提升和投资理财。

不喜欢：用户不感兴趣于国际政治（如美国、俄罗斯内容）、家庭八卦（如丈母娘故事）、特定旅游（如县城景点）和负面事件（如车祸新闻），关键词包括俄罗斯、美国、丈母娘、县城、锦鲤、闯红灯，使用场景涉及国际事务、生活琐事和交通事故报道。",3,complete
11543,"喜欢：用户偏好旅游探索（如中国贵州美景、原始部落）、宠物趣事（狗相关事件）、交通生活（电动车、停车位纠纷）、生活常识（社保卡、五险一金知识），关键词包括中国、贵州、电动车、社保、狗、钓鱼、美景，品牌涉及支付宝（从服务使用如支付宝运动、蚂蚁庄园）和美团（从交易行为），使用场景涵盖日常通勤、休闲娱乐和健康管理。

不喜欢：用户不喜欢高风险旅游（如中国危险景点）、负面生活事件（如偷拍、车贷问题）、特定宠物饲养（黄鳝），关键词避免危险、偷拍、车贷，使用场景不涉及分心驾驶（如边骑车边看手机）或隐私风险场景。",3,complete
236055,"喜欢：用户偏好新闻和事件内容，特别是意外事件、社会热点及国际新闻，偏好品类包括社会新闻和自然现象；关键词涉及电动车、手机、女子、日出、钱塘江、市民、小朋友、印度、火箭、美国、中国等；品牌方面，从交易行为中提取相关电子产品品牌如华为、荣耀；使用场景为日常休闲浏览和信息获取，如关注英雄事迹、自然奇观及国际动态。

不喜欢：用户不喜欢负面或犯罪相关的新闻内容，如尾随事件，关键词包括女子、黄衣、店主，与点击行为中正面或中性事件特征相反。",3,complete
1815975,"喜欢：偏好动物相关内容和日常生活幽默视频（品类），关键词包括撸猫、大熊猫、狗、网友分享（关键词），品牌涉及支付宝（如芭芭农场、蚂蚁金服）和电信服务（如中国移动、电信）（品牌），使用场景为休闲娱乐、在线内容消费和健康关注（如疫苗预约、健康金）（使用场景）。

不喜欢：基于未点击的旅游景点内容，不喜欢冒险或危险主题的旅游景点（如中国景点）。",3,complete
370015,"喜欢：用户偏好汽车驾驶技巧（如倒车入库、侧方停车）和省钱妙招，关键词包括""技巧""、""安全""、""新手""；品牌涉及支付宝、宝马、奔驰等汽车相关；使用场景为日常驾车维护（如停车、出库操作）和金融理财（如支付宝服务、基金投资）。

不喜欢：用户不喜欢过于简化的停车技巧（如""不求人""）和纯负面交通事故内容（如""闯红灯""），与点击行为中偏好实用解决方案和积极指导的特征相反。",3,complete
302868,"喜欢：用户偏好烹饪类内容，特别是肉类菜肴如盐焗手撕鸡、清蒸鲈鱼、爆炒腰花和米饭类如外婆菜炒饭；关键词包括盐焗、手撕鸡、清蒸、豆皮、爆炒；品牌涉及芭芭农场、盒马等生活服务；使用场景聚焦家庭饮食、育儿（如生孩子话题）和日常生活故事。

不喜欢：用户不喜欢理财相关主题如存款利息、保险补贴（如五险一金、独生子女补贴），以及素菜、懒人食品（如鸡蛋饼、皮蛋新吃法）和特定做法如红烧肉，与点击行为中偏好的肉类和家常菜相反。",3,complete
1736689,"### 用户兴趣偏好总结（场景3）
喜欢：偏好动物幽默内容（如狗和猫的趣事）及家庭互动品类，关键词包括狗、猫咪、饺子、网友、妈妈，品牌涉及饿了么和支付宝，使用场景为外卖点餐（如点击""摸进厨房偷吃了一整盘饺子""）和在线支付（如交易行为中的""扫码收款""）。

不喜欢：基于未点击行为，反感攻击性动物表现（如""猫咪要攻击""）、钓鱼活动（如""男子海上钓鱼""）及医疗相关场景（如""医院""），与点击的积极幽默内容相反。",3,complete
714474,"喜欢：该用户偏好家常菜食谱品类，如鸡蛋、肉、海鲜类（如葱爆鸡蛋、红烧肉、白灼虾），强调简单快捷、好吃下饭的关键词；偏好品牌包括光明、蒙牛的乳制品（从交易数据中的光明优加、蒙牛等）；使用场景主要为家庭烹饪、日常用餐（如早餐茶叶蛋、懒人焖饭）和健康饮食（如清淡菜心炒肉），同时涉及公益和健康活动（如芭芭农场、支付宝运动）。

不喜欢：基于未点击商品特征，用户不喜欢苦味食物（如苦瓜）、金融话题（如银行存款）、负面新闻（如事故）和行政事务（如社保卡），这些与点击的积极、实用食谱内容相反。",3,complete
351280,"喜欢：用户偏好家居装修和设计品类（如阳台、厨房、客厅改造），关键词包括""设计""、""装修""、""素菜""和""景点""，品牌涉及全家（familymart）等食品相关，使用场景主要为家庭生活改善和日常饮食，体现对实用家居优化和健康食物的兴趣。

不喜欢：基于未点击商品特征，用户不喜欢财务补贴或政策相关内容（如独生子女补贴），与点击行为中生活兴趣相反。",3,complete
2004012,"喜欢：偏好品类为冒险旅游和自然奇观，关键词包括悬崖峭壁、惊险公路、独特村落（如神仙居、悬空村），品牌偏好农夫山泉、娃哈哈等食品饮料（基于交易行为），使用场景为休闲娱乐时通过移动端消费内容（服务使用涉及支付宝、公益游戏）。
不喜欢：不喜欢金融汽车相关主题，如车贷和省钱技巧（基于未点击商品的反向特征）。",3,complete
1543998,"喜欢：用户偏好宠物趣事（如金毛、黄鳝）、消防相关事件（如消防员互动）、时尚服饰（如裙子、清冷套装）、生活实用信息（如社会保障、高铁事件），涉及品牌如Apple、麦当劳、支付宝，使用场景主要为休闲娱乐（如社交媒体浏览、城市生活趣事）和日常生活管理（如交通、消费）。

不喜欢：用户不喜欢时尚选择性问题（如裙子颜色偏好）、负面社会事件（如挑衅交警）、普通宠物日常（如撸猫），基于未点击商品中与点击行为相反的特征。",3,complete
775893,"喜欢：偏好宠物搞笑视频品类（如猫咪、狗、大熊猫），关键词包括""土豆""、""搞笑""、""家庭趣事""，品牌涉及餐饮如""星巴克""、""奈雪の茶""，使用场景为休闲娱乐和移动端短视频消费。  
不喜欢：基于未点击行为，不喜欢乖巧或人类角色扮演内容（如""孙悟空投喂""、""黑狗封锁道路""），关键词如""乖巧""、""道路""、""离职""，使用场景偏向静态或负面事件。",3,complete
1540684,"### 用户兴趣偏好总结（场景3）
喜欢：用户偏好生鲜食品品类（如蔬菜、水果、肉类），关键词包括退休福利、社会新闻事件、健康消费券，品牌涉及支付宝、联华超市、特仑苏，使用场景为超市购物、在线支付（如花呗）、公益理财服务（如蚂蚁森林、捐步），体现对福利政策、社会热点和健康管理的兴趣。  
不喜欢：用户不喜欢游玩休闲活动相关的内容，如基于未点击商品的特征（游玩、退役军人），表明对休闲救援主题缺乏兴趣。  

（字数：148）",3,complete
855964,"### 用户兴趣偏好总结（场景3）
喜欢：用户偏好幽默搞笑、动物趣事和社会意外事件的内容，偏好品类包括娱乐视频和新闻趣闻，关键词如交警、狗、女生、网友、宠物和搞笑，品牌涉及支付宝（从搜索关键词""支付宝""高频出现），使用场景主要为社交媒体浏览和日常娱乐消遣，体现对轻松、意外性强的主题兴趣。

不喜欢：用户不感兴趣的内容包括重复挑衅主题（如交警挑衅）、日常健身琐事和宠物救援故事，基于未点击商品中与点击行为相反的特征（如缺乏新鲜趣味性或负面平淡），涉及关键词如健身、救援队员和日常事故。",3,complete
220197,"喜欢：该用户偏好宠物主题的视频内容，特别是猫和狗相关的幽默搞笑品类，关键词包括猫咪、狗子、宠物、幽默；品牌方面，从服务使用实体（如支付宝、芭芭农场）和交易行为实体（如抖音、apple）推断，偏好支付宝生态平台和娱乐应用；使用场景为休闲娱乐时观看短视频或在线互动。
不喜欢：用户不喜欢野生动物悠闲散步的内容，如小鳄鱼主题，与点击行为相反的特征是缺乏家养宠物元素和幽默互动性。",3,complete
1266372,"喜欢：用户偏好宠物狗相关搞笑或事故内容（如狗子行为、湖里吵架）、生活技巧与DIY（如家居设计、黄瓜矫正）、社会冲突事件（如交通事故、偷拍纠纷）、健康科普（如熬夜、抽搐）及支付宝和apple品牌服务；关键词包括狗、事故、设计、健康、网友；使用场景聚焦家庭改进、出行安全和健康管理。

不喜欢：用户不偏好温馨家庭琐事（如梳头、亲情互动）、正面萌宠故事（如萌宠成精、狗努力吃食）及基础生活技巧（如水果催熟），这些内容与点击行为的冲突导向和问题解决主题相反。",3,complete
1473744,"### 用户兴趣偏好总结（场景3）
喜欢：用户偏好宠物相关（如狗和萌宠互动）、家庭趣事（如萌娃与妈妈故事）、社会新闻（如消防事件和交警执法）、幽默娱乐（如网友评论和搞笑视频）及实用生活技巧（如大学生发明）等内容；关键词包括狗、萌娃、妈妈、网友、消防、电动车、沙子、云南、大学生等；品牌偏好如Apple（科技产品）、Lego（玩具）、蒙牛（食品）、Supor（厨具）等；使用场景主要为日常娱乐消遣、家庭观看和社会事件关注。  
不喜欢：用户不喜欢理论性、抽象内容，如烹饪理论（基于未点击的""理论上会做任何菜""），偏好实际、有趣的具体事件。  

（字数：198）",3,complete
924119,"喜欢：该用户偏好水果蔬菜品类（如榴莲、番茄汤、青菜），关注退休、车贷、存钱、支付宝等关键词，常用斐乐、鸿星尔克等运动品牌和支付宝品牌服务（如芭芭农场、蚂蚁庄园），使用场景包括日常购物支付（农贸市场、水果摊）、公益运动（捐步）、理财管理（余额宝、花呗）及汽车驾驶技巧（倒车入库）。  
不喜欢：该用户对独生子女补贴等政府福利内容不感兴趣。",3,complete
458318,"### 用户兴趣偏好总结（场景3）
喜欢：用户偏好家常菜烹饪（如红烧肉、葱爆鸡蛋、蒸排骨等简单易做的食谱）、宠物相关故事（如狗、猫的趣味互动和训练）、生活技巧（如家居设计、防护知识）和健康饮食（如酸汤肥牛、凉拌土豆丝），关键词包括“简单”“好吃”“狗”“设计”，品牌涉及餐饮外卖（如美团、饿了么），使用场景集中于家庭日常烹饪、宠物饲养和休闲娱乐。

不喜欢：基于未点击商品，用户不喜欢懒人速食（如清汤面）和重复或平淡的宠物内容（如“狗”主题但缺乏故事性），以及红薯粉相关产品，与点击行为中偏好丰富、互动性强的特征相反。",3,complete
1742029,"### 用户兴趣偏好总结（场景3）
喜欢：用户偏好家庭烹饪教程（如豆腐、鸡蛋肉饼汤）、实用驾驶技巧（如调头技巧）和萌宠娱乐内容（如萌娃与狗互动），关键词包括""好吃""、""好喝""、""技巧""、""萌娃""；品牌倾向支付宝相关服务（如蚂蚁财富、芭芭农场）；使用场景集中于日常家庭聚餐、休闲娱乐和出行驾驶。

不喜欢：用户对减肥健身内容（如暴瘦视频）不感兴趣，对特定烹饪如辣椒炒肉缺乏偏好，与点击行为中家庭烹饪和娱乐内容形成反差。",3,complete
1149135,"喜欢：该用户偏好娱乐搞笑类内容，特别是动物相关（如狗、猫、黄鳝）和趣闻轶事（如钓鱼、神奇事件、网友互动），关键词包括宠物、神奇、网友、钓鱼等；偏好品类为短视频和社交媒体内容；使用场景为休闲观看日常生活趣事，如动物视频、搞笑新闻；品牌方面，无明显偏好，但交易行为中涉及支付宝相关服务（如花呗、红包），服务使用中体现公益兴趣（如养小鸡、蚂蚁庄园）。

不喜欢：用户对健身运动相关（如身材、健身房、运动轨迹）和政策补贴类内容（如独生子女补贴）不感兴趣，基于未点击商品中与点击行为相反的严肃或运动特征。",3,complete
701921,"喜欢：用户偏好家居设计品类（如衣柜、阳台、卫生间布局），关键词包括实用、省钱、舒适、训练；品牌涉及支付宝、蚂蚁财富相关服务；使用场景涵盖家庭装修、宠物护理（如猫咪习惯训练）、健身动作（如核心收紧）、日常烹饪（如爆炒腰花）和生活缴费（如电费、水费）。

不喜欢：基于未点击商品特征，用户不喜欢金融借贷主题（如车贷）和汽车相关图案。",3,complete
1361046,"喜欢：该用户偏好生活用品（如棉签、炒鸡蛋）、汽车（如奔驰）、房产（如小户型房子）、社会保障（如五险一金）等品类，关键词包括中国、大桥、厕所、打工，品牌如奔驰，使用场景涉及日常生活技巧（如掏耳朵、烹饪）、社会新闻（如车祸、大桥事件）和财务规划（如社保知识）。

不喜欢：该用户不喜欢娱乐性内容，如旅游景区、孙悟空、离职故事等，关键词如投喂、小朋友，与点击的严肃实用主题相反。",3,complete
33027,"喜欢：用户偏好动物相关视频（如猫、狗、熊猫）和社会新闻事件（如车祸、洪水救援），关键词包括救援、聪明、洪水、番茄、西瓜等；偏好品类为娱乐视频和零食（从交易行为看，如生酮零食、蔬菜干），品牌涉及苏菲/sofy、urbandecay等化妆品和食品；使用场景为休闲娱乐浏览和信息获取。

不喜欢：用户不喜欢轻松幽默的动物视频，如锦鲤游泳，特征包括组团、出行、游泳（基于未点击商品与点击行为相反的特征）。",3,complete
994526,"喜欢：偏好食品品类如鸡蛋、虾、蔬菜和茶叶蛋，关键词包括简单、好吃、下饭和早餐，品牌涉及维他奶、嘉士伯等日常消费品牌，使用场景主要为家庭烹饪、早餐准备和休闲娱乐视频观看。

不喜欢：基于未点击行为，不喜欢负面内容如危险实验、社会事件和严肃话题，包括野外风险、事故报道及补贴信息。",3,complete
72731,"喜欢：用户偏好食品品类中的家常菜和下饭菜，如炒肉、面食和蛋类料理（基于点击商品标题如蒜薹炒肉、辣椒炒肉、番茄鸡蛋面）；关键词包括""下饭""、""简单""、""教程""和""分享""（从点击标题提取）；品牌涉及众品、喜多多、三只松鼠等食品相关品牌（从交易行为实体推断）；使用场景为家庭烹饪、日常饮食解决饥饿或招待客人（如点击标题中的""吃饭没胃口""、""家里来客""）。

不喜欢：用户不喜欢泛化的食谱描述，如强调""美味""但缺乏具体菜名或教程的内容（基于未点击商品实体词""美味""，与点击行为中具体菜名和教程特征相反）。",3,complete
1749582,"喜欢：偏好品类为动物娱乐内容（如大熊猫、猫、狗），关键词包括舞狮、投喂、云南、洛阳市、灵岩等幽默趣事元素；品牌偏好支付宝生态服务（如蚂蚁财富、余额宝、瑞幸咖啡）；使用场景涉及休闲娱乐、外卖点餐（饿了么）和移动理财支付。

不喜欢：基于未点击行为，不喜欢保护导向、vlog形式或社交互动的动物内容（如蚂蚁森林相关、大熊猫保护主题或小鸟朋友互动）。",3,complete
1294737,"喜欢：用户偏好幽默生活趣事和意外事件（如交通事故中的搞笑情节、动物互动），偏好品类包括新闻短视频、社会事件（交通相关）和动物内容；关键词涉及金融支付（消费券、信用评估）、健康（核酸）和日历（久久日历）；品牌如oppo、apple（从交易实体）；使用场景聚焦移动支付（支付宝）、公益（蚂蚁庄园捐步）和出行（公交、地铁）。

不喜欢：用户不喜欢悲惨车祸和负面事故内容（如未点击的惨烈车祸事件），基于未点击行为中与点击的幽默事件相反特征。",3,complete
1819136,"### 用户兴趣偏好总结（场景3）
喜欢：用户偏好交通安全与生活技巧类内容，品类包括交通事故警示、驾驶技巧和日常问题解决（如电动车事故、倒车入库）；关键词集中于事故、闯红灯、高铁、抽搐、安全等；品牌涉及公益服务如芭芭农场、支付宝运动；使用场景主要为驾驶出行监控、家庭安全事件和公共空间行为观察。

不喜欢：用户不喜欢省油优化与休闲娱乐主题内容，如油耗降低技巧、景区互动（投喂、游泳减肥），与点击的严肃事件相反。",3,complete
216960,"喜欢：用户偏好食品和食谱品类，关键词包括""好吃""、""简单""、""懒人""、""下饭""、""早餐""和""美味""，品牌如FamilyMart（从点击实体词""familymart""推断），使用场景为家庭日常烹饪、早餐准备和懒人式饮食，具体体现在点击家常菜、简单食谱（如懒人鸡蛋饼、酸辣汤、韭菜鸡蛋饼）和营养早餐相关商品。

不喜欢：用户不喜欢补贴和福利类内容，与点击食品消费行为相反，具体表现为未点击""独生子女补贴""商品，表明对非日常消费、政策福利主题缺乏兴趣。",3,complete
211938,"喜欢：用户偏好宠物猫咪相关内容，尤其小奶猫护理和娱乐场景，偏好品类包括猫咪视频和宠物护理（如洗澡、颜值变化），关键词如""猫咪""、""小奶猫""、""洗澡""、""颜值""、""主人""，使用场景为休闲浏览和宠物爱好者互动；品牌方面，从点击数据无特定偏好，但整体行为涉及支付宝、美团等平台用于外卖和支付。

不喜欢：用户不喜欢猫咪内容中更教育性或负面主题的，如误解行为分析，基于未点击商品""被误解的猫咪行为""与点击娱乐性内容相反的特征。",3,complete
754134,"喜欢：用户偏好宠物猫视频品类，特别是围绕""土豆""这只猫的可爱日常内容，关键词包括土豆、眼睛、可爱、玩具、加餐等；使用场景主要为休闲娱乐时观看短视频；品牌偏好未在数据中体现（交易和服务实体如支付宝、芭芭农场等未直接关联点击内容）。

不喜欢：用户不喜欢锦鲤或鱼相关视频内容，基于未点击商品特征，关键词如组团、出行、游泳等与点击行为相反（非宠物猫主题）。",3,complete
444142,"喜欢：用户偏好单身生活相关品类如房产（单身公寓）和保险福利（五险一金），关键词包括租借、理财、公益服务（如公益项目、生活缴费），品牌涉及支付宝、哈啰出行等，使用场景聚焦城市日常消费（如公共交通、缴费服务）和公益参与（如蚂蚁森林、捐步）。

不喜欢：用户不喜欢食品创新类内容，如皮蛋新吃法，这与点击的房产福利主题相反，体现对非核心兴趣如特定食品或烹饪的回避。",3,complete
1935369,"喜欢：用户偏好小空间家居设计（如小卧室、小厨房的优化布局和装修技巧）、实用烹饪食谱（如红烧肉、蒜薹炒肉、早餐饼等美食制作）、宠物趣事（如狗、萌娃相关互动）和生活技巧（如登山步健康运动）；关键词包括设计、空间、装修、美食、狗；使用场景涉及家庭日常、烹饪实践和健康锻炼；品牌偏好不明显，但搜索中涉及星巴克、叮咚买菜等，未在点击中突出。

不喜欢：用户不喜欢过于正式或教条的内容，如强调""正确""的教条式建议（基于未点击商品""小厨房的正确做法""，与点击行为中偏好实用、创意和趣味性内容相反）。",3,complete
1292833,"喜欢：用户偏好家常菜烹饪、懒人食谱和早餐食品，品类包括蔬菜、肉类、海鲜（如红烧肉、番茄鸡蛋面、蔬菜鸡蛋饼）；关键词突出""简单""、""下饭""、""懒人""；品牌涉及麦当劳；使用场景主要为家庭厨房和日常饮食（如早餐准备、家庭聚餐）。
不喜欢：用户不喜欢医学健康类内容，如胎儿发育相关话题（基于未点击商品与点击行为相反的特征，点击集中于生活美食而非健康医学）。",3,complete
355549,"### 用户兴趣偏好总结（场景3）
喜欢：用户偏好家居设计（如卫生间、收纳沙发、鞋柜）、宠物内容（猫咪、狗狗）、生活技巧（油耗按键、省钱方法）、独居生活（90后、小家）、娱乐休闲（钓鱼、旅游景区），关键词包括设计、实用、休闲娱乐，品牌涉及shoebox/鞋柜等家居类，使用场景聚焦个人生活改善和日常娱乐。  
不喜欢：用户不喜欢过度强调颜值或卫生无死角的卫生间设计内容，与点击行为中注重简约实用而非完美外观的特征相反。",3,complete
575469,"### 用户兴趣偏好总结（场景3）
喜欢：用户偏好休闲食品品类（如零食、饮料和干货菌菇），关键词涵盖美食、搞笑事件、大熊猫和社会热点（如军事爱国），品牌包括良品铺子、同仁堂和支付宝，使用场景涉及在线娱乐浏览（如搞笑视频）和公益理财服务（如蚂蚁森林）。  
不喜欢：用户不喜欢描述性、非搞笑的动物主题内容（如旅俄大熊猫的正式描述），与点击的搞笑事件性特征相反。",3,complete
1148101,"### 用户兴趣偏好总结（场景3）
喜欢：该用户偏好动物相关趣味视频内容，特别是狗、猫和熊猫的正面互动、搞笑场景及生活趣事，偏好品类包括宠物娱乐和搞笑短视频，关键词如遛狗、猫咪、投喂、散步等，品牌无直接关联但服务使用涉及支付宝、余额宝等数字平台，使用场景多为休闲娱乐和日常消遣。

不喜欢：基于未点击行为，用户不喜欢涉及狗的破坏性或负面行为内容，如拆家等主题。",3,complete
93716,"### 用户兴趣偏好总结（场景3）
喜欢：偏好品类包括支付宝生态服务（如芭芭农场、公益种树）、理财产品（余额宝、花呗）和新闻内容（事故、国际关系）；关键词涉及瀑布、美国、中国、女朋友、理财、手机；品牌偏好支付宝、一加、apple；使用场景集中在支付宝服务（如农场互动、公益捐赠、理财管理）和日常消费（如绿色蔬菜、烤鸭）。

不喜欢：基于未点击商品特征，用户对交通事件内容（如电动车、女生相关）不感兴趣，与点击行为中偏好的事故新闻和国际关系相反。",3,complete
1989043,"### 用户兴趣偏好总结（场景3）
喜欢：用户偏好家居生活类内容，包括室内设计、收纳技巧、实用小家电和娱乐视频；关键词如设计、颜值、分享、年轻人；品牌方面无明显偏好，但使用场景集中于家庭改造、个人娱乐和在线内容消费，如小户型优化、搞笑事件分享和实用发明。

不喜欢：用户对医疗相关或负面事件内容不感兴趣，如医院场景和声音主题，与点击行为中积极、实用的家居娱乐特征相反。",3,complete
1022876,"喜欢：该用户偏好娱乐视频品类，特别是涉及狗的幽默和意外事件内容，关键词包括狗、搞笑、社会新闻（如落水救援），使用场景为休闲观看短视频，品牌无明显偏好，但关注支付宝相关服务（如公益种树）和本地生活（如天津地点）。

不喜欢：该用户不喜欢正面宠物故事和旅游景点内容，基于未点击商品中与点击行为相反的特征（如未点击的""养只狗真好""和""趵突泉锦鲤""），反映出对轻松或广告性质内容的回避。",3,complete
139607,"喜欢：该用户偏好食品品类（如面条、素菜、炒鸡蛋、早餐类）、家居用品（如卧室设计、厨房吊柜、阳台相关）和金融产品（如存款利息管理），关键词包括设计、吃法、利息、存钱、卧室、厨房、阳台、退役军人、社会保障，品牌如妮维雅（护肤）、谷香园（食品）、小熊驾到（食品），使用场景涉及家庭烹饪、家居装修、金融理财、社会公益事件关注和日常生活管理。

不喜欢：用户不喜欢社保/保险相关主题，如五险一金变化，与点击的金融管理行为（如存款利息）相反。",3,complete
1363404,"喜欢：用户偏好涉及手机使用事故的新闻内容（如电动车骑行中看手机导致摔倒事件）和时尚摄影教程（如辣妹逆光照拍摄技巧），偏好品类包括娱乐新闻和摄影指南，关键词如""辣妹""、""光照""、""电动车""、""看手机""，品牌不明显（交易行为中虽有小米、可口可乐等，但点击内容未突出），使用场景为日常生活骑行、育儿及娱乐消费（基于点击商品实体词和标题）。

不喜欢：用户对旅游游玩相关的事故救援内容不感兴趣，如涉及退役军人智救父女的新闻（基于未点击商品实体词""山东泰安,游玩,退役军人""，与点击行为中手机事故和时尚主题相反）。",3,complete
1320658,"喜欢：偏好品类包括宠物用品（如狗、猫相关）、服装时尚（如裙子、套装）、运动健身（如训练动作）；关键词涉及在线求助、网友互动、生活事件、技术艺术；品牌如支付宝、顺丰速运（从交易和服务使用中高频出现）；使用场景涵盖家庭生活（如恋爱、宠物互动）、旅行（如房车）、工作执勤（如交警、执勤）、健身训练（如动作练习）。

不喜欢：偏好品类为时尚摄影（如大片）和旅游景点（如趵突泉）；关键词包括时尚、组团、游泳（基于未点击商品实体词）；使用场景涉及街头摄影和旅游出行（与点击行为中家庭、运动主题相反）。",3,complete
688419,"喜欢：用户偏好家常菜、早餐食品和肉类蔬菜食谱（如红烧肉、鸡蛋饼、韭菜鸡蛋饼），关键词包括简单、美味、营养、懒人和新吃法，品牌涉及支付宝生态（如余额宝、蚂蚁公益）和外卖平台（如美团、饿了么），使用场景主要为家庭早餐、快速烹饪、健康饮食以及公益参与（如捐赠、种树）。

不喜欢：用户不喜欢纯素菜菜品，基于未点击强调素菜的商品（如""比肉还好吃的素菜""），与点击行为中偏好肉类和混合菜的特征相反。",3,complete
1090291,"### 用户兴趣偏好总结（场景3）
喜欢：该用户偏好宠物狗相关品类，关键词包括狗、幽默和情感（如""开心""、""布娃娃""），无明显品牌偏好（点击商品中未突出特定品牌），使用场景主要为家庭休闲娱乐和宠物互动（如""出门带狗""、""宠物医院""）。  
不喜欢：基于未点击商品与点击行为的相反特征，用户不喜欢可爱动物教育内容（如""大熊猫vlog""）、工作抱怨话题（如""工资""）和实用信息（如""按键""）。",3,complete
1755783,"喜欢：该用户偏好生活服务类内容，包括偏好品类如生鲜（大米、水果）、饮料（雪碧、柠檬味汽水）、家居用品（塑料活页折页、玻璃合页）、支付服务（支付宝、余额宝）；关键词如骑行、事故、旅游、医保；品牌如支付宝、雪碧；使用场景在日常消费（华联超市购物）、账单支付（电费、水费）、信息查询（医保卡、行程码）和娱乐游戏（芭芭农场、蚂蚁庄园）。

不喜欢：用户不喜欢国际政治话题，如涉及中美关系的宏观事件（基于未点击商品实体词""美国""、""中国""、""王牌""），与点击行为中生活化、本地化内容（如骑行事故、旅游推荐）相反。",3,complete
309536,"喜欢：用户偏好时尚品类（如清冷套装）、运动相关（如打篮球）、自然和动物主题（如海洋生物、大鲨鱼），关键词包括技术、艺术、高个子、女生、打篮球、海洋；品牌无显著体现；使用场景涉及日常休闲穿着、运动健身活动和自然探索娱乐。

不喜欢：用户不喜欢组团出行、游泳、锦鲤相关的内容，这些特征与点击行为中的攻击性动物（如大鲨鱼）和主动运动（如打篮球）相反，体现为对温和休闲主题的回避。",3,complete
1486997,"喜欢：用户偏好旅游景点（如中国城市、浙江景点）、家居装修（卧室、卫生间设计）和生活知识（如五险一金），关键词包括城市、旅游、装修，品牌涉及康师傅（食品）、维达（日用品）和华为（电子产品），使用场景聚焦家庭生活改善和公益参与（如芭芭农场、蚂蚁庄园）。

不喜欢：用户不喜欢狭窄居住空间（如1米宽的玄关），这与点击行为中偏好宽敞舒适（如10平米家庭空间、避免榻榻米小卧室）的特征相反。",3,complete
1588285,"喜欢：该用户偏好宠物相关品类（如猫咪、狗狗）、时尚关键词（如清冷套装、辣妹穿搭）、品牌如米家和支付宝，使用场景包括家庭娱乐（如宝宝故事）、个人安全（如消防提示）和在线购物（如外卖订单），兴趣集中在宠物互动、时尚生活技巧和中国元素内容上。  
不喜欢：基于未点击商品，不喜欢群体活动如电动车出行和休闲旅游如趵突泉锦鲤，与喜欢的个人化、实用主题相反。",3,complete
773417,"喜欢：用户偏好动物相关品类（如狗、猫、大熊猫）、搞笑意外事件（如救援、爆炸）和自然灾害故事；关键词包括网友、游泳、救援；品牌偏好Apple（基于交易行为）；使用场景涉及夏季户外（如防晒、骑行）和在线娱乐（如视频观看）。

不喜欢：用户不喜欢负面社会冲突（如熊孩子吵闹、家长不管）、育儿失误（如带娃摔倒）和偷拍事件，以及金融问题（如车贷欺诈），这些特征与点击行为中的积极、趣味性内容相反。",3,complete
420844,"喜欢：偏好幽默趣事、动物相关和社会趣闻品类，关键词包括萌娃、省钱、艺术、中国景点和公益，品牌如支付宝（服务使用实体中高频出现），使用场景为休闲娱乐浏览和支付宝互动服务（如芭芭农场、公益捐步），具体体现为点击内容涉及萌娃告状、锦鲤出游、省钱装修和退役军人救人等积极事件。

不喜欢：负面社会新闻、危险行为和尴尬事件，如偷拍、山风事故和骑车看手机跌坑，基于未点击商品特征（如女子高铁偷拍、武功山山风、钱塘江潮水危险），与点击的幽默安全内容相反。",3,complete
938925,"喜欢：用户偏好科技失败事件（如火箭相关新闻），偏好品类包括航天、公益服务（如捐赠、种树）和生活缴费（如水费、电费），关键词涵盖火箭、公益、手机和电子产品（如单反相机、苹果 iPhone），品牌涉及休斯敦火箭、天猫和中国移动，使用场景主要为在线新闻阅读、公益捐赠平台和生活缴费服务。

不喜欢：用户对电动车、女性相关及交通违规后续内容不感兴趣，基于未点击商品特征（电动车、女生、南昌交警）与点击行为（火箭事件）形成对比，反映出对本地社会新闻和交通工具话题的排斥。",3,complete
315777,"喜欢：偏好品类为宠物视频和搞笑内容，关键词包括动物（如猫、狗、熊猫）、日常生活趣事（如散步、投喂、游泳）和网友分享，品牌无特定偏好（从点击数据未体现突出品牌），使用场景为休闲娱乐浏览社交媒体或视频平台。
不喜欢：基于未点击商品特征，不喜欢省钱主题（如装修、薅羊毛）和非娱乐性内容（如锦鲤游泳减肥）。",3,complete
1462563,"喜欢：用户偏好公益慈善品类（如捐赠、公益基金会），关键词包括社会保障、健康、低碳出行，品牌如支付宝、蚂蚁庄园，使用场景涉及金融服务（余额宝、转账）、健康管理（运动步数）和公益参与（种树、捐步）。
不喜欢：用户不喜欢负面事件内容，特别是交通事故和灾难新闻，基于未点击商品的特征如车祸描述、闯红灯和轿车事故。",3,complete
460038,"喜欢：用户偏好娱乐、幽默和生活趣事类内容，关键词包括动物（如蛇宝宝、小青蛙）、家庭（如妈妈、头发）和社会事件（如消防、地铁）；品牌如麦当劳、必胜客；使用场景涉及外卖点餐（如饿了么）、公益活动（如公益基金会）和日常消费（如购物中心）。

不喜欢：用户不喜欢正式社交场合如酒席和房产相关话题，与点击行为中轻松、非正式主题相反。",3,complete
985515,"喜欢：用户偏好食品类内容（如豆腐、水果、臭豆腐），关键词包括中国、好吃的、营养、省钱，品牌如星巴克和麦当劳（基于交易行为），使用场景涉及家庭饮食、生活技巧（如装修省钱）和社会事件观察；偏好品类还包括生活用品（如家居服、防晒衣）和公益服务（如社保、运动），从点击商品实体词（如豆腐、野果、绿色蔬菜）和交易行为（如纯牛奶、凉粉）中体现。

不喜欢：用户不喜欢涉及危险行为或育儿疏忽的内容，如骑行看手机导致摔倒的事件，基于未点击商品实体词（看手机、带娃、骑行）与点击行为（正面主题如营养、省钱）相反的特征推断。",3,complete
379514,"喜欢：用户偏好食品烹饪品类，关键词包括简单、快速、美味、懒人、新吃法（如""懒人鸡蛋饼""、""茶叶蛋""、""皮蛋新吃法""），品牌涉及Apple相关（基于交易行为中的apple|BRAND和搜索中的apple关键词），使用场景主要为家庭早餐和日常用餐（如""早餐饼""、""早上吃一个""）。

不喜欢：用户不喜欢金融保险主题（如""五险一金""、""打工""）、政策信息（如""独生子女补贴""），以及平淡或不确定的食谱（如""不知道""、""发面饼""），基于未点击商品中与点击行为相反的非食物特征。",3,complete
1218396,"喜欢：用户偏好家常菜和下饭菜品类（如鸡蛋、豆腐、肉类简单烹饪），关键词包括""在家做""、""下饭""、""懒人必备""和""电饭煲""，品牌涉及familymart，使用场景主要为家庭烹饪、早餐准备和节日聚餐。
不喜欢：基于未点击商品，用户不喜欢花式面点（如玫瑰花馒头）、特定肉类菜肴（如毛豆烧鸡），以及重复的豆腐做法（如豆皮），反映出对传统或复杂食谱的回避。",3,complete
663492,"喜欢：用户偏好财务和社保相关主题，包括品类如社会保障、五险一金、经济变化（如降价潮），关键词如""社会保障""、""五险一金""、""中国""、""火箭""，品牌如支付宝（从搜索关键词），使用场景为在线信息获取和财务查询（如生活缴费、理财服务）。

不喜欢：用户不感兴趣休闲娱乐主题如钓鱼和大飞机概念，以及特定福利广告如独生子女补贴（基于未点击商品与点击行为相反的特征）。",3,complete
1984279,"喜欢：用户偏好宠物猫相关品类，如猫咪用品（猫砂、猫玩具、猫主食罐）、猫咪行为内容；关键词包括猫咪、小猫、撸猫、养猫；品牌涉及狮宝牌（猫砂）等宠物用品；使用场景为家庭养猫互动、猫咪护理和娱乐分享。

不喜欢：用户不喜欢非猫咪动物主题内容，如鱼类游泳或无关场景（如锦鲤组团出游），基于未点击商品与点击猫咪行为相反的特征。",3,complete
271898,"### 用户兴趣偏好总结（场景3）
喜欢：用户偏好食物类内容（如红烧肉、葱爆鸡蛋、素菜）、宠物相关主题（狗、猫）、家庭生活设计（卧室、客厅布局）、实用信息（银行存款、医保卡），关键词集中于女性、女生、宠物互动，品牌涉及familymart等便利店，使用场景包括家庭烹饪、休闲娱乐和日常实用决策。  
不喜欢：用户不喜欢家庭纪律或教育孩子相关的内容，如沙发、餐桌、爸爸等特征，与点击行为中轻松娱乐主题相反。",3,complete
366996,"### 用户兴趣偏好总结（场景3）

喜欢：偏好食品食谱品类（如早餐饼、肉类菜肴、家常菜），关键词包括营养、美味、简单、孩子相关，品牌如妙洁拖把，使用场景为早餐准备、家庭烹饪和育儿设计（如卫生间优化）。

不喜欢：基于未点击商品，偏好与点击行为相反，不喜欢素菜品（如开胃素菜）、简单汤类（如酸辣汤），以及小空间设计问题（如小客厅分层、卫生间无窗），反映对肉类食谱和实用家居的回避。",3,complete
743263,"喜欢：偏好品类包括宠物狗搞笑视频、动物救援故事和家庭温馨内容，关键词如狗、救援、家庭、搞笑，品牌涉及餐饮如必胜客，使用场景为在线娱乐休闲、公益服务参与（如芭芭农场）和家庭生活管理。  
不喜欢：基于未点击商品特征，不喜欢负面讽刺宠物内容（如""我不是人但你是真的狗啊""）和金融诈骗主题（如车贷图案），与点击行为中正面、温馨的宠物和家庭主题相反。",3,complete
162449,"喜欢：该用户偏好健康科普、生活技巧和幽默趣事内容，具体包括品类如健康食品（荔枝、草莓、黄瓜）、电子产品（电脑、黑客相关）；关键词如""营养""、""安全""、""武术""；品牌如支付宝相关服务（基于交易和服务实体中的支付宝、余额宝）；使用场景为日常消费（超市购物、咖啡消费）和在线娱乐（视频观看、公益互动）。

不喜欢：该用户避免负面健康警告和误导性内容，具体表现为不点击涉及危险植物（滴水观音、海芋）或错误健康方法（用棉签掏耳朵）的商品，这与点击行为中积极、教育性的健康知识形成反差。",3,complete
602793,"喜欢：用户偏好生活趣事、旅游探索、城市景观、新闻事件、历史知识和实用发明，关键词包括女性、夜景、旅行、大学生、游泳等，使用场景为休闲阅读和信息获取，涉及品类如城市旅游、日常生活新闻和历史科普，品牌如支付宝（从服务使用和搜索中体现）相关支付和公益服务。

不喜欢：用户对政府福利政策如独生子女补贴不感兴趣，与点击行为中娱乐性和生活性内容形成对比。",3,complete
1474184,"喜欢：用户偏好家居装饰品类如花卉（盆栽、干花束、花艺摆件）、科技产品（从搜索关键词如""苹果 iphone""、""小米""），关键词包括科技公司、北上广（从点击商品标题）和花卉相关词（如玫瑰、仿真花），品牌如达芙妮、古今、苹果（从交易和搜索实体），使用场景涉及城市生活讨论（如北上广经济话题）、金融服务（如花呗、理财）和日常家居布置（如餐桌装饰、花器使用）。

不喜欢：用户不喜欢负面事件如交通事故和地方新闻（基于未点击商品标题的""惨烈车祸""、""闯红灯""特征，与点击的科技经济话题相反），具体表现为避免涉及轿车、地方板块（如江苏）和突发事故内容。",3,complete
1773590,"喜欢：该用户偏好家居装修品类，特别是卧室和卫生间空间优化设计，关键词包括设计、收纳、完美和空间利用，品牌如苹果（从交易行为中的苹果 ipad air3 和搜索中的 apple 体现），使用场景集中在家庭生活空间的功能性改造，如收纳方案和布局提升。
不喜欢：基于未点击商品中与点击行为相反的特征，用户不喜欢饮食（如辣椒、面条）、宠物（如狗、黄鳝）、旅游（如景点）等非家居主题内容，偏好相反特征为生活琐事或娱乐话题，而非实用设计优化。",3,complete
996920,"喜欢：该用户偏好家居设计（如阳台、卧室布局）、健康健身动作（如开肩美背、小腹训练）、美食创新（如鸡蛋羹、豆腐新吃法），以及公益参与（如捐赠、种树），关键词包括设计、动作、吃法，品牌涉及支付宝相关服务（如芭芭农场、蚂蚁庄园），使用场景聚焦家庭生活、个人健身和公益互动。

不喜欢：该用户不喜欢快速减肥噱头（如一分钟暴瘦）和补贴金融信息（如独生子女补贴），与点击的务实健身和家庭主题相反。",3,complete
1583117,"喜欢：用户偏好家居装修品类，特别是卧室、卫生间和厨房的小空间优化设计，关键词包括""设计""、""实用""、""收纳""、""颜值""和""年轻人""，使用场景为日常家庭生活（如小户型改造和功能提升），无显著品牌偏好（交易行为中虽有消费品牌如苏菲sofy，但与点击主题无关）。
不喜欢：基于未点击商品特征，用户不喜欢过时的家居设计（如""十年前的卧室""）、动物相关事件（如""狗碰瓷""）和社会负面内容（如""偷拍""），这些与点击行为中现代、实用、积极的设计主题相反。",3,complete
49186,"### 用户兴趣偏好总结（场景3）

喜欢：用户偏好食品品类如卤味小吃（如卤豆干、香卤莲藕、卤香鸡腿）和饮料（如茉莉蜜茶、可口可乐），关键词涉及动物趣事（如小鸟、锦鲤、大熊猫）、交通事件（如交警、驾车挑战）和搞笑社会新闻（如网友互动、表演），品牌包括餐饮外卖类（如肯德基、饿了么、美团）和支付平台（如支付宝），使用场景主要为外卖点餐（如外卖订单、餐饮小吃）和在线娱乐内容消费（如趣味视频、生活技巧）。

不喜欢：用户不喜欢的内容包括体育品类（如打篮球）、负面关键词（如交通事故、奢侈品消费），品牌如劳斯莱斯，使用场景如钓鱼活动或车贷相关事件，基于未点击商品与点击行为相反的特征推断。",3,complete
185846,"喜欢：用户偏好动物（尤其是猫咪、狗和野生动物）、健康医疗（如妊娠、肚子疼、血型相关）、生活趣事（如登山、美食、育儿）、运动（如跑步、登山步），关键词包括公益、医保、理财和运动，品牌如支付宝、华为、安踏，使用场景涉及日常消费（超市、餐饮）、在线服务（网课、公益项目）和运动健身。

不喜欢：用户不喜欢轻浮、随意的动物内容，如未点击的""随便""猫主题商品，这与点击行为中严肃、教育性的动物主题（如猫咪智力测试、健康咨询）形成反差。",3,complete
911227,"喜欢：用户偏好家常菜品类，如豆腐、粉肠、农家小炒和饺子皮做法，关键词包括""美味""、""营养""、""新吃法""和""下饭""，品牌涉及支付宝相关服务（如支付宝运动、蚂蚁庄园），使用场景集中于家庭日常烹饪和营养早餐制作。

不喜欢：用户不喜欢纯素菜品，与点击行为中荤素搭配（如豆腐配大鱼大肉、粉肠）的特征相反，未点击商品""素菜""体现此偏好差异。",3,complete
376675,"喜欢：用户偏好旅游休闲类内容（如景点爬山、锦鲤出游），涉及关键词如安全感、组团、游泳和打工，品牌方面倾向支付宝相关服务（如蚂蚁庄园、花呗），使用场景包括户外活动、幽默健康话题和财务保险（如五险一金），基于点击商品和交易行为中的水果、支付服务等实体。

不喜欢：用户不喜欢直接的健身动作指南，如告别大肚腩的动作练习，基于未点击商品与点击行为中幽默健康主题相反的特征。",3,complete
817855,"喜欢：偏好品类包括旅游、电动车相关事件和社会新闻（如点击的旅游攻略、电动车事故和锦鲤出游）；关键词涉及自然风光、安全提示和日常生活（如搜索的浙江、消费券和点击的川西、钱塘江）；品牌偏好如思迅冰红茶、康师傅和支付宝相关服务（交易中的思迅|BRAND、康师傅和服务中的支付宝、花呗）；使用场景覆盖出行娱乐、生活缴费和公益互动（如交易早餐店|ACTIVITY_SCENE、服务生活缴费和点击的高铁概念）。

不喜欢：基于未点击的独生子女补贴商品，用户不喜欢财务补贴和政策相关的内容（如未点击实体词独生子女补贴，与点击的娱乐旅游主题相反）。",3,complete
279172,"### 用户兴趣偏好总结（场景3）

喜欢：用户偏好真实社会事件、安全警示和趣闻轶事，如交通事故（电动车、闯红灯）、动物故事（黄鳝宠物）和支付纠纷（烧饼店寻人、远程验车）；在品类上倾向食品相关（卤肉面、刀削面、烧烤），关键词包括安全、交通和公益；品牌涉及嗨和香香；使用场景覆盖公益捐赠（爱德基金会）、理财管理（余额宝）和日常支付（付款码、手机扫码支付），体现对实用、公益和消费争议的兴趣。

不喜欢：用户不喜欢炫耀性消费和虚构内容，如未点击的""花更少的钱装顶级的b""主题（实体词含""我纯阳之体开局娶画皮新娘""），与真实事件、实用安全提示形成鲜明对比，反映出对轻浮、不切实际主题的排斥。",3,complete
1071282,"喜欢：用户偏好家常食谱和健康食品品类，如素菜、早餐饼、鸡蛋饼、茶叶蛋、豆腐和凉拌面，关键词包括""好吃""、""下饭""、""简单""、""营养""和""孩子爱吃""，使用场景集中于家庭烹饪、早餐准备和解腻清爽饮食；品牌方面无明显突出偏好，但交易实体涉及百草、百亿等食品相关品牌。

不喜欢：基于未点击商品""这样做的馒头孩子超级喜欢吃""及其实体词""馍馍""，用户不喜欢传统面食如馒头，这与点击行为中偏好多样化创新食谱（如空气炸锅玉米烙或豆腐新吃法）相反。",3,complete
873189,"喜欢：用户偏好交通安全警示、健康健身和搞笑社会新闻类内容，偏好品类包括电动车事故、健身房运动、搞笑娱乐；关键词如闯红灯、电动车、健身房、事故；品牌涉及支付宝、余额宝、雅戈尔、同仁堂；使用场景为日常出行安全、在线健康管理和娱乐消费。

不喜欢：用户不喜欢强调看手机导致事故并执着捞手机的负面内容，这与点击行为中更注重教育警示而非个人愚蠢的特征相反。",3,complete
1040540,"### 用户兴趣偏好总结（场景3）
喜欢：用户偏好食品类如早餐、饺子和牛肉，关键词包括懒人、好吃和小孩子，品牌涉及安琪酵母和鲁花集团，使用场景为家庭烹饪、宠物互动及DIY生活技巧（如装修设计）。  
不喜欢：用户对教育性宠物内容（如猫咪行为解析）、特定懒人食谱（如馅饼）及健康行政话题（如医保卡）不感兴趣。",3,complete
1862714,"### 用户兴趣偏好总结（场景3）
喜欢：该用户偏好奇闻趣事、家庭育儿和食品相关的内容，关键词包括四川、国产、萌娃、狗、高铁、骑行等，偏好品类如猪肉、三文鱼等食品，品牌涉及苗家、恒顺牌等，使用场景多为家庭娱乐、饮食探索和旅行故事。

不喜欢：该用户不喜欢实用政策或补贴类内容，如独生子女补贴，与点击行为中娱乐性、故事性特征相反。",3,complete
1059903,"喜欢：用户偏好生活实用技巧、职场知识、安全警示和公益相关品类，关键词包括技巧、省钱、快乐和安全；品牌偏好阿里巴巴相关（如支付宝、饿了么）；使用场景涉及日常生活消费、工作理财（如信用卡还款、公益捐赠）和公益场景（如公益基金会）。
不喜欢：用户不喜欢电动车事故的后续报道内容，特别是涉及多人违规和交警处理的负面主题。",3,complete
1650341,"### 用户兴趣偏好总结（场景3）
喜欢：用户偏好家常菜和简单食谱品类（如鸡腿、豆腐、土豆、包菜），关键词强调""简单""、""好吃""、""下饭""、""营养""和""健康""，品牌涉及支付宝、饿了么等外卖平台，使用场景主要为家庭烹饪、早餐解腻及夏季凉拌菜，体现对便捷、家常下饭菜的强烈兴趣。

不喜欢：基于未点击行为，用户不喜欢特定食材（如韭菜、豆皮）或复杂做法（如强调""营养""但未点击的韭菜饼、豆皮凉拌），且对非核心烹饪内容（如""美国食物""、""独生子女补贴""）兴趣较低。",3,complete
1664362,"喜欢：偏好品类包括大熊猫娱乐内容、健康健身和金融保险；关键词如大熊猫、花花、动作、孩子、五险一金；品牌如支付宝、淘宝、芭芭农场；使用场景涉及家庭娱乐观看、在线任务完成和健康锻炼活动。

不喜欢：基于未点击商品特征，不喜欢大熊猫的秋千相关主题或康康特定内容。",3,complete
5980,"喜欢：用户偏好日常生活用品品类如食品（纯牛奶、面条、水果）、纸巾（卫生纸、棉签棒）和饮料（咖啡），关键词包括家庭亲情（妈妈、爸爸、大学生）、社会正能量（退役军人、平安）和幽默趣事，品牌如苏菲、心相印、苹果和支付宝，使用场景涉及家庭生活（早餐、用餐）、在线娱乐（小游戏、直播）和支付服务（扫码支付、红包）。

不喜欢：用户不喜欢动物奇闻或血腥主题内容，如清道夫相关描述，这与点击行为中的人类故事和家庭场景相反。",3,complete
879269,"### 用户兴趣偏好总结（场景3）

喜欢：该用户偏好金融投资品类（如基金、理财服务），关键词包括新能源、医疗健康、科技、社会事件、娱乐搞笑、时尚和旅游；品牌涉及支付宝、蚂蚁财富和歪歪共享电车；使用场景集中在财富管理（如基金交易、信用卡还款）和日常娱乐浏览（如社会新闻、萌宠视频、时尚穿搭、景点旅游）。

不喜欢：基于未点击商品特征，用户不喜欢医疗或个人健康故事内容，如医院场景和声音变化主题。",3,complete
941887,"### 用户兴趣偏好总结（场景3）
喜欢：用户偏好旅游地理（如名山排名）、经济金融（如降价潮、车贷）和交通事件（如电动车后续）相关品类，关键词包括排名、降价、电动车、图案；品牌涉及厨邦、嘉顿等食品（基于交易行为）；使用场景包括在线信息浏览、理财服务（如余额宝）和电商购物（如淘菜菜平台）。  
不喜欢：用户不喜欢负面交通事件，如电动车事故、看手机导致的问题，关键词包括泥人、路边（基于未点击商品相反特征）。",3,complete
1083682,"喜欢：用户偏好烹饪食谱品类，尤其家常菜如红烧、椒盐、蒜薹等做法；关键词聚焦食物制作（如""红烧猪蹄""、""椒盐虾""、""小炒牛肉""）；品牌涉及支付宝公益和书旗（从服务使用）；使用场景为家庭日常饮食和生活技巧分享。

不喜欢：基于未点击商品""葱爆五花肉""的相反特征，用户不喜欢葱爆类食谱或类似简单教学风格。",3,complete
1208287,"喜欢：用户偏好旅游景点（如悬崖酒店、中国城市景点）、家居设计（如卧室、客厅、卫生间优化），关键词包括设计、温馨、小空间、中国夜景，品牌涉及支付宝服务（如蚂蚁庄园、余额宝），使用场景涵盖冒险探索、日常生活实用和空间节省。

不喜欢：用户不喜欢财务补贴类内容，如独生子女福利，与点击的旅游和家居主题相反。",3,complete
1248801,"喜欢：用户偏好生活技巧、健身运动、社会新闻和家居装修内容，具体包括水果消费（如中国水果话题）、运动瘦手臂、阳台设计实用发明、退役军人相关事件，以及大学生创新主题；使用场景涉及日常娱乐（如游玩和公益互动）、实用信息获取，偏好关键词如阳台、水果、运动、瘦手臂、大学生、退役军人，品牌方面无明显突出，但搜索中涉及手机品牌如华为和小米；整体兴趣集中在支付宝生态下的生活服务和公益理财活动。

不喜欢：用户对行政事务和健康保险相关的内容不感兴趣，如社保卡和医保卡话题，这与点击行为中偏向生活娱乐和实用信息的特征相反。",3,complete
1196831,"### 用户兴趣偏好总结（场景3）
喜欢：用户偏好生活趣闻、动物故事、健康安全知识和美食文化类内容，关键词包括女性、猪肉、四川、神奇、网友、狗狗、小猫、技术、艺术等，品牌偏好支付宝、蚂蚁金服相关服务（如芭芭农场、蚂蚁庄园），使用场景涉及日常娱乐（如搞笑视频）、理财管理（如基金投资）和公益参与（如种树养鸡）。

不喜欢：用户不喜欢萌娃和家庭告状类内容，与点击的成人生活趣闻相反，表现为对萌娃、狗子互动及家庭冲突主题缺乏兴趣。",3,complete
880897,"喜欢：用户偏好知识教育类内容，尤其关注五险一金、打工人主题和汽车驾驶实用指南（如按键使用、正确开车），关键词包括五险一金、打工人、蚂蚁森林、开车；品牌涉及蚂蚁森林（公益服务）；使用场景为工作学习、日常驾驶和公益参与（如蚂蚁森林相关活动）。

不喜欢：用户不喜欢娱乐趣闻、动物故事或好运类内容，如红树林冒险、龙眼趣事、好运查收、喵星人视频、降价新闻等，这些特征与点击的实用知识内容相反。",3,complete
1711087,"喜欢：用户偏好宠物猫咪相关内容，特别是关于猫咪行为、训练技巧和特定猫咪""土豆""的趣事；偏好品类为宠物（猫咪），关键词包括猫咪行为、训练、土豆、趣事和互动；品牌方面无直接关联（点击商品中未涉及品牌）；使用场景为日常休闲娱乐、宠物互动和在线观看趣味视频。

不喜欢：用户不喜欢严肃或教育性的猫咪内容，如猫咪孤独主题或高雅音乐相关，与点击的趣味性行为描述相反。",3,complete
1990774,"喜欢：用户偏好安全防范（如反诈骗、尾随事件和救援主题）、金融管理（如车贷、独生子女补贴和免押租赁服务），关键词包括反诈骗、免押租机、回收和花呗，品牌涉及Apple（如iPhone、iPad）和支付宝（花呗），使用场景涵盖日常消费（超市支付、餐饮）、科技产品租赁（电脑、手机）和娱乐（小游戏、农场互动）。

不喜欢：用户不感兴趣国际政治（如中美关系主题）或虚构故事内容（如纯阳之体、画皮新娘），与点击的安全和金融主题相反。",3,complete
1479617,"喜欢：用户偏好动物趣事（如狗、猫、熊猫）、家庭生活幽默和旅游景点内容，关键词包括宠物、妈妈、网友、景点等，品牌涉及耐克、雅诗兰黛等，使用场景为休闲娱乐视频观看，偏好品类涵盖宠物、家庭互动和自然探索。

不喜欢：基于未点击商品特征，用户不喜欢涉及海鲜（如虾）或街头突发趣事的内容，与点击行为中宠物和家庭主题相反。",3,complete
908728,"### 用户兴趣偏好总结（场景3）
喜欢：用户偏好食品烹饪品类，包括蔬菜（如土豆、豆腐、山药）、肉类（如猪蹄、排骨）和海鲜（如鲫鱼、生蚝）；关键词集中于“简单”、“好吃”、“下饭”和“营养”；品牌涉及支付宝服务（如芭芭农场、蚂蚁庄园）；使用场景为家庭厨房制作和休闲娱乐（如观看食谱视频、参与种树游戏）。  
不喜欢：基于未点击行为，用户不喜欢非烹饪相关内容，如社保信息（五险一金）和新闻事件（山东泰安），以及对特定面食（油泼面）缺乏兴趣。",3,complete
1421783,"喜欢：用户偏好新闻事件、交通事故、动物趣事和健身内容等品类，关键词包括电动车、闯红灯、健身房、萌娃、狗狗、女性特征和高校女生；品牌涉及支付宝（从服务使用实体）和花呗（从交易行为实体）；使用场景为浏览视频获取安全警示、生活娱乐信息，并结合公益服务（如蚂蚁庄园）进行互动。

不喜欢：用户不喜欢轻松娱乐的景区扮演内容，如投喂和孙悟空主题，这与点击的严肃真实事件（如事故报道）形成鲜明对比。",3,complete
1720583,"### 用户兴趣偏好总结（场景3）
喜欢：偏好品类包括时尚（短裤、裙子）、生活技巧（车内降温、社保查询）、美食（红烧肉）、家居（卫生间装修）和财务（五险一金）；关键词如短裤、社保、红烧肉、辣妹、马桶；品牌如简爱（酸奶）、美的（家电）、荣耀（手机）、小米（手机）、伊利（牛奶）、华为（手机）；使用场景涉及日常穿着、家庭装修、出行优化和财务规划。

不喜欢：偏好品类包括牛奶、运动（打篮球）和旅游（武功山、锦鲤）；关键词如牛奶、打篮球、日出；使用场景如牙科急救、篮球运动和户外观光；基于未点击行为，与点击内容相反。",3,complete
1158565,"喜欢：用户偏好娱乐性和奇闻轶事类内容，包括事故新闻、动物趣事及社会热点（如安全事件、宠物互动），关键词涉及事故、安全、动物和趣事；品牌方面倾向食品类如佳沛zespri、可口可乐；使用场景主要为日常休闲浏览和信息获取，如观看视频新闻。

不喜欢：用户不喜欢金融相关和严肃交通类内容，如车贷话题及电动车违规事件，与点击行为中娱乐性、奇闻性特征相反。",3,complete
454274,"喜欢：偏好娱乐性内容，包括宠物饲养（如狗、猫）、动物趣事（如动物园、小鳄鱼）、搞笑视频（如配音狗、钓鱼艺术）、生活幽默（如客厅设计、离家出走猫）和社会正能量事件（如消防、退役军人）；关键词涉及狗、猫、钓鱼、消防、大学生；品牌从交易行为看有食品类如怡宝、农夫山泉、肯德基；使用场景主要为家庭休闲观看和户外活动（如房车旅行、钓鱼）。  
不喜欢：基于未点击商品，不喜欢教育性或问题解决导向内容，如工具性宠物使用（如“工具狗”）或育儿烦恼话题（如烫发、自然卷），与点击的轻松娱乐风格相反。",3,complete
1751008,"喜欢：该用户偏好日常生活用品品类（如食品中的纯牛奶、卤豆干、鸭脖和家居用品中的厨房湿巾、煎锅），关键词集中于挑战、冒险和意外趣事（如""挑战""、""钓鱼""、""喷泉""），品牌倾向支付宝生态（如Alipay、余额宝）和快消品牌（如蒙牛、绝味鸭脖），使用场景涉及超市购物、移动支付和家庭生活（如生鲜超市消费、厨房用品使用）。

不喜欢：基于未点击商品特征（如时尚主题""清冷套装""、负面事件""尾随""和日常失误""看手机跌倒""），用户不喜欢时尚内容、安全风险事件和日常错误行为，与点击的积极冒险主题相反。",3,complete
513861,"喜欢：用户偏好宠物狗相关的幽默情感内容，偏好品类包括宠物（狗）和家庭生活，关键词如狗、家庭、开心、孩子（从点击商品实体词高频出现），品牌偏好星巴克（从搜索关键词和交易实体）和名创优品（从搜索关键词和交易实体），使用场景为家庭休闲互动和宠物护理娱乐。  
不喜欢：用户不喜欢功利性或负面视角的宠物内容，如强调玩为目的或夸张行为（基于未点击商品标题和实体词中""养宠""、""真皮床""等与点击行为相反的特征）。",3,complete
1948731,"喜欢：用户偏好家常菜品类（如鸡翅、饺子、豆腐、土豆丝饼等），关键词包括""好吃""、""简单""、""下饭""、""减脂""（从点击商品标题高频词），品牌如饿了么、美团、支付宝（基于服务使用实体和交易行为实体），使用场景主要为家庭用餐和外卖点餐（基于服务使用实体如""外卖点餐""、""餐饮""）。

不喜欢：用户不喜欢番茄鸡蛋面（基于未点击商品标题和实体词，与点击行为中偏好多样家常菜的特征相反）。",3,complete
1277991,"喜欢：用户偏好动物趣闻（如狗、猫相关故事）、生活幽默和安全警示内容（如电车事故、消防事件），关键词包括济南、消防、动物行为、趣事；品牌涉及支付宝生态服务（如余额宝、蚂蚁庄园）；使用场景为休闲娱乐浏览、公益参与（如养小鸡、捐步）和理财管理（如基金、转账）。

不喜欢：基于未点击商品，用户对家庭亲子音乐内容（如唱歌）不感兴趣。",3,complete
164115,"### 用户兴趣偏好总结（场景3）

喜欢：用户偏好动物相关幽默内容（如狗狗、猫咪、大熊猫趣事）和日常生活意外事件（如拉肚子、工资低、意外事故），涉及品类包括宠物视频、搞笑短片和社交媒体分享；关键词聚焦动物（如狗、猫）、搞笑（如艺术、技术）和意外（如闪电、洪水）；品牌倾向支付宝（从交易和服务使用推断）；使用场景主要为休闲浏览、在线娱乐和社交媒体互动。

不喜欢：基于未点击行为，用户不喜欢角色扮演主题（如孙悟空）和人类中心幽默（如喂食小朋友），与点击的动物及意外事件特征相反。",3,complete
1873344,"### 用户兴趣偏好总结（场景3）
喜欢：用户偏好简单易做的食品食谱（如早餐饼、懒人鸡蛋饼、玉米烙），关键词包括""懒人""、""酥""、""好吃""，品牌涉及""familymart""，使用场景聚焦早餐和家庭烹饪；同时喜爱宠物主题（如毛孩子、大熊猫）和实用家居设计（如卧室装修），强调实用性和趣味性。

不喜欢：用户对强调""比肉好吃""的素菜内容不感兴趣，基于未点击行为与点击的""全家人都爱吃的素菜""形成对比，表明对特定表述或主题的素菜缺乏偏好。",3,complete
996737,"喜欢：用户偏好健康保险（如医保卡、社保卡）和食品（如波士顿大龙虾）品类，关键词集中于红包、支付宝、五福、医保余额，品牌涉及支付宝、余额宝、王者荣耀，使用场景包括在线支付（手机扫码支付）、理财管理（余额宝）、健康查询（医保余额搜索）和娱乐游戏（王者荣耀、芭芭农场互动）。

不喜欢：基于未点击行为，用户不偏好旅游出行（如组团、趵突泉景点）和休闲娱乐（如游泳、锦鲤观赏）内容，与点击的健康和食品主题相反。",3,complete
1903420,"### 用户兴趣偏好总结（场景3）
喜欢：用户偏好浏览新闻事件（如交通事故、奇闻轶事）和生活技巧内容（如开车调头、种植方法），关键词包括车祸、技巧、放生、山风；偏好品类为超市购物（沃尔玛）、餐饮（火锅、烧烤）、饮品（东方树叶、农夫山泉）；品牌涉及百岁山、饿了么；使用场景包括在线内容消费、生活缴费（水电费）、外卖点餐和公益捐赠（蚂蚁庄园）。

不喜欢：基于未点击行为，用户不喜欢健康急救（如牙齿护理）和轻松娱乐内容（如景区投喂、动物趣事），关键词如牛奶、投喂、锦鲤；偏好品类相反于点击的严肃实用主题，如健康护理或旅游娱乐。",3,complete
1986117,"喜欢：该用户偏好动物相关（如大熊猫、狗、猫）和健康育儿（如宝宝护理、伤口处理）品类；关键词包括大熊猫、宝宝、女朋友、男朋友、家庭、健康、动物、自然、中国；品牌涉及支付宝、饿了么等生活服务平台；使用场景为日常生活咨询（如健康知识学习）、家庭互动（如亲子关系）、公益参与（如海洋保护）和娱乐学习（如历史知识）。

不喜欢：基于未点击商品，用户对动漫角色（如奥特曼）、旅游景点（如趵突泉）和特定自然现象（如浒苔）不感兴趣，与点击行为中现实生活主题相反。",3,complete
799693,"喜欢：用户偏好社会新闻和奇闻轶事品类，特别是涉及事故（如车祸、摔倒）、电动车违规、旅游景点（如贵州山村、武功山）的内容；关键词包括事故、闯红灯、看手机、女子、大学生、贵州；品牌方面关注中国移动（电话费服务）和支付宝（如芭芭农场、蚂蚁庄园）；使用场景为休闲浏览、消费优惠（积分、消费券）和出行服务（滴滴出行）。

不喜欢：基于未点击商品，用户对正面救援主题（如游玩落水被退役军人救起）不感兴趣，这与点击行为中偏好负面事件（事故、违规）的特征相反。",3,complete
235290,"喜欢：用户偏好宠物狗相关品类（如边牧），关键词包括狗、家庭生活、吃货和好奇宝宝；品牌涉及支付宝（从服务使用和交易行为）和饿了么（从搜索和服务）；使用场景聚焦日常休闲娱乐、家庭互动和宠物护理，如分享幽默故事、家庭聚餐和零食喂养。

不喜欢：基于未点击商品，用户不喜欢非宠物动物（如猩猩）、冲突主题（如干仗）、约会相关内容（如冷天约会）和补贴话题（如独生子女补贴），与点击行为中宠物和家庭和谐主题相反。",3,complete
534286,"喜欢：用户偏好时尚服装品类（如裙子、连衣裙、裤装），关键词包括秋天、夏季、女生、约会和造型，品牌涉及支付宝相关服务（如芭芭农场、余额宝），使用场景为日常穿着、出行和支付宝理财公益服务（如种树、养小鸡、公益捐步）。

不喜欢：基于未点击商品中与点击行为相反的特征，用户不喜欢汽车相关主题（如停车、车贷、劳斯莱斯）、健身懒散方式（如拎桶油健身）、假货内容（如数假东西）和风格模糊疑问（如""这是什么风格""）。",3,complete
1922929,"喜欢：用户偏好品类包括零食（如青豌豆、油条）、水果、生活服务（支付、充值）和公益（种树、捐步）；关键词涉及证件（电子证件、健康码）、交通（电动车、火车票）和金融（基金、芝麻信用分）；品牌如支付宝、中国联通、余额宝；使用场景覆盖日常支付、理财管理、健身娱乐及社会趣闻（如汽车图案、卧室设计、恋爱话题）。

不喜欢：基于未点击商品，用户不感兴趣于动物旅游主题如锦鲤游泳减肥趣事，与点击行为中偏好的生活服务、社会热点相反。",3,complete
346262,"喜欢：用户偏好食品品类，特别是家常菜、下饭菜和懒人食谱（如红烧鱼、凉拌面、鸡肉、饺子、番茄鸡蛋面），关键词包括""简单""、""好吃""、""营养""、""健康""、""家常""、""孩子""和""懒人""；品牌涉及蒙牛（从交易行为中的纯牛奶购买）；使用场景主要为家庭日常烹饪、为孩子准备餐食（如早餐饼、懒人馅饼）和夏季凉爽食物（如凉拌面），同时服务使用如芭芭农场和蚂蚁庄园显示对健康、环保主题的兴趣。

不喜欢：用户不喜欢鸡腿、豆皮和早餐饼这些食品品类（基于未点击商品标题和实体词，与点击行为中偏好其他家常菜如牛肉、素菜相反）。",3,complete
1978911,"喜欢：该用户偏好食品烹饪品类，尤其早餐食谱、简单营养食物（如早餐饼、馒头、蔬菜饼）；关键词包括营养、酥、好吃、家庭；品牌方面，交易行为涉及徐记（食品相关）和梦燕（服装），但点击商品无品牌突出；使用场景为家庭早餐、日常饮食和营养补充。

不喜欢：基于未点击商品与点击行为相反的特征，不喜欢重复或类似食谱（如懒人鸡蛋饼 vs 点击的懒人发面饼）以及非食品内容（如家居装修）。",3,complete
140022,"喜欢：该用户偏好娱乐类短视频内容，偏好品类包括动物趣事（如老虎、小猫避暑）、生活幽默（工资低、约会趣事）和社会正能量事件（警察、小朋友）；关键词涉及避暑、炫耀、养宠、中国城市、最美县城等；品牌无直接体现，但从交易行为关联办公用品（如deli）和服装（如freshtaro|BRAND）；使用场景为休闲娱乐观看，如放松时关注幽默和社会话题。

不喜欢：用户不喜欢纯动物日常趣事内容，如狗狗撸猫或锦鲤游泳，表明对无深度或平淡的动物主题（如早起、手套等关键词）不感兴趣，与点击行为中多样幽默和社会元素形成反差。",3,complete
2010259,"喜欢：用户偏好健康科普、育儿知识和生活技巧内容，偏好品类包括怀孕、胎儿发育、动物行为、植物生长等科普主题，关键词如“脐带”、“胎儿”、“动物”、“植物”，品牌如麦当劳，使用场景涉及家庭育儿、健康咨询和日常生活教育。

不喜欢：用户不喜欢真菌或蘑菇相关内容，如羊肚菌，这与点击行为中健康科普主题相反。",3,complete
459520,"### 用户兴趣偏好总结（场景3）
喜欢：该用户偏好食品烹饪品类，特别是家常菜、小吃和早餐类（如钵仔糕、土豆丝饼、小笼包）；关键词包括简单做法、新吃法、家庭分享（如""孩子喜欢""、""女朋友爱吃""、""招待客人""）；品牌偏好不明显（数据中无突出品牌）；使用场景主要为家庭日常饮食、早餐准备和美食分享（如""在家做""、""早餐类""、""对象爱吃""）。

不喜欢：基于未点击商品特征，用户不喜欢餐饮饭店相关（如卤三鸡、地摊经济）、健康医疗主题（如怀孕、器官）、农业内容（如水稻、高压水枪）及新闻事件（如山东泰安事故）。",3,complete
376948,"喜欢：偏好品类包括交通规则、动物趣事和生活技巧，关键词如红灯、右转、猫咪、安全带、孙悟空，品牌偏好支付宝（从服务使用和交易行为体现），使用场景涉及日常出行安全、在线娱乐浏览和公益参与（如芭芭农场充电）。

不喜欢：基于未点击商品，避免驾车技巧、碰瓷主题和家庭日常品类，关键词如技巧、碰瓷、回家、吃饭，使用场景为驾驶学习或琐事分享。",3,complete
63176,"### 用户兴趣偏好总结（场景3）
喜欢：偏好家常菜、简单食谱和早餐食品等品类，关键词包括""简单""、""好吃""、""下饭""、""懒人""、""营养""、""孩子""和""早餐""，品牌涉及familymart（全家便利店），使用场景集中于家庭日常烹饪、为孩子准备食物、懒人快速料理及健康饮食，如点击的葱爆鸡蛋、豆腐做法和早餐饼等食谱。

不喜欢：基于未点击商品特征，不喜欢针对客人来访的特殊场合菜肴，如强调""来客""的复杂或招待性食谱，与用户偏好简单、日常家庭烹饪的点击行为相反。",3,complete
1109063,"喜欢：用户偏好娱乐内容如动物趣事（猫、狗相关）、交通事故新闻（闯红灯、车祸事件）和生活实用信息（社保查询），关键词包括动物、事故和实用查询，品牌涉及天猫（电商平台）和支付宝相关服务（如花呗），使用场景为在线浏览、交通出行和家庭互动。

不喜欢：用户不喜欢个人失误导致的负面生活事件，如骑电动车看手机引发的意外事故。",3,complete
1366481,"喜欢：该用户偏好育儿、宠物和日常生活趣事相关品类，关键词包括孩子、狗、装修、消防员和家庭，品牌如苏泊尔（supor）、维罗莫达（veromoda）、九阳（joyoung）和伊利，使用场景涉及家庭育儿、宠物照顾、日常消费和交通出行（如外卖、火车票）。

不喜欢：该用户不喜欢奇异动物、旅游娱乐和事故相关的内容，如清道夫、孙悟空、景区游玩和落水事件。",3,complete
1842771,"### 用户兴趣偏好总结（场景3）

喜欢：该用户偏好社会保障知识（如社保卡、五险一金）、公益服务（如海洋保护、捐步）、理财管理（如余额宝、基金）、快餐食品（如华莱士、沙县），关键词包括""神奇""、""健康""、""红包""，品牌涉及支付宝、中国移动、华为，使用场景涵盖公益参与（如种树、捐步）、理财操作（如存钱、投资）和日常消费（如外卖、充值）。

不喜欢：基于未点击商品，该用户不喜欢负面生活事件和危险行为，如骑行分心（看手机）导致的摔倒事故。",3,complete
969681,"喜欢：偏好品类包括汽车交易与鉴定、家庭健身、餐饮（如汉堡、牛肉相关快餐）和金融服务；关键词涉及鉴定、车主、日本、健身、肌肉、技巧、远程、金融；品牌如真牛、秦味、麦当劳、汉堡王；使用场景为家庭锻炼、远程汽车交易、餐饮消费和金融理财。
不喜欢：基于未点击商品特征，用户不喜欢户外运动（如登山、跑步）、野外冒险、萌宠家庭趣事和交通违规内容。",3,complete
13900,"### 用户兴趣偏好总结（场景3）
喜欢：用户偏好食品品类（如美食教程、零食和烘焙材料），关键词包括""好吃""、""简单""、""女朋友""、""孩子""和""夏天""，品牌如宏远上铖、银鹭和三全，使用场景为家庭烹饪、休闲娱乐和夏季日常消费，尤其热衷温馨搞笑的宠物内容（如狗、猫和大熊猫互动）及简单易做的家常菜。  
不喜欢：用户不喜欢惊吓或负面情绪的宠物场景，如猫咪被突然打扰的互动内容，这与点击的积极温馨宠物行为相反。",3,complete
1372513,"喜欢：偏好品类为国内旅游景点和名山探索，关键词包括景点、打卡、中国；品牌偏好支付宝和星巴克用于支付场景；使用场景涉及移动支付（如扫码支付）和国内文化探索（如社会新闻和景点访问）。

不喜欢：基于未点击商品特征，不喜欢虚幻仙境、特定地点旅行（如贵州相关）和国际事件内容，与点击的国内焦点相反。",3,complete
1585107,"### 用户兴趣偏好总结（场景3）
喜欢：偏好食品品类如早餐饼、玉米烙和牛奶鸡蛋饼，关键词包括营养、宝宝、女性和下雨，品牌涉及支付宝、饿了么和高德，使用场景集中在早餐、家庭育儿和日常健康知识学习。  
不喜欢：基于未点击行为，不偏好种植相关如柠檬和西瓜种植、宠物主题如宠物鼠放生，以及复杂食物准备如懒人发面饼或包饺子教程。",3,complete
410308,"喜欢：用户偏好宠物搞笑内容（如猫狗互动和奇特动物）、家居改造（如客厅分层和房间设计）、社会新闻事件（如消防救援和退房垃圾）以及城市趣闻（如济南街头趣事）；关键词包括客厅、房间、山东、消防、狗、猫；品牌涉及绝味鸭脖（从搜索关键词）；使用场景主要为支付宝公益服务（如芭芭农场和公益捐步）及日常生活缴费（如电费和水费）。

不喜欢：基于未点击商品特征，用户不喜欢涉及""手套""等日常道具的宠物搞笑内容（如狗狗撸猫场景），而偏好更戏剧性或新闻性的主题。",3,complete
462655,"### 用户兴趣偏好总结（场景3）
喜欢：用户偏好宠物相关品类（如猫咪、狗），关键词包括""猫咪""、""狗""、""撸猫""、""小奶猫""、""土豆""（宠物昵称）和幽默娱乐内容；品牌偏好体现在交易行为中的电子品牌（如apple、华为、oppo）和内衣品牌（如猫人miiow）；使用场景主要为休闲娱乐、在线观看动物视频和生活技巧分享。

不喜欢：基于未点击商品特征，用户不喜欢负面灾难内容（如山体滑坡、老人事故）和金融话题（如车贷、图案广告），与点击的积极娱乐主题形成鲜明对比。",3,complete
1215421,"喜欢：该用户偏好育儿、家庭生活和宠物相关品类，关键词包括孩子、宝宝、父母、社保、狗和猫，品牌如支付宝（余额宝、蚂蚁庄园）和公益机构（如中国乡村发展基金会），使用场景涉及家庭日常（如烹饪葱花发面饼）、健康管理（社保查询、医院经历）和公益参与（捐赠、种树）。

不喜欢：基于未点击商品""独生子女补贴""，用户不喜欢独生子女相关话题，暗示对无子女或反育儿主题缺乏兴趣。",3,complete
1187715,"喜欢：用户偏好娱乐类短视频内容，涉及动物互动（如小鸟、猩猩、狗狗）、人类行为奇闻（如表演、实验、交通事故）、生活幽默事件（如电动车事故、纹眉失败），关键词包括动物、交通工具、表演、地点（海滩、球场），品牌如歪歪共享电车，使用场景为在线休闲浏览搞笑或真实事件视频。

不喜欢：用户对荒诞虚构或医疗主题内容不感兴趣，如动物被骗（鸽子）、医疗环境（医院）或离奇现象（窗帘马尾），与点击行为相反的特征是缺乏真实性和幽默感。",3,complete
1172268,"喜欢：用户偏好家居装修品类（如厨房、卧室、卫生间设计优化），关键词包括""收纳""、""实用""、""设计""和""简单做法""，使用场景聚焦家庭生活空间改造（如小厨房扩容、卧室储物）和日常烹饪（如红烧肉、豆腐、炒饭食谱），品牌方面无明显偏好，但交易实体显示常购生鲜超市如联华、苏宁的食品类商品。

不喜欢：基于未点击商品，用户不喜欢内容泛化或缺乏创新技巧的家居设计（如标准衣帽间或砌墙衣柜方案）和美食主题（如泛称""下饭菜""或简单赞美""豆腐好吃""），这些特征与点击行为中强调的具体实用技巧相反。",3,complete
1730436,"### 用户兴趣偏好总结（场景3）
喜欢：用户偏好简单快手、下饭的家常菜品类，如素菜（包菜炒鸡蛋、蔬菜沙拉）、海鲜（焗海鲜、盐焗手撕鸡）和肉类（牛肉、排骨），关键词包括""简单""、""好吃""、""懒人""、""下饭""，品牌涉及""我纯阳之体开局娶画皮新娘""，使用场景为家庭日常烹饪、解腻饮食和快手菜制作。

不喜欢：用户不喜欢油腻或复杂烹饪的菜肴，如红烧肉（需油水）和豆皮凉拌类，与点击行为中偏好少油、简单做法相反。",3,complete
1741505,"喜欢：该用户偏好交通出行品类（如电动车、骑行），关键词包括设计、手机、高铁，品牌涉及支付宝服务（如芭芭农场、蚂蚁庄园），使用场景为日常出行（如公交、共享单车）和家庭休闲娱乐（如卧室设计、看视频）。

不喜欢：基于未点击行为，用户不喜欢旅游游玩相关的负面事件内容（如落水救援）。",3,complete
1353834,"喜欢：用户偏好家居收纳和空间优化设计，特别是卧室、客厅、卫生间的实用、颜值高改造方案，偏好品类包括衣柜、阳台、卫生间等家居用品，关键词如收纳、设计、空间不浪费、实用，使用场景为家庭生活改造和日常便利，品牌无明显突出（基于点击商品无特定品牌提及）。

不喜欢：用户不喜欢玄关隔断、屏风设计和厨房布局，这些特征与点击行为相反，体现为打破常规布局和隔断元素（基于未点击商品中玄关、屏风、厨房相关实体）。",3,complete
39157,"喜欢：该用户偏好动物视频品类，特别是大熊猫、小猫和狗相关的治愈、趣味内容，关键词包括""大熊猫""、""小猫""、""狗""、""治愈""、""高能瞬间""和""走心""；品牌涉及支付宝（服务使用）和蚂蚁庄园（公益服务）；使用场景为休闲娱乐观看视频，以及参与公益种树、养小鸡等互动服务。

不喜欢：基于未点击行为，用户不喜欢负面或灾难性的动物事件，如狗受苦或救援场景，关键词包括""狗""、""大熊猫""、""小鸟""和""救援""，与点击的正面治愈内容形成鲜明对比。",3,complete
372503,"喜欢：该用户偏好娱乐性强的生活趣事和情感类短视频内容，偏好品类包括娱乐短视频和生活分享，关键词如辣妹、女朋友、女子、手机、骑行、带娃、洪水等，品牌方面无明显偏好但服务使用涉及支付宝相关（如芭芭农场），使用场景为日常手机浏览、情感互动和家庭事件分享。

不喜欢：该用户不喜欢时尚穿搭和交通事件类内容，如未点击商品中的清冷套装和电动车相关主题，与点击行为中娱乐生活趣事相反。",3,complete
1940277,"喜欢：用户偏好理财信息（如房价、银行存款）、政策福利（如独生子女补贴）和日常生活故事（如安全警示），关键词包括房价、城市、存钱、国家、独生子女、看手机、带娃；品牌无显著偏好；使用场景涉及理财决策（如存款规划）、家庭福利（如补贴申请）和日常安全（如骑行警示）。

不喜欢：用户对健康保险相关话题（如社保卡和医保卡）不感兴趣，这与点击行为中理财和政策主题形成相反特征。",3,complete
737860,"喜欢：用户偏好时尚品类（如服装和饰品），关键词包括蓝色系、清冷风格、高个子服饰和假装饰品，品牌涉及圣罗兰等化妆品，使用场景为个人购物和风格提升，基于点击商品标题如""清凉蓝色系""和""高个子穿清冷套装""以及交易实体中的品牌数据。

不喜欢：用户不喜欢健身训练动作和电动车相关的内容，如训练核心收紧和交通新闻，基于未点击商品标题""改善臀凹陷最简单的动作""和""四女生同骑一辆电动车""中的实体词""训练,动作""和""电动车,女生""。",3,complete
428902,"### 用户兴趣偏好总结（场景3）
喜欢：用户偏好娱乐性、搞笑和社会新闻内容，包括动物相关（如狗、猫咪、消防员救援事件）、骑行和看手机场景（如电动车、手机扫码支付）；关键词涉及""网友""、""消防""、""狗""、""女子""；品牌偏好支付宝、Apple（从交易和服务使用）；使用场景为移动设备浏览（手机、电脑）和日常出行（骑行、停车）。

不喜欢：用户不喜欢负面或危险事件（如攀爬事故），以及平淡的动物行为（如小狗拖物），与点击的积极有趣内容相反。",3,complete
1876662,"喜欢：该用户偏好家居设计（如小卧室、卫生间优化和厨房吊柜分类）、交通安全（事故预防、驾驶技巧和头盔使用）、宠物相关（狗狗、猫和黄鳝饲养）、生活实用技巧（包饺子肉馅教程和卧室收纳）以及公益救援事件（消防员和洪水救援）；关键词包括设计、安全、宠物和救援；品牌倾向优衣库、海澜之家等服装类；使用场景集中于家庭生活（追剧泡澡）、出行安全（斑马线警惕）和休闲娱乐（宠物互动）。

不喜欢：该用户不感兴趣于家庭空间优化如次卧改造和电动车多人骑行事件（如“四女生同骑一辆电动车”），与点击行为中偏好实用安全内容相反。",3,complete
988462,"### 用户兴趣偏好总结（场景3）
喜欢：用户偏好宠物动物相关品类（如狗、猫），关键词包括网友、狗狗、主人、猫咪、西瓜和高铁概念，品牌如支付宝、apple，使用场景涉及家庭娱乐视频观看、公益捐赠（如蚂蚁庄园）和理财管理（如余额宝），体现对搞笑动物趣事、科技产品（相机）和日常生活分享的强烈兴趣。  
不喜欢：基于未点击商品，用户不喜欢旅游景点（如趵突泉）、游泳相关内容和医疗场景（如医院），与点击行为中宠物娱乐和日常趣事特征相反。  

（字数：198）",3,complete
810970,"喜欢：该用户偏好娱乐和时尚品类，关键词包括俄罗斯、美女和赛羽（可能为品牌或产品名），品牌如赛羽，使用场景涉及在线浏览休闲内容（如社交媒体或购物平台），同时交易行为显示对服装（如高端t恤、短裤）和食品（如意面、香肠）的日常消费兴趣。

不喜欢：用户不喜欢金融品类，关键词如车贷和图案，使用场景涉及汽车贷款相关话题，表明对借贷或财务主题缺乏兴趣。",3,complete
1352949,"喜欢：偏好育儿、健康饮食和生活知识品类；关键词包括宝宝、喝茶、防护、健康；品牌如益禾堂、牛约堡、小米；使用场景涉及家庭育儿、日常健康维护和外卖点餐。
不喜欢：农业工具和医疗止血相关的内容，如高压水枪和水稻清洗。",3,complete
1660583,"### 用户兴趣偏好总结（场景3）
喜欢：用户偏好动物趣事（如猫狗相关）、幽默视频和社会趣闻内容，关键词包括猫、狗、趣事、景点、救援，品牌涉及支付宝和饿了么（基于服务使用），使用场景为休闲娱乐浏览、公益参与（如捐赠、公益种树）和外卖点餐。

不喜欢：用户不喜欢负面社会事件（如偷拍或平凡生活故事）和教育主题内容，基于未点击商品中与点击行为相反的负面特征（如高铁偷拍、小狗拖西瓜）。",3,complete
1824031,"喜欢：用户偏好宠物相关娱乐内容，特别是猫和狗的可爱、幽默行为视频，偏好品类为动物搞笑短片（如猫咪游泳、狗子家庭互动），关键词包括""猫咪""、""狗""、""可爱""、""家庭""、""主人""；品牌涉及支付宝、美团等平台服务（基于交易和服务实体如支付宝运动、电影票）；使用场景为休闲娱乐和日常家庭观察。

不喜欢：用户不喜欢野生动物或严肃动物行为内容，如大熊猫主题或教育性狗行为视频（基于未点击商品中""大熊猫""和""狗被叼回家""特征，与点击的幽默宠物主题相反）。",3,complete
1969340,"### 用户兴趣偏好总结（场景3）
喜欢：用户偏好家常菜和下饭菜品类（如红烧鱼、土豆饼、炒合菜），关键词包括""简单""、""好吃""、""下饭""、""瘦身""和""家常菜""，品牌涉及支付宝相关服务（如芭芭农场、小宝零花钱），使用场景主要为家庭日常烹饪、减肥餐和便捷晚餐（如""下班回来不想做饭""、""晚上吃这个""）。  
不喜欢：基于未点击商品特征，用户不喜欢凉爽凉菜品类（如凉拌面），与点击的热食、下饭菜偏好相反。",3,complete
121485,"喜欢：用户偏好家常菜烹饪品类，关键词包括""下饭菜""、""简单做法""、""豆腐""、""鸡肉""、""茄子""、""新吃法""和""好吃""，品牌无明显倾向（如点击中无特定品牌），使用场景为家庭日常饮食、招待客人和快手菜制作，体现对详细食谱教程的浓厚兴趣。

不喜欢：用户不喜欢懒人式饭菜品类，基于未点击商品如""懒人焖饭""和""合菜""，关键词如""一锅出""和""饭菜一体""，使用场景为快速简便烹饪，与点击行为中偏好复杂步骤和新鲜吃法相反。",3,complete
1532723,"喜欢：用户偏好娱乐视频品类（如幽默家庭场景、户外活动），关键词包括家庭（父母、大学生）、宠物（狗、萌娃）、交通（电动车）、基金（纳斯达克、华夏）、医保（查询医保、安康码），品牌涉及支付宝生态（蚂蚁财富、余额宝、花呗）和基金公司（华夏、诺安），使用场景为在线消费（手机扫码支付、生活缴费）、理财管理（基金投资、余额宝）、公益参与（种树、养小鸡）。

不喜欢：用户不喜欢负面事件内容（如偷拍、事故），关键词如偷窥（黑屏、高铁）、危险（跌入泥坑、落水），与点击行为相反的特征是负面性和隐私侵犯。",3,complete
1955616,"### 用户兴趣偏好总结（场景3）
喜欢：用户偏好家常烹饪食谱，尤其青睐简单易做的菜肴（如豆腐、鸡蛋饼、凉拌面、虾仁滑蛋和排骨），强调营养美味、下饭菜属性；偏好品类为食品烹饪，关键词包括""家常菜""""早餐饼""""下饭菜""，使用场景集中于家庭日常饮食和健康早餐；同时涉及支付宝服务（如理财、公益种树、快递管理）和超市购物支付（如收款码、余额宝）。

不喜欢：基于未点击商品特征，用户对特定新颖吃法的鸡肉菜肴（如""鸡肉新吃法""）和描述夸张的肉类食谱（如""越吃越爱的葱爆五花肉""）不感兴趣，反映出对复杂或过度营销的烹饪内容缺乏偏好。",3,complete
1507001,"喜欢：用户偏好社会新闻、日常生活趣事、安全提示、工作福利、家庭互动和科技安全内容，偏好品类包括社会话题（如中日关系）、日常生活事件（如公交车喷泉）、安全相关（如爬山安全感）、工作福利（如五险一金）、家庭趣事（如萌娃和狗互动）及科技讨论（如黑客与支付宝）；关键词涵盖支付宝、黑客、萌娃、狗、安全感、五险一金、济南等；品牌以支付宝为主；使用场景涉及休闲信息浏览、公益参与（如蚂蚁庄园、芭芭农场）和本地生活（如烟台相关搜索）。

不喜欢：用户不喜欢动物相关趣事、国际负面事件、交通违规报道和事故内容，特征包括动物互动（如虾坚强、狗狗撸猫）、国际糗事（如印度火箭失败）、交通违规（如四女生骑电动车）和事故救援（如父女落水），基于未点击商品与点击行为相反的特征。",3,complete
1654277,"喜欢：该用户偏好娱乐短视频内容，包括动物趣事（如小鳄鱼散步、锦鲤游泳）、自然景观（如太行山、钱塘江潮水）、搞笑社会事件（如骑车摔倒、围观热闹）和危险景点（如中国最危险景点）；关键词涉及散步、游泳、骑行、救援、搞笑、危险；品牌无明显偏好；使用场景主要为休闲娱乐时观看短视频。

不喜欢：该用户不喜欢交通违规相关的内容，如电动车事故或交警后续报道，与点击行为中偏好有趣冒险内容相反。",3,complete
1661202,"喜欢：用户偏好食品品类如外卖（轻食套餐、木桶饭）、零食（良品铺子、干果食品）和新鲜水果（人参果、娃娃果），关键词包括社会新闻（消防员、爬山）、动物趣事（狗、黄鳝）和奇闻轶事（网友、沙子），品牌涉及Apple、小米、华为以及服务如支付宝、美团和饿了么，使用场景集中于日常消费、娱乐浏览（点击商品如逮老鼠事件）和出行服务（高德打车、滴滴出行）。

不喜欢：用户不喜欢温馨宠物互动（未点击猫咪抚摸）、时尚穿搭（清冷套装）、金融广告（车贷图案）、特定事故类型（电动车跌入泥坑）和医疗场景（医院扎针），这些特征与点击行为中的社会事件和动物趣事相反。",3,complete
1852958,"喜欢：偏好品类包括食品（如鸡蛋、油条、蔬菜）、健康健身（如瘦手臂动作、登山步）和生活实用（如卫生间装修、存钱理财）；关键词如鸡蛋、动作、妈妈、存钱、健康；品牌如海天（酱油）、支付宝（服务）、伊利（牛奶）；使用场景涉及家庭烹饪、个人锻炼、日常理财和家庭互动。

不喜欢：基于未点击商品，用户不喜欢邻居相关话题和女性魅力讨论（如魅力、女性）。",3,complete
751745,"喜欢：偏好品类包括美食（家常菜、肉类如牛肉、鸡胗、肥肠、烤鱼）、生活日常（如起床、结婚分享）和运动（如打篮球）；关键词如""美食""、""家常菜""、""牛肉""、""打篮球""、""高铁概念""、""轻功""；品牌涉及oatly咖啡大师、lego（玩具）、哈啰出行（移动服务）；使用场景主要为家庭烹饪、娱乐视频观看、健身活动和社会热点讨论。

不喜欢：基于未点击商品对比，不喜欢清淡或酸辣口味的菜肴（如酸辣汤、鱼片），偏好更重口味或肉类为主的菜品，避免鱼类和开胃汤类内容。",3,complete
30606,"喜欢：用户偏好家居装修（如阳台、卫生间、飘窗设计）、烹饪技巧（如红烧肉、葱爆五花肉、蒜薹炒肉等肉类菜肴）和生活实用内容（如电动车事故、育儿早餐），关键词包括装修、厨房、卫生间、阳台、红烧、炒肉、电动车、孩子等，使用场景集中于家庭日常生活和家居改造，无明显品牌偏好。

不喜欢：基于未点击行为，用户不喜欢国际政治相关内容，如涉及美国、中国等主题。",3,complete
1644486,"喜欢：用户偏好健身锻炼品类，关键词如瘦手臂、动作、坚持、变美、活力，品牌涉及支付宝、余额宝（从服务使用体现），使用场景为家庭健身和日常健康管理，如饭后锻炼和在家跟练。
不喜欢：用户不喜欢非健身相关主题（如汽车按键）或某些健身动作描述（如简单动作坚持后瘦腰），基于未点击商品中与点击行为相反的特征。",3,complete
1906090,"喜欢：用户偏好宠物动物趣事内容（偏好品类：宠物娱乐视频），关键词包括狗、猫、熊猫、边牧、可爱、搞笑；品牌如稻香村、义利（基于交易行为中的食品购买）；使用场景涵盖休闲娱乐观看、餐饮消费（如主食和零食）、健身公益（如支付宝运动和捐步）以及金融投资（如基金搜索关键词）。

不喜欢：用户不喜欢负面或平淡的动物主题内容，如狗受苦或悠闲散步（基于未点击商品中的相反特征，与点击的积极有趣动物内容形成对比）。",3,complete
1359872,"喜欢：该用户偏好新闻事件、社会问题和生活技巧类内容，具体品类包括冒险旅游、交通事故报道、家常美食（如水果、米饭相关）、驾驶技巧和救援故事；关键词涉及挑战、车祸、家常菜、水果、移民、驾驶技巧、安全感和退役军人；品牌方面常使用支付宝（从服务使用如支付宝运动、公益种树）、微信（从交易如微信支付）和美团（从交易如美团收银）；使用场景主要为移动支付消费（如扫码收款、公交支付）、在线浏览娱乐内容（如视频、文章）和公益参与（如捐步、种树）。

不喜欢：该用户不感兴趣于国际政治争议和历史敏感话题，如中日关系讨论，基于未点击商品的特征与点击行为相反（点击内容聚焦国内事件和生活实用主题，而未点击涉及日本、中国网友争议）。",3,complete
772923,"喜欢：用户偏好早餐类食品（如早餐饼、鸡蛋新吃法、玉米烙）、家居设计（卫生间干湿分离、卧室空间优化）、实用生活技巧（如包饺子教程、救援故事）和新闻事件；关键词包括早餐、设计、救援、卧室；品牌涉及支付宝、盒马、中国移动（基于交易行为）；使用场景为家庭烹饪、装修优化和日常新闻阅读。

不喜欢：用户不喜欢豆腐和面条相关的食物内容（如豆腐新吃法、面条新吃法），基于未点击行为与点击的鸡蛋、萝卜等新吃法形成对比。",3,complete
205049,"喜欢：用户偏好动物萌宠内容，特别是大熊猫和狗狗的可爱瞬间、情感故事及保护主题（偏好品类：娱乐视频）；关键词包括大熊猫、狗、萌娃、保护、vlog；品牌涉及服装（如unifree、wassup潮）和日用品（如purcotton、flortte/花洛莉亚）；使用场景为休闲娱乐，如通过抖音观看萌宠视频和支付宝公益服务（如芭芭农场、蚂蚁庄园）。

不喜欢：用户不喜欢动物冲突或特定互动内容，如大熊猫打架或与小鸟交朋友的视频主题，这与点击行为中偏好的萌态和情感故事形成反差。",3,complete
457834,"喜欢：用户偏好家居设计（如客厅空间利用和厨房实用布局）、健身动作（如登山步和简单减肥动作）等品类，关键词包括设计、动作、跑步、登山步，使用场景为家庭改造和日常健康锻炼，从交易行为中隐含健康生活兴趣（如花茶、菊花枸杞）。

不喜欢：基于未点击商品特征，用户不喜欢休闲放松内容如泡澡追剧，与点击的主动健身和实用设计行为相反。",3,complete
938073,"喜欢：偏好品类包括社会新闻、意外事件和日常生活趣事，如交通事故、动物故事和社会热点；关键词如事故、救援、女生、手机、电动车和网友评论；品牌偏好支付宝（高频出现于服务使用和搜索）、plus和红心（从交易行为中提取）；使用场景为在线浏览娱乐内容、社交媒体消费和新闻阅读。

不喜欢：基于未点击商品中与点击行为相反的特征，用户不喜欢溺水事件、宠物救援、钓鱼意外和医院个人故事等负面或医疗主题内容。",3,complete
629805,"喜欢：用户偏好新闻趣事和生活意外事件品类，如救援故事（托举伤者、退役军人智救）、看手机相关事故（女子骑车看手机摔倒）、个人成就（应聘麻将主播）和时尚穿搭（高个子清冷套装）；关键词包括救援、事故、看手机、应聘、日出；品牌涉及支付宝（从服务使用和搜索）和蚂蚁财富（从交易）；使用场景为休闲娱乐浏览和信息获取，结合支付宝服务（如蚂蚁庄园游戏、公益捐步）。

不喜欢：基于未点击商品，用户不喜欢平淡的家庭日常内容，如大学生假期回家吃饭的温馨故事，与点击的戏剧性事件相反。",3,complete
1215322,"喜欢：该用户偏好宠物相关内容（尤其是猫和狗的行为、治愈故事和家庭互动），以及简单易做的美食烹饪（如苹果派、红烧肉、懒人馅饼），关键词包括猫、狗、好吃、懒人、家庭体验，使用场景涉及家庭休闲娱乐和日常烹饪；偏好品类为宠物和烹饪，品牌未在点击数据中突出体现。

不喜欢：基于未点击行为，用户不喜欢涉及宠物嫉妒或多宠物互动的主题（如抱其他猫被发现），以及特定菜肴如辣椒炒肉或饺子皮做法，同时避免家居装修省钱话题，关键词包括辣椒炒肉、饺子皮、装修、省钱。",3,complete
256226,"喜欢：偏好美食品类如懒人食谱（如懒人鸡蛋饼、发面饼）和家常菜（如红烧肉、苦瓜），关键词包括""懒人""、""好吃""、""简单""、""易学""和趣事主题（如家庭趣闻、实用技巧），品牌如familymart（从点击商品实体词体现），使用场景为家庭烹饪、日常饮食和娱乐阅读（基于点击商品标题和实体词中的家庭、餐饮饭店等元素）。

不喜欢：基于未点击商品中与点击行为相反的特征，不喜欢素菜相关主题（如未点击标题""一周吃十次都不够，全家人都爱吃的素菜""及其实体词""素菜""，与点击的肉菜和丰富美食形成对比）和医院场景主题（如未点击标题""花臂男子在医院扎针""及其实体词""医院""、""声音""，与点击的娱乐趣事和轻松内容相反）。",3,complete
6330,"喜欢：用户偏好家居设计品类，特别是小空间优化和收纳解决方案，关键词包括收纳、设计、实用、小卧室、卫生间、厨房；品牌方面涉及优衣库（服装服饰）、荣耀honor（电子产品）、liby（清洁用品）等实用品牌；使用场景为小户型家庭日常居住、空间节省改造和功能实用性提升。

不喜欢：用户不喜欢涉及儿童共享空间的内容，如男孩女孩独立房间的设计，与点击行为中偏好个人空间优化的特征相反。",3,complete
33456,"喜欢：该用户偏好娱乐搞笑、社会热点和健康知识类内容，具体包括偏好品类如宠物（小奶猫、狗）、汽车（字母、按键、车贷）、教育（大学生、老师）和科技（支付宝、黑客）；关键词如女性、情侣、结婚证、中国元素（中华武术、消防）、日本相关（网友、幼儿园）和动作技巧；品牌如支付宝（多次出现于点击和交易）、中国消防；使用场景涉及休闲娱乐（如观看搞笑视频）、知识学习（如汽车技巧、健康咨询）和日常生活（如支付、养宠）。

不喜欢：用户不喜欢日常健康小问题、家庭琐事和交通违规相关的内容，如耳朵进水、父母忘记喊吃饭和电动车违规事件，这些与点击行为中积极、趣味性的热点知识相反。",3,complete
1849309,"喜欢：用户偏好家居设计品类（特别是卧室空间优化、衣帽间收纳和阳台实用布局），关键词包括设计、空间、卧室、支付宝、社保卡、驾车、正确、学会，品牌如支付宝（从点击标题直接提及），使用场景涉及在线学习家居规划、驾车安全调节（如后视镜和停车功能）以及金融健康查询（如支付宝安全和医保卡信息）。

不喜欢：基于未点击商品，用户对高级驾车技巧（如倒车入库和调头方法）以及小空间居住抱怨内容（如10平房子家庭问题）缺乏兴趣，与点击行为中基础驾车调节和设计解决方案形成反差。",3,complete
1502716,"喜欢：用户偏好娱乐性和趣味性强的内容，包括动物趣事（如小奶猫、狗、黄鳝）、奇闻轶事（如古桥宝剑、太行山铁梯）、生活技巧（驾车调头技巧、按键使用）、社会正面事件（退役军人救人、独生子女补贴）和旅游景点（中国最美县城、城市探索）；偏好品类为视频娱乐、生活技巧和旅游；关键词如动物、奇闻、技巧、事件；品牌涉及支付宝（服务使用）、实惠超市和永辉（交易行为）；使用场景主要为在线观看视频、日常生活服务（如支付宝缴费、游戏玩乐）和公益参与（如芭芭农场、蚂蚁庄园）。

不喜欢：基于未点击行为，用户对负面、灾难性内容不感兴趣，如自然灾害事件（山体滑坡）、老人受害场景（躲避不及被压倒），与点击的正面、新奇特征相反。",3,complete
1188385,"喜欢：用户偏好生活趣事、奇闻异事和安全警示类内容，尤其关注美食（如榴莲、油条）、旅游景点（如钱塘江、中国景点）和实用知识（如消防、车贷），品牌方面倾向瑞幸咖啡、喜茶等餐饮品牌，使用场景涉及日常消费、在线浏览和公益参与（如支付宝运动、公益林）。

不喜欢：用户不感兴趣于迷信或虚构物品（如舍利子、龙涎香）以及娱乐表演类内容（如孙悟空投喂），这些与点击行为中的真实性和实用性特征相反。",3,complete
656457,"喜欢：用户偏好电子产品品类（如手机及配件，包括充电宝、数据线）、时尚服装（如清冷套装）、食品餐饮（如便当、砂锅），关键词包括""手机""、""女朋友""、""苹果耳机""，品牌如Apple、华为、小米、vivo，使用场景涉及日常消费、外卖点餐（如饿了么、美团）、在线娱乐（如小说/游戏内容）和理财管理（如余额宝）。

不喜欢：用户不感兴趣于汽车行业内容（如特斯拉价格战、验车事件）和负面新闻（如车祸报道），表现为避免点击相关商品，特征包括关键词""规则""、""价格""、""闯红灯""，品牌特斯拉，使用场景涉及商业分析和突发事件。",3,complete
196305,"喜欢：该用户偏好公益慈善品类（如公益项目、捐赠），关键词包括绿色行动、可爱设计、电动车、手机、房车旅行和诗和远方，品牌涉及支付宝生态（如蚂蚁庄园、蚂蚁森林）和快餐（如麦当劳），使用场景集中于日常生活趣事、通勤事故和家庭旅行。
不喜欢：该用户不喜欢与技术或艺术相关的内容，如未点击商品中的""技术""和""艺术""主题，与点击行为中具体生活化主题相反。",3,complete
109535,"喜欢：用户偏好家常菜品类，如面条、饺子、炒菜和汤类（例如番茄鸡蛋面、酸辣汤、外婆菜炒饭），关键词包括""简单""、""易学""、""下饭""、""营养""和""家常""，品牌涉及优选生鲜超市和外婆印象，使用场景主要为早餐、家庭用餐和夏天没胃口时解决饮食需求。  
不喜欢：用户不喜欢油炸食品、重口味肉类和非食品内容，如小酥肉、红烧肉和独生子女补贴，这些特征与点击的简单、清淡家常菜相反。",3,complete
178571,"喜欢：该用户偏好家常食谱和简单烹饪，尤其喜欢下饭菜品类如豆腐、排骨、鸡蛋、蔬菜（黄瓜、菠菜）和肉类（猪肉、牛肉），关键词包括""简单""、""好吃""、""下饭""、""家常""和""早餐""（如玉米烙、小花卷），品牌涉及外卖平台美团和饿了么，使用场景主要为家庭餐饮、为孩子做饭、快速晚餐准备和外卖点餐服务。

不喜欢：基于未点击商品，用户不喜欢小游戏、户外活动（如爬山）和特定复杂菜肴（如盐焗海鲜），表明对非食品主题、旅游相关内容和厨房小白级烹饪缺乏兴趣。",3,complete
1961618,"### 用户兴趣偏好总结（场景3）
喜欢：用户偏好宠物相关品类（尤其是猫和狗），关键词包括小猫、狗狗、主人互动、趣事和健康话题，品牌涉及宠物医院如双龙宠物医院，使用场景为家庭养宠、在线娱乐服务（如蚂蚁庄园）及宠物健康管理（如宠物医疗保险）。  
不喜欢：用户不喜欢医疗健康相关的内容，如医院场景和声音话题，这与点击行为中宠物主题相反。  

（字数：98）",3,complete
470504,"### 用户兴趣偏好总结（场景3）
喜欢：该用户偏好家居装修品类（如卧室、卫生间、厨房设计），关键词包括实用、收纳、颜值高和方便；品牌如飞利浦（家电）、沃尔玛（超市）、盒马（生鲜）和支付宝（支付）；使用场景涉及家庭收纳改善、日常食品购物（如水果、面包）和金融管理服务（如现金红包、话费充值），体现对功能性强、时尚耐用的生活解决方案的兴趣。

不喜欢：基于未点击商品特征，用户不喜欢宠物主题内容（如猫狗相关）、传统家居设计（如""传统鞋柜""）以及非实用休闲主题（如随意或泡澡场景），这些与点击行为中强调的实用性和现代设计相反。",3,complete
522045,"喜欢：用户偏好猫咪主题的娱乐内容，包括幽默故事和宠物互动（如小猫、土豆、尾巴等关键词），偏好品类为宠物娱乐和生活信息（如医保卡查询），使用场景集中于休闲浏览和信息获取，但未涉及特定品牌。

不喜欢：用户不喜欢教育性或指导性的猫咪内容（如学习如何撸猫或猫咪行为含义），这与点击的娱乐性特征相反，表现为避免""学会""、""爱上""等关键词和撸猫技巧主题。",3,complete
352651,"喜欢：用户偏好水果品类（如橘子、李子、蜜橘），零食关键词（如肉食、脆李），品牌如王者、支付宝（从交易和服务使用中体现），使用场景集中于休闲娱乐（旅游攻略、钓鱼、乡村生活）和公益参与（芭芭农场、种树）；同时关注生活技巧（清蒸鱼、肥肠烹饪方法）和健康主题（从搜索关键词如健康、医保推断）。

不喜欢：用户不喜欢小炒肥肠相关的内容（基于未点击商品""小炒肥肠跟我这样做，香辣入味""，与点击的""鲜鲜肥肠""教学类内容形成对比）。",3,complete
742030,"喜欢：用户偏好食品品类（如饼干、月饼、糕点）、家居用品（如吊带裙、文胸）和宠物相关内容（如狗、撸猫）；关键词涉及理财、健康、设计（如厨房吊柜、鞋柜）；品牌包括雅诗兰黛、支付宝、福临门；使用场景涵盖中秋、夏天、厨房设计、理财服务（如余额宝）和公益（如捐步）。

不喜欢：用户不喜欢玄幻或虚构主题内容，如游戏开局娶新娘等不实用元素，与点击的实用生活、设计或补贴内容相反。",3,complete
1316661,"喜欢：用户偏好宏观经济分析、金融理财（如存钱、银行存款、基金）和退休规划（如五险一金、离退休）等品类；关键词包括宏观经济、2023年、发展趋势、存钱、经济形势；品牌涉及支付宝、余额宝、蚂蚁金服、淘宝及多种基金（如鹏华基金、汇添富基金）；使用场景主要为金融投资、生活缴费（如电费、水费）、信息社区互动（如看直播、财富社区）和娱乐（如养小鸡游戏）。

不喜欢：基于未点击商品，用户不喜欢特定个人福利内容如独生子女补贴，偏好更宏观主题而非个体化补贴。",3,complete
1999603,"喜欢：用户偏好宠物相关品类（如遛狗）、奇幻娱乐内容（如小说标题""我纯阳之体开局娶画皮新娘""）、生鲜食品（如蔬菜拌饭、轻食调味汁）、公益服务（如蚂蚁庄园、芭芭农场），品牌如华为和青岛，关键词如消费券和vip会员，使用场景包括日常缴费（如电费、生活缴费）和娱乐平台（如支付宝运动）。
不喜欢：基于未点击商品，用户不喜欢涉及宠物负面行为（如狗子表现）或情感冲突（如抢女朋友）的内容。",3,complete
1205726,"喜欢：用户偏好家居设计品类（如卫生间、卧室和阳台优化），关键词包括收纳、颜值、设计和空间利用；品牌方面倾向出行服务（如哈啰出行）和支付相关（如支付宝）；使用场景涉及生活便利（如家居改善和金融事务，例如独生子女补贴和遗产继承）以及社会热点关注（如新闻事件报道）。

不喜欢：用户对退休相关话题（如父母离退休财务问题）不感兴趣，基于未点击行为与点击偏好（如年轻人生活设计和事件关注）相反。",3,complete
2014135,"喜欢：该用户偏好食物烹饪品类，如早餐食品（早餐饼、懒人发面饼）、懒人食谱（懒人焖饭、三分钟搞定早餐）和家常菜（小炒牛肉、豆腐）；关键词包括""早餐""、""懒人""、""简单""、""小孩子""和""好吃""；品牌涉及支付宝服务（余额宝、花呗）和外卖平台（饿了么）；使用场景涵盖日常饮食准备（如在家做早餐）、健康管理（医保查询）和金融支付（花呗使用）。
不喜欢：基于未点击商品""葱油捞鸡""，用户不喜欢油腻或特定菜式（如捞鸡）的内容，与点击的简单懒人食物偏好相反。",3,complete
465115,"喜欢：该用户偏好美食品类（如家常菜、排骨焖饭、鸡胗炒菜），关键词包括孩子、补贴、排骨、周末和家庭生活，品牌如holiland、膜法世家和自然堂，使用场景涉及家庭烹饪、育儿活动和日常生活管理（如周末为孩子做饭、关注独生子女补贴）。

不喜欢：基于未点击商品，用户不喜欢妊娠相关内容和负面健康话题（如转胎丸讨论），避免与育儿或家庭主题相反的品类和关键词。",3,complete
208595,"### 用户兴趣偏好总结（场景3）
喜欢：用户偏好宠物猫咪相关品类，关键词包括猫咪健康、习惯养成和搞笑故事（如""猫咪咬人习惯""、""流浪猫搞笑""），使用场景聚焦家庭宠物护理和娱乐视频观看，品牌偏好不明显（数据中无显著品牌提及）。  
不喜欢：用户不喜欢猫咪游泳等不寻常活动，基于未点击商品特征（如""游泳""、""第一次""），与日常猫咪行为形成反差。  

（字数：98）",3,complete
1563279,"喜欢：用户偏好家常烹饪食谱，特别是懒人、简单易做的菜肴，如红烧鱼、鸡蛋料理、豆腐、减脂餐等；偏好品类包括肉类、蔬菜、豆制品和主食；关键词突出""懒人""、""简单""、""好吃""、""下饭""、""健康""；使用场景涉及早餐、午餐、晚餐及夏季开胃饮食，强调家庭日常和健康管理。
不喜欢：用户对辣椒炒肉等特定肉类菜肴兴趣较低，基于未点击行为，尽管点击了其他类似内容如小炒肉，但未点击辣椒炒肉标题。",3,complete
746565,"### 用户兴趣偏好总结（场景3）
喜欢：用户偏好娱乐和生活趣事品类，关键词包括萌娃、动物、搞笑、游泳等，品牌涉及严选、百事、肯德基等日常消费，使用场景为家庭休闲和在线浏览，如可爱动物视频、幽默家庭事件。  
不喜欢：用户不喜欢负面新闻和医疗紧张内容，如偷拍、抢救事件，与点击行为中轻松幽默特征相反。",3,complete
172620,"喜欢：用户偏好旅游景点（如四川、太行山等中国景点）、美食（如豆腐、酸辣平菇、花椰菜等家常菜）、安全话题（如女性安全教育、交通安全）、社会新闻（如公益救援、宠物故事）、品牌如支付宝（从交易和服务使用实体）和苹果（从交易实体），使用场景包括家庭生活（如装修、孩子教育）、出行支付（如扫码收款、地铁乘车）和公益捐赠（如蚂蚁森林、捐步）。

不喜欢：用户不喜欢难吃的蔬菜（绿色蔬菜）和银行存款相关话题（存钱），这与点击的积极美食和理财服务相反。",3,complete
424560,"喜欢：偏好品类为家常食谱和简单烹饪，尤其关注玉米烙、卤味、鸡腿做法和面食类；关键词包括“孩子”、“简单”、“好吃”和“电饭煲”，强调便捷和孩子喜爱的食物；品牌方面，交易数据中涉及德亚牛奶和安琪等食品相关品牌，但点击商品以无品牌自制内容为主；使用场景集中在家庭日常饮食、为孩子准备餐点（如周末或假期），以及夏季消暑需求（如床上风扇）。

不喜欢：基于未点击商品中与点击行为相反的特征，偏好品类上避开减肥主题（如瘦身汤）和健康焦点食材（如素菜鸡蛋饼）；关键词反衬“瘦身”、“减肥”和“非烹饪内容”（如补贴新闻）；品牌无明显厌恶，但未点击涉及猪心等非常规食材；使用场景上排斥节日特定（如年夜饭）和非饮食相关活动（如装修或公益新闻）。",3,complete
371912,"喜欢：用户偏好食物品类，特别是凉菜和蔬菜菜谱（如麻酱拌豇豆和土豆），关键词包括""好吃的""、""酥""、""小凉菜""，品牌涉及益朵、鸿源食品等食品相关品牌，使用场景为家庭烹饪和便捷饮食。

不喜欢：用户不喜欢金融补贴类内容，如独生子女补贴，与食物偏好相反。",3,complete
451456,"喜欢：用户偏好家居设计（如客厅、卧室、卫生间布局）、宠物相关（狗、猫的搞笑和日常）、家庭生活实用内容（父母退休、一家生活），关键词包括设计、狗、猫、父母、视频、技巧，品牌涉及支付宝、饿了么等数字服务，使用场景主要为家庭日常、实用技巧学习和数字服务互动（如外卖点餐、公益种树）。

不喜欢：基于未点击商品，用户不喜欢严肃新闻、旅游事故相关的内容，如游玩和退役军人主题。",3,complete
2013379,"喜欢：用户偏好家居设计品类，特别是小卧室的空间优化和多功能利用，关键词包括收纳、衣帽间、阳台和避免榻榻米；使用场景聚焦小户型居住环境改善，如卧室、厨房和阳台的装修；品牌方面无明显突出偏好，但涉及室内设计相关实体如""室内设计""和""装修""。

不喜欢：用户不喜欢小卧室中床放在中间的传统设计，偏好更灵活创新的空间布局，而非强调固定或宽敞但缺乏多功能性的方案。",3,complete
244854,"### 用户兴趣偏好总结（场景3）
喜欢：用户偏好交通出行相关品类（如电动车、轿车事故视频），关键词集中于事故、闯红灯、停车技巧、骑行安全；品牌涉及汽车用品（如吉普、汽车脚垫）和支付服务（支付宝）；使用场景为城市日常生活安全（如通勤、驾驶技巧）和社会热点事件（如网友评论、搞笑视频），体现对实用技巧和风险警示内容的兴趣。

不喜欢：用户不喜欢户外冒险或自然事故内容（如瀑布攀爬事件），与点击的交通城市事件相反，体现对非城市环境风险话题的回避。",3,complete
743258,"喜欢：该用户偏好交通相关品类（如驾驶事故、闯红灯事件和驾驶技巧），关键词包括事故、闯红灯、看手机、暖心和高个子；品牌涉及支付宝（如余额宝、花呗）、美团和中国移动；使用场景为日常通勤支付（如停车、地铁）和在线浏览社交媒体内容（如暖心故事、动物趣事）。

不喜欢：基于未点击商品，用户不喜欢浪漫约会品类（如小裙子约会）、户外活动（如钓鱼、日出）和情感话题（如女朋友手机），关键词如小裙子、钓鱼、日出和萌娃，与点击行为中硬核交通和社会事件特征相反。",3,complete
247003,"喜欢：用户偏好食品饮料品类（如茶饮、快餐和水果），关键词包括亚运会、高铁、设计和降价，品牌如茶百道、一点点、农夫山泉和美团，使用场景为日常消费（外卖点餐、支付）和出行（高铁、公交），常关注生活趣闻、城市吐槽和优化内容，基于点击行为（如“中国最坑人的六种水果”和“高铁上熊孩子吵闹”）及交易数据（多次出现茶饮、快餐实体）。

不喜欢：用户不喜欢街头搞笑或交通违规主题，如未点击商品“小姐姐在马路上看到虾坚强”和“四女生同骑电动车”所示，其相反特征为浅显趣事和电动车相关事件，与点击的深度新闻（如景点失望、城市分析）形成对比。",3,complete
478694,"### 用户兴趣偏好总结（场景3）
喜欢：用户偏好家居设计品类，特别是小空间优化（如卧室、卫生间改造），关键词包括设计、收纳、实用、小卧室；品牌如支付宝（从搜索和点击实体词关联）；使用场景为家庭生活改造、日常实用技巧和教育学习（如安全知识、金融科普），体现对创新布局、空间节省和功能性解决方案的强烈兴趣。

不喜欢：用户不喜欢强调整体感而非实用性的卧室设计（基于未点击商品""这样的卧室整体感更强！""与点击行为偏好相反），表现为对形式化、非创新或缺乏具体优化细节的家居内容缺乏兴趣。",3,complete
137635,"喜欢：用户偏好家居设计品类（如小卧室、阳台、厨房、卫生间），关键词包括设计、布局、安全、正确操作，品牌涉及支付宝和中国移动（基于交易行为），使用场景为家庭装修优化和驾驶学习技巧（如新手停车、汽车功能）。

不喜欢：用户不喜欢车内降温技巧和客厅空间优化内容（基于未点击商品中与点击行为相反的特征，如车内小技巧和客厅设计）。",3,complete
475061,"喜欢：该用户偏好宠物（猫狗）、健康科普和生活幽默内容，关键词包括宠物、健康、寿命、出生、父母、狗、猫、美食、补贴等，使用场景为娱乐信息浏览和短视频观看，无特定品牌偏好。
不喜欢：基于未点击商品，用户不喜欢锦鲤相关、游泳、出行和减肥主题的内容。",3,complete
1665151,"喜欢：用户偏好金融产品（如车贷）、电子产品（如苹果耳机、手机、电脑）、餐饮服务（如外卖点餐、饿了么）、交通相关（如火车票、停车场），品牌涉及Apple、饿了么、蜜雪冰城等，使用场景包括日常生活管理（如缴费、外卖）、娱乐游戏（如抽奖、种果树）和公益慈善（如蚂蚁森林）。
不喜欢：用户对旅游景点、儿童主题（如小朋友）、角色扮演（如孙悟空）或辞职故事等内容不感兴趣，与金融和实用主题相反。",3,complete
69896,"### 用户兴趣偏好总结（场景3）
喜欢：用户偏好家常菜和下饭菜品类，如红烧猪蹄、蒸排骨和青椒酿肉，关键词包括土豆、黑椒酸辣汤、腐竹和广东风味，品牌涉及支付宝（用于支付和理财服务）和滴滴出行（用于出行），使用场景为家庭日常烹饪、夏季饮食和简单快速菜肴制作。

不喜欢：用户不喜欢强调米饭或豉汁风味的菜肴内容，基于未点击商品中与点击行为相反的特征，如米饭和豉汁的突出呈现。",3,complete
1152499,"喜欢：该用户偏好家居装饰品类（如卧室、厨房设计），关键词包括颜值、设计、2023年、年轻人，品牌涉及家居相关（如陶瓷工艺品、装饰画），使用场景为家庭生活，强调现代实用性和补贴政策（如独生子女补贴）。
不喜欢：用户不喜欢育儿内容（如带娃骑车）、食物制作（如早餐饼）、金融社保话题（如五险一金、车贷），以及简约风格的设计（如卫生间泡澡主题）。",3,complete
1889884,"喜欢：用户偏好品类包括家居设计（小空间优化、收纳解决方案）、健康保险（医保社保）和休闲生活（茶具、食品）；关键词如设计、收纳、空间、卧室、环保；品牌如乐扣乐扣（饭盒、密封容器）和众安保险（百万医疗险）；使用场景为个人独居生活（70㎡小家）、健康管理（医保查询）和休闲娱乐（泡澡追剧）。

不喜欢：用户不喜欢入口玄关和厨房相关的设计主题，如鞋柜和入户优化，这与点击行为中偏好卧室、客厅等内部空间设计相反。",3,complete
1128777,"喜欢：该用户偏好宠物相关品类（特别是狗，如""大白""），关键词包括""狗""、""睡眠""、""早起""和""吃货""；品牌方面青睐奶茶品牌（如都可、沪上阿姨、古茗、奈雪の茶）和理财服务（如支付宝基金、蚂蚁财富）；使用场景涉及日常娱乐（观看宠物幽默内容）、消费购物（奶茶、外卖点餐）和理财投资（基金搜索与交易）。

不喜欢：基于未点击商品，用户不喜欢冲突和正式家庭事务品类，关键词如""干仗""和""家庭会议""，与点击行为中轻松幽默的宠物内容相反。",3,complete
701145,"喜欢：用户偏好宠物狗相关幽默内容（如""狗子""主题）、水果知识（如""中国最坑人的六种水果""）、实时天气信息（如""台风路径""）、健康生活话题（如""抽搐""和""娃娃""护理）、经济降价信息；在品类上涉及食品（如水果、螺蛳粉）、关键词如狗、水果、台风，品牌如可口可乐、奥利奥、喜茶（从交易行为），使用场景包括日常娱乐信息获取、支付宝服务（如蚂蚁庄园公益）和健康关注。

不喜欢：用户不喜欢宠物内容涉及情感冲突（如""生气""和""女朋友""关系）或非主流宠物（如""黄鳝""），基于未点击商品与点击行为相反的特征，避免情感化或特定宠物主题。",3,complete
1700726,"喜欢：用户偏好食品品类如新吃法（皮蛋、茄子、大虾）、调味料（红烧调料、椒麻鸡）和熟食制品（烤鸭蛋、卤菜），关键词包括""吃法""、""技巧""、""宠物""和""事故""，品牌涉及支付宝（服务使用）和统一（交易行为），使用场景涵盖家庭烹饪、在线娱乐（如短视频事故报道）和健康管理（如挂号搜索）。

不喜欢：基于未点击商品，用户不喜欢电动车事故后续（如女生同骑事件）、家庭琐事（如父母忘记喊吃饭）和汽车内部警告（如按键功能），关键词如""电动车""、""女生""、""吃饭""和""按键""，使用场景在交通后续报道和日常家庭互动。",3,complete
1282473,"### 用户兴趣偏好总结（场景3）
喜欢：用户偏好家常烹饪食谱，品类集中于肉类（如猪肉、鸡肉、牛肉）、蔬菜（如土豆、茄子、白菜）、面食（如饼、面条）和小吃（如丸子、蛋糕）；关键词高频出现""简单""、""好吃""、""下饭""、""家常""、""早餐""和""夏天""；品牌偏好支付宝生态服务如芭芭农场、蚂蚁庄园；使用场景主要为家庭日常用餐、简易早餐、夏季清爽饮食及孩子友好食谱。

不喜欢：基于未点击商品特征，用户不喜欢强调无油无水健康烹饪方式的食谱（如红烧肉），或涉及饭店风格菜肴，与点击行为中偏好家常、易做、下饭特征相反。",3,complete
1910171,"### 用户兴趣偏好总结（场景3）
喜欢：用户偏好家居装修品类（特别是厨房和卫生间设计），关键词包括实用收纳、细节优化、仙境景点和挑战性内容；品牌涉及日常消费如统一、康师傅（基于交易行为）；使用场景集中于家庭生活优化（如厨房入住细节、卫生间三分区）和旅游观光（如中国仙境、四川景点），强调美观与功能性。

不喜欢：用户不喜欢不实用的家居设计（如玄关柜、吧台）和负面内容，关键词包括盲目跟风、危险景点及坑人水果；基于未点击商品与点击行为相反的特征，表现为花哨元素（如吊柜造型）或普通景点（如广东景点），避免空间浪费和负面体验。",3,complete
1091446,"喜欢：用户偏好家常菜品类（如豆腐、鸡蛋、鸡翅、豆皮等简单食谱），关键词包括""简单""、""下饭""、""家常""和""省钱""，常用品牌如饿了么和支付宝，使用场景为家庭烹饪、日常用餐和外卖点餐，强调快速、健康且易操作的食谱。

不喜欢：用户不喜欢非食物内容（如旅游攻略、金融补贴或政策咨询），基于未点击商品中与点击行为相反的特征（点击全为食物相关，未点击包含旅游、车贷等非烹饪主题）。",3,complete
186638,"喜欢：该用户偏好家常菜和下饭菜品类，关键词包括下饭、简单、家庭和孩子，品牌涉及统一、农夫山泉和王老吉等食品相关品牌，使用场景为家庭烹饪、健康饮食（如减脂餐）和日常食谱分享，具体体现在点击的食谱如酸辣白菜、京酱肉丝卷和小炒肉等简单易做的菜肴。
不喜欢：该用户不喜欢内脏类食材的食谱，如爆炒腰花和鸡胗，这与点击行为中偏好常见蔬菜和肉类的特征相反。",3,complete
1000830,"喜欢：用户偏好宠物相关品类（如猫、狗），关键词包括宠物、猫咪、狗、情侣、搞笑和社会事件（如高铁、洪水），品牌涉及Apple、支付宝、高德（基于交易和服务使用），使用场景涵盖娱乐观看（宠物视频、幽默内容）、医疗查询（医保、体检）和金融投资（基金搜索、理财）。

不喜欢：用户不喜欢奇特或不寻常的宠物内容以及促销甩卖类商品（基于未点击商品""长相奇特的猫，大甩卖""与点击行为中正常可爱宠物相反）。",3,complete
255570,"### 用户兴趣偏好总结（场景3）
喜欢：偏好宠物（尤其是狗和猫）相关品类，关键词包括狗、猫、萌娃、睡眠和搞笑生活趣事；品牌如蒙牛（从交易行为中的""纯牛奶""和点击中的""一杯奶""关联）；使用场景主要为休闲娱乐、观看视频和宠物互动内容，体现对温馨、积极主题的兴趣。

不喜欢：基于未点击商品（如""不开心""的布娃娃事件和""忽视""主题的零食），不喜欢负面情绪、抱怨或夸张的宠物相关主题，如不开心事件或忽视场景。",3,complete
1700129,"喜欢：用户偏好轻松幽默的家庭和宠物相关娱乐内容，如萌娃和狗的搞笑视频（偏好品类：娱乐视频），关键词包括萌娃、狗、躺平（突出动态幽默），品牌无直接关联但涉及在线平台（如视频分享服务），使用场景为休闲时间在线观看（基于点击商品标题和实体词）。

不喜欢：用户对严肃话题如收入讨论或平静的动物观察内容不感兴趣，基于未点击商品的收入和小鳄鱼悠闲散步特征（与点击行为的幽默动态相反）。",3,complete
824880,"喜欢：用户偏好时尚品类如套装、短裙和短裤，关键词包括健身、支付宝、黑客和省钱，品牌如支付宝、肯豆和海鸥手表，使用场景涉及夏季活动、支付场景（如扫码收款）和娱乐消费（如电影票），体现对实用技巧、生活美学和科技金融的兴趣。

不喜欢：用户不喜欢警告性的汽车按键内容，与点击的实用技巧（如省油按键用法）相反，体现对负面或警示性技术主题的回避。",3,complete
1304583,"喜欢：该用户偏好宠物动物相关品类（如遛狗、小奶猫、大熊猫），日常生活趣事（如骑行事故、家庭事件），关键词包括颜值、洗澡、回家、父母、大学生、骑行和意外事件，品牌涉及格力高glico（零食）和名创优品（生活用品），使用场景集中于家庭休闲、户外活动、公益参与（如捐步、种树）和出行导航（如打车、骑行）。

不喜欢：基于未点击商品特征，用户不喜欢政治争议内容（如美国中国话题）、暴力或负面事件（如车祸、家庭冲突），与点击行为中轻松幽默的动物趣事形成鲜明对比。",3,complete
1524469,"喜欢：用户偏好宠物和动物趣事内容（如狗、猫、小鳄鱼相关搞笑视频），关键词包括日常生活事件、情感故事和网友互动（例如""狗""、""猫咪""、""网友""），品牌涉及支付宝、美团和哈啰出行（高频出现在交易和服务使用中），使用场景主要为休闲娱乐观看视频、日常出行（如共享单车、公交）和支付服务（如支付宝、花呗）。

不喜欢：基于未点击商品（趵突泉锦鲤游泳趣事），用户不喜欢水生动物主题（如锦鲤）或游泳相关内容（实体词""游泳""、""锦鲤""与点击行为中的哺乳动物和陆地事件相反）。",3,complete
389744,"喜欢：用户偏好宠物动物（如狗、猫、熊猫）和日常生活趣事（如搞笑视频、家庭温馨场景），关键词包括动物名称（狗、熊猫、猫）、情感表达（太萌、走心）和日常活动（洗澡、小烧烤）；品牌涉及瑞幸咖啡和支付宝相关服务（如高德打车）；使用场景为芭芭农场中的休闲娱乐（视频观看、公益参与如捐赠和运动）。

不喜欢：用户不喜欢负面家庭话题（如抱怨妈妈或误解内容），基于未点击商品中与点击行为相反的特征（点击涉及中性家庭内容，未点击聚焦抱怨型主题）。",3,complete
1843138,"喜欢：该用户偏好宠物饲养（猫、狗）和家常美食（如早餐饼、包菜炒鸡蛋、爆炒腰花），关键词包括养猫、狗、营养、孩子、父母，品牌涉及宠物相关（如pidan）和家电（如美的），使用场景集中于家庭日常、宠物互动和健康烹饪。

不喜欢：该用户不感兴趣于旅游景区、角色扮演（如孙悟空）、投喂行为和工作相关主题（如辞职），这与点击行为中宠物、家庭和美食的偏好相反。",3,complete
1206087,"喜欢：用户偏好食品类（如零食、饮料、糕点、牛奶）、家居用品（如床单、被褥、床垫）、出行工具（如电动车、雨衣、公交），关键词涉及交通趣闻（电动车、骑行）、动物趣事（狗、小鸟）、社会新闻（网友、声音），品牌包括农夫山泉、支付宝、花王，使用场景为日常出行（公交、打车）、家庭休闲（床上用品）、趣闻浏览（意外事件、学习故事）。

不喜欢：基于未点击商品特征，用户不喜欢涉及电动车危险行为（如边骑车边看手机）、被动等待活动（如爬山等待日出）、以及钓鱼或户外冒险场景（如钓飞机、山风），这些与点击行为中安全、主动趣闻相反。",3,complete
1697544,"喜欢：该用户偏好地理自然现象（如钱塘江潮）、现金相关任务（赚现金、红包、签到）、租赁服务（电脑、手机）、餐饮消费（面馆、油条），关键词包括现金、租赁、地理，品牌涉及Apple（从搜索关键词）、支付宝（从服务使用），使用场景为日常在线任务（如做任务、抽奖）和金融交易（转账、花呗）。

不喜欢：基于未点击商品，用户不喜欢虚构故事内容（如""纯阳之体""、""画皮新娘""）和警察相关主题，与点击的地理真实事件形成鲜明对比。",3,complete
649605,"喜欢：用户偏好家庭育儿内容（如孩子相关主题）、健康健身主题（如身材管理、流汗运动）、以及家居餐桌场景（如天气热时的餐桌用品），涉及品类包括家庭用品（如坐便盖板、餐桌垫）和健康产品（如节能灯、生鲜果蔬），关键词如孩子、身材、流汗、天气、餐桌，品牌如芭芭农场（从服务使用），使用场景为家庭生活（如产房、餐桌）和健康管理（如快乐一夏）。

不喜欢：用户不喜欢高强度健身内容（如慢跑、暴瘦训练）、儿童食品推荐（如早餐饼）、实用信息查询（如医保卡、社保卡）、以及旅游或动物故事（如锦鲤、趵突泉），这些特征与点击行为中的正面健康主题和家庭场景相反。",3,complete
599913,"喜欢：用户偏好可爱、幽默的宠物和儿童相关娱乐内容，如萌娃、狗、锦鲤等关键词，涉及品类包括宠物视频和儿童趣事，使用场景为休闲娱乐观看（如观看幽默动物视频），品牌未在点击行为中突出体现。

不喜欢：用户对平淡、日常化的宠物场景不感兴趣，如基于未点击商品特征（早起、撸猫），表现为不喜欢缺乏幽默或新奇元素的宠物内容（如描述性撸猫行为）。",3,complete
941056,"喜欢：该用户偏好厨房用品（如调味料、案板、蒸笼纸）和食品（如牛肉、豆腐皮、爆炒腰花）等品类，关键词涉及理财（如余额宝、消费券）、交通安全（如电动车事故），品牌包括supor和海天等厨房品牌，使用场景集中在家庭烹饪（如爆炒腰花制作）和公益捐赠（如芭芭农场、公益项目）。

不喜欢：基于未点击商品特征，用户不喜欢危险活动（如攀爬瀑布事故）、国际政治话题（如美国中国关系）、类似交通事故内容（如骑车看热闹），以及补贴政策（如独生子女补贴）。",3,complete
799070,"喜欢：用户偏好健身相关品类（如按摩滚轮、桶油）、娱乐内容（如幽默视频、动物瞬间）、运动主题（如篮球），关键词包括健身、篮球、动物，品牌如怡宝、康师傅（基于交易行为），使用场景涉及家庭健身和在线娱乐（如点击商品中的""懒到不出门健身""和""打篮球的女生""）。

不喜欢：用户不喜欢实用发明和家庭萌娃主题（基于未点击商品的""大学生发明""和""萌娃告状""），关键词如大学生、发明、萌娃。",3,complete
547862,"喜欢：偏好汽车品类（特别是高端品牌如宾利、奔驰和特斯拉），关键词包括驾驶技巧、购车体验、省钱策略和宠物饲养（如狗、哈士奇），品牌涉及宾利、奔驰、特斯拉和比亚迪，使用场景为驾驶操作、汽车购买决策、日常省钱和宠物互动；同时关注生活技巧如五险一金话题。

不喜欢：基于未点击行为，不喜欢奥迪品牌（如奥迪Q5）、劳斯莱斯相关建议、钓鱼休闲活动以及独生子女补贴话题，与点击的汽车兴趣和实用主题相反。",3,complete
1695735,"喜欢：用户偏好家庭烹饪和健康饮食，尤其喜欢简单易做的食谱（如懒人发面饼、葱烧豆腐）、新吃法创新菜品（如红薯新吃法、茄子新吃法），关键词包括""懒人""、""好吃""、""健康""、""新吃法""，品牌涉及餐饮如阿才白粥和林记牛肉，使用场景聚焦日常饮食、家庭用餐和健康生活（如低卡炸鸡腿、健身相关动作）。

不喜欢：用户不喜欢简单、传统、缺乏创新的食物，如番茄鸡蛋面和懒人鸡蛋饼，这些与点击的创新食谱和多样化做法形成鲜明对比。",3,complete
874146,"喜欢：该用户偏好家居装修和室内设计品类，关键词包括收纳、实用、功能齐全和小空间优化（如小卧室、卫生间、客厅），使用场景聚焦家庭生活改善，如通过设计提升空间利用率、避免传统榻榻米，并涉及阳台、厨房等区域的功能性改造。

不喜欢：该用户不喜欢衣帽间相关的收纳设计，基于未点击商品中强调衣帽间和完美主义的特征，与点击行为中偏好多功能、非传统方案（如避免衣帽间）形成对比。",3,complete
796320,"喜欢：用户偏好宠物（特别是狗）相关趣事和生活补贴内容，关键词包括狗、小狗、独生子女补贴、事故；品牌涉及抖音电商、光明乳业；使用场景涵盖家庭互动、在线娱乐和公益服务（如支付宝运动、蚂蚁庄园）。

不喜欢：用户不喜欢天真宠物描述（如""天真的小狗""）和金融车贷内容（如""图案,车贷""），与点击的幽默宠物和补贴主题相反。",3,complete
982488,"### 用户兴趣偏好总结（场景3）
喜欢：该用户偏好生活事件、安全警示和健康健身类内容，关键词包括瀑布、训练、教练、生活、炒菜、钱塘江等，常使用支付宝和美团品牌进行日常消费（如食物、停车费用）、理财服务（如余额宝、花呗）和出行场景（如打车、网约车），并参与公益和数字服务活动。

不喜欢：基于未点击行为，用户不喜欢汽车技术相关的安全提示内容，如按键操作，与点击的生活化、个人安全主题相反。",3,complete
526604,"喜欢：用户偏好幽默可爱的动物视频品类，特别是猫、狗和大熊猫的日常趣事，关键词包括猫咪、大熊猫、狗狗、游泳、网友等；品牌方面无明显突出（基于点击内容无特定品牌，但交易行为涉及ubras、花西子等服饰美妆品牌）；使用场景主要为休闲娱乐浏览，如在线观看宠物搞笑视频以放松心情。

不喜欢：用户不喜欢教育性或平淡的动物内容，如猫咪行为解释或旅游景点相关视频，关键词包括秋千、锦鲤、声音等（基于未点击商品中与点击幽默特征相反的特征），使用场景可能涉及严肃教育或非娱乐浏览。",3,complete
1803980,"喜欢：偏好食品品类如早餐饼、家常菜（火腿、苦瓜）和营养美味关键词，品牌如支付宝、饿了么（从服务使用），使用场景为家庭生活（孩子开学、父母退休）、简单烹饪和公益参与（蚂蚁庄园、捐步），同时关注金融福利（独生子女补贴、五险一金）和实用家居（卫生间装修）。  
不喜欢：基于未点击商品，反感奢华家居设计（如泡澡卫生间、地台沙发）、便利食品强调（如不用和面鸡蛋饼）、知识性内容（如五险一金知识）、再利用食品（如饺子皮）以及债务相关主题（如车贷），与点击的实用、家庭导向相反。",3,complete
356408,"### 用户兴趣偏好总结（场景3）
喜欢：该用户偏好动物主题的幽默视频内容，特别是涉及狗、猫和大熊猫的互动场景（如撒娇、生气、保护等），关键词包括""狗""、""猫""、""大熊猫""、""保护""、""艺术""和""在线""；品牌方面对公益类项目如蚂蚁森林感兴趣；使用场景主要为家庭娱乐和在线观看，结合交易行为中的家居用品（如瑜伽垫、收纳架）和服务使用中的公益环保（如蚂蚁森林），体现对日常生活幽默和公益主题的偏好。

不喜欢：基于未点击商品（如温馨可爱或家庭冲突描述），用户不喜欢单纯可爱、无冲突的动物行为内容（如""可可爱""、""开心""、""爱的""）或厨房偷吃等家庭琐事场景，与点击行为中幽默冲突主题形成反差。",3,complete
1776202,"喜欢：该用户偏好美食品类（如番茄鸡蛋面、葱烧豆腐）、时尚穿搭（如清冷套装、小裙子）、生活技巧（健身、女神蹲）和娱乐内容（钓鱼、篮球），关键词包括香香、头发、烧豆腐、女神等，品牌偏好饿了么（外卖）和哈啰出行（出行），使用场景涉及外卖点餐、出行打车、家庭烹饪和日常休闲。

不喜欢：该用户不喜欢负面新闻和社会问题内容，如交通事故、隐私侵犯，基于未点击商品的特征如电动车事故和偷拍事件，与点击行为中正面生活化内容相反。",3,complete
771222,"### 用户兴趣偏好总结（场景3）
喜欢：用户偏好动物趣事（如猫咪、大熊猫、小鳄鱼等幽默内容）和社保信息（如社会保障、养老金等），在品类上倾向餐饮小吃（如泰式菠萝炒饭、葱油拌面等速食食品）、出行服务（如打车券、滴滴出行等）及零食饮品（如虾条、阿萨姆奶茶等）；关键词包括低碳出行、消费券、电影票、公益；品牌涉及支付宝、711、怡宝、appstore；使用场景覆盖娱乐（如看电影、玩游戏）、日常消费（如外卖订单、扫码支付）、出行（如打车、地铁）及理财（如余额宝、花呗）。

不喜欢：用户不喜欢负面或误解主题的内容（如猫咪行为误解、日常琐事），具体表现为对类似动物主题但负面（如被误解的猫咪行为）或无聊日常（如吃席、锦鲤游泳）的内容缺乏兴趣。",3,complete
800055,"喜欢：该用户偏好宠物猫品类，关键词包括猫、猫咪、宠物（如点击商品标题中的高频词），品牌涉及支付宝、淘宝、抖音（基于服务使用和交易行为中的高频实体），使用场景为休闲娱乐、在线视频观看和互动游戏（从点击商品标题和服务使用实体如""看直播""、""互动小游戏""推断）。

不喜欢：该用户不喜欢教育性宠物内容（如改习惯主题）或非猫动物主题（如大熊猫），基于未点击商品中与点击行为相反的严肃、非趣味特征（点击商品多为幽默情感性猫内容，未点击商品则涉及教育或非猫动物）。",3,complete
806939,"喜欢：用户偏好宠物相关的趣味内容，特别是猫咪和狗狗的互动故事和行为描述（如撸猫、宠物认主），偏好品类为宠物娱乐，关键词包括猫咪和狗狗（基于点击商品标题和实体词），品牌未直接体现（交易和服务数据涉及支付宝、微信等，但点击内容无特定品牌），使用场景为休闲娱乐浏览（服务使用如蚂蚁庄园游戏玩乐支持此场景）。

不喜欢：用户不喜欢严肃或教育性的宠物内容，如未点击商品""被误解的猫咪行为""所示，该内容特征为知识性主题（与点击的趣味故事相反），表明对非娱乐性宠物话题的回避。",3,complete
1048690,"喜欢：用户偏好食品品类，特别是家常食谱如红烧鱼、葱爆鸡蛋、面条新吃法、蔬菜馒头和豆腐新吃法，关键词包括""简单""、""好吃""、""下饭""、""女朋友""和""新吃法""，品牌偏好支付宝、饿了么和微信邮付（微邮付），使用场景涉及家庭烹饪、外卖点餐（如饿了么平台）和休闲娱乐（如芭芭农场种树养小鸡）。

不喜欢：基于未点击商品，用户不喜欢强调无油无水烹饪的红烧肉，与点击行为中偏好简单家常、油炸或爆炒食谱的特征相反。",3,complete
1394535,"喜欢：用户偏好食品烹饪类内容，特别是肉类菜肴（如鸡、鱼、牛肉、猪蹄）的家常做法，关键词包括""好吃""、""简单""、""鲜嫩""和""家常""，品牌涉及支付宝服务（如余额宝、花呗）和康师傅，使用场景为家庭日常烹饪、理财管理（如余额宝）和公益参与（如芭芭农场）。

不喜欢：用户不喜欢蔬菜类菜肴，如合菜，与点击行为中偏好肉类菜肴的特征相反。",3,complete
1633532,"喜欢：偏好宠物相关品类（尤其是狗和猫的情感故事），关键词包括撸猫、狗狗、猫咪、孩子、奶奶、厨房，使用场景集中于家庭生活互动和幽默娱乐内容，如宠物养育、日常温馨时刻；品牌方面，点击行为未涉及特定品牌，但交易数据中显示对抖音电商、顺丰速运等有使用倾向。

不喜欢：基于未点击商品，反感宠物负面行为（如狗太聪明或猫问题）、误解内容（如对猫咪的误解）、严肃话题（如独生子女补贴、旅游事故），关键词包括母猫、聪明、补贴、旅游景区，使用场景偏向问题解决或负面事件描述。",3,complete
115312,"喜欢：用户偏好家居改造和空间优化（如小卧室设计、卫生间改衣帽间）、健康与食品安全知识（如凉皮变质、胎儿健康）、动物趣事（如海獭、猫咪视频），以及茶叶品类（如红茶、铁观音）；关键词涉及小空间实用、健康咨询、动物观察；品牌包括supor（厨具）、荣耀honor（电子）；使用场景聚焦日常生活改善、健康维护及公益参与（如蚂蚁森林）。

不喜欢：用户不喜欢与点击行为相反的无教育意义或娱乐性内容，如水果调侃（如西瓜主题），因其缺乏实用家居、健康或动物相关特征。",3,complete
272435,"喜欢：用户偏好宠物（如狗）、食品（水果、坚果、早餐饼）、家居生活技巧（空间优化、收纳）、教育内容（退役军人故事、爸爸教会）和社会事件（高铁熊孩子）；关键词包括狗、水果、空间、收纳、小孩子；品牌涉及教育类（如英尚国际）、化妆品（如巧茜妮）和服装（如romon）；使用场景涵盖家庭日常、旅行和学习环境。

不喜欢：用户不喜欢医疗相关主题，如医院场景或声音事件，基于未点击行为与点击偏好相反。",3,complete
562069,"喜欢：用户偏好宠物（尤其是猫和大熊猫）相关内容和产品，偏好品类包括动物趣事视频、宠物护理用品（如鱼油、冬季养猫用品）和健康生活主题；关键词如猫咪、大熊猫、健康、搞笑、游泳；品牌如优衣库（从搜索关键词）和adidas/阿迪达斯（从交易行为）；使用场景为休闲娱乐（如观看搞笑动物视频）和日常宠物护理（如健康习惯培养）。

不喜欢：基于未点击商品，用户不喜欢负面或烦恼主题的动物故事（如""短jio的烦恼""或""土豆把柚子当成出气筒""），以及非偏好动物（如锦鲤）或无关主题（如舞狮），与点击行为中正面、有趣的动物内容相反。",3,complete
968851,"喜欢：偏好家庭育儿、室内设计品类，关键词包括兄弟、婴儿、设计、卫生间、卧室、爸爸，品牌涉及华联、曼文食品、支付宝，使用场景为家庭生活互动、育儿教育、家居装修、公益服务（如捐步、种树）、快递物流（如菜鸟裹裹）和健康管理（如核酸检测）。
不喜欢：基于未点击商品特征，不喜欢食品新吃法，具体表现为皮蛋相关主题，与点击行为中家庭育儿和设计主题相反。",3,complete
1637387,"喜欢：用户偏好汽车安全知识（如按键、标识使用）、家居设计（特别是厨房、卧室和卫生间的现代风格，强调颜值和2023年流行趋势）、事故案例（如闯红灯、车祸）以及美食烹饪（如素菜、红烧肉）；偏好品类包括汽车、家居装修、事故教育和美食；关键词有设计、颜值、2023年、轿车、事故、厨房、卧室；使用场景涉及驾驶安全、家居改造、事故预防和家庭烹饪；品牌无直接点击数据体现，但交易行为中涉及飞利浦、中盐等生活品牌。

不喜欢：用户不喜欢客厅空间优化相关的内容，基于未点击商品的特征（空间、卧室、客厅）与点击行为（偏好卧室设计但未点击客厅主题）相反。",3,complete
1867022,"喜欢：用户偏好动物娱乐品类（如狗、猫、大熊猫相关视频），关键词包括搞笑、技术、艺术、抽搐和驾车技巧；品牌涉及支付宝（如蚂蚁森林公益）和抖音；使用场景为在线娱乐观看、生活学习技巧和公益参与，基于点击行为如搞笑动物视频（狗配音、小鳄鱼散步）、生活技巧（驾车调头、抽搐解释）和公益项目（蚂蚁森林大熊猫vlog）。

不喜欢：用户不喜欢平静自然景观内容，如大熊猫和小鸟互动或户外冒险主题，与点击的搞笑动态内容相反，基于未点击商品如大熊猫交朋友和武功山日出。",3,complete
305523,"### 用户兴趣偏好总结（场景3）
喜欢：用户偏好食品品类（如糕点、面条、酱料和水果相关），关键词包括美食、简单好吃、下饭、羡慕、知识、大学生、中国、神奇，品牌如桂格、同仁堂、太太乐、陈克明、白象，使用场景涉及日常饮食（早餐、下午茶）、家庭烹饪、休闲娱乐（如奇闻轶事视频）和知识学习（如五险一金）。  
不喜欢：用户不喜欢交通违规和执法新闻类内容，如电动车相关事件。",3,complete
1874946,"喜欢：该用户偏好动物趣事品类，特别是猫咪、狗和大熊猫的幽默视频内容；关键词包括宠物互动（如""猫咪""、""狗""、""大熊猫""）、生活趣闻（如""网友""、""体验""）；品牌方面，常使用支付宝（如服务使用中的""支付宝""、""蚂蚁庄园""）和饿了么（如交易中的""饿了么""、服务使用中的""外卖点餐""）；使用场景为休闲娱乐，如通过移动应用观看短视频、参与公益服务（如""蚂蚁森林能量""、""公益捐步""）和日常消费（如""外卖平台""）。

不喜欢：基于未点击商品""小猫咪看清楚再拉呗！""的实体词""小猫""，用户不喜欢小猫主题的内容，与点击行为中偏好成年猫咪或多样动物幽默趣事的特征相反。",3,complete
1418487,"喜欢：该用户偏好家居设计内容，特别是小空间优化和实用功能，涉及品类如卧室、卫生间、厨房装修，关键词包括收纳、设计、实用、小卧室，使用场景为家庭生活空间改造（如增加衣帽间、泡澡功能），品牌偏好不明显但服务使用中涉及支付宝、饿了么等平台。
不喜欢：基于未点击商品，用户不喜欢客厅改造、省钱装修策略或涉及邻居互动的家居内容（如空间浪费或低成本薅砖）。",3,complete
1000623,"喜欢：用户偏好宠物（尤其是猫和狗）的幽默互动娱乐视频内容，关键词包括猫咪、狗、主人、小奶猫、洗澡和颜值；偏好品类为在线短视频娱乐；品牌上从交易行为看可能涉及兰蔻（化妆品如粉水、爽肤水）和adidas/耐克（运动鞋服）；使用场景为休闲在线观看和家庭宠物互动娱乐。

不喜欢：基于未点击商品中与点击行为相反的特征，用户不喜欢教育性或负面标题的宠物内容，如解释猫咪行为或涉及特定时间（如早起）和道具（如手套）的场景，与喜欢的幽默轻松风格相悖。",3,complete
1643324,"### 用户兴趣偏好总结（场景3）
喜欢：该用户偏好旅游景点、历史遗迹和自然奇观等品类，关键词包括中国、悬崖、寺庙、千年、最美、救援、钓鱼和苗族等，品牌无明显突出（数据中未体现特定品牌偏好），使用场景为休闲娱乐、信息浏览和文化学习。  
不喜欢：该用户不喜欢悲惨车祸和极端危险事件等负面内容，基于未点击商品中与点击行为相反的特征（如闯红灯事故和百米铁梯冒险）。  

（字数：148）",3,complete
1608939,"喜欢：用户偏好动物相关的幽默视频内容（如猫、狗、鸽子），关键词包括云南、网友、抬头；品牌涉及星巴克、麦当劳（从交易行为）；使用场景为休闲娱乐浏览、支付宝服务（如蚂蚁森林能量、扫码红包）、通勤支付（地铁、公交）和公益参与（如捐步、种树）。
不喜欢：基于未点击商品，用户不喜欢实用警告内容（如汽车按键）、健身建议（如在家拎油健身）和医疗相关话题（如医院扎针）。",3,complete
791996,"喜欢：用户偏好食品品类如家常菜、下饭菜和早餐（如早餐饼、包菜炒鸡蛋、酸辣汤），关键词包括简单、美味、营养、下饭和健康；品牌方面无明显突出，但交易行为涉及维达（纸巾）等日用品；使用场景主要为家庭烹饪、健康饮食管理（如苹果小米粥减脂餐）及公共服务（如五险一金知识查询），同时服务使用显示对公益和理财（如芭芭农场、余额宝）的兴趣。

不喜欢：基于未点击商品（如豆腐新吃法和泛化下饭菜标题），用户对豆腐相关菜品或重复性强的家常下饭菜描述（如强调脆嫩好吃、三碗米饭）不感兴趣，反映出对特定食材或内容同质化的回避。",3,complete
1937345,"喜欢：该用户偏好宠物狗相关内容（如狗趣事、边牧），支付宝生活服务（如交社保），以及日常趣事（约会、食物）；关键词包括狗、聪明、支付宝、约会；品牌涉及支付宝、apple；使用场景为家庭娱乐和在线服务。
不喜欢：基于未点击商品，用户不喜欢国际事件（如印度火箭）、烹饪教程（如饺子）、健康饮食（如素菜）和金融产品（如车贷）。",3,complete
1142580,"喜欢：用户偏好娱乐性内容如宠物趣事（狗狗撸猫）、中国地理文化（城市探索、苗族建筑群）、国际关系新闻（中美王牌话题）和创新实用发明（大学生创意），关键词包括宠物、中国、城市、苗族、美国、王牌、大学生、发明；品牌无特定偏好；使用场景为在线休闲信息浏览。

不喜欢：用户对金融相关主题（如车贷图案）和旅游事故报道（如游玩落水事件）不感兴趣，基于未点击商品中与点击行为相反的金融和事故特征。",3,complete
496371,"喜欢：用户偏好高颜值实用的卧室装饰和美味素菜，涉及家居和食品品类；关键词包括颜值、好吃的、现金、红包；品牌如支付宝（芭芭农场、余额宝）和喜洋洋果蔬超市；使用场景为家庭生活美化、健康饮食、理财及公益游戏（如种果树、领红包）。
不喜欢：用户对卫生间装饰不感兴趣，基于未点击商品与点击行为相反的特征（如实体词""卫生间"" vs ""卧室""）。",3,complete
53065,"喜欢：该用户偏好交通与安全相关的品类，如电动车、驾驶辅助工具和事故预防设备；关键词集中于事故、闯红灯、正确操作、停车技巧和司机；品牌涉及劳斯莱斯等高端汽车；使用场景主要为城市驾驶、日常通勤和安全学习，体现对实用驾驶指南和风险警示的兴趣。

不喜欢：基于未点击商品特征，用户不喜欢强调家庭情感或基础教学的停车内容，如涉及""妈妈""或""停车位""的温馨指导，与点击行为中严肃事故导向相反。",3,complete
1117271,"喜欢：偏好品类包括食品（如面条、炒菜、猪肚）、户外活动（如爬山）和服装（如清冷套装）；关键词涉及面条、炒菜、爬山、安全感；品牌如壹米、赛羽；使用场景为日常生活烹饪、个人户外探险和服装搭配。

不喜欢：基于未点击商品特征，不喜欢群体事件（如女生同骑电动车）、交通相关（如电动车、交警）和负面新闻内容。",3,complete
1996696,"喜欢：该用户偏好中国旅游景点，特别是名山、古镇和生态环保目的地，关键词包括""最美""、""历史""、""零差评""和""排行榜""，使用场景涉及休闲探索、家庭出游和文化体验，如四川、贵州等地的温和景点；从交易行为看，相关品类包括旅游服饰（如优衣库女袜）和日常用品（如碧浪洗衣液），但兴趣核心聚焦于非挑战性旅游内容。

不喜欢：用户不喜欢刺激和冒险性的景点，如涉及""挑战""的旅游活动，这与点击行为中温和、美丽景点特征相反。",3,complete
1637687,"喜欢：用户偏好驾驶技巧和安全知识品类，关键词包括停车、倒车入库、消防、救援、动物趣事（如狗、小鳄鱼），品牌涉及支付宝、花呗相关服务（基于交易和服务实体），使用场景主要为驾驶学习（如科目二练习）和日常安全知识获取（如交通事件观看）。

不喜欢：用户不喜欢育儿话题和城市日常生活琐事内容，如孩子教育（烫头发、妈妈相关）和街头趣事（行道树、抢救事件），这些与点击的驾驶和安全主题相反。",3,complete
707279,"喜欢：用户偏好家居装修品类（如卧室设计、厨房改造、收纳方案），关键词包括设计、简单、好吃、运动，品牌涉及全品、deli、channel（香奈儿）等，使用场景为家庭日常（如卧室优化、烹饪食谱）和健康生活（如运动技巧、美食制作）。

不喜欢：基于未点击商品，用户不喜欢单身生活主题（如单身公寓）和金融补贴内容（如独生子女补贴），与点击行为中家庭导向和实用生活技巧相反。",3,complete
1862699,"喜欢：用户偏好新闻与社会事件（如旅游景点、车祸救援、生活趣事）、公益服务（如蚂蚁庄园收能量、种树养小鸡）、中国主题内容（如国内景点、城市服务），关键词包括中国、景点、游玩、出行、城市服务，品牌涉及支付宝、蚂蚁庄园、蚂蚁森林、余额宝、哈啰出行，使用场景涵盖日常消费（如便利店购物、水果店）、公益参与（捐步、缴费）、出行交通（单车、公交）及数字服务（健康码、理财）。

不喜欢：用户不喜欢经济波动话题（如降价潮）、负面隐私事件（如偷拍、黑屏）、休闲活动（如钓鱼、大飞机）及技术警告内容（如按键误操作、手机事故），这些特征与点击行为中的正能量事件（如退役军人救援、城市服务）相反。",3,complete
26546,"喜欢：用户偏好食品品类（海鲜、素菜家常菜如捞汁小海鲜、葱烧豆腐）、健康锻炼（女神蹲）、家居设计（卫生间、卧室优化），关键词包括简单、好吃、实用、熬夜，品牌涉及支付宝、美团（从服务使用和交易行为体现），使用场景为家庭烹饪、健康管理及在线支付服务。

不喜欢：用户对慢跑等长时间高强度锻炼不感兴趣，基于未点击商品与点击的健康内容（如女神蹲）特征相反。",3,complete
1935737,"喜欢：偏好汽车维护与驾驶技巧（如停车、空调、油耗优化）、家居装修与设计（如卫生间、客厅、飘窗改造）、生活实用技巧（如降温、刹车安全），关键词包括停车、空调、卫生间设计、新手司机，品牌涉及星巴克、支付宝、饿了么，使用场景涵盖日常通勤（公交、地铁）、家庭生活（泡澡、卧室布局）和休闲娱乐（外卖点餐、电影搜索）。

不喜欢：基于未点击行为，不喜欢交通违规主题（如红灯扣分）、过度简化的生活技巧（如一秒学会停车）、特定家居装修建议（如卫生间落地窗或玻璃隔断），以及知识类内容（如五险一金或打工人知识）。",3,complete
1446651,"喜欢：该用户偏好家常美食烹饪品类，如虾、牛肉、鸡蛋饼和素菜，关键词包括""简单""、""易做""、""好吃""、""孩子喜欢""和""女朋友喜欢""，常涉及品牌如蒙牛（牛奶相关）和支付宝（支付场景），使用场景主要为家庭早餐准备、日常简便烹饪和宠物猫狗趣味互动。

不喜欢：基于未点击商品特征，用户不喜欢理财投资内容（如利息计算和补贴话题）、家居装修建议（如卧室改造），以及过度正面或煽情的宠物主题（如""养只狗真好""），这些与点击的实用食谱和趣味故事形成反差。",3,complete
287675,"喜欢：偏好旅游景点、健康保险和生活实用指南品类，关键词如旅游攻略、五险一金和健康金，品牌包括江中、swisse和同仁堂，使用场景涉及冒险旅行、健康管理和理财规划。  
不喜欢：交通执法新闻和社会事件内容，如电动车相关话题。",3,complete
621091,"喜欢：用户偏好家常饮食品类（如素菜、番茄鸡蛋面、爆炒腰花等健康下饭菜），关键词包括省钱、优惠、社保和家庭生活，品牌涉及支付宝、微信和海天，使用场景涵盖日常支付（如花呗、手机充值）、公益服务（如芭芭农场、蚂蚁庄园）和健康管理（如查询社保、减肥建议）。

不喜欢：用户对水炒鸡蛋这种烹饪方式不感兴趣，与点击行为中偏好的鸡蛋创新做法（如鸡蛋新吃法、青椒煎蛋）相反。",3,complete
111196,"### 用户兴趣偏好总结（场景3）
喜欢：偏好宠物和动物趣事品类，关键词包括狗、猫、搞笑日常和救援故事（如“狗子”“猫咪”“消防员”），品牌倾向食品饮料类如可口可乐、康师傅（基于交易行为），使用场景主要为休闲娱乐时通过外卖平台（如饿了么）或公益项目（如蚂蚁庄园）观看幽默动物视频。

不喜欢：基于未点击商品与点击行为相反特征，不喜欢边境牧羊犬特定内容或情感化叙述（如“边牧”实体词），表现为对严肃或浪漫化宠物主题缺乏兴趣。",3,complete
814622,"喜欢：该用户偏好动物趣事、灾难事件和幽默生活片段，偏好品类包括宠物（如狗、老鼠）、意外事故（如洪水、车祸），关键词如网友、狗、洪水、孙悟空，品牌涉及支付宝服务（如芭芭农场、蚂蚁庄园），使用场景为在线娱乐消费和新闻浏览。

不喜欢：该用户不喜欢教育性内容、安全提示和平淡动物故事，关键词如小狗、教练、按键，与点击的戏剧性内容相反，偏好品类包括教育（如练车事故）、安全知识（如车上按键），使用场景为日常提示和低冲突事件。",3,complete
1603358,"喜欢：该用户偏好宠物相关品类（尤其是猫和狗），关键词包括小奶猫、狗狗、洗澡、颜值、幽默情感，品牌涉及""我纯阳之体开局娶画皮新娘""等娱乐内容品牌，使用场景为在线休闲观看短视频和幽默动物内容，体现对可爱宠物视频的强烈兴趣。

不喜欢：基于未点击行为，用户不喜欢家庭改善或非宠物动物品类（如大熊猫、锦鲤），关键词如独生子女补贴、锦鲤，使用场景为实用生活信息或补贴主题，与点击行为形成鲜明对比。",3,complete
1407940,"### 用户兴趣偏好总结（场景3）
喜欢：该用户偏好食品品类（如早餐饼、发面小饼、鸡蛋饼和苦瓜），关键词包括萌娃、狗、散步、约会、爬山和安全感，品牌无显著偏好（点击数据中未体现），使用场景集中于家庭早餐、育儿活动、休闲娱乐和户外探险。  
不喜欢：用户不喜欢植物相关服务（如猪笼草）、特定健康问题（如耳朵进水）以及城市街头事件（如行道树抢救），这些特征与点击行为中的个人化、家庭化内容相反。",3,complete
988563,"喜欢：用户偏好娱乐性强、轻松幽默的短视频内容，偏好品类包括动物趣事（如宠物、黄鳝、狗、猫）、骑行相关（如共享单车变道）、社会趣闻（如吃瓜、偷拍事件），关键词如宠物、骑行、动物、趣事，品牌涉及支付宝（从服务使用实体如""支付宝运动""）和哈啰出行（从交易行为实体如""哈啰单车""），使用场景主要为休闲娱乐观看短视频，如日常趣事分享和动物观察。

不喜欢：用户不喜欢严肃或负面交通事件内容，如群体违规行为（基于未点击商品""四女生同骑一辆电动车""的实体词""电动车,女生,南昌交警""），这与点击的幽默骑行趣事相反。",3,complete
249142,"### 用户兴趣偏好总结（场景3）
喜欢：该用户偏好家常菜和下饭菜品类（如早餐饼、辣椒炒肉、懒人焖饭），关键词集中于孩子、营养、简单和懒人，品牌涉及星巴克、可口可乐和元气森林（基于交易行为），使用场景主要为家庭早餐准备、快速烹饪及孩子营养餐点。  
不喜欢：基于未点击商品特征（与点击行为相反），用户不喜欢清淡菜肴（如白灼空心菜）、油炸食品（如炸香菜丸子）及复杂烹饪步骤（如包饺子教程）。",3,complete
137437,"### 用户兴趣偏好总结（场景3）
喜欢：用户偏好宠物动物相关搞笑视频（如猫、狗、熊猫），关键词包括游泳、吵架、搞笑；偏好品类涵盖食品饮料（茶饮、甜品）、电子产品；品牌如麦当劳、喜茶、农夫山泉；使用场景为休闲娱乐和日常购物消费。

不喜欢：基于未点击行为，用户不喜欢医疗或严肃主题内容，如医院相关场景。",3,complete
1326156,"### 用户兴趣偏好总结（场景3）
喜欢：偏好品类包括娱乐视频（如惊险事件、动物趣事和社会新闻），关键词如""惊险""、""网友""、""电动车""、""消防员""和""动物""（狗、鳄鱼），品牌涉及宏伟|BRAND和支付宝服务（如芭芭农场、公益），使用场景覆盖日常消费（超市、餐饮小吃）和在线服务（理财、租赁、交通出行）。  
不喜欢：基于未点击商品特征，不喜欢平淡或教育性交通新闻后续内容，如涉及电动车违规和交警执法的主题。",3,complete
224544,"喜欢：用户偏好自然科普、动物趣闻和健康知识类内容，偏好品类包括动物（如清道夫、宠物鼠）、植物（如荔枝、猪笼草）和科学实验（如营养分析、抽搐原因）；关键词涉及""熬夜""、""海洋""、""沙漠""等；品牌偏好支付宝（如蚂蚁庄园、支付宝运动）和饿了么（外卖点餐）；使用场景主要为娱乐学习（视频、互动小游戏）、健康管理（运动、答答星球）和公益理财（公益捐步、理财服务）。

不喜欢：基于未点击商品特征，用户不喜欢交通违规或社会新闻类内容，如电动车相关事件和法规话题（如南昌交警），这与点击行为中偏好趣味性、知识性主题相反。",3,complete
883699,"喜欢：该用户偏好宠物相关品类（尤其是猫咪和狗），关键词包括训猫技巧、动物趣事、食物新吃法（如豆皮、香煎猪扒）及日常生活幽默；品牌无明显倾向，但交易行为涉及安踏、小米等；使用场景集中于家庭娱乐、宠物互动和日常烹饪，如观看动物视频、学习宠物饲养技巧及尝试简单食谱。

不喜欢：基于未点击商品，用户不喜欢涉及家庭空间限制（如小户型生活描述）或宠物行为的负面、尴尬内容（如宠物卫生问题或丢脸场景），与点击行为中积极、幽默的宠物主题形成对比。",3,complete
270167,"喜欢：用户偏好运动品类（如护膝、运动袜、篮球背心）、户外用品（如防晒伞、遮阳太阳帽）和健康产品（如钙尔奇维d钙片、眼贴），关键词包括运动、健身和防晒，品牌如蕉下和桂格，使用场景集中于运动健身（如跑步、篮球）和户外防晒活动。

不喜欢：用户不喜欢与技术警告或汽车维护相关的内容，表现为未点击涉及按键和未知风险的商品，与点击行为中偏好情感日常事件的特征相反。",3,complete
624583,"喜欢：用户偏好食品品类，特别是家常菜、早餐和零食（如早餐饼、番茄鸡蛋面、红烧肉），关键词强调""简单易做""、""好吃""、""孩子喜欢""，品牌涉及小熊bear、鲁花集团、Apple等（基于交易行为），使用场景集中在家庭早餐、日常烹饪和聚餐（如""家里来客人""场景）。

不喜欢：用户不喜欢未点击商品中与点击行为相反的特征，如重复的食品标题变体（如特定番茄鸡蛋面描述）和饺子皮相关主题（暗示对面食或浪费主题不感兴趣），以及非烹饪内容（如骑车看手机事件）。",3,complete
1711947,"喜欢：用户偏好家居设计品类（如卧室改造、收纳解决方案），关键词包括设计、卧室、收纳、猫咪、小空间、榻榻米等，品牌涉及无印良品、欧莱雅（基于交易行为），使用场景主要为小户型优化、宠物护理（尤其是猫）和日常生活实用改造。

不喜欢：用户不喜欢无厘头或搞笑风格的宠物内容（如基于未点击商品的幽默猫咪故事），与点击行为中偏好的实用温馨设计相反。",3,complete
1890267,"喜欢：该用户偏好家常菜烹饪，特别是早餐和简单食谱，偏好品类包括早餐食品（如发面饼、烧豆腐）和素菜（如爆炒腰花），关键词如小孩子、懒人、吃法，品牌如FamilyMart，使用场景为家庭日常饮食准备，强调便捷和健康。

不喜欢：基于未点击行为，用户不喜欢涉及空气炸锅的食品（如玉米烙），反映出对现代厨房电器烹饪方式的排斥，与点击的传统煮炒方法相反。",3,complete
62026,"喜欢：该用户偏好宠物搞笑内容（如狗和猫的趣事）、社会趣闻（如钓鱼事件或锦鲤出游）和生活知识（如五险一金），关键词包括狗、猫、技术、艺术、钓鱼和知识；品牌方面，支付宝相关服务（如芭芭农场和支付宝运动）被频繁使用；使用场景主要为休闲娱乐（观看幽默视频）和公益参与（从服务使用中的公益慈善和捐步体现）。

不喜欢：用户不喜欢负面或尴尬的动物故事，如狗丢脸的内容，基于未点击商品中与点击行为相反的特征（点击内容多为积极搞笑，未点击则涉及狗尴尬或负面形象）。",3,complete
1716340,"喜欢：用户偏好食品类内容（如早餐饼、凉拌茄子）和健康健身类（简单动作训练如凳子练习），关键词包括""简单""、""好吃不胖""和""练起来""，品牌涉及生鲜超市（如苏果生活超市、欢乐购生鲜超市），使用场景主要为家庭生活、轻松锻炼及宠物互动（如狗狗视频）。

不喜欢：用户不喜欢高强度、重复性的健身训练内容（如小腹训练），与点击的轻松动作行为相反。",3,complete
285050,"喜欢：用户偏好科普知识、健康生活类内容，偏好品类包括动植物趣闻、儿童健康及科学现象（如点击的""清道夫""、""宝宝""、""龙葵""等实体）；关键词涉及宝宝、虫虫、沙漠、科学；品牌偏好如adidas/阿迪达斯、华为（基于交易行为）；使用场景聚焦日常在线服务如支付宝公益、运动（搜索关键词""运动""、服务实体""支付宝运动""）。

不喜欢：用户不喜欢负面或敏感主题，如酷刑和胎儿医学细节（基于未点击商品实体""美丽""、""脐带""、""胎儿""，与点击的积极科普内容相反）。",3,complete
56789,"### 用户兴趣偏好总结（场景3）
喜欢：用户偏好宠物（猫狗）相关搞笑视频、社会新闻事件及美食内容；关键词集中于健康（如健康码、健康宝）、出行（如乘车码、地铁）、政务服务（如国家政务服务）；品牌涉及支付宝生态（如蚂蚁庄园、小荷包）及交易中的怡和、mille等；使用场景包括移动支付（支付宝）、出行服务（公交、地铁）、健康管理（医保）和休闲娱乐（视频观看）。  
不喜欢：用户不喜欢乖巧行为描述、家庭日常琐事及食物偷吃主题，如未点击的男孩乖巧和饺子偷吃内容，与点击的活泼、意外事件特征相反。  

（字数：198）",3,complete
1071771,"### 用户兴趣偏好总结（场景3）
喜欢：偏好冒险、动物和自然奇观类内容，关键词包括危险、锦鲤、消防和事故（以趣味或教育角度呈现），品牌涉及圣堂|BRAND、华为和荣耀honor，使用场景主要为移动端公益互动游戏（如芭芭农场、蚂蚁庄园）和在线娱乐学习。  
不喜欢：基于未点击行为，不喜欢政治话题（如中美关系）和日常交通事故内容（如电动车违规），关键词包括美国、中国王牌和泥人，与点击行为中积极冒险主题相反。  

（字数：198）",3,complete
489172,"喜欢：偏好宠物猫品类（如小奶猫、矮脚猫），关键词包括猫咪、设计、爱上和搞笑，品牌涉及支付宝生态（如芭芭农场、蚂蚁庄园），使用场景为家庭娱乐、生活设计和公益参与；具体喜欢猫行为视频（如洗澡、叫声、认主）、生活技巧（客厅设计、厨房装修）以及搞笑动物内容。

不喜欢：基于未点击商品，不喜欢大熊猫主题内容（如舞狮大熊猫）、猫咪习惯教育（如咬人改掉）以及阳台多功能设计，与点击偏好中宠物猫和生活设计形成相反特征。",3,complete
1628987,"喜欢：偏好宠物狗、旅游景点和幽默家庭内容，关键词包括狗、游戏、旅游、工资（如点击标题中的""狗子""、""武功山""、""工资""），品牌涉及餐饮（如永旺、hot maxx）和日用品（如强生、蓝月亮），使用场景为在线娱乐观看和家庭生活分享（如点击商品中的宠物互动、旅游视频）。

不喜欢：基于未点击商品""主人早起看见狗狗在撸猫""，用户不喜欢平静的宠物互动如撸猫和早起场景（实体词""撸猫""、""早起""），与点击的冒险幽默内容相反。",3,complete
1794762,"喜欢：用户偏好食品和饮料品类，尤其家常食谱和新吃法（如面条、土豆、豆腐、大虾的创意烹饪）；关键词包括""简单""、""好吃""、""孩子喜欢""、""早餐""、""下饭""和""酥脆""；品牌无明显偏好；使用场景集中于家庭烹饪、为孩子准备餐食及日常健康饮食（如减脂餐）。

不喜欢：基于未点击""茄子新吃法""，用户不喜欢茄子相关的特定吃法。",3,complete
1431083,"### 用户兴趣偏好总结（场景3）

喜欢：该用户偏好新闻、社会事件和搞笑视频品类，关键词包括救援（如托举、自救姿势）、旅行禁区、国际事件（如日本核污水）和动物行为（如护食），品牌如支付宝和阿里巴巴（基于搜索和交易高频出现），使用场景涉及在线新闻浏览、娱乐消费和旅行冒险内容。

不喜欢：基于未点击商品特征，用户不喜欢轻松动物趣事（如锦鲤游泳）和日常交通事件（如电动车事故）内容，与点击行为中严肃或冒险主题相反。",3,complete
1341182,"喜欢：该用户偏好素食和家常菜品类，关键词包括豆皮、排骨焖饭、素菜、孩子和家庭，品牌如familymart，使用场景为家庭用餐和孩子饮食，强调下饭、简单烹饪和全家共享。

不喜欢：基于未点击行为，用户不喜欢海鲜相关内容和针对厨房小白的简单烹饪方法，如盐焗海鲜和入门级食谱。",3,complete
1906850,"喜欢：用户偏好家居设计品类（如卧室、卫生间、客厅装修），关键词包括设计、装修、收纳、飘窗、榻榻米、利息和车贷，品牌涉及星巴克、波司登、支付宝和饿了么，使用场景涵盖家庭空间优化、理财管理和健康生活（如妊娠关注）。
不喜欢：用户对厨房设计、鞋柜安置等入户相关主题不感兴趣，表现为未点击涉及鞋柜和厨房的装修内容。",3,complete
620061,"喜欢：用户偏好宠物（狗、猫）相关的幽默搞笑视频和家庭生活趣事，如萌娃、妈妈互动、省钱故事；关键词包括萌娃、狗、猫咪、省钱、设计；品牌涉及餐饮外卖（饿了么、淘票票电影）和公益平台（蚂蚁庄园）；使用场景为娱乐观看短视频、参与公益捐赠（慈善基金会）、日常消费（外卖点餐、超市购物）。

不喜欢：用户不喜欢单调或重复的宠物主题内容，如未点击的""小猫咪""简单事件所示，与点击行为中多元幽默特征相反。",3,complete
2008876,"喜欢：该用户偏好家居收纳和空间优化品类（如厨房设计和洗漱区储物），关键词包括收纳、细节、空间和健康医疗（如社保卡）；品牌涉及支付宝、美团等数字服务；使用场景为家庭生活改善（如优化储物空间）和健康咨询（如育儿安全警示）。

不喜欢：基于未点击商品，用户不喜欢入口玄关设计或餐厅隔断相关品类（如鞋柜解决方案），特征如鞋柜、隔断和餐饮饭店布局。",3,complete
62713,"### 用户兴趣偏好总结（场景3）
喜欢：用户偏好动物主题内容（尤其大熊猫和狗）、幽默搞笑事件、社会救援故事及亲子互动场景，关键词包括大熊猫、狗、网友、消防、救援，使用场景为在线休闲娱乐和公益参与（如公益捐步、蚂蚁庄园），偏好品类涵盖搞笑视频和日常生活趣事，品牌无显著偏好但服务涉及支付宝、饿了么等平台。

不喜欢：用户不喜欢涉及奶爸主题或异国大熊猫的严肃内容（如旅俄熊猫故事），与点击行为中轻松搞笑、本土化动物主题相反。",3,complete
1948460,"喜欢：用户偏好旅游品类（尤其中国景点如危险景点、世外桃源）、健康健身（如甩脂肪动作、营养饮食）、宠物动物趣事（如猫咪、狗狗搞笑互动）和搞笑娱乐内容；关键词集中于运动、健康、动物和中国相关；品牌偏好支付宝、步步挣和芭芭农场；使用场景涉及运动健身（如走路、健身）、在线支付（如支付宝小程序、转账）和公益参与（如种树、捐步）。

不喜欢：用户不喜欢国际移民负面话题（如美国唐人街华人离开）、经济降价新闻（如新一轮降价潮），以及某些宠物内容（如""好玩的狗""标题），这些与点击行为中积极的中国主题、健康娱乐形成反差。",3,complete
1762223,"喜欢：用户偏好娱乐搞笑和动物相关视频内容，品类包括搞笑事故、动物行为及城市探索；关键词如狗、实验、骑车、热闹、城市、高个子、清冷套装；品牌无明显偏好；使用场景为休闲时间移动端浏览轻松内容。
不喜欢：基于未点击商品特征，用户不喜欢涉及育儿日常琐事或温馨动物互动的真实生活内容，如带娃骑车摔倒或狗狗撸猫场景。",3,complete
671001,"### 用户兴趣偏好总结（场景3）

喜欢：偏好家居设计品类，特别是小卧室、卫生间、阳台的创新改造与生活技巧，关键词包括设计、经验、空间、改造和小户型；品牌无明显突出（交易中涉及零食屋、茶百道等，但点击内容未体现品牌偏好）；使用场景集中于家庭空间优化（如卧室、卫生间）及社会趣闻观看（如事件分享）。

不喜欢：基于未点击商品，不喜欢传统家居解决方案，如强调收纳、衣帽间或完美设计的常规内容；关键词包括正确做法、宽敞、收纳；使用场景类似但更标准化（如客厅沙发改造或理想化收纳方案）。",3,complete
573250,"喜欢：用户偏好宠物相关品类（特别是猫和狗），关键词包括猫咪、狗、萌娃、洗澡和颜值，品牌涉及宠物用品如爱肯拿（猫粮），使用场景为休闲娱乐和在线视频观看，交易行为显示对萌宠故事内容的强烈兴趣。

不喜欢：用户不喜欢教育性或知识性的猫咪行为解释内容，基于未点击商品的特征，与点击的趣味性宠物故事形成鲜明对比。",3,complete
893343,"喜欢：该用户偏好家居装修品类（如卧室、阳台设计），关键词包括设计、空间利用、宠物和颜值，品牌无明显突出（从点击数据），使用场景聚焦于家庭生活实用优化和休闲娱乐内容。
不喜欢：用户不喜欢负面事件（如车祸报道）、保险金融话题（如五险一金）以及空间浪费主题，基于未点击商品中与点击行为相反的负面和实用缺失特征。",3,complete
1969849,"喜欢：用户偏好汽车驾驶技巧、交通安全知识和健康运动内容，包括事故预防、正确驾车方法（如内外循环使用）、减肥动作（如甩掉脂肪的动作）；关键词涉及安全、斑马线、动作、抽搐；使用场景主要为驾车学习和家庭锻炼；品牌方面无明显偏好，但服务实体如支付宝运动相关。

不喜欢：用户不喜欢负面惨烈车祸报道，如闯红灯导致的严重事故细节和地域特定事件（如江苏泰州相关）。",3,complete
1924996,"喜欢：用户偏好食品品类（尤其是早餐和家常菜，如早餐饼、豆皮、油豆腐），关键词包括健康饮食（如牛奶鲜汤面、素菜、茶叶蛋）和运动（如改善肥胖动作），品牌涉及familymart（从点击实体词体现），使用场景主要为家庭烹饪、早餐准备和日常健康改善（基于点击商品标题和实体词）。

不喜欢：用户不喜欢泛化的美食描述（如未点击标题中的""鲜香美味""）或工作/财务主题（如未点击实体词中的""五险一金""），这与点击行为中具体的食谱和健康内容形成反差（基于未点击商品与点击行为的相反特征）。",3,complete
652147,"喜欢：该用户偏好食品品类，尤其是家常下饭菜、创新吃法和小吃（如面条、素菜、小笼包、辣椒炒肉）；关键词集中于下饭、简单好吃、新吃法；品牌倾向饿了么、永和豆浆和张记；使用场景主要为家庭用餐、外卖点餐（如带饭意图）和日常理财缴费（如余额宝、转账收款）。

不喜欢：基于未点击商品特征，用户不喜欢传统小吃做法（如韭菜盒子、糖醋茄子）、教育知识内容（如五险一金知识）和实用省钱主题（如装修省钱），这些与点击行为中偏好的创新食品和娱乐性生活内容相反。",3,complete
976940,"喜欢：偏好支付宝生态服务（如芭芭农场、蚂蚁庄园、支付宝运动）、健康产品（如维生素软胶囊、膳食纤维粉）和实用技能（如驾驶技巧），关键词包括支付宝、健康、驾驶、公益，品牌涉及Apple、支付宝相关（如花呗、余额宝），使用场景为日常生活管理、健康维护和技能学习。

不喜欢：基于未点击行为，不喜欢时尚摄影和娱乐内容（如辣妹逆光照），与点击的实用驾驶技巧相反，表现为对光照、辣妹等关键词的回避。",3,complete
9356,"喜欢：该用户偏好新奇事件、生活技巧和交通安全内容，具体包括偏好品类如宠物趣闻（如狗、黄鳝）、实用知识（如停车技巧、装修省钱）和旅游景点（如钱塘江、浙江仙居）；关键词涉及安全、技巧、奇观和实用；品牌偏好如古茗（从搜索关键词推断）；使用场景涵盖户外活动（如爬山、交通出行）和家庭生活（如美食分享、宠物互动）。

不喜欢：基于未点击商品特征与点击行为相反，用户不喜欢旅游景区中的角色扮演和投喂活动（如孙悟空、小朋友投喂），这与用户偏好的真实事件和实用信息形成对比。",3,complete
1006018,"喜欢：该用户偏好宠物相关品类（如狗、猫、大熊猫），关键词包括动物搞笑、家庭互动、幽默视频（如""遛狗""、""拍照""、""大熊猫打架""）；品牌偏好支付宝生态服务（如蚂蚁庄园、花呗）；使用场景主要为休闲娱乐和家庭观看，结合服务使用中的运动、公益和理财活动。

不喜欢：基于未点击商品，不喜欢负面动物行为内容，如狗逃跑或惩罚性场景（如""咬断绳""、""挨揍""），与点击的正面幽默特征相反。",3,complete
1398548,"喜欢：用户偏好娱乐视频品类（如搞笑事件、社会新闻、生活技巧），关键词包括女性、情侣、狗、闯红灯、事故、支付宝；品牌涉及支付宝、小米、奔驰；使用场景涵盖在线观看、日常消费（如停车费、手机费）、交通出行（如驾驶技巧、事故分析）。

不喜欢：用户不喜欢拆迁、高铁建设相关主题，基于未点击商品特征（拆迁、户主、高铁概念），与点击行为中娱乐、事故内容相反。",3,complete
594581,"喜欢：用户偏好家常菜和懒人食谱品类，如早餐饼、红烧肉、土豆美食和排骨焖饭，关键词包括简单、好吃、营养、懒人；品牌涉及空气炸锅等厨具；使用场景聚焦家庭烹饪、早餐准备和阳台家居改造，尤其关注孩子喜爱和高效营养的日常饮食。

不喜欢：基于未点击商品，用户不喜欢南瓜饼品类和强调周末或孩子焦点的排骨焖饭变体，反映出对重复主题或特定家庭语境的反感。",3,complete
189948,"喜欢：该用户偏好食品品类（如素菜、下饭菜、糕点），关键词包括父母、家庭、健康、锻炼，品牌如familymart，使用场景为日常家庭聚餐、健康管理和休闲娱乐。  
不喜欢：该用户不喜欢负面家庭关系话题（如批评妈妈）和枯燥的行政解释内容（如医保卡细节）。",3,complete
386673,"喜欢：用户偏好家常菜和懒人食谱（如鸡蛋饼、豆腐、土豆、素菜），关键词包括懒人、好吃的、猫咪、狗狗、旅行；品牌涉及支付宝（服务使用）和美的（交易行为）；使用场景为家庭日常烹饪、宠物互动（如猫咪、狗狗）及休闲娱乐（如旅行、生活技巧），同时关注公益项目（如种果树、捐步）和理财服务（如余额宝）。

不喜欢：基于未点击商品特征（招待客人菜肴），用户不喜欢与社交场合或正式招待相关的内容（如强调""来客""的菜肴），这与点击行为中个人化、日常化偏好相反。",3,complete
1680969,"### 用户兴趣偏好总结（场景3）
喜欢：用户偏好食品品类中的家常菜食谱和简单烹饪方法，关键词包括""好吃""、""下饭""、""简单""和""家常""，无明显品牌倾向，使用场景集中于家庭日常饮食和孩子用餐，如早餐、素菜新吃法和快速餐食制作。  
不喜欢：用户不喜欢强调家庭共享或高频率消费的素菜内容，或与familymart品牌相关的商品。",3,complete
2000176,"喜欢：该用户偏好宠物相关品类（尤其是猫和狗的可爱、幽默内容），关键词包括猫咪、狗子、瞬间、家庭互动和搞笑趣事；品牌方面，常使用优酷等视频平台；使用场景主要为休闲娱乐、家庭观看和宠物饲养，如观看动物短视频、分享生活趣事。

不喜欢：基于未点击商品""狗子是不会承认拆家的""及其实体词""狗""，用户不喜欢涉及宠物负面行为（如拆家）的内容，这与点击行为中偏好正面、可爱宠物主题的特征相反。",3,complete
948587,"喜欢：该用户偏好观看涉及交通事故、家庭趣事和社会事件的短视频内容，偏好品类包括新闻/娱乐类短视频，关键词如电动车、父母、消防员、高铁和事故，品牌无明显突出（交易行为中涉及apple、华莱士等但不直接关联点击），使用场景为日常移动端娱乐和信息获取，例如通过社交媒体消费真实事件报道。

不喜欢：基于未点击商品特征，用户不喜欢轻松幽默的动物或旅游相关休闲内容，如锦鲤游泳视频，与点击行为中严肃、真实事件主题相反。",3,complete
1094584,"喜欢：用户偏好健康知识品类（如妊娠、器官功能）、生活小贴士关键词（如油条、热水、自制技能）、品牌不明显（交易中涉及格力、生活超市但点击未体现）、使用场景为日常消费和家庭娱乐（如餐饮、超市消费结合幽默故事）。
不喜欢：用户不喜欢医院相关内容和负面声音特征（基于未点击商品与点击健康知识相反，如医疗程序描述）。",3,complete
57011,"喜欢：偏好旅游景点、安全实验、动物趣闻、医疗救援等娱乐内容（如趵突泉锦鲤出游、山东泰安游玩落水事件），关键词包括出行、优惠、红包、健康（搜索词如出行优惠、红包、健康金），品牌涉及支付宝、飞猪（服务使用实体），使用场景为在线浏览娱乐视频和出行规划（点击商品实体如景点、出行、游泳）。

不喜欢：基于未点击商品（""五险一金变七险三金""），不喜欢金融保险、工作福利等严肃话题（实体词如五险一金、打工）。",3,complete
560288,"喜欢：该用户偏好宠物相关（尤其是狗和猫）的幽默趣事和生活故事，关键词包括遛狗、洗澡、投喂、消防和爬山；品牌倾向奶茶类如喜茶和沪上阿姨；使用场景涉及家庭娱乐、户外活动及社交媒体分享，基于点击商品实体词如狗、主人、草莓和消防员，以及交易行为中的品牌和服务使用如外卖平台、公益捐步。

不喜欢：用户不喜欢涉及城市基础设施问题（如行道树抢救）的内容，这与点击的积极动物趣事相反，基于未点击商品实体词如抢救、济南市和劈叉。",3,complete
1705473,"喜欢：用户偏好家常素食烹饪（如包菜、豆腐新吃法、茄子新吃法）和简单食谱（如茶叶蛋、小花卷、花馒头），关键词包括“好吃”、“易学”、“新吃法”，品牌涉及支付宝（服务使用）和芭芭农场（交易和服务），使用场景主要为家庭早餐、休闲烹饪和家居设计（如卫生间、阳台）。  
不喜欢：用户不感兴趣高脂肪肉类菜肴（如红烧肉）和新闻事件（如游玩事故），基于未点击商品中与点击行为相反的餐饮饭店和外出游玩特征。",3,complete
690442,"喜欢：该用户偏好短视频和生活趣事品类，关键词包括动物（狗、黄鳝、锦鲤）、女性主题（女生、女子）、日常生活事件（电动车、城市趣闻如济南街头、武功山日出）和搞笑内容；无明显品牌偏好；使用场景为休闲娱乐时的在线视频观看，基于点击行为中高频出现的实体词如萌娃、高个子、清冷套装、骑行事件和宠物相关主题。

不喜欢：该用户不喜欢打篮球相关的女生内容，基于未点击商品中与点击行为相反的特征，即点击内容缺乏运动主题而偏好非运动性趣事。",3,complete
1694532,"喜欢：该用户偏好家常菜和懒人食谱品类（如红烧肉、糖醋排骨、懒人馅饼），关键词包括酥、好吃、简单、孩子、收纳；品牌涉及蒙牛（乳制品）；使用场景集中在早餐、家庭聚餐和家居设计（如卧室改造、客厅布局）。

不喜欢：用户不喜欢泛化的食物描述如""下饭菜""，与点击的具体、创新食谱特征相反。",3,complete
1686217,"喜欢：偏好新闻趣事和社会事件品类，关键词包括暖心、救援、意外、城市生活（如济南街头事件），使用场景为日常社交媒体浏览和城市热点关注；品牌方面无特定偏好，但交易行为显示潜在兴趣在餐饮（如尊宝比萨）和时尚（如柔丫内衣），结合搜索关键词（如外卖、电影）和服务使用（如支付宝运动）强化对成人生活事件的关注。

不喜欢：基于未点击商品特征，不喜欢涉及萌娃、宠物趣事和家庭轻松主题的内容，如儿童或动物相关故事，与点击行为中成人导向、社会救援主题形成反差。",3,complete
1443675,"喜欢：偏好娱乐性内容如社会新闻、动物趣事和实用政策信息，关键词包括网友、补贴、大熊猫、外卖和钓鱼；品牌偏好支付宝、饿了么和抖音（从高频交易和服务实体如支付宝、饿了么、抖音|BRAND及搜索关键词如支付宝、饿了么推断）；使用场景涉及移动支付（如花呗、余额宝）、外卖点餐（如饿了么、美团）和在线视频观看（如抖音直播）。

不喜欢：基于未点击商品中与点击行为相反的特征，不喜欢负面社会事件（如尾随、拆迁）、金融压力主题（如车贷图案）、日常宠物琐事（如狗狗撸猫）以及医疗相关场景（如医院声音）。",3,complete
1115790,"喜欢：偏好娱乐短视频品类，关键词包括动物趣事（如狗、猫、锦鲤）、家庭幽默（如萌娃、妈妈、网友）、旅游景点（如爬山、趵突泉、上海野生动物园），品牌涉及支付宝和高德（从服务使用实体如支付宝运动、高德打车推断），使用场景为休闲娱乐、家庭观看和户外探索（基于点击商品实体词如景点、爬山、家庭互动）。

不喜欢：基于未点击商品实体词""房东,边角料""，不喜欢家居改造类内容，如房屋实用改造或边角料处理，与点击行为中娱乐、动物趣事特征相反。",3,complete
1327251,"喜欢：用户偏好家常菜食谱品类（如茄子、土豆、鸡蛋、豆皮），关键词包括简单快捷、好吃下饭、新吃法、健康少油，品牌涉及都可、肯德基、瑞幸咖啡，使用场景为家庭日常烹饪、健康饮食管理（如夏天开胃汤、孩子补钙）。  
不喜欢：用户不喜欢剩饭处理内容（如米饭再利用）和旅游出行主题（如趵突泉锦鲤），与点击的简单家常食谱形成相反特征。",3,complete
1480696,"喜欢：用户偏好旅游景点（如太行山、平遥古城）、奇闻轶事（如钓鱼钓飞机、清道夫生存）、社会新闻（如电动车事件、奇葩厕所）和保险理财（如五险一金），关键词包括历史、冒险、公益（如旧衣服回收）、理财（如国防军工概念）及生活缴费（如电费、医保），品牌涉及支付宝相关服务（蚂蚁庄园、余额宝）和美的，使用场景为在线娱乐（视频、互动游戏）、公益捐赠（蚂蚁庄园、神奇海洋）、理财投资（基金、余额宝）及生活支付（超市购物、转账）。

不喜欢：用户不喜欢负面交通事故内容，如车祸新闻（涉及轿车、闯红灯），与点击的正面或中性事件（如旅游、奇闻）形成反差。",3,complete
759031,"喜欢：用户偏好食品品类如鸡蛋、牛肉和红烧肉（基于点击食谱标题），关键词如""简单快捷""、""好吃""、""抢救""和""偷拍""（来自点击标题和实体词），品牌涉及超市购物如放心超市和六合（从交易行为中的BRAND标记），使用场景包括家庭烹饪、交通事件和趣味生活（如萌娃故事或古桥发现）；同时，服务使用显示兴趣在运动、理财和公益（如支付宝运动、余额宝）。

不喜欢：用户不喜欢救援故事和重复的负面交通事件（基于未点击商品如父女落水被救和女子骑电动车跌入泥坑，与点击行为相反，避免游玩、落水或更严重事故）。",3,complete
1453160,"喜欢：偏好品类包括食品（如早餐饼、家常菜、面条、茄子）和宠物（如猫狗），关键词涉及支付宝服务（红包、亲情卡、优惠券）、运动（如捐步、种树），品牌如支付宝、饿了么、美团，使用场景为家庭烹饪、外卖点餐、支付宝任务（如种果树、养小鸡）以及宠物护理。

不喜欢：基于未点击商品特征，不喜欢室内设计（如案例分享）、豆腐类食品（与点击的茄子相反）、特定懒人馅饼（与点击的发面饼偏好冲突），以及补贴类内容（如独生子女补贴）。",3,complete
1887096,"### 用户兴趣偏好总结（场景3）
喜欢：用户偏好宠物和野生动物视频内容，特别是小猫、大熊猫的可爱行为（如游泳、洗澡、社交互动）；关键词包括颜值、朋友、高能瞬间；品牌涉及蚂蚁森林；使用场景为休闲娱乐时的移动设备观看，基于点击商品中的动物主题和动态瞬间。

不喜欢：用户不喜欢静态或日常的宠物场景（如主人抚摸猫咪的平淡内容），基于未点击商品的特征相反于点击的活泼动物行为。",3,complete
1700627,"喜欢：用户偏好宠物健康、生活科普和健康问题相关品类（如宠物鼠、虫虫、抽搐），关键词涉及动物（狗、虫虫）、健康（熬夜、牛奶）、日常生活（玉米面），品牌倾向华为、apple、小米（基于交易行为），使用场景包括休闲信息浏览（如科普趣闻）、出行管理（机场、公交）和健康维护（如矫正、医药）。

不喜欢：用户不喜欢娱乐性动物趣事和旅游景点相关的内容，如锦鲤游泳等轻松主题，与点击行为的教育性、健康焦点相反（未点击商品特征：组团、出行、游泳）。",3,complete
1925161,"喜欢：偏好品类为宠物狗搞笑视频和环保公益内容，关键词包括狗、蚂蚁森林、大熊猫、饺子；品牌涉及支付宝服务如芭芭农场和蚂蚁森林；使用场景主要为休闲娱乐浏览和公益互动参与。

不喜欢：基于未点击商品，用户不喜欢负面宠物行为内容，如狗逃跑挨揍的惩罚性情节。",3,complete
541239,"喜欢：用户偏好动物搞笑和救援类短视频内容，偏好品类包括宠物（狗、猫为主）和事故故事，关键词如狗、猫、消防、网友，品牌涉及支付宝（从服务使用和搜索）和苹果（从交易行为），使用场景为休闲娱乐观看和日常低碳出行（如公交、地铁搜索）。

不喜欢：基于未点击商品与点击行为相反特征，用户不喜欢平淡无戏剧性的动物日常内容，如狗上班或简单吐槽，关键词如吃播、装修。",3,complete
1013565,"喜欢：用户偏好宠物相关品类（如猫和狗），关键词包括奇特、大甩卖、巧克力味，品牌未在点击中体现但交易行为显示对星巴克等食品品牌有潜在兴趣，使用场景为娱乐和幽默内容浏览（如在线宠物趣事）。
不喜欢：用户不喜欢旅游和游泳相关品类（如锦鲤），关键词包括组团、出行、游泳，基于未点击行为与点击的宠物特征相反。",3,complete
1894060,"喜欢：该用户偏好家居装修和设计品类，尤其关注空间优化、创新布局和高颜值实用方案，如客厅、卧室、卫生间和阳台的改造设计；关键词包括""设计""、""空间利用""、""颜值""、""环保""和""实用""；品牌方面涉及""shoebox/鞋柜""等家居类；使用场景集中于家庭生活改进、宠物趣事（如狗狗撸猫）和休闲放松（如泡澡追剧）。

不喜欢：基于未点击商品特征，该用户不喜欢强调收纳和细节的厨房设计内容，如""收纳""、""细节""和""厨房设计""等实用导向元素，与点击行为中偏好整体创新和美观的特征相反。",3,complete
622568,"喜欢：用户偏好动物趣闻（如狗、猫、猩猩的正面或中性故事）、趣事轶事（如安全事件、骑行失控）、旅游景点（如蚩尤九黎城、趵突泉）和公益事件（如退役军人救人）；关键词包括动物、趣事、安全、旅游、公益和运动；品牌偏好支付宝、芭芭农场和铁路12306；使用场景涉及在线娱乐内容消费、公益参与（如捐步、种树）和运动健身（如爬山、骑行）。

不喜欢：用户不喜欢负面或尴尬的动物故事，如狗子丢脸的内容，这与点击行为中偏好正面动物趣闻的特征相反。",3,complete
1488536,"喜欢：用户偏好生活实用知识（如五险一金、打工人知识）和社会热点新闻（如教育、安全事件），在品类上倾向于食品（纯牛奶、冰淇淋、零食）、服装（裤子、t恤、牛仔裤）、品牌如耐克、阿迪达斯，使用场景包括下午茶、外卖点餐、健身服务和公益参与（如蚂蚁庄园、芭芭农场），关键词涉及医保、红包、优惠券。

不喜欢：用户不喜欢直接的促销广告（如独生子女补贴优惠）和涉及隐私侵犯的负面社会事件（如偷拍行为），这与点击行为中偏好故事性和知识性内容相反。",3,complete
971570,"喜欢：用户偏好家居用品品类（如卧室强调功能齐全、收纳多、颜值高），儿童相关产品（如男孩、女孩安全设备），公益和安全事件；关键词包括年轻人、收纳、颜值、安全、暖心；品牌不明显（点击商品中未突出）；使用场景涉及家居装饰、儿童保护、公共安全事件和日常生活娱乐（如夜市、搞笑内容）。

不喜欢：基于未点击商品与点击行为相反特征，用户不喜欢抽象家居描述（如卧室整体感）和怪异动物内容（如清道夫鱼）。",3,complete
256542,"喜欢：该用户偏好烹饪类内容，特别是肉食如红烧肉和面条/豆腐新吃法，以及育儿知识如宝宝护理；关键词包括吃法、好吃的、教程、分享和宝宝；品牌偏好支付宝相关服务（如余额宝、蚂蚁庄园）；使用场景主要为家庭厨房烹饪和育儿教育。

不喜欢：基于未点击行为，用户不喜欢素菜和儿童早餐饼相关的内容。",3,complete
1671324,"喜欢：用户偏好宠物内容（尤其是猫咪和小狗的可爱趣事故事），偏好品类包括萌宠视频和动物行为；关键词如小猫、主人、狗狗；品牌涉及瑞幸咖啡、古茗、茶百道（从搜索和交易数据推断）；使用场景为休闲娱乐时浏览轻松宠物内容，结合日常消费如外卖点餐（饿了么）、咖啡饮品和理财活动（余额宝、抽奖游戏）。

不喜欢：用户不喜欢严肃或实用主题，包括宠物相关负面问题（如撸猫冲突）、社会新闻（如电动车事故）、实用信息（如独生子女补贴）和科技内容（如风力发电机），这些特征与点击的可爱宠物故事形成鲜明对比。",3,complete
1843810,"喜欢：偏好品类包括健身减肥产品（如动作教程、饱腹食品）、旅行探索（如中国景点、禁区盘点）、美食烹饪（如早餐食谱、下饭菜肴）和学习用品（如书包、本子）；关键词涉及动作、中国、女性、厨艺、旅行；品牌涵盖deli文具、洁柔纸巾、兰蒄美容；使用场景主要为日常健身锻炼（如甩脂动作）、家庭烹饪（如早餐鸡蛋饼）、旅行规划（如四川景点）和学习环境（如初中生背包）。

不喜欢：基于未点击商品特征（强调简单动作和单一健身主题），用户不喜欢过于重复或缺乏深度的动作健身内容，与点击行为中多样化、具体化的健身主题（如结合旅行或女性话题）相反。",3,complete
1635422,"喜欢：用户偏好旅游景点（如中国景点、云南高速）、动物主题（如锦鲤、遛狗）和春天相关品类；关键词包括景点、锦鲤、春天、苹果产品（如iphone、电脑）；品牌如Apple和支付宝；使用场景涉及公益环保（海洋保护、种树）、理财（余额宝）和娱乐游戏（蚂蚁庄园、互动小游戏）。

不喜欢：用户不喜欢电动车事故、看手机导致的负面事件和风险行为，如跌倒或执着捞手机等场景。",3,complete
1731215,"### 用户兴趣偏好总结（场景3）
喜欢：用户偏好家庭育儿品类（如婴儿裤子、宝宝上衣、儿童水壶），关键词包括女性、孩子、情侣、趣闻和社会事件（如网友故事、家庭生活），品牌如nuby努比和bobdog巴布豆（儿童用品），使用场景涉及育儿日常、休闲娱乐（如浏览幽默新闻、参与农场游戏服务如芭芭农场）以及健康生活（如健身建议）。  
不喜欢：用户不喜欢动物生存或科学主题内容（如鱼类相关），基于未点击商品特征与点击行为相反（点击偏好人类生活趣闻，而非生物学主题）。  

（字数：148）",3,complete
150454,"喜欢：用户偏好健康知识（如器官、妊娠）、搞笑内容（如奇葩名字）、美食探索（如四川臭猪肉、臭豆腐）、旅游趣闻（如趵突泉锦鲤）和国际新闻（如中美关系），关键词包括健康、搞笑、美食、旅游和国际；品牌偏好饿了么（外卖点餐）和支付宝（生活缴费）；使用场景涉及外卖点餐（饿了么）、生活缴费（水费、电费）和公益参与（蚂蚁庄园、公益种树）。

不喜欢：用户对负面健康建议（如耳朵进水）、负面评论（如坑人水果）、事故故事（如电动车跌入泥坑）和社保变化内容不感兴趣，这与点击行为相反的特征包括负面健康、负面评论、事故和社保相关主题。",3,complete
1710229,"喜欢：用户偏好水族用品品类（如鱼缸、水草灯、除藻器），金融产品（如借贷、理财、保险），以及生活缴费服务（如水电煤缴费）；关键词包括交通事故、情感故事（女友、结婚）、旅游景点和实用技巧（如车上按键）；品牌涉及Apple、魔点；使用场景主要为在线内容消费（如短视频新闻、趣闻浏览）和金融管理（支付宝、借贷服务）。

不喜欢：用户不喜欢时尚服装类内容，如高个子穿清冷套装，这与点击行为中偏好的交通事故、生活趣事等主题相反。",3,complete
128657,"喜欢：该用户偏好娱乐性强的动物趣事和日常生活搞笑内容（如狗、猫、女神相关视频），在品类上喜欢食品（外卖订单、饮品如生椰杨枝甘露和珍珠奶茶）、汽车用品（汽车脚垫、腰靠垫）、生活服务（聚合支付、手机扫码支付），关键词包括娱乐、健康（如熬夜精神改善）、运动（如游泳），品牌涉及农夫山泉、饿了么、支付宝（如芭芭农场），使用场景多为夏季出行（公交、遮阳伞）、餐饮消费（外卖点餐）和在线休闲（公益种树、理财服务）。

不喜欢：用户不喜欢负面事故报道和严肃话题内容（如车祸、装修省钱、社保讨论），这些特征与点击的轻松娱乐形成鲜明对比，体现在未点击商品的事故主题（货车侧翻、电动车碰撞）、灾难描述（洪水淤泥房子）及严肃讨论（五险一金、社会保障）。",3,complete
1389080,"喜欢：用户偏好家居收纳改造（如阳台和卧室设计）、休闲娱乐活动（如冒险挑战），关键词包括收纳、卧室、休闲娱乐；品牌涉及张小泉（剪刀）、伊利（雪糕）、华为（智能手机）等；使用场景为家庭生活优化、支付宝理财（如余额宝、转账）和公益服务（如捐赠、种树）。
不喜欢：用户不喜欢育儿、婴儿相关内容和补贴类信息，如成长记、课堂和独生子女补贴。",3,complete
716818,"喜欢：用户偏好娱乐视频品类，如幽默、动物（小狗、狗妈妈）和家庭生活内容；关键词包括洗澡、西瓜、萌娃、出行、游泳、锦鲤；品牌涉及支付宝（服务使用）、美团（交易行为）；使用场景为休闲娱乐观看、家庭日常消遣和公益参与（如芭芭农场种果树）。

不喜欢：基于未点击瀑布事故内容，用户不喜欢危险活动（如攀爬瀑布）和负面事件场景。",3,complete
1340514,"喜欢：该用户偏好宠物相关（如狗、猫的搞笑和互动视频）、烹饪教程（如牛肉、饺子、蔬菜制作）和安全实验内容；关键词包括家庭烹饪、娱乐观看和公益参与；品牌涉及支付宝服务如蚂蚁庄园和芭芭农场；使用场景为家庭娱乐、日常支付和公益运动。

不喜欢：基于未点击商品，用户不喜欢负面或问题导向的宠物内容，如狗太聪明或误解猫咪的主题。",3,complete
1218572,"喜欢：用户偏好宠物狗相关的幽默和家庭内容，包括狗、狗狗、小狗、小猫等关键词，品类集中于宠物互动和家庭生活，品牌涉及抖音电商，使用场景为休闲娱乐和日常家庭时光，如观看狗主题的趣味视频。

不喜欢：基于未点击商品，用户不喜欢猫咪行为或狗子碰瓷等负面内容，关键词如猫咪、碰瓷、撸猫，与点击的正面狗主题形成鲜明对比。",3,complete
1102843,"喜欢：用户偏好健康知识、育儿和生活技巧类内容（如胎儿脐带绕颈、喝热水好处），关键词包括健康、金融和回收（搜索""好医保""、""公积金""、""回收回收""），品牌如朗姿、小米和华为（交易行为中高频出现），使用场景涵盖日常购物（服饰箱包、母婴用品）、娱乐消费（电影票、互动游戏）和缴费服务（水电费、话费充值）。

不喜欢：用户不喜欢负面评价主题，如绿色蔬菜相关的内容（基于未点击商品""中国最难吃的六种蔬菜""的相反特征，与点击的健康正面主题形成对比）。",3,complete
46699,"喜欢：偏好宠物（狗）和萌娃相关搞笑救援故事，关键词包括狗、萌娃、救援、外卖员和消防员，品牌如沪上阿姨、张亮麻辣烫和饿了么，使用场景涉及外卖点餐、公益服务（如蚂蚁庄园）和日常消费（如支付宝支付）。  
不喜欢：基于未点击商品，不喜欢平淡的宠物日常（如遛狗或教育性学霸主题），偏好相反于点击的戏剧性元素，如省钱装修或普通宠物互动。",3,complete
1937812,"喜欢：偏好品类包括家常食品（如早餐饼、土豆焖饭、小花卷、素菜）、家居设计（如收纳沙发、阳台利用）、宠物互动（如狗狗撸猫）和实用生活技巧（如室内装修、简单早餐）；关键词如""孩子""、""喜欢""、""实用""、""简单""；品牌涉及绿城、Meitu、烘焙店；使用场景为家庭烹饪、育儿、日常家居优化和宠物陪伴。

不喜欢：基于未点击商品，用户不喜欢重复强调""孩子喜欢""的食品主题（如外酥里糯点心）和健康烹饪（如无油红烧肉），避免关键词""好吃的""、""餐饮饭店""，偏好品类相反于专业饭店风格。",3,complete
1547519,"### 用户兴趣偏好总结（场景3）
喜欢：用户偏好简单快捷的家常菜食谱（如豆腐、茄子、鸡蛋、排骨），强调营养美味和下饭特性；对家居设计（尤其小空间优化如卧室、客厅、卫生间）有浓厚兴趣，注重环保、实用性和颜值；品牌倾向familymart；使用场景集中在早餐、家庭烹饪、日常健身（如瑜伽动作）及休闲娱乐（涉及宠物和小孩内容）；关键词包括懒人、好吃、设计、学会、环保。

不喜欢：用户不喜欢油腻、复杂烹饪的食物（如红烧肉），避免饭店风格菜肴。",3,complete
352984,"喜欢：用户偏好冒险故事、动物趣闻和文化探索等品类，关键词包括狗、萌娃、山村、苗族、按键、车贷，品牌如支付宝（从服务使用）和Apple（从交易行为），使用场景涉及农场游戏（如芭芭农场）和日常移动支付（如手机扫码支付）。  
不喜欢：用户不喜欢危险动物主题和旅游减肥内容，特征包括有毒、动物、组团、游泳、锦鲤（基于未点击商品相反特征）。",3,complete
784555,"喜欢：该用户偏好宠物猫相关内容（如猫咪视频和搞笑体验）、家常美食（尤其肉类如茄子、土豆焖饭和鸡胗）、娱乐搞笑主题（如网友趣事和可爱动物），关键词包括""猫咪""、""土豆""、""搞笑""、""体验""和""美食""，品牌涉及饿了么（外卖点餐）和支付宝（支付服务），使用场景主要为在线休闲娱乐（观看视频）和家庭生活（宠物互动与美食制作）。

不喜欢：基于未点击素菜商品（如""全家人都爱吃的素菜""），该用户不喜欢素食或健康饮食内容，与点击行为中偏好肉类美食（如交易实体中的锅包肉、猪肉大葱饼）相反。",3,complete
844293,"喜欢：用户偏好宠物相关搞笑视频（如狗、猫的幽默行为）和意外事件内容（如骑车摔倒、动物趣事），关键词包括网友、搞笑、动物意外；品牌倾向休闲食品如霸王茶姬奶茶和康师傅方便面；使用场景涉及休闲娱乐、外卖点餐（饿了么、支付宝）和学生日常（复习资料、教辅练习）。

不喜欢：用户不感兴趣于温馨动物故事（如大熊猫可爱、猫咪误解）和家庭主题内容，基于未点击商品与点击行为中搞笑意外特征相反。",3,complete
808306,"### 用户兴趣偏好总结（场景3）

喜欢：用户偏好娱乐和生活趣事类内容，包括食品品类（如冰淇淋、西瓜、烧烤）、宠物相关（如狗、萌娃）、时尚元素（如小裙子）、家庭场景（如父母、妈妈）；关键词如萌娃、约会、酒席、邻居；品牌如耐克、可口可乐、支付宝（从交易行为体现）；使用场景涉及休闲社交（如约会、酒席）、在线服务（如理财、公益，基于服务使用和搜索关键词）。

不喜欢：基于未点击商品对比点击行为，用户不偏好严肃或个人护理主题，如交通违规（电动车）、动物保护（大熊猫）、个人护理（梳头），关键词如交警、锦鲤、头发，与轻松娱乐内容相反。",3,complete
1416875,"喜欢：该用户偏好生活娱乐和健康知识类内容，偏好品类包括幽默新闻、家庭育儿和动物趣事（如点击商品中的情侣结婚证、宝宝泥沙岸边、饲料喂养）；关键词涉及家庭、工作、动物相关（如情侣、五险一金、饲料、宝宝）；品牌偏好美团和支付宝相关服务（基于交易行为中的美团收银、服务使用中的支付宝运动）；使用场景主要为在线消费、公益参与和日常娱乐（如服务使用中的淘票票电影、芭芭农场种树，交易行为中的停车、红包支付）。

不喜欢：该用户不喜欢夸张钓鱼事件和时尚穿搭内容，基于未点击商品如海上钓鱼钓到飞机和高个子清冷套装，与点击行为中务实幽默的钓鱼趣事（如钓到鱼砸晕）和日常主题形成反差。",3,complete
1948825,"喜欢：用户偏好宠物相关的生活趣事和事故故事内容，偏好品类包括猫、狗等宠物互动及搞笑事件，关键词如乖巧、女孩、狗、猫、事故、妈妈，品牌偏好体现在宠物食品如百利、爱肯拿（基于交易行为），使用场景主要为休闲娱乐短视频消费和公益服务参与（如芭芭农场、蚂蚁庄园）。

不喜欢：用户不喜欢实用或教育性内容，如涉及收入或危险实验的警告（基于未点击商品标题和实体词，如""收入""和""网友,实验""，与点击的娱乐性、故事性内容相反）。",3,complete
622127,"喜欢：用户偏好关注社会新闻事件、动物救援故事和交通相关安全事件，偏好品类包括新闻资讯和公益服务，关键词如警车、红灯、司机、救援队、监控、高铁、电动车，品牌如可口可乐、农夫山泉（基于交易行为），使用场景为日常浏览实时热点、参与公益服务（如捐步、种树）和关注安全出行。

不喜欢：用户对技术安全话题、钓鱼活动和自然风光等待事件不感兴趣，基于未点击商品，关键词如支付宝、黑客、钓鱼、日出、武功山，与点击行为的社会事件和动物主题相反。",3,complete
1739250,"喜欢：偏好品类为家居设计和室内装修，关键词包括设计、空间利用、实用、2023年趋势、卧室、厨房、卫生间，品牌涉及支付宝相关服务（如余额宝、蚂蚁森林），使用场景为家庭空间优化和日常生活便利，强调实用性与美观结合。
不喜欢：不喜欢针对特定人群（如年轻人）的设计主题，以及非家装相关的内容（如补贴、娱乐或公益话题），与点击行为中空间利用和实用设计特征相反。",3,complete
141826,"喜欢：该用户偏好宠物动物娱乐品类，关键词如狗、猫、熊猫、老虎等动物趣事，品牌包括康师傅、今麦郎和ad钙奶（基于交易行为实体），使用场景为休闲娱乐观看搞笑视频。
不喜欢：基于未点击商品特征，用户不喜欢医疗相关主题，如医院和声音内容。",3,complete
973588,"### 用户兴趣偏好总结（场景3）

喜欢：用户偏好娱乐和搞笑新闻品类，关键词包括女生、动物（如狗、锦鲤）、钓鱼、电动车、福建相关事件，品牌涉及雪天（盐）、伊利（牛奶），使用场景为社交媒体浏览、日常支付（如支付宝、花呗）和在线消费。

不喜欢：用户不喜欢时尚内容（如清冷套装）以及负面事故和医疗场景，关键词如高个子、看手机、医院。",3,complete
1677916,"喜欢：该用户偏好亲子教育、生活技巧和幽默搞笑内容，偏好品类包括家庭生活、烹饪（如豆腐相关）和社会新闻事件（如瀑布冒险），关键词如孩子、女朋友、小时候、教育、瀑布、米迪，使用场景为家庭休闲和日常娱乐，但无明显品牌偏好。

不喜欢：基于未点击的严肃救援新闻（如山东泰安落水事件），用户不喜欢危险主题和救援相关事件，关键词如游玩、退役军人。",3,complete
454663,"### 用户兴趣偏好总结（场景3）
喜欢：用户偏好交通安全事故新闻、生活实验和奇闻异事品类（如闯红灯事件、野外实验、山村发现），关键词包括闯红灯、事故、网友、实验、亲情（基于搜索），品牌如Apple、美团、海底捞（来自交易和搜索），使用场景涵盖餐饮消费（火锅、烧烤）、交通出行（打车、公交）和支付服务（花呗、支付宝）。

不喜欢：用户不喜欢车贷相关金融主题内容（如图案广告），与点击行为中事故新闻的相反特征（避免金融/迷信主题）。",3,complete
1520825,"喜欢：用户偏好食物品类如素菜、海鲜、懒人焖饭和宠物相关（猫狗），关键词包括""好吃""、""喜欢""、""简单""、""孩子喜欢""，使用场景涉及家庭烹饪、休闲生活技巧和宠物互动，品牌无明显偏好。

不喜欢：基于未点击商品，用户不喜欢直接的食物教程如豆腐新吃法、早餐饼和红烧肉，特别是那些强调健康（如不加一滴水一滴油）或针对小孩子的特征，缺乏趣味故事或宠物元素。",3,complete
1724487,"喜欢：用户偏好家居装修品类（如阳台、卧室设计）、宠物护理（小奶猫、狗相关趣事）、旅游景点（中国县城、长江等美景）、实用知识（安全防范、保险教育），关键词包括安全、实用、家庭、创新；品牌涉及支付宝（从服务使用）、李宁（从交易行为）；使用场景为家庭生活改善、休闲娱乐和学习教育（如大学生发明、五险一金知识）。  
不喜欢：用户不感兴趣钓鱼活动、危险旅游景点和车贷金融相关主题，基于未点击商品与点击行为相反的特征（如危险 vs 安全、意外事件 vs 实用知识）。",3,complete
680853,"喜欢：用户偏好观看真实生活趣闻、户外探险和实用生活技巧相关的短视频内容，偏好品类包括娱乐视频、新闻事件和生活技巧；关键词涉及网友、沙子、闪电、高铁、武功山、日出、装修、省钱等；品牌无明显偏好（点击商品中未出现品牌）；使用场景集中于户外活动（如爬山、游泳）、家庭生活（装修）和日常通勤（高铁、公交车）。

不喜欢：用户不喜欢与医院或医疗主题相关的内容，如声音变化或扎针事件，这与点击行为中户外和娱乐主题形成反差。",3,complete
1952977,"喜欢：用户偏好搞笑和社会热点类短视频内容，关键词包括网友、司机、动物（如狗、猫）、消防、高铁等；偏好品牌如小米、华为（基于交易行为）；使用场景涉及交通出行（如高铁、汽车）、家庭娱乐（如带娃、装修）和户外活动（如旅游、游泳）。

不喜欢：用户不喜欢医疗或医院相关主题的内容，如声音和医院实体（基于未点击商品与点击行为相反的特征）。",3,complete
607858,"喜欢：用户偏好食品烹饪品类，尤其关注简单食谱（如海鲜做法、减脂餐和家常菜），关键词包括""美味""、""简单""、""厨房小白""和""健康""；品牌涉及支付宝服务（如芭芭农场、支付宝运动）；使用场景主要为家庭厨房日常烹饪和健康饮食管理，强调易操作性和营养均衡。

不喜欢：用户不喜欢苦瓜相关食谱（如不苦做法）和豉汁风味菜肴（如广东菜系），以及非烹饪内容（如社会新闻事件），这些特征与点击行为中强调的海鲜、减脂和趣味烹饪相反。",3,complete
721238,"喜欢：用户偏好宠物猫相关品类（如猫粮、猫用品），关键词包括猫咪、鸡蛋、消防和公益，品牌如法明娜（猫粮）和支付宝，使用场景涉及家庭烹饪（如鸡蛋、面条）、宠物饲养和在线公益参与（如芭芭农场、蚂蚁森林）。

不喜欢：用户不喜欢五花肉烹饪或小孩导向的食物内容，如葱爆五花肉和早餐饼，这与点击行为中偏好鸡蛋、面条等简单烹饪相反。",3,complete
1062605,"### 用户兴趣偏好总结（场景3）

喜欢：该用户偏好宠物和动物主题内容，包括狗、猫等品类（如小奶猫、边牧），关键词如遛狗、洗澡、游泳、萌娃；品牌涉及鲜果、Apple等；使用场景为家庭休闲娱乐，如宠物互动、搞笑视频和日常趣事。

不喜欢：用户不喜欢严肃社会事件和意外事故内容，如消防员、车祸、医院等主题，这些特征（人类焦点、非娱乐性）与点击行为相反。",3,complete
350958,"喜欢：该用户偏好家居装修品类（如卧室、客厅、阳台设计），关键词包括收纳、实用、美味和设计，品牌涉及欧莱雅、HBN等化妆品，使用场景集中于家庭生活改善、空间优化和日常烹饪（如红烧肉、土豆食谱）。  
不喜欢：用户不喜欢针对年轻人的卧室风格、小厨房特定装修建议，以及简单食谱如清蒸鲈鱼和油豆腐，这些与点击行为中复杂实用的家居和美食内容相反。",3,complete
661045,"喜欢：该用户偏好理财（如银行存款、利息计算）、交通（如电动车使用、高铁事件）、生活（如夫妻生活、家庭趣事）、时尚（如高个子穿搭）；关键词包括五险一金、存钱、生活；品牌涉及东篱、梦特娇；使用场景包括超市购物（如华悦超市）、缴费服务（如电费、水费）、出行骑行（如哈啰出行）、公益捐赠（如捐步）。  
不喜欢：该用户不喜欢医保卡/社保卡的具体疑问和国际政治话题（如中美关系），基于未点击商品中与点击行为相反的医保/社保细节及国际新闻特征。",3,complete
1564569,"喜欢：用户偏好简单易做的家常烹饪内容，特别是开胃下饭菜谱，如酸辣汤、蒜薹炒肉、盐焗手撕鸡和豆腐料理，涉及偏好品类肉类（牛肉、猪肉）、蔬菜（苦瓜、西兰花）和豆制品（腐竹），关键词包括""简单""、""好吃""、""厨房小白""和""开胃""，品牌如海天（从交易行为推断），使用场景为家庭日常饮食、健康减脂（如减脂餐）和快速烹饪。

不喜欢：用户不喜欢复杂烹饪技巧或饭店风格菜肴，如不加水和油的红烧肉（基于未点击商品特征），与点击行为中强调简单、家常的特征相反。",3,complete
557654,"### 用户兴趣偏好总结（场景3）
喜欢：该用户偏好家居装饰、时尚服装、健康服务和金融服务等品类，关键词包括设计、社保、健身、套装和大米等，品牌如支付宝（从服务使用和交易行为高频出现），使用场景涉及家庭生活、办公、医疗咨询和日常穿着（基于点击商品标题和实体词，如卧室设计、查询社保、清冷套装、健身和大米）。

不喜欢：该用户不喜欢汽车贷款、电动车等交通相关主题（基于未点击商品实体词如车贷、电动车，与点击行为中家居、健康等兴趣相反）。",3,complete
172864,"喜欢：该用户偏好家常菜品类，特别是鸡蛋相关食谱（如鸡蛋饼、番茄鸡蛋面）和下饭菜（如辣椒炒肉、葱烧豆腐），关注健康出行关键词（如疫情资讯、医保电子凭证），常用品牌如香飘飘和明治，使用场景涉及家庭早餐烹饪、公益捐赠（如蚂蚁庄园）和支付宝运动。  
不喜欢：基于未点击商品，用户不喜欢肉皮吃法、香蕉相关食谱、洪水事件报道（如哈尔滨淹房）和地方特色菜（如山西炒刀削面）。",3,complete
1391343,"喜欢：偏好美食（特别是肉类、海鲜和广东特色菜，如叉烧、盐焗虾、香菜炒牛肉）、宠物饲养（猫狗趣事和可爱行为）、生活幽默和旅行内容；关键词包括""盐焗""、""广东""、""养猫""、""可爱""、""旅行""；品牌涉及支付宝、饿了么；使用场景为家庭烹饪、休闲娱乐和日常消费支付。

不喜欢：基于未点击商品，不喜欢素食（如素菜）、健康烹饪（如无油红烧肉）和简单内容（如下饭菜），与点击的肉类、海鲜和趣味主题相反。",3,complete
1384998,"喜欢：用户偏好美食制作品类（如饺子、馅饼、土豆），关键词包括懒人、省钱、早餐和女朋友（暗示社交分享），品牌涉及支付宝（从服务使用如芭芭农场、蚂蚁庄园）、美团和肯德基（从交易和搜索），使用场景主要为家庭烹饪、早餐准备和省钱生活技巧（如汽车省油、装修）。

不喜欢：用户不偏好旅游休闲品类（如组团出行、游泳），基于未点击商品特征（锦鲤、趵突泉），与点击的实用生活内容相反。",3,complete
851852,"喜欢：用户偏好宠物猫相关的幽默趣事内容，偏好品类包括宠物（猫）和日常生活搞笑主题，关键词如撸猫、猫咪趣事、女朋友（指人际关系幽默），品牌无特定偏好（点击商品中未体现品牌），使用场景为休闲娱乐和家庭互动，基于点击商品标题和实体词如""撸猫""、""小猫咪""、""搞笑瞬间""等高频出现元素。

不喜欢：用户不喜欢严肃的宠物教育内容，如猫咪行为分析或认主表现，基于未点击商品""猫咪认主的表现""与点击行为中幽默、轻松特征相反。",3,complete
1027979,"喜欢：该用户偏好动物视频内容，特别是大熊猫、狗和猫相关主题，偏好品类包括宠物娱乐和野生动物保护，关键词如大熊猫、警犬、动物保护等，品牌如蚂蚁森林（从点击实体词体现），使用场景涉及在线娱乐、公益参与（如蚂蚁森林和公益项目）以及休闲观看。

不喜欢：该用户对狗的破坏性行为如拆家不感兴趣（基于未点击商品标题""狗子是不会承认拆家的""和实体词""狗""，与点击的正面狗行为如警犬退役形成对比）。",3,complete
1886788,"喜欢：用户偏好动物相关内容和旅游景点（如锦鲤、大熊猫、趵突泉），关键词包括游泳、出行、老师，品牌涉及支付宝（从服务使用如公益项目和蚂蚁庄园）和苹果（从交易行为如apple iphone se2），使用场景为休闲娱乐（如浏览幽默趣闻）和公益参与（如捐赠和种树）。

不喜欢：用户不喜欢负面事件（如车祸事故）和金融压力话题（如车贷），基于未点击商品特征与点击行为相反，涉及轿车、闯红灯和图案等元素。",3,complete
1675896,"喜欢：用户偏好动物相关搞笑和意外事件内容（如狗、猫、大熊猫的幽默瞬间、打架或社会新闻），关键词包括""狗""、""猫""、""大熊猫""、""搞笑""、""瞬间""、""高铁""；偏好品类为宠物娱乐和旅游景点评论；品牌涉及支付宝服务（如蚂蚁庄园）；使用场景为休闲娱乐浏览和数字生活互动（如支付宝运动、公益服务）。

不喜欢：用户不偏好正面倡导性或努力性动物内容（如支持养狗、小狗努力拖物），与点击的幽默意外事件相反，特征包括教育性关键词（如""养宠""、""支持""）和积极努力场景（如小狗拖西瓜）。",3,complete
1376910,"喜欢：用户偏好新闻类内容，包括科学发现（如超级地球、科学家）、旅游景点（如太行山、重庆高铁、中国最美县城）、社会事件（如电动车事故、安全警示）和警示性趣事（如钓鱼钓飞机），关键词涉及中国城市、安全、事件；在交易中偏好食品品类如糕点、零食（如芡实糕点、小面包），品牌如蒙牛、官方旗舰店；使用场景包括日常消费（早饭、下午茶）、在线娱乐（抽奖游戏、饿了么果园）和出行支付（乘车码、地铁）。

不喜欢：基于未点击商品，用户不喜欢休闲动物趣事类内容，如锦鲤游泳等轻松主题，与点击的严肃事件性内容相反。",3,complete
1257889,"喜欢：该用户偏好健身运动品类（如瘦腰动作、登山步训练），关键词包括身材、动作、事件；品牌涉及支付宝相关服务（如蚂蚁庄园、公益捐步）；使用场景为日常锻炼（如健身房训练）和新闻事件浏览（如电动车事故、救援故事），同时关注宠物内容（如乖巧狗狗）和实用发明。

不喜欢：基于未点击商品特征（萌娃、妈妈、家庭冲突），用户不喜欢萌娃或家庭负面事件主题的内容，如涉及儿童与宠物互动的冲突场景。",3,complete
206791,"喜欢：该用户偏好娱乐性强的生活趣事和新闻事件品类，如搞笑视频、社会新闻和时尚内容，关键词包括搞笑、趣事、生活、新闻（如车祸、情侣趣事、宠物搞笑），品牌涉及雪花纯生、餐饮店等餐饮相关品牌，使用场景为日常消费（如餐饮、充值）和在线娱乐浏览（如短视频平台）。

不喜欢：该用户不喜欢平淡的趣事内容，如电动车违规后续或琐碎事件，与点击行为中更吸引人的真实、激烈事件相反（例如未点击的电动车和鸽子趣事，而点击了车祸、武功山冒险等）。",3,complete
373971,"喜欢：该用户偏好宠物动物视频（如狗、猫、熊猫）和幽默生活趣事，关键词包括“狗”、“猫”、“熊猫”、“网友”、“生活”和“训练”，品牌涉及蚂蚁庄园和芭芭农场等互动服务，使用场景为休闲娱乐观看短视频和参与互动游戏（如农场类服务）。

不喜欢：基于未点击商品特征，用户不喜欢玩具相关和虚构角色内容（如玩具熊、小青蛙），以及负面事件（如印度火箭失败），关键词如“玩具熊”、“小青蛙”和“印度火箭”，使用场景偏向儿童娱乐或负面新闻。",3,complete
1845940,"### 用户兴趣偏好总结（场景3）
喜欢：偏好品类包括社会新闻、旅游景点和儿童用品（如点击的""蚩尤九黎城""景点、""儿童运动服""交易），关键词涉及物流、景点和安全（如搜索""物流""、""核酸检测""，点击""山体滑坡""），品牌倾向deli、安踏和gb好孩子（交易中高频出现），使用场景聚焦育儿、家庭生活和健康管理（如交易""入园用品""、""保暖内衣""，服务使用""挂号""、""公益""）。  
不喜欢：基于未点击商品""趵突泉锦鲤游泳趣事""，与点击的严肃社会事件相反，排斥轻松幽默的旅游动物内容（如""组团出行""、""游泳""实体词）。",3,complete
320410,"喜欢：用户偏好财务知识类内容（如五险一金和储蓄方法），关键词包括""打工人""、""存钱法""和""公益""，品牌涉及支付宝（如余额宝、蚂蚁财富）和公益基金会（如爱佑慈善基金会），使用场景聚焦日常理财（如存钱、转账）和公益参与（如捐赠、种树）。

不喜欢：用户不喜欢查询社保余额或办卡影响等操作细节内容，基于未点击商品中与点击知识性特征相反的查询性特征（如""查询社保""、""余额""、""多少""）。",3,complete
229851,"喜欢：用户偏好宠物相关品类（如猫、小奶猫），关键词包括可爱、大眼睛、养宠等，品牌涉及休闲娱乐类（如从实体词推断的宠物用品），使用场景为休闲娱乐和社交媒体浏览，基于点击行为中宠物主题内容的频繁互动。

不喜欢：用户不喜欢新闻和金融相关品类（如消防事件、车贷），关键词包括社会事件、贷款等，使用场景为严肃话题浏览，基于未点击行为中与点击兴趣相反的消防、车贷特征。",3,complete
1157893,"### 用户兴趣偏好总结（场景3）
喜欢：用户偏好宠物娱乐内容（如狗、猫主题视频，关键词包括""二咪子""、""布丁""、""聪明""、""舞蹈""）、家庭生活趣事（如孩子、妈妈互动）和交通事件（如电动车、闯红灯），品牌倾向支付宝生态服务（如余额宝、芭芭农场），使用场景为休闲浏览、公益捐赠（如基金会捐赠）和理财管理（如手机费充值）。

不喜欢：用户不喜欢与""眼神""相关的负面或静态内容（如未点击的宠物眼神主题），这与点击的积极、互动性主题相反。",3,complete
1267482,"喜欢：用户偏好科普教育内容，包括自然知识（如动植物习性、健康生活技巧）、关键词如科学、安全、日常（从点击标题和实体词如""僵尸""、""氧气""、""营养""、""高压线""提取）；品牌涉及日常消费如快餐（肯德基、麦当劳）、支付（支付宝）和文具（九木杂物社），基于交易行为实体；使用场景为在线学习、公益参与（如蚂蚁庄园种树）和日常支付（如外卖点餐、公交乘车），综合服务使用和搜索关键词如""电影票""、""公益""。

不喜欢：用户不感兴趣于危险警告主题（如电池吞食）或特定农业畸形内容（如无籽西瓜），基于未点击商品标题和实体词（如""电池""、""海参""、""西瓜""）与点击行为中安全科普特征相反。",3,complete
712863,"喜欢：该用户偏好宠物饲养（如狗、猫相关幽默内容）、家居设计（如卧室收纳、阳台改造）和幽默娱乐品类，关键词包括""狗""、""卧室""、""收纳""、""设计""、""搞笑""，品牌偏好支付宝、微信支付、美团等数字服务品牌（基于交易行为实体），使用场景主要为家庭生活休闲（如观看宠物搞笑视频、规划小空间装修）。

不喜欢：该用户不喜欢与宠物医疗费用相关的负面内容（如高成本负担），基于未点击商品中""多爱""实体词与点击行为相反的特征（点击偏好宠物幽默而非医疗负担）。",3,complete
1398617,"喜欢：用户偏好育儿相关品类（婴儿用品、儿童玩具）、简单家常美食（早餐食谱、健康菜肴），关键词包括孩子、早餐、简单、健康，品牌如支付宝和joyoung，使用场景主要为家庭烹饪、在线支付服务和公益参与。

不喜欢：基于未点击商品，用户不喜欢复杂或不相关的主题，如豆皮做法和非家庭导向的新闻事件。",3,complete
248281,"喜欢：用户偏好宠物娱乐类内容，尤其是狗主题的幽默视频（如遛狗、萌娃互动）和民族文化探索（如苗族建筑群），偏好品类为娱乐视频和文化旅游，关键词包括狗、萌娃、遛狗、蚩尤九黎城、苗族、中国建筑群、经济崛起等，品牌无显著体现，使用场景为休闲在线观看和兴趣学习。
不喜欢：用户不喜欢汽车技术教育类内容，基于未点击商品如按键相关主题，与点击行为中娱乐和文化兴趣相反。",3,complete
1123428,"喜欢：用户偏好短视频内容，特别是萌娃、交通事故教育（如安全提示、责任分析）和美食（如青椒、素菜）；关键词包括萌娃、事故、支付宝、红包、优惠券；品牌偏好支付宝和芭芭农场；使用场景涉及日常消费（如超市购物）、支付宝公益服务（如芭芭农场、蚂蚁庄园）和交通知识学习（如信号灯规则）。

不喜欢：基于未点击商品，用户不喜欢涉及严重交通违规（如行人闯红灯、司机分心）、车贷主题或无关电动车事故（如多人骑行）的内容。",3,complete
869679,"喜欢：偏好品类包括动物相关（如狗、大熊猫）和意外事件/社会新闻（如车祸、打赏纠纷）；关键词涉及动物、金融投资（股票、芝麻信用）和旅游（年卡、景区）；偏好品牌如amer、orion、shineway；使用场景涵盖旅游景点（古镇、景区）、金融支付（条码支付、二维码）和日常生活消费（食品、支付）。

不喜欢：基于未点击商品特征，不喜欢实验性、野外安全相关的内容（如危险水域实验）。",3,complete
1687990,"喜欢：用户偏好家居设计品类，特别是卧室、卫生间、厨房的空间优化和收纳解决方案，关键词包括收纳、设计、实用、颜值高、幸福感，使用场景为家庭生活空间提升（如小卧室布局、卫生间泡澡区、厨房细节优化），品牌偏好不明显（数据中无特定品牌提及）。

不喜欢：用户不喜欢时尚导向或颠覆认知的家居设计概念（如简约时尚客厅或颠覆性小卧室设计），以及非家居相关主题（如金融补贴或汽车知识），这些特征与点击行为中的实用收纳导向相反。",3,complete
1987666,"### 用户兴趣偏好总结（场景3）
喜欢：该用户偏好新闻趣事和社会热点类内容，关键词包括女子、网友、狗、妈妈、交警、高铁和博物馆等，常涉及品牌如星巴克、农夫山泉和新希望，使用场景多为早餐、餐饮小吃、交通消费和日常购物。  
不喜欢：该用户不感兴趣教育警示和日常生活建议类内容，如安全实验、消防故事或骑行提示等。",3,complete
1951271,"喜欢：用户偏好宠物（尤其是狗）相关的幽默搞笑内容，关键词包括狗、动物、故事、吃货、女子、男孩；常用品牌如星巴克、可口可乐、支付宝、美团、滴滴出行；使用场景涉及娱乐观看（如动物趣事视频）、外卖点餐（如餐饮饭店、日式料理）和交通出行（如共享单车、网约车）。

不喜欢：用户不喜欢负面或惩罚性的动物行为内容，如狗逃跑和挨揍的场景，这与点击行为中正面幽默的动物描述相反。",3,complete
572222,"### 用户兴趣偏好总结（场景3）
喜欢：偏好娱乐短视频和生活趣事品类，关键词包括猫、狗、电动车、女生和运动，品牌如快手和抖音（基于交易行为），使用场景涉及日常出行（如公交、电动车）和休闲搞笑内容（如动物趣事、意外事件）。  
不喜欢：和谐完美的宠物与主人互动内容（如温馨狗猫场景），与点击行为中意外搞笑特征相反。  

（字数：98字）",3,complete
84849,"喜欢：用户偏好品类包括社会新闻、动物趣事和奇闻轶事（如自救故事、锦鲤出游、狗狗行为），关键词如游泳、自救、趵突泉、锦鲤、狗狗、学霸、安全提示和城市探索，无明显品牌偏好（点击商品中未提及品牌），使用场景为在线浏览娱乐和新闻内容（基于搜索关键词如公交、健康码和服务使用如天气、网约车）。

不喜欢：用户不喜欢内容涉及救援事件和军事主题（如游玩落水被救和退役军人），与点击行为中自救趣闻相反（未点击商品特征为游玩、退役军人，而点击商品偏好自救、趣闻）。",3,complete
171135,"喜欢：用户偏好健康运动内容（如甩掉过冬脂肪）、创新烹饪方法（如茄子新吃法）和金融保险知识（如五险一金变七险三金），偏好品类包括健康、食谱和金融；关键词涉及租赁服务（租机服务、免押租机）和出行优惠（公交乘车卡、乘车优惠券）；品牌倾向舒肤佳（个人护理）、康师傅（食品）和伊利（乳制品）；使用场景覆盖公益参与（蚂蚁庄园、公益种树）、游戏娱乐（消除游戏、小游戏）及生活支付（转账、花呗）。

不喜欢：用户不喜欢高脂肪餐饮内容如红烧肉，与点击的健康主题相反，表现为避免油腻食物和餐饮饭店相关特征。",3,complete
1163996,"喜欢：用户偏好品类包括社会新闻（如高铁事件、女子安全）、宠物幽默（如猫咪、狗子行为）、工作知识（如五险一金、社保查询）和交通事件；关键词如女子、猫咪、五险一金、高铁、优惠券；品牌如Apple（交易和搜索中高频出现）、支付宝、淘宝、优衣库；使用场景涉及日常消费（餐饮小吃如早饭、饼干）、出行（火车票、高铁）、金融服务（理财、支付）和娱乐（宠物视频、社会新闻）。

不喜欢：用户不喜欢的内容包括烹饪教程（如炒鸡蛋，与点击的幽默食品内容相反）、严肃宠物知识（如猫咪行为解析，与点击的幽默宠物标题相反）以及电动车违规事件（如女生骑电动车，与点击的高铁新闻相反），这些特征基于未点击商品与点击行为的反差。",3,complete
1037908,"喜欢：用户偏好娱乐性动物视频和搞笑事件内容，偏好品类包括宠物（狗、大熊猫、猫）、救援故事和交通事故；关键词如狗、大熊猫、锦鲤、小青蛙、电动车漂移、退役军人抢救；品牌涉及支付宝、饿了么、美团（基于服务使用）；使用场景主要为休闲娱乐观看、公益参与（如蚂蚁庄园种树）和日常购物（便利店、超市）。

不喜欢：用户不喜欢恐怖或神秘主题内容，如未点击商品中涉及马尾、波士顿龙虾的实体特征，与点击的动物真实性和搞笑事件相反。",3,complete
110653,"喜欢：偏好品类包括家常食品（如排骨焖饭、椒盐虾）、宠物饲养（猫狗相关）、家居设计（卧室、飘窗改造）和安全事件（救援类）；关键词涉及设计、狗、猫、步数；品牌如紫竹（家居或食品相关）；使用场景为家庭烹饪、宠物互动、公益骑行（基于低碳出行服务）和户外安全。

不喜欢：基于未点击商品特征，不喜欢传统家居设计（如阳台洗衣柜）和负面安全事件（如尾随场景），与点击行为中创新设计和正面事件相反。",3,complete
463964,"喜欢：该用户偏好宠物狗相关搞笑视频和生活技巧内容，偏好品类包括宠物（狗）、搞笑视频、驾驶教育；关键词如狗、吃播、日常、技巧；品牌倾向苹果、小米、华为（基于交易行为中的高频实体）；使用场景为日常娱乐、学习驾驶技能和宠物互动。

不喜欢：基于未点击商品中与点击行为相反的特征，用户不喜欢宠物鼠、锦鲤等非狗动物内容及社会事件视频，如放生、偷拍或群体事件。",3,complete
163862,"### 用户兴趣偏好总结（场景3）
喜欢：用户偏好宠物狗相关幽默娱乐内容，关键词包括狗、狗狗、大白、聪明、搞笑和家庭；偏好品类为宠物用品（如玩具、湿巾）和在线娱乐；品牌涉及贵为、佩塔宠物等宠物品牌；使用场景包括家庭互动、宠物饲养和外卖点餐（如饿了么、美团）。

不喜欢：用户不喜欢约会、美食（吃货）、童年回忆、负面宠物描述（如傻狗）、LSP、边牧、动作、事故和财务补贴内容，关键词包括约会、吃货、小时候、傻狗、lsp、边牧、动作、萌娃、补贴；使用场景涉及约会、事故和财务事务。",3,complete
147132,"### 用户兴趣偏好总结（场景3）
喜欢：用户偏好宠物（尤其是狗）相关幽默视频、家庭生活故事（如萌娃、妈妈互动）和生活技巧分享（如开车技巧、安全指南），关键词包括狗、萌娃、遛狗、梦想、安全；品牌涉及手机（如苹果 iPhone 14）和支付宝服务（如芭芭农场、公益项目）；使用场景为日常娱乐、家庭互动及公益参与（如种树、捐步），体现对生动、冲突性内容的兴趣。

不喜欢：用户对平淡的宠物互动（如撸猫）和地理城市主题内容不感兴趣，偏好避免与点击行为相反的温和或静态特征（如早起、手套），体现对戏剧化或幽默元素的排斥。",3,complete
982310,"喜欢：用户偏好交通事件相关品类（如路口事故、停车问题）、生活知识科普（如五险一金知识）、旅游景点介绍（如中国危险景点）、动物趣闻（如大熊猫高能瞬间）和家庭场景内容（如萌娃故事）；关键词包括马路、闪电、萌娃、知识、安全；品牌倾向公益相关（如中国红十字基金会）和科技服务（如支付宝）；使用场景涉及日常通勤、家庭娱乐和在线教育。

不喜欢：用户不喜欢夸张或误导性的保险信息（如五险一金变七险三金）、纯搞笑的事故内容（如女子骑自行车失控搞笑），以及过于负面的交通事件描述（如闯红灯事故强调两败俱伤）；基于未点击商品与点击行为相反的特征，包括保险变化、搞笑语气和绿化带事故。",3,complete
1076590,"喜欢：该用户偏好国际关系新闻和驾驶技巧内容，关键词包括国际、中国、司机、驾车、技巧、健康（如健康码、疫苗）；品牌方面倾向支付宝生态服务（如支付宝、蚂蚁庄园）；使用场景涉及日常移动支付（如条码支付、花呗）、健康管理（如核酸查询）和公益参与（如芭芭农场、捐步）。

不喜欢：该用户对本地交通事件和电动车相关话题不感兴趣，如未点击的电动车违规新闻中涉及的女生、南昌交警等特征。",3,complete
1259961,"喜欢：用户偏好家居设计和室内装修品类，关键词包括设计、卧室、房子、卫生间、收纳、休闲娱乐等，使用场景聚焦于小空间居住环境的优化（如单身公寓或小户型解决方案），品牌方面点击行为未体现特定偏好，但交易数据涉及小米、华为等可能相关品牌；整体兴趣体现在实用美观、功能性强的生活空间改造。

不喜欢：用户不喜欢省钱、涉及邻居的装修方式，这与点击行为中追求专业、独立和美观的设计特征相反，偏好避免廉价或社交性强的家居改造。",3,complete
1611865,"喜欢：用户偏好轻松幽默的娱乐内容，包括宠物相关趣事（如狗、遛狗、玩具熊）、日常生活幽默（如练车事故、景区扮演、高铁趣事）和社会事件（如救援、偷拍、消防员互动），关键词涵盖网友、主人、孩子、完美等，品牌涉及支付宝公益服务（如蚂蚁庄园、行走捐），使用场景为休闲浏览和公益参与（如公益项目、消防知识）。

不喜欢：用户不喜欢严肃或负面社会事件，如拆迁、建设相关主题（基于未点击商品的拆迁、户主、高铁概念特征，与点击的轻松幽默内容形成鲜明对比）。",3,complete
510989,"喜欢：用户偏好食品品类，尤其是家常菜和早餐食谱（如土豆、鸡蛋、牛肉类菜肴），关键词包括""简单快捷""、""酥脆下饭""、""懒人""和""孩子喜欢""；品牌方面倾向支付宝、饿了么（服务使用）和Apple（交易行为）；使用场景主要为家庭烹饪、早餐准备和孩子饮食，强调便捷与家庭共享。

不喜欢：用户不喜欢非食品内容，如安全警示或负面事件（基于未点击商品中与点击食品主题相反的特征，如尾随事件或汽车警告）。",3,complete
342336,"喜欢：用户偏好运动健身、时尚穿搭和生活健康类内容，关键词包括运动、健身、女孩、夏天及省钱优惠（如搜索""现金""、""红包""、""消费券""）；品牌方面常用支付宝、花呗和外卖平台如饿了么（基于服务使用实体）；使用场景涉及日常消费（如交易中的""外卖订单""、""生活超市""）、休闲娱乐和健康管理。

不喜欢：用户对虚构故事和社会新闻类内容不感兴趣，如未点击商品所示，避免涉及神话传说（如""蚩尤""）或交通违规事件（如""电动车""、""南昌交警""）。",3,complete
1149089,"喜欢：用户偏好宠物猫（特别是名为“土豆”的猫）和狗相关的视频内容，偏好品类为动物娱乐，关键词包括猫、狗、土豆、爱情、挑战、智力测试，品牌无显著体现，使用场景为休闲娱乐观看动物行为故事。

不喜欢：用户不喜欢鱼类（如锦鲤）、游泳和减肥主题的内容，基于未点击商品中与点击行为相反的游泳、组团出行特征。",3,complete
115594,"喜欢：用户偏好家居设计（如卫生间改造、卧室布局）、家庭生活（涉及一家多口居住问题）、交通事件（如闯红灯事故和电动车安全）、亲子互动（双胞胎配合和儿童活动）、社会新闻（网友讨论和搞笑事件）以及实用技巧（如小空间优化）；关键词包括设计、安全、家庭、梦想、网友和视频；品牌无明显偏好，但涉及青桔单车等交通服务；使用场景覆盖日常实用（住房改造和交通规则）和娱乐休闲（搞笑视频和情感话题）。

不喜欢：用户不喜欢艺术类内容（如逼真绘画）和钓鱼或冒险主题（如海上钓鱼和飞机概念），这与点击行为中现实生活焦点相反。",3,complete
1389162,"喜欢：用户偏好宠物动物内容，尤其是狗、猫和大熊猫的幽默可爱互动视频；关键词包括遛狗、洗澡、碰瓷、小鸟交朋友等；品牌如蚂蚁森林（公益项目）；使用场景为休闲娱乐在线观看，涉及动物行为、日常趣事和公益保护主题。

不喜欢：用户不喜欢涉及旅游景区角色扮演（如孙悟空）、人类投喂活动或离职故事等内容，这些与动物直接行为相反，特征包括商业化投喂、小朋友互动和人类生活叙事。",3,complete
1486467,"喜欢：用户偏好宠物相关品类（如猫狗）、家庭情感内容、动物视频和美食制作，关键词包括布偶猫、边牧、爸爸、女儿、开胃汤、工匠精神等，品牌如华为、荣耀honor（基于交易行为），使用场景涉及家庭娱乐、育儿和日常饮食（如早餐饼、开胃汤制作）。

不喜欢：用户不喜欢拆家主题的宠物内容（如狗拆家）和强调健康烹饪的饭店风格美食（如红烧肉），基于未点击行为中回避""狗|一滴水,好吃的,餐饮饭店,红烧肉""等特征。",3,complete
1243483,"喜欢：用户偏好公益慈善活动（如捐赠、基金会参与）、出行交通服务（如火车、公交、网约车）、日常消费（如食品、用品），关键词包括救援、动物、节约、交通安全，品牌涉及滴滴出行、淘宝、小米、农夫山泉等，使用场景涵盖日常支付（花呗、余额宝）、出行导航（高德、路线规划）和公益参与（如助学计划、防汛救灾）。

不喜欢：用户对政治性内容（如中美关系）、虚构故事或国际冲突话题不感兴趣，这与点击的真实生活故事和实用信息形成鲜明对比。",3,complete
1181937,"喜欢：该用户偏好房地产品类（如网红住宅和空中花园），旅游娱乐主题（如景区扮演孙悟空和投喂趣事），动物生活内容（如清道夫生存），以及汽车技术（如油耗优化）；关键词包括房子、旅游景区、孙悟空、清道夫、油耗；品牌不明显；使用场景涉及家居生活（如住宅维护）和休闲娱乐（如景区游玩）。

不喜欢：基于未点击商品，用户不喜欢交通违规相关主题（如电动车事故和交警执法内容），与点击行为中积极、趣味特征相反。",3,complete
1114598,"喜欢：用户偏好娱乐性和正能量内容，包括动物趣事（如狗、猫、水豚相关）、幽默事故（如意外搞笑事件）、社会救援（如消防员、退役军人故事）及时尚展示（如高校女生走秀），关键词涵盖萌宠、搞笑、正能量、救援；品牌偏好支付宝服务（如花呗、余额宝）和中国移动；使用场景为日常休闲浏览、缴费理财（如电力缴费、话费充值）和公益互动（如蚂蚁庄园）。

不喜欢：用户不喜欢负面隐私侵犯内容，如偷拍事件，关键词涉及黑屏、高铁概念，与点击的正能量和幽默主题相反。",3,complete
1066206,"喜欢：用户偏好宠物相关品类（如猫、狗、大熊猫），关键词包括幽默、情感和家庭主题（如""妈妈""、""幸福""），品牌涉及瑞幸咖啡和肯德基（基于搜索和交易数据），使用场景集中在下午茶、家庭娱乐和公益互动（如芭芭农场）。  
不喜欢：用户不喜欢金钱主题（如""有钱""）、社会补贴内容（如""独生子女补贴""）以及特定事件描述（如""夏季高温""），这些特征与点击的宠物幽默情感内容相反。",3,complete
700139,"喜欢：偏好宠物和动物趣事品类（如狗、猫、大熊猫），关键词包括狗、小猫、网友、开心、故事，品牌涉及伊利、蒙牛和支付宝服务（如芭芭农场），使用场景在休闲娱乐、情感分享和日常观察中。
不喜欢：基于未点击行为，不喜欢动物园动物（如大熊猫、老虎）或食物偷吃类内容（如饺子），与点击的宠物互动和情感主题相反。",3,complete
471005,"喜欢：该用户偏好家居装修品类，特别是厨房、卫生间和阳台的实用设计与收纳优化，关键词包括设计、实用、空间和细节；品牌方面涉及步步挣（运动相关服务）；使用场景为家庭日常生活和装修规划，强调功能性和空间利用率。

不喜欢：基于未点击商品，用户不喜欢休闲放松内容（如泡澡追剧）和过于时尚而非实用的家居设计特征（如时尚收纳或分类吊柜）。",3,complete
1235125,"喜欢：该用户偏好生活故事和英雄事迹类内容，偏好品类包括情感分享和新闻事件，关键词如工资、回家、快乐、兄弟、退役军人、游玩，品牌无显著偏好（点击中未涉及具体品牌），使用场景为休闲娱乐和新闻阅读。

不喜欢：该用户不喜欢情感关系（如男朋友）、交通事件（如电动车）、教育发明（如大学生）、社会隐私问题（如偷拍）、职场保险（如五险一金）、动物科学（如清道夫）及娱乐角色扮演（如孙悟空）类内容。",3,complete
1624176,"### 用户兴趣偏好总结（场景3）
喜欢：用户偏好社会新闻、动物趣事和教育类内容，品类包括国内外热点事件（如中国、日本、美国相关）、宠物（如狗、大熊猫）及教育话题（如大学生发明），关键词涉及网友、中国、日本、狗、大熊猫、学霸，品牌倾向蚂蚁财富相关服务（如支付宝、蚂蚁庄园），使用场景主要为休闲娱乐、信息获取和理财管理（如公益、健身、手机费支付）。

不喜欢：用户不感兴趣于严肃本地事件和救援故事，如山东泰安游玩相关的内容，特征包括游玩、退役军人等实体词，与点击行为中娱乐性和国际性主题相反。",3,complete
1432125,"喜欢：用户偏好宠物动物相关品类（如狗、猫、鸟），关键词包括""狗""、""猫咪""、""女生""、""网友""、""高铁""等，品牌偏好不明显（从搜索关键词如麦当劳、星巴克推断），使用场景为休闲娱乐和在线视频观看，具体表现为搞笑动物视频、社会趣闻及情感故事内容。

不喜欢：用户不喜欢严肃事故（如落水、车祸）和育儿主题（如带娃摔倒），基于未点击商品的特征如""游玩""、""带娃""、""钓鱼""、""骑行""等，与点击行为中轻松幽默风格相反。",3,complete
571799,"### 用户兴趣偏好总结（场景3）
喜欢：用户偏好家常菜品类，特别是肉类（如牛肉、猪肝、鸡翅）、海鲜（如大虾、鲍鱼）和蔬菜（如黄瓜、番茄），关键词强调""简单""、""美味""、""下饭""、""鲜嫩""和""开胃""，品牌涉及食品相关如可口可乐、康师傅，使用场景集中于家庭烹饪、日常餐饮及休闲娱乐（如农场游戏服务）。

不喜欢：用户不喜欢非食品内容，如金融知识（社保卡、五险一金）、新闻事件（电动车事故）及保险话题，与点击行为相反的特征是偏好实用美食而非信息类或知识型主题；某些未点击食品如凉拌金针菇也反映对特定凉拌菜兴趣较低。",3,complete
1387845,"喜欢：用户偏好宠物相关娱乐内容，特别是猫咪（如""土豆""）、熊猫和狗的视频，关键词包括可爱、挑战、鱼油和瑜伽；品牌方面，常使用餐饮品牌如麦当劳、星巴克和必胜客，以及支付宝服务；使用场景涉及观看短视频娱乐、参与公益（如蚂蚁森林）和日常餐饮消费。

不喜欢：用户对家居设计（如卧室办公）、烹饪内容（如早餐饼）不感兴趣，基于未点击商品如卧室设计和早餐饼，与点击的宠物娱乐特征相反。",3,complete
573592,"喜欢：用户偏好家庭烹饪和早餐食谱，尤其关注孩子相关食物如鸡蛋牛奶小饼、蔬菜鸡蛋饼和饺子；关键词包括""孩子""、""简单""、""好吃""和""早餐""；品牌涉及纯牛奶、防晒衣和小米；使用场景主要为家庭早餐准备和简单易做的日常烹饪。

不喜欢：用户不喜欢牛肉类菜肴、辛辣食物如辣椒炒肉，以及医疗或医院相关主题，基于未点击商品中与点击行为相反的肉类和负面场景特征。",3,complete
938770,"喜欢：用户偏好家居设计品类（如卧室、厨房、阳台的优化布局），关键词包括""设计""、""颜值""、""实用""、""好吃的""和""小卧室""，品牌涉及宠物相关如比熊和泰迪（从交易行为中的宠物零食和狗粮实体推断），使用场景主要为家庭生活改善（如装修技巧、烹饪早餐饼和红烧肉）及日常实用技巧（如开车调头）。

不喜欢：用户不喜欢强调家庭共享的素菜内容（如未点击商品中""全家人都爱吃的素菜""及其实体""familymart""），这与点击行为中偏好新奇或美味导向的素菜（如""比肉还好吃的素菜""）形成相反特征。",3,complete
1351824,"喜欢：用户偏好福利补贴类内容（如独生子女补贴）、宠物趣事（如狗狗撸猫）、旅游景点探索（如中国危险景点）和英雄事迹（如退役军人救援），关键词包括补贴、手套、景点、游玩；品牌涉及光明、联华超市等；使用场景涵盖家庭娱乐、户外探险和社会公益。

不喜欢：用户不感兴趣金融储蓄（如银行存款）、无意义动作描述和景区娱乐表演（如扮孙悟空被投喂），基于未点击行为与点击偏好相反。",3,complete
100348,"喜欢：偏好娱乐短视频和日常生活趣事品类，关键词包括电动车、玩具熊、公主裙、跳舞等幽默事件，品牌如波士顿龙虾（食物相关），使用场景为休闲时间观看搞笑、家庭互动或交通相关的视频内容，体现对轻松娱乐和城市生活主题的强烈兴趣。

不喜欢：户外冒险和等待型活动，如爬山、日出观赏或自然风光主题，基于未点击商品中与点击行为相反的户外、静态等待特征（如武功山、日出、等待）。",3,complete
1483214,"喜欢：用户偏好家居设计品类，尤其关注小空间优化（如小卧室、卫生间设计），关键词包括设计、收纳、飘窗、孩子（儿童房相关）和实用装修；品牌方面倾向支付宝生态服务（如蚂蚁森林、蚂蚁庄园）；使用场景聚焦家庭居住环境改善、日常实用装修和育儿空间优化。

不喜欢：基于未点击商品特征，用户不喜欢涉及省钱或邻居参与的装修方式，与点击行为中强调品质和独立设计的偏好相反。",3,complete
689038,"喜欢：该用户偏好宠物相关品类（如猫咪、狗狗、大熊猫），关键词包括动物行为、日常生活幽默（如""土豆""、""钓鱼人""）、常用品牌如支付宝、饿了么（基于交易和服务使用），使用场景为休闲娱乐（观看短视频、宠物互动）和公益参与（如蚂蚁森林、捐步）。
不喜欢：基于未点击商品，用户不喜欢情感化故事（如""真爱粉""、""收入""主题）和非娱乐性内容（如医疗或平淡描述）。",3,complete
1969820,"喜欢：用户偏好宠物猫咪相关的内容，包括品类如家常食品（牛肉、饺子、素菜）、关键词如猫咪、小猫咪、撸猫、妈妈、幸福；品牌如良品铺子（交易和搜索中出现）、apple（交易中）；使用场景涉及家庭休闲、宠物互动和在线娱乐（如观看情感故事性视频）。

不喜欢：基于未点击商品的特征，用户不喜欢简单的食物制作教程（如豆腐、懒人馅饼）和收入相关的内容，这些与点击行为中情感丰富、故事性的偏好相反。",3,complete
1766224,"喜欢：偏好动物意外事件和搞笑短视频品类，关键词包括坚强、小姐姐、虾、电动车、女生、女子、泥人、山风、日出、猫咪、老虎、避暑，品牌如上海野生动物园，使用场景为休闲娱乐和移动设备消费（如电动车通勤时观看）。
不喜欢：基于未点击行为，不喜欢教育性宠物内容（如猫咪行为解释）和实用技巧品类（如汽车油耗），关键词如油耗、按键、狗狗、西瓜，使用场景为学习指导或严肃事件消费。",3,complete
1771274,"喜欢：该用户偏好食品品类（如早餐饼、水果、海鲜），关键词包括育儿、宝宝、补贴和知识，品牌如盒马、苏宁和多乐之日，使用场景涉及家庭厨房、育儿生活、公益服务（如芭芭农场）和政府补贴相关活动。  
不喜欢：基于未点击商品，用户不喜欢新闻事件、旅游事故和军事相关的内容，如游玩和退役军人主题。",3,complete
59521,"喜欢：用户偏好家常菜的新吃法，尤其是早餐食品（如早餐饼、茶叶蛋、发面饼）和素菜（如凉拌茄子、蔬菜沙拉），关键词包括营养、美味、懒人做法和孩子爱吃；品牌方面涉及必胜客、和路雪等餐饮类；使用场景集中在家庭早餐、孩子饮食和懒人食谱，强调简单烹饪和健康营养。

不喜欢：用户对未点击的""鸡蛋新吃法""和强调""好吃的""素菜（如比肉还好吃的素菜）缺乏兴趣，表明可能对特定食品的过度宣传或重复表述内容不感冒。",3,complete
849209,"喜欢：用户偏好汽车相关品类（如验车、停车技巧、代驾服务），关键词包括节约、远程、教会，品牌如Apple和小米，使用场景涉及驾驶辅助、生活故事分享和在线实用教育内容。

不喜欢：用户对旅游文化景点如苗族建筑群不感兴趣，与点击行为中汽车和生活主题相反。",3,complete
253445,"喜欢：用户偏好食品品类如早餐饼、蔬菜鸡蛋饼、土豆食谱（如土豆薯饼、土豆丸子）和简单家庭烹饪（如番茄鸡蛋面、红烧肉），关键词包括""简单易做""、""营养好吃""、""懒人新吃法""、""小孩子""和""外酥里嫩""，品牌涉及支付宝服务（如余额宝、芭芭农场）和超市（如红旗连锁、盒马），使用场景主要为家庭早餐准备、儿童饮食和日常实用技巧（如厨房工具、儿童房设计）。

不喜欢：基于未点击商品""听说你们都喜欢的烤鱼""，用户不喜欢烤鱼类菜肴，这与点击行为中偏好简单家庭烹饪（如蔬菜饼、鸡蛋食谱）和避免复杂或外出风格菜肴的特征相反。",3,complete
1419262,"喜欢：该用户偏好食品品类（如水果、美食、玉米面、代餐麦片），关键词包括现金、红包、优惠、瞬间和投喂，品牌涉及欧盛、阿里宝卡和蒂丽雪斯，使用场景涵盖日常消费优惠（如红包、消费券）、家庭娱乐（如萌娃、狗趣事）、健康管理（如医院相关）和旅游休闲（如景区、度假小镇）。

不喜欢：该用户不喜欢游玩事故和退役军人相关的内容，基于未点击商品的特征与点击行为中正面或娱乐主题相反。",3,complete
547942,"### 用户兴趣偏好总结（场景3）
喜欢：用户偏好家居设计品类，关键词包括设计、装修、卧室、厨房、收纳和空间优化，使用场景为家庭生活改善和日常实用（如小户型优化、卫生间无死角设计），无特定品牌偏好，但交易行为涉及支付宝、花呗等支付工具。  
不喜欢：用户不喜欢衣柜新布局建议（如""好拿好取实用""的变革性设计），偏好传统或保守的衣柜方案。",3,complete
861240,"喜欢：用户偏好时尚穿搭（如衬衫短裤套装）、美容（显白颜色）和健身训练（如改善臀凹陷动作），偏好品类包括服装、美容产品和健身器材，关键词涉及女生、上班、皮肤、手机、女朋友、训练，使用场景为日常工作和个人护理。

不喜欢：用户不感兴趣于社交帮助（如帮助陌生人停车）和摄影技巧（如辣妹逆光照），关键词包括帮助、停车、光照、辣妹，使用场景涉及内容创作和社交互动。",3,complete
656654,"喜欢：用户偏好汽车驾驶技巧（如调头、按键使用）、生活小窍门（如装修省钱、空间利用）、宠物趣事（如黄鳝宠物、萌娃告状）、教育话题（如大学排名、考生金榜题名）和搞笑内容（如奇葩名字、厕所趣闻）；关键词包括汽车、技巧、宠物、大学；品牌涉及华为、劳斯莱斯；使用场景涵盖驾驶安全、家庭生活、娱乐消遣和教育学习。

不喜欢：用户对汽车维护的极端警告内容（如""打死也别碰""的负面表述）不感兴趣。",3,complete
47684,"喜欢：偏好宠物（猫、狗）相关的生活娱乐内容，关键词包括猫咪、狗、房子、高校女生和家庭互动；品牌方面，交易行为中涉及apple|BRAND和lea|BRAND等；使用场景主要为搞笑视频、日常趣事和温馨家庭互动。
不喜欢：基于未点击商品，不喜欢负面宠物描述（如吐槽或抱怨）或偏离宠物主题的内容，如新手司机操作、辣妹拍照或手工能力相关主题。",3,complete
1569199,"喜欢：用户偏好健康家常菜品类（如排骨焖饭、凉拌茄子、辣椒炒肉），关键词包括""简单好吃""、""收纳设计""、""健康不胖""，品牌涉及海天、金龙鱼等食品类，使用场景聚焦家庭烹饪（周末给孩子做饭）和家居改造（客厅、阳台优化）；同时关注趣味生活内容（如萌娃、锦鲤视频），体现对实用、创意和家庭导向的兴趣。

不喜欢：用户不感兴趣儿童相关食品（如早餐饼）和娱乐景区主题（如孙悟空投喂），与点击行为中成人家庭、健康饮食特征相反，表现为回避轻浮或儿童导向内容。",3,complete
576089,"喜欢：用户偏好家常菜和简单食谱品类，如蔬菜类（土豆、黄瓜、茄子）、海鲜（盐焗海鲜）、肉类（猪肉、鱼片）和面食（面条、油泼面）；关键词包括""简单""、""健康""、""懒人""、""早餐""、""无油""和""孩子""；品牌方面无明显偏好，但使用场景集中于家庭用餐（如孩子喜爱的盐焗手撕鸡）、快速烹饪（懒人焖饭、早餐五分钟完成）和健康饮食（凉拌菜、无油红烧肉），尤其在早餐和夏季场景中突出。

不喜欢：基于未点击""皮蛋新吃法""商品，用户不喜欢皮蛋或类似特殊、非主流食品品类，与点击行为中偏好常见、健康家常菜的特征相反。",3,complete
908204,"喜欢：用户偏好农业种植（如西瓜、水稻）、生活技巧（如园艺修剪、健康维护）和食物烹饪（如海鲜、豆腐）类内容，关键词包括理财、地铁、西瓜、大虾等；品牌涉及外卖平台（如美团、饿了么）和电子产品（如apple、小米）；使用场景涵盖日常学习、健康维护、时事关注（如日本核污水事件）和娱乐（如游戏服务）。

不喜欢：用户不喜欢甜点类内容，如甜蛋糕，与点击的咸味食物（如大虾、黄鱼）和实用主题（如农业、时事）形成鲜明对比。",3,complete
1959529,"喜欢：用户偏好餐饮小吃品类（如饺子、热干面、奶吧），关键词包括美食、健康（如抽搐、医保）、趣闻（如女性特征、狗狗撸猫），品牌如星巴克、luckincoffee、Apple，使用场景涉及外卖点餐、移动支付（如支付宝、微信扫码）和在线娱乐消费（如阅读趣闻、视频内容）。

不喜欢：用户不喜欢教育或童年回忆主题的内容，基于未点击商品的特征与点击行为（积极趣事、生活服务）相反。",3,complete
228549,"喜欢：用户偏好汽车与交通相关品类（如事故新闻、驾车技巧），关键词包括车辆违章、安全消防，品牌如壳牌、特斯拉，使用场景涉及交通管理（查缴违章）、日常出行（外卖点餐）和公益参与（行走捐、种树）。

不喜欢：用户不喜欢个人隐私和关系主题，如手机和女朋友相关的内容，与点击行为中公共事件和实用技巧相反。",3,complete
387204,"喜欢：该用户偏好生活趣闻、省钱技巧和家庭住房问题（如点击的“房子”、“客厅”、“装修省钱”），关键词包括大学生主题、动物救援、新奇事件和交通故事（如“高铁”、“电车”、“骑行”），品牌涉及支付宝、余额宝等金融科技服务（基于交易和服务实体），使用场景覆盖家庭生活、日常出行、健身休闲和在线理财公益（如“种果树”、“捐步”）。

不喜欢：该用户不喜欢负面安全威胁内容，如尾随、犯罪事件（基于未点击商品的“女子被黄衣男子尾随”实体词），与点击行为中积极生活主题相反。",3,complete
119774,"喜欢：该用户偏好旅游探索品类，关键词包括中国、国内景点、云南、贵州、旅行和推荐官；品牌方面对手机如华为、小米、oppo（从交易和搜索数据推断）有兴趣；使用场景为在线浏览国内奇闻轶事和景点内容，如危险景点、县城风光和旅行故事。

不喜欢：基于未点击商品特征，用户不喜欢冒险住宿（如悬崖民宿）、金融问题（如车贷）和医疗场景（如医院），与点击的旅游主题相反。",3,complete
735951,"喜欢：用户偏好家居装修中的小空间优化设计（如客厅、厨房、卫生间布局）、宠物相关故事（猫狗互动）、实用收纳技巧；关键词包括收纳、设计、宠物；使用场景为家庭生活改善和空间节省；品牌涉及支付宝、饿了么等生活服务平台，基于点击商品标题和实体词如""小厨房设计""、""养猫""、""收纳""等高频特征。

不喜欢：用户不喜欢抽象的家居整体感描述（如卧室整体感），偏好具体实用内容，基于未点击商品""这样的卧室整体感更强！""及其实体词""卧室""，与点击行为中具体技巧（如""卧室收纳增10倍""）形成相反特征。",3,complete
1973631,"喜欢：用户偏好动物娱乐内容（尤其大熊猫和猫咪相关视频）、健康运动（如慢跑动作）及有趣生活场景（如旅游景点蚩尤九黎城），关键词包括大熊猫、保护、vlog、慢跑；品牌如茶百道、霸王茶姬；使用场景涉及娱乐观看、日常健康锻炼和宠物互动。

不喜欢：用户不喜欢狗狗和学习主题内容（如学霸相关），基于未点击商品特征与点击行为相反（点击偏好大熊猫/猫咪而非狗狗，且娱乐而非教育）。",3,complete
1070562,"喜欢：用户偏好早餐类食品如鸡蛋饼、发面饼、玉米烙和家常菜（如土豆、苦瓜做法），关键词包括营养、健康、酥脆、简单、快速；服务偏好余额宝理财和斗地主游戏；使用场景为家庭早餐准备、日常烹饪及生活缴费（如电费查询）。
不喜欢：用户不喜欢南瓜饼和饺子皮相关食物，可能与个人口味不符或避免与""女朋友""主题相关的推荐。",3,complete
1428982,"喜欢：用户偏好出行相关品类如火车、公交和共享单车，关键词包括消费券、点餐优惠和麦当劳，品牌如麦当劳、支付宝和哈啰出行，使用场景涉及日常通勤、餐饮优惠及生活新奇事件（如钓鱼、意外趣事）。
不喜欢：用户不喜欢负面事件相关主题，如车祸和事故。",3,complete
1337517,"喜欢：用户偏好宠物相关品类（尤其是狗和熊猫的搞笑或意外事件，如遛狗困难、救援故事）、家常美食（如番茄鸡蛋面、奶制品和巴基斯坦美食）、健康睡眠（如睡前一杯奶）、公益捐赠（如慈善基金会）和社会新闻（如车祸、拆迁）；关键词包括遛狗、美食、睡眠、救援；品牌涉及番茄鸡蛋面等食物；使用场景主要为家庭休闲（观看娱乐视频）、健康养生（睡眠管理）和社会观察（新闻事件）。

不喜欢：基于未点击商品，用户不喜欢温馨默契的宠物互动（如眼神交流的狗子）和休闲旅游趣事（如锦鲤组团出游的幽默内容），与点击行为中偏好搞笑、问题导向的特征相反。",3,complete
741949,"### 用户兴趣偏好总结（场景3）
喜欢：用户偏好家常菜和早餐食谱品类，关键词集中于简单、营养、孩子和家庭，品牌涉及九阳（joyoung）等厨房电器，使用场景主要为家庭厨房烹饪、为孩子准备营养早餐及日常快捷料理，如点击的""早餐鸡蛋饼""、""西红柿鸡蛋面""强调易操作、健康和孩子喜爱。

不喜欢：用户不喜欢复杂烹饪如干锅和盐焗类，特定食材如虾，以及非实用内容如科普或怪异主题，与点击的简单家庭烹饪相反，基于未点击的""干锅盐焗虾""和""鱼眼睛搬家""等特征。",3,complete
232844,"喜欢：用户偏好娱乐性动物视频和家庭幽默内容，品类包括萌宠、儿童趣事和日常意外事件，关键词如狗狗、萌娃、约会、搞笑，品牌涉及支付宝、饿了么、可口可乐，使用场景为外卖点餐、公益捐赠（如蚂蚁森林）和日常消费观看。

不喜欢：用户不喜欢教育性或分类性动物内容，如学霸主题，偏好真实娱乐故事而非严肃分类。",3,complete
1445338,"### 用户兴趣偏好总结（场景3）
喜欢：用户偏好家常菜食谱（如鸡蛋、米饭、蔬菜、豆腐的创新做法，关键词包括鸡蛋、米饭、房子、卧室设计）、零食品类（如坚果、水果、熟食）、健康饮食场景（如早餐、下饭菜）；品牌涉及海天、甘源、三只松鼠；使用场景聚焦简单烹饪、家居改造和公益服务（如芭芭农场、蚂蚁庄园）。

不喜欢：用户不喜欢简单、无新意的食谱内容，如未点击的“豆腐这样做简单又好吃”，表明对重复或平淡的食品呈现方式排斥，与点击行为中偏好创新、多样化特征相反。",3,complete
53372,"喜欢：用户偏好新闻事件和体育内容，如暴雨、火箭相关主题（偏好品类）；关键词包括暴雨、火箭、医保、公交（基于点击实体和搜索）；品牌倾向音乐服务（酷狗、全民K歌）和出行工具（哈啰出行、哈啰单车）；使用场景集中在移动出行（如单车、网约车）、理财管理（余额宝、花呗）和娱乐消费（音乐会员）。

不喜欢：用户对休闲旅游和吉祥物内容不感兴趣，如锦鲤、游泳相关主题（基于未点击实体词与点击行为相反的特征，未点击涉及组团、出行、游泳、锦鲤，而点击偏向灾难/体育事件）。",3,complete
337592,"### 用户兴趣偏好总结（场景3）
喜欢：该用户偏好社会新闻、动物趣闻和交通事件类内容，品类集中于奇闻轶事（如消防员救灾、小动物行为）、灾难救援和儿童相关事件；关键词包括消防员、降温、小鸟、女孩、小鳄鱼、散步、围观及公益（如救灾）；品牌倾向鸿星尔克；使用场景涉及日常社交媒体浏览（如抖音）、视频娱乐和公益互动（如蚂蚁庄园种树）。

不喜欢：基于未点击商品，用户不喜欢游戏和技术性内容，特征包括五子棋、机器人操作、汽车按键知识及普通生活琐事（如点外卖、钓鱼），与点击行为中真实事件和奇特性相反。",3,complete
1441479,"喜欢：该用户偏好动物相关和幽默搞笑内容，如宠物（狗、猫）、萌娃、救援事件；关键词包括狗、萌娃、喷泉、高校、骑行；品牌偏好家电（如supor苏泊尔、flyco飞科）和食品饮料（如蒙牛、旺旺）；使用场景涉及在线娱乐观看、公益参与（如公益捐步）和日常生活事件。

不喜欢：基于未点击商品特征，用户不喜欢静态户外自然风景活动，如日出、山风等等待场景。",3,complete
701672,"### 用户兴趣偏好总结（场景3）
喜欢：用户偏好育儿用品（如儿童内裤、书包、娃娃）、美食探索（如纯牛奶、素菜、西瓜）、动物故事（如猩猩、大雕）、公益活动（如捐赠、芭芭农场）和家庭生活场景（如客厅、收纳箱），关键词包括美食、动物、育儿，品牌涉及统一、伊利、优衣库等，使用场景集中于家庭日常、育儿消费和公益参与。  
不喜欢：用户不喜欢理论性或抽象内容，如未点击的""理论上会做任何菜""，表明对纯理论话题缺乏兴趣，与点击行为中具体、情感化内容相反。",3,complete
1680411,"喜欢：用户偏好新闻事件、搞笑视频和意外故事类内容，偏好品类包括社会热点、奇闻轶事和动物相关；关键词如车祸、洪水、鱼、牛、电动车事故、外卖、急中生智、投喂、孙悟空、退役军人、钓鱼、飞机等；品牌涉及管家婆、加贝、channel、狮王、百事、mirinda、康师傅、蒙牛（基于交易行为）；使用场景涵盖娱乐消遣、日常生活意外、公益活动和运动缴费（如芭芭农场、公益捐步、停车缴费）。

不喜欢：用户不感兴趣于平凡日常、教育实验和金融话题类内容，与点击行为相反的特征包括帽子寻找、野外水域实验、波士顿龙虾幽默和车贷图案，体现为关键词如实验、车贷、帽子，以及更平静或解释性场景。",3,complete
1187548,"### 用户兴趣偏好总结（场景3）
喜欢：偏好品类包括女性时尚（如小西装短裤套装、清冷套装）、运动健身（如健身房训练、打篮球）、汽车配件（如头枕、防晒垫）和金融服务（如余额宝、基金）；关键词涉及女生、健身、汽车技巧、上班穿搭；品牌如蜜丝婷（防晒霜乳）、农夫山泉（饮品）、支付宝（支付）；使用场景涵盖上班通勤（如开车技巧）、日常穿搭（如大运会风格）、汽车驾驶维护（如按键功能）及户外防晒（如防晒衣）。  
不喜欢：基于未点击行为，不喜欢车贷相关的内容，如金融债务主题（图案提示免还车贷）。",3,complete
970148,"### 用户兴趣偏好总结（场景3）
喜欢：用户偏好宠物和动物娱乐内容，包括狗、猫、大熊猫等品类，关键词如开心、慕了、视频、搞笑，品牌如蚂蚁森林，使用场景为休闲观看视频、动物保护公益和家庭娱乐互动。  
不喜欢：用户不喜欢约会或浪漫主题的内容，基于未点击行为中与点击的动物娱乐特征相反。  

（字数：98）",3,complete
956895,"喜欢：用户偏好美食类内容，特别是家常菜新吃法（如红烧肉、蒸排骨、蒜薹炒肉等）、家居装修（阳台、客厅、卧室设计）和生活技巧（懒人馅饼、韭菜饼等），关键词包括""新吃法""、""懒人""、""好吃""、""装修""，使用场景多为家庭烹饪和日常省钱，品牌方面无明显偏好但交易行为涉及支付宝、美团等支付服务。

不喜欢：用户不喜欢针对儿童的内容，如强调小孩子抢着吃的食品（如早餐饼），与点击行为中成人导向的生活技巧和美食相反。",3,complete
1056937,"### 用户兴趣偏好总结（场景3）
喜欢：用户偏好素食和家常菜品类，如豆角、豆腐的创意吃法，强调营养美味和懒人食谱（如懒人焖饭、早餐制作）；关键词包括""简单""、""收纳""、""省钱""；品牌涉及星巴克和支付宝服务（如余额宝）；使用场景聚焦家庭烹饪、日常饮食、育儿健康（胎儿脐带）及省钱理财（独生子女补贴）。

不喜欢：用户不感兴趣于肉类菜肴（如红烧肉、爆炒腰花）、家居设计（阳台）、医疗话题（妊娠器官）及动物救援故事，这些特征与点击的素食和实用内容相反。",3,complete
1480954,"### 用户兴趣偏好总结（场景3）
喜欢：用户偏好动物趣闻（如清道夫、小鳄鱼、黄鳝、大熊猫）和交通事故内容（如闯红灯、漂移、电动车事故），关键词包括""宠物""、""闯红灯""、""食品概念""；品牌涉及蒙牛（食品）和支付宝服务（如蚂蚁庄园）；使用场景为日常娱乐浏览（如观看奇异动物视频）和出行相关搜索（如免押租赁、公交优惠），同时消费行为显示对零食（薯片、酸奶）和出行服务（打车、地铁）的倾向。

不喜欢：用户不喜欢萌娃和狗的家庭温馨内容，如未点击的""两岁萌娃被妈妈打找狗子告状""，实体词""萌娃""、""狗""、""躺平""表明对儿童或家养宠物趣事缺乏兴趣，与点击行为中偏好野生/奇异动物和事故新闻的特征相反。",3,complete
427135,"喜欢：偏好食品品类如家常菜（鸡蛋饼、鸡翅、排骨、豆皮）、家居用品（卫生间改造、一体化餐桌），关键词包括健康（社保查询、医保）、实用（生活技巧、创新吃法）、美食（科普、科普），品牌如支付宝（服务使用）、饿了么（服务使用）、滴滴出行（服务使用），使用场景为家庭早餐、烹饪、健康管理及家居改造。

不喜欢：基于未点击商品，用户不喜欢卧室收纳技巧（如利用1平米）和某些食品标题如包饺子肉馅调法，与点击行为相反的特征是更常规或重复表述（如""保证女朋友喜欢吃""的鸡翅标题），而非创新或健康导向内容。",3,complete
1914448,"喜欢：该用户偏好宠物相关品类（如猫、狗），关键词包括动物行为、幽默故事和家庭生活（如""养猫""、""遛狗""、""幽默""）；品牌涉及支付宝服务（如芭芭农场、蚂蚁庄园）；使用场景为休闲娱乐和支付宝应用中的互动游戏（如种树、养动物）。

不喜欢：用户不喜欢洗澡相关的个人护理主题，基于未点击商品中与点击行为（偏好正面、幽默的宠物内容）相反的特征。",3,complete
1334693,"喜欢：用户偏好旅游和文化景点品类（如中国苗族建筑群、钱塘江自然景观），关键词包括中国、特色、现金、租赁，品牌如味鲜（餐饮相关），使用场景涉及在线点餐（如外卖平台）和支付（如手机扫码支付），基于点击行为和交易服务数据。

不喜欢：用户不感兴趣于政治和国际冲突主题（如美国和中国王牌），与点击的正面文化内容形成对比，基于未点击商品特征。",3,complete
1277326,"喜欢：用户偏好驾驶技巧和交通安全相关内容，包括停车技巧（如侧方位停车、出库避免刮蹭）、油耗节省（如AC按键使用）、城市清洁（如中国最干净城市）等关键词，使用场景涉及日常驾驶、汽车维护和城市通勤；偏好品类集中于汽车驾驶辅助和实用生活技巧，品牌未在点击商品中体现，但交易行为显示对停车服务（如云停车平台）和本地消费（如朴朴超市）的关联兴趣。

不喜欢：用户不喜欢负面或问题导向的驾驶内容，如交通规则纠纷（如扣分责任、停车位被撞担责）和复杂信号灯场景（如读秒红绿灯遇上箭头灯），这些特征与点击行为中积极技巧学习相反。",3,complete
860377,"喜欢：该用户偏好汽车相关品类（如车险、二手车、贷款买车），关键词包括保费、改革、套路、登山步、清冷套装、打篮球，品牌涉及支付宝、花呗、中国平安，使用场景涵盖理财管理（如支付宝服务）、运动健身（如登山步）和汽车消费（如买车、卖车）。
不喜欢：该用户不喜欢停车入库帮助、陌生人互动和涨粉方法，基于未点击商品特征与点击行为相反。",3,complete
134968,"喜欢：用户偏好交通安全和驾驶事故相关内容，包括闯红灯、电动车事故、交警执法等关键词（如闯红灯、电动车、事故、安全），偏好品类为交通警示视频和驾驶教育，使用场景为观看交通规则学习、事故警示分析；品牌方面涉及交通实体如交警、车辆，但无特定商业品牌。

不喜欢：用户不喜欢轻松娱乐和休闲旅游内容，如动物主题和游泳相关，基于未点击的锦鲤出游商品，与点击行为相反的特征包括休闲旅游（如组团、出行）、动物主题（如锦鲤）和幽默娱乐（如游泳减肥）。",3,complete
376351,"喜欢：用户偏好动物相关主题（如鱼类饲养、宠物喂食）和日常生活场景（如瀑布事件、饲料使用），品类包括零食（如奥利奥）、植物用品和厨房收纳，品牌如农夫山泉和顺和，使用场景涉及超市购物、公益项目（如芭芭农场）和点餐优惠，关键词包括国产、饲料和铲屎官。

不喜欢：用户对政治和国际关系主题不感兴趣，如涉及美国、中国或王牌的内容。",3,complete
858318,"### 用户兴趣偏好总结（场景3）
喜欢：用户偏好动物相关品类（如狗狗、钓鱼事件），关键词包括网友、狗、责任、闪电和大学生发明，品牌涉及支付宝、饿了么和美团，使用场景主要为外卖点餐（如搜索""外卖""、""点餐优惠""）和公益游戏（如服务使用""公益捐步""、""蚂蚁庄园""），具体表现为点击搞笑娱乐（如""花式遛狗""）、奇闻轶事（如""油条价格争议""）及社会事件（如""洪水退去狗狗等待""）内容。

不喜欢：用户不喜欢旅游景点（如趵突泉、旅游景区）、角色扮演（如孙悟空）及观赏动物（如锦鲤）内容，基于未点击商品中与点击行为相反的组团出行、游泳减肥等特征。",3,complete
1683153,"### 用户兴趣偏好总结（场景3）
喜欢：偏好娱乐品类如幽默动物视频和社会奇闻（如萌娃告状、狗狗心事），关键词包括网友、动物、旅行，品牌涉及德信、美团（基于交易行为），使用场景涵盖移动支付（如微信、支付宝）、在线娱乐（如芭芭农场游戏）和交通出行（如公交、火车票）。  
不喜欢：基于未点击商品（如救援故事和地方事件），用户不喜欢严肃新闻品类（如城市问题、落水救援），关键词如抢救、游玩，与点击的轻松内容相反。",3,complete
79589,"### 用户兴趣偏好总结（场景3）
喜欢：用户偏好食品品类（如早餐饼、鸡蛋饼、卤味、家常菜食谱），关键词包括营养、健康、简单烹饪，品牌涉及Apple和美团（基于交易行为），使用场景集中于家庭早餐、宠物狗饲养及健康饮食。  
不喜欢：用户不喜欢猫主题内容、手工实验类信息及部分素菜描述（如""全家人都爱吃的素菜""），基于未点击行为与点击偏好相反。",3,complete
647771,"喜欢：用户偏好早餐食品（如馅饼、早餐饼、包子）和生活技巧内容，关键词包括好吃、皮薄、简单、营养，品牌涉及支付宝（服务使用）、饿了么（交易实体）、白象（交易实体），使用场景为早餐时间、家庭烹饪及健康管理（如苦瓜不苦食谱），同时关注孩子相关主题（如萌娃故事）和出行服务（滴滴出行）。

不喜欢：用户不喜欢针对小孩子的早餐类内容（如未点击的""小孩子,早餐类""实体）和familymart品牌的素菜（基于未点击""素菜,familymart""实体），与点击行为中偏好成人化、多样化食物相反。",3,complete
1690979,"喜欢：用户偏好动物相关和搞笑事件的短视频内容，偏好品类包括宠物（如狗、猫）和意外事件（如钓鱼、练车事故），关键词涉及狗、猫、钓鱼、大熊猫、锦鲤、练车等，无特定品牌偏好（基于点击数据），使用场景为休闲娱乐时的短视频观看（如观看搞笑或城市奇观视频）。

不喜欢：用户不喜欢涉及虾和小姐姐的内容，与点击行为相反的特征是海鲜主题或特定人物事件（如未点击商品中的“虾坚强”和“马路”）。",3,complete
227230,"喜欢：该用户偏好汽车知识品类（如奔驰、迈巴赫、沃尔沃品牌），关键词包括驾驶安全（刹车失灵）、生活技巧（车内降温、雨季排水）和健康运动（瘦手臂、臀凹陷训练），使用场景聚焦驾驶维护和健身训练。
不喜欢：该用户不喜欢负面汽车评论（如沃尔沃缺点分析）、劝退购买建议（如劳斯莱斯）、电动车事件、运动女生主题和野外实验内容。",3,complete
1225520,"喜欢：用户偏好钓鱼用品（如鱼饵、鱼竿架杆）、交通事件（如漂移、闯红灯）和旅游景点（如爬山、建筑群）等品类，关键词包括钓鱼、济南、安全、效率，品牌如歪歪共享电车，使用场景涉及户外休闲（如垂钓、爬山）和城市生活事件观看（如街头事故、抢救场景）。  
不喜欢：用户不喜欢国际政治主题（如美国、中国王牌）和虚构故事内容（如""我纯阳之体开局娶画皮新娘""），与点击行为中的本地事件和现实场景形成相反特征。",3,complete
1170537,"### 用户兴趣偏好总结（场景3）
喜欢：该用户偏好实用家居设计品类，关键词包括卫生间、阳台、设计和小空间优化，使用场景为家庭生活改造和空间利用，品牌倾向未明确但基于实体词如""小区""和""北京市""暗示本地或实用型品牌，整体聚焦具体、功能性内容。  
不喜欢：基于未点击商品特征，用户不喜欢理论性、抽象概念内容，如非实用主题或泛化描述，与点击行为的具体、实用特征相反。  

（字数：148）",3,complete
912899,"喜欢：用户偏好公益慈善活动（如捐赠、芭芭农场服务）、宠物相关幽默内容（如养猫趣事、锦鲤出游故事）、特定品牌如星巴克和兰蔻（从交易和搜索中体现），以及日常消费场景如零食（虾条、薯片）、餐饮（外卖订单、小笼包）和娱乐视频（医院趣事、声音变化故事），关键词包括锦鲤、游泳、养猫、公益等。

不喜欢：用户不喜欢严肃的教育性宠物内容（如猫咪行为知识），这与点击的幽默故事特征相反，未点击商品聚焦猫咪行为而非趣味叙事。",3,complete
477212,"### 用户兴趣偏好总结（场景3）
喜欢：用户偏好汽车相关知识（如驾驶技巧、品牌比较）和趣味生活内容（如国际趣闻、宠物视频），关键词包括汽车、网友、趣事；品牌偏好奔驰、apple、华为；使用场景涉及在线娱乐、生活消费（如餐饮小吃、电子支付）和公益理财（如蚂蚁庄园、余额宝）。

不喜欢：用户不喜欢涉及代驾服务、节约主题和负面情感的内容，如心酸故事。",3,complete
570263,"喜欢：用户偏好品类包括社会新闻趣闻（如动物故事、生活事件）、生活技巧（如五险一金知识）、餐饮小吃（如素菜、川菜），关键词如网友、瞬间、完美，品牌涉及支付宝、饿了么、familymart，使用场景涵盖休闲信息浏览、公益参与（如芭芭农场种树）和日常出行（如骑行、外卖点餐）。  
不喜欢：用户不喜欢旅游景点和组团活动主题（如趵突泉锦鲤游泳出游），基于未点击商品与点击行为中偏好社会事件而非旅游相反的特征。",3,complete
105644,"喜欢：该用户偏好娱乐和幽默类内容（如动物趣事、搞笑视频），偏好品类包括宠物相关（狗、黄鳝）、健康科普（怀孕器官、医保卡）、社会新闻（消防、交通事件），关键词涉及宠物、消防、露营、美食；品牌上，从交易行为看，偏好饮料品牌如统一、可口可乐、百事可乐；使用场景主要为休闲观看、日常生活关注和户外活动（如露营）。

不喜欢：基于未点击商品，用户不喜欢宠物鼠相关主题和时尚清冷套装风格的内容，与点击行为中偏好幽默动物而非小型宠物或时尚元素相反。",3,complete
862695,"喜欢：用户偏好娱乐新闻和社会事件品类，关键词包括旅游景区、孙悟空、电动车、小朋友，品牌涉及支付宝相关服务（如蚂蚁庄园、余额宝），使用场景为移动端休闲阅读和公益参与（如公益捐步、种果树）。

不喜欢：用户不喜欢负面事故内容（如电动车看手机跌入泥坑）、教育性知识（如五险一金）、政治话题（如美国中国王牌）及安全事件（如尾随躲避），基于未点击商品中与点击行为相反的负面、严肃特征。",3,complete
1031986,"喜欢：用户偏好母婴用品（如奶粉）、日常食品杂货（品类包括生菜、鸡蛋、面粉等）、关键词如""奶粉""和""理财""、品牌如五得利和支付宝、使用场景涉及家庭育儿和在线服务（如芭芭农场游戏和饿了么外卖）。
不喜欢：用户不感兴趣于新闻事件或旅游相关（如游玩），基于未点击商品的特征与点击行为相反，表现为对非产品类内容（如退役军人救援事件）的回避。",3,complete
1719601,"喜欢：用户偏好娱乐和生活类视频内容，如宠物趣事（狗狗、饲料）、社会新闻（消防员、高铁事件）和家庭幽默（萌娃、遛狗），偏好品类包括餐饮小吃（方便面、牛肉）和家居用品（衣架、墙布），关键词涉及支付宝服务（花呗、余额宝）和动物主题（狗狗、饲料），品牌如支付宝、农夫山泉和康师傅，使用场景为在线消费（外卖点餐、充值话费）和日常娱乐观看。

不喜欢：用户不喜欢消防和宝宝相关的内容，基于未点击商品中与点击行为相反的严肃或教育性特征（如消防、中国、宝宝）。",3,complete
674299,"喜欢：用户偏好宠物（尤其是狗）相关的搞笑趣事和动物视频（如狗子、大熊猫），关键词包括""狗""、""猫""、""电动车""、""女生""、""高校""、""自尊""、""安全感""，品牌涉及抖音电商、饿了么、奔驰S和迈巴赫，使用场景为娱乐休闲（观看短视频、搞笑内容）和外卖点餐浏览（如饿了么服务）。

不喜欢：用户不喜欢平静的宠物出游（如锦鲤组团）或萌娃互动内容（如狗太聪明、萌娃告状），基于未点击商品的反向特征，避免关键词如""锦鲤""、""组团""、""萌娃""、""躺平""和场景如日常出游、医院相关。",3,complete
1097869,"喜欢：用户偏好食品品类，特别是家常菜和素食（如早餐饼、辣椒炒肉、素菜和茄子），关键词包括""懒人""、""简单""、""好吃""、""孩子喜欢""和""素馅""；品牌涉及翁氏、豆制品和国兴；使用场景为家庭烹饪、日常饮食（如农贸市场购物）、健康管理（医保搜索）及公益服务（芭芭农场种树、生活缴费）。

不喜欢：用户不喜欢豆腐相关的食品内容，基于未点击""豆腐新吃法""商品，与点击行为中偏好其他素食（如茄子）形成对比。",3,complete
1036669,"喜欢：用户偏好食品类（如早餐饼、甜蛋糕、菌子）、健康医疗话题（如耳朵护理、胎位知识、抽搐症状）、母婴内容（如婴儿成长、宝宝护理），关键词包括小孩子、羡慕、成长记，品牌涉及晨光（文具）、七匹狼（服装）、nestle（食品），使用场景集中于家庭生活（早餐制作、育儿互动）和健康咨询（医师指导、日常护理）。

不喜欢：用户不感兴趣于奇幻动物主题（如平头哥、大鲨鱼的冲突行为）、伪装内容（如盔甲色彩），以及旅游趣事（如锦鲤组团出游、游泳减肥），这些特征与点击行为中的实用家庭和健康主题相反。",3,complete
1763225,"喜欢：用户偏好宠物相关品类（尤其是猫和狗），关键词包括猫咪、小猫、大熊猫、土豆（作为宠物名）、撸猫和养猫，品牌涉及宠物用品如麦富迪、爱沃克（驱虫药），使用场景主要为宠物饲养、家庭娱乐视频观看和休闲互动。

不喜欢：基于未点击商品，用户不喜欢家居改造品类，特别是阳台利用主题，与点击行为中宠物和娱乐内容形成鲜明对比。",3,complete
80091,"喜欢：该用户偏好宠物护理（如母猫相关）、社会保障（如社保卡和医保卡）、家居装修（如卧室主题）、食品零食（如美国被禁食物）、金融储蓄（如银行存款）、交通安全事故（如骑行探头事件）和娱乐旅游（如旅游景区孙悟空），关键词包括母猫、社保卡、卧室、食物、存钱、事故、孙悟空，使用场景涉及家庭生活、日常出行和旅游娱乐，但无特定品牌偏好。

不喜欢：该用户不喜欢阳台相关主题（如正确做法）和游玩落水事故内容（如父女落水被救），与点击行为中的家居装修（卧室）和事故（骑行）主题形成相反特征。",3,complete
1449686,"喜欢：用户偏好家常烹饪食谱，特别是早餐食品（如早餐饼、面条、饺子）、酸辣口味（如酸汤鲈鱼、酸辣汤）和简单懒人做法；涉及品类包括面食、海鲜、素食；关键词如""新吃法""、""好吃""、""家常""；使用场景为家庭日常饮食和休闲烹饪；品牌方面，交易行为显示电商平台偏好如抖音电商、京东。

不喜欢：用户不喜欢泛化或儿童导向的早餐内容，如未点击的""小孩子也能吃""类食谱，这与点击行为中多样化的家常菜偏好相反。",3,complete
1307931,"喜欢：用户偏好宠物狗相关品类，特别是动物趣事视频内容，关键词包括狗、狗狗、边牧、巴顿等；品牌涉及支付宝、花呗等支付服务（基于交易和服务实体）；使用场景为休闲娱乐观看动物视频（如点击标题中的狗上班、狗狗聪明等趣事）。

不喜欢：用户不喜欢非狗动物内容如波士顿龙虾，以及无关事件如窗帘上的双马尾（基于未点击商品特征，与点击行为中宠物狗主题相反）。",3,complete
701345,"喜欢：用户偏好动物主题的娱乐视频，品类包括宠物（如狗、猫咪）和野生动物（如大熊猫），关键词涉及搞笑、可爱互动（如萌娃、打架、交朋友），使用场景为休闲娱乐时通过短视频平台消费内容，品牌无直接体现但服务使用关联饿了么等点餐平台。
不喜欢：用户不喜欢边境牧羊犬特定内容，基于未点击行为与点击动物主题相反的特征。",3,complete
1185335,"喜欢：用户偏好宠物饲养（特别是狗和猫，如边牧、金毛、哈士奇）、家居装修设计（厨房、卧室、卫生间、阳台优化）、生活娱乐内容（搞笑视频、亲子互动）；关键词包括设计、狗、猫、边牧、厨房、卧室、卫生间；品牌如touchdog它它；使用场景涉及家庭生活改善、日常休闲和宠物互动。

不喜欢：用户不喜欢未点击商品""边牧是不一样啊""的特征，即与边牧相关的平淡描述内容（基于未点击实体词""边牧""）。",3,complete
1207227,"喜欢：用户偏好动物趣事（如大熊猫、猫咪、狗相关的高能瞬间或幽默内容）、健康科普（如妊娠、器官、胎儿脐带绕颈等主题）、生活幽默和中国主题（如城市奇闻）；偏好品类为娱乐视频和健康信息；关键词包括动物、健康、生活趣事；品牌无明显偏好；使用场景为休闲娱乐和在线学习，如通过短视频平台浏览趣味内容。

不喜欢：基于未点击商品，用户不喜欢大熊猫内容中涉及人类角色（如奶爸）或特定地理背景（如旅俄）的叙述，这与点击行为中偏好纯动物趣事或科普的特征相反。",3,complete
96595,"喜欢：用户偏好动物宠物内容（如狗、黄鳝、老虎）和意外救援事件（如闯红灯事故、退役军人救人）；关键词涉及安全、幽默和宠物相关（如""狗""、""闯红灯""、""安全感""）；品牌倾向支付宝、农夫山泉和国网；使用场景包括充电服务（如开迈斯充电）、公益活动（如芭芭农场种树）和运动相关（如支付宝运动）。

不喜欢：基于未点击商品特征，用户不喜欢休闲旅游主题如锦鲤观赏、游泳减肥内容，与点击的冲突事件相反。",3,complete
1123520,"喜欢：用户偏好汽车品类（如奔驰、迈巴赫、G500），关键词包括远程验车、卖车过程、旅游景区娱乐、海洋动物（平头哥、大鲨鱼）及社会事件（高铁偷拍）；品牌涉及奔驰；使用场景为高端汽车在线交易、娱乐视频观看和社会观察。

不喜欢：用户不喜欢省钱策略（如花更少的钱购车）、实用生活技巧（如车内降温）、日常财务查询（如社保余额）、事故报道（如车祸）；基于未点击行为，与点击相反的特征包括省钱、实用技巧、查询和负面事件。",3,complete
314932,"### 用户兴趣偏好总结（场景3）

喜欢：该用户偏好家常菜烹饪教程（如饺子、豆腐、鱼片、素菜等品类），关键词包括""简单易做""、""好吃""、""下饭""、""设计""和""收纳""；品牌方面涉及支付宝相关服务（如饿了么、花呗）；使用场景集中在家庭厨房（如食谱制作）和卧室家居优化（如空间利用设计），体现出对实用生活技巧和舒适家庭环境的兴趣。

不喜欢：基于未点击商品特征，用户不喜欢街头新奇食品（如烤冷面、芝士手枪腿）和特定蔬菜做法（如空心菜），以及客厅空间优化或房产问题，偏好避免不实用、非核心家庭场景的内容。",3,complete
157000,"喜欢：偏好宠物狗相关的幽默搞笑内容，品类集中于宠物视频和家庭互动，关键词包括狗、狗狗、毛孩子、主人、铲屎官和宝宝，使用场景为休闲娱乐观看，无明显品牌偏好（点击商品标题和实体词均以宠物狗为核心，如""狗狗揣着手手趴在床边""和""狗|毛孩子""）。

不喜欢：基于未点击商品，不喜欢负面严肃内容如安全事故和健康警告，特征包括中暑、车祸、安全风险（未点击商品标题如""烈日当空，酷暑难耐，为防狗狗中暑""和实体词如""中暑、狗狗、闯红灯""，与点击的正面幽默宠物内容相反）。",3,complete
718995,"喜欢：用户偏好简单快捷的家常食谱品类，特别是鸡蛋类（如葱爆鸡蛋、番茄鸡蛋面）、肉类（红烧肉、鸡肉、排骨）和蔬菜类（包菜、茄子）菜肴；关键词包括""简单""、""好吃""、""下饭""、""营养""；品牌涉及familymart（全家便利店）；使用场景为家庭日常烹饪、早餐、晚餐及节日聚餐（如年夜饭），强调健康解腻和易操作性。

不喜欢：基于未点击商品特征，用户可能不喜欢苦味食材（如苦瓜）或内脏类菜肴（如爆炒腰花），这些与点击行为中偏好常见、易做食材（如鸡蛋、鸡肉）相反。",3,complete
89339,"喜欢：用户偏好宠物饲养（如狗、猫咪、清道夫鱼）和家居生活（如阳台改造、收纳、休闲娱乐），关键词包括骨头、阳台、大米、健身，品牌涉及支付宝、饿了么（基于服务使用和搜索），使用场景为家庭休闲、健康健身和趣味娱乐内容。

不喜欢：用户对负面宠物行为（如猫咪攻击）和事故主题（如电动车违规）不感兴趣，基于未点击商品中与点击行为相反的负面特征。",3,complete
156493,"喜欢：用户偏好旅游景点（如刺激景点、蚩尤九黎城等苗族建筑群）和交通事件（如车祸、铁路通车、电动车事故），关键词包括刺激、事故、社保医保、中国、美国及手机相关风险，品牌涉及支付宝、花呗和余额宝（基于搜索关键词），使用场景为在线浏览新闻、风险提示及日常生活支付场景。

不喜欢：用户不喜欢实用发明（如大学生发明主题）、动物生存（如清道夫鱼）和正面游玩事件（如救援故事），这些特征与点击行为中事故、奇闻的负面性和刺激性相反。",3,complete
859633,"喜欢：该用户偏好金融理财品类（如车贷、余额宝、蚂蚁财富），关键词涉及红包、现金奖励和出行（如滴滴出行、公交），品牌如Apple、蚂蚁财富和农夫山泉，使用场景包括汽车相关消费、外卖点餐（如汉堡、香肠）和便利店购物（如纸巾、袜子）。

不喜欢：用户不喜欢社保余额查询和财富管理类内容，如查询社保、隐性财富等政府福利信息，与点击的车贷金融兴趣相反。",3,complete
1677344,"喜欢：偏好宠物、动物和搞笑生活视频品类，关键词包括猫咪、狗狗、熊猫、新生儿、主人和搞笑元素，品牌如薛记（瓜子）和维达（卫生纸），使用场景为休闲娱乐在线观看视频内容，体现对轻松幽默动物趣事和婴儿护理的兴趣。

不喜欢：基于未点击商品，不喜欢环保vlog、教育性动物内容和社会话题品类，关键词如蚂蚁森林、保护、投喂、补贴和电动车，使用场景为教育宣传、环保公益和社会服务内容，与点击行为中娱乐导向相反。",3,complete
145081,"喜欢：用户偏好宠物饲养（如狗、猫相关趣事）、动物趣事（如熊猫、锦鲤）、生活技巧（如停车位、安全提示）和户外活动（如爬山、钓鱼），关键词包括游泳、救援、妈妈、主人，品牌涉及支付宝（用于缴费服务），使用场景涵盖家庭互动、户外探险和安全教育。

不喜欢：用户不喜欢医疗相关或声音事件的内容，基于未点击商品特征与点击行为相反。",3,complete
1476654,"喜欢：用户偏好食品品类中的懒人食谱，特别是简单易做的肉类菜肴（如盐焗手撕鸡、辣椒炒肉、红烧肉），关键词包括""懒人""、""下饭菜""、""早餐""和""减肥""，使用场景聚焦家庭烹饪、日常早餐和减脂餐，品牌未突出但涉及家常菜谱；同时，服务使用显示兴趣在芭芭农场、支付宝运动等生活服务，搜索关键词涵盖金融投资（如基金ETF），但点击行为强化了食谱核心偏好。

不喜欢：用户不喜欢豆腐类素食菜肴，基于未点击的葱烧豆腐（实体词""烧豆腐""、""一块豆腐""），这与点击的肉类偏好（如鸡肉、猪肉）和""下饭菜""特征相反，凸显对素食的回避。",3,complete
2000162,"喜欢：用户偏好事故警示、安全事件和运动健康相关的内容，偏好品类包括新闻/警示视频、运动装备（如运动套装、健身水杯）和在线支付服务，关键词如安全、事故、高速、运动、健康，品牌如支付宝、蚂蚁财富，使用场景涉及新闻浏览、运动健身和在线支付（如电商交易、公益服务）。
不喜欢：用户不喜欢旅游景区、投喂活动等轻松娱乐内容，关键词如投喂、离职，与点击行为中严肃、警示特征相反。",3,complete
127465,"喜欢：该用户偏好冒险旅游品类（如太行山、天生桥、挂壁公路）、自然奇观（中国仙境、山洞佛像）、汽车知识（奔驰区别、灯光用法）和萌宠互动（萌娃与狗）；关键词包括中国景点、重庆、雨季维护；品牌涉及奔驰（从点击商品提及）、哈啰出行（交易和服务中高频出现）；使用场景集中于骑行出行（共享单车、助力车）、生活缴费支付（水电煤、医保）和公益游戏（芭芭农场、蚂蚁庄园）。

不喜欢：基于未点击商品特征，该用户不喜欢悠闲平静的动物内容（如小鳄鱼散步），与点击行为中惊险刺激主题（事故、冒险）相反。",3,complete
1410550,"喜欢：用户偏好宠物趣事和动物幽默品类（如猫狗视频），关键词包括""狗狗""、""撸猫""、""养猫""，使用支付宝平台在休闲娱乐场景下观看短视频内容，并涉及公益服务（如蚂蚁庄园）。

不喜欢：用户不喜欢隐私侵犯和省钱主题内容，如涉及""手机""、""女朋友""查看或""装修""、""省钱""话题。",3,complete
244604,"喜欢：该用户偏好宠物猫狗相关内容（如猫咪、小狗、养猫），关键词包括金融投资（基金、指数、ETF）和宠物娱乐（小猫咪、狗狗），品牌涉及蚂蚁财富、余额宝和花呗，使用场景涵盖金融理财（基金查询、转账）、生活缴费（停车、电费）和宠物互动娱乐（搞笑视频、动物行为）。  
不喜欢：该用户不喜欢负面宠物主题（如工具猫）或非娱乐的政治类内容（如国际关系），基于未点击商品如""工具猫""和""美国中国王牌""的相反特征。",3,complete
1914587,"喜欢：用户偏好宠物狗相关的搞笑、可爱内容，包括狗狗行为、家庭互动和情感故事；偏好品类为宠物娱乐；关键词如狗、狗狗、铲屎官、乐趣；品牌涉及支付宝服务（如蚂蚁庄园）；使用场景为休闲娱乐和家庭生活观看视频。
不喜欢：用户不喜欢负面或严肃内容，如车祸新闻和悲剧事件，基于未点击商品的特征相反于点击的正面宠物内容。",3,complete
1556547,"喜欢：用户偏好食品烹饪品类（如牛肉、青椒、减脂餐），关键词包括鲜美、简单、减肥；常使用品牌如淘宝、饿了么、快手；场景涉及家庭饮食、在线购物和生活缴费（如外卖点餐、公益服务）。

不喜欢：用户不喜欢工作社保相关话题和交通新闻；关键词如打工、交警；场景为工作讨论和社会事件。",3,complete
1087143,"喜欢：用户偏好汽车相关新闻事件（如轿车、闯红灯），偏好品类包括新闻、汽车、食品（如西餐、意面、烤翅）、数码产品；关键词如闯红灯、单反相机、苹果耳机；品牌如康师傅、蒙牛、肯德基；使用场景如新闻阅读、外卖点餐、交通消费。

不喜欢：用户不喜欢早餐饼和小孩子相关的食品内容，基于未点击行为与点击的严肃新闻事件形成对比。",3,complete
1894121,"喜欢：用户偏好家居装修设计（偏好品类如玄关、阳台、卧室改造）、宠物趣事（关键词如狗、猫、聪明）和旅游景点探索（使用场景如家庭改造、娱乐互动）；品牌方面，交易数据中建材相关实体（如""建材|INTENT_TARGET""）显示对建材类目的兴趣，但点击商品中未突出具体品牌。

不喜欢：用户不喜欢客厅空间优化和卧室改造的实用内容，基于未点击商品（""长客厅这样装，多出一间卧室，空间不浪费""）与点击行为（创新设计、趣事主题）相反的特征。",3,complete
308629,"喜欢：用户偏好食物品类（如素菜、红烧肉、盐焗海鲜）、宠物/动物主题（狗、猫咪相关幽默或行为视频）、娱乐及社会事件内容；关键词包括狗、猫咪、红烧肉、学霸、退役军人；品牌偏好饿了么（外卖服务）、滴滴出行（出行服务）、支付宝（支付场景）；使用场景涉及餐饮消费、在线视频娱乐及日常出行服务。

不喜欢：用户不喜欢静态动物互动（如猫咪抚摸场景）或游泳主题内容（如锦鲤游泳），基于未点击商品中与点击行为相反的平静、非幽默特征。",3,complete
380945,"喜欢：用户偏好品类包括新闻事件（如事故、偷拍、逃脱）、动物趣闻（如小鳄鱼、锦鲤、老虎）和科技安全话题（如共享充电宝、支付宝黑客），关键词涵盖红包、电影、人工智能、社会保障，品牌涉及支付宝相关服务（如花呗、网商银行），使用场景主要为移动支付、在线公益（如蚂蚁庄园捐步）和金融理财（如养老金查询）。

不喜欢：用户不喜欢温馨情感化的宠物或生活场景，如乖巧狗狗在雨中的静态画面，这与点击行为中动态、事件性内容相反。",3,complete
993035,"### 用户兴趣偏好总结（场景3）
喜欢：用户偏好宠物和动物相关品类（如猫、狗、大熊猫），关键词包括幽默、情感互动、治愈和可爱（如“撸猫”、“小狗治愈情绪”），品牌无明显偏好（实体词多为通用词），使用场景为休闲娱乐和情感支持（如观看搞笑动物视频缓解情绪）。  
不喜欢：用户不喜欢教育性或负面事件品类（如家教、车祸），关键词如家教、闯红灯、逃跑（与点击的幽默主题相反），品牌无，使用场景为教育或负面新闻（如严肃动物内容或交通事故报道）。  

（字数：198）",3,complete
512151,"喜欢：该用户偏好健康科普、动物趣闻和生活技巧类内容，关键词包括健康、动物、科普（如""脐带绕颈""、""蜜蜂巢""、""馅饼做法""）；品牌涉及支付宝服务（如蚂蚁庄园、芭芭农场）和日常用品（如蒙牛牛奶、晨光文具）；使用场景主要为休闲娱乐和学习，体现在点击的趣味科普标题和支付宝公益服务使用。

不喜欢：基于未点击商品特征（如""医院""、""声音""），该用户不喜欢医疗或声音主题内容，与点击的健康科普和趣味行为形成反差。",3,complete
1243262,"喜欢：用户偏好娱乐视频品类，如宠物（狗、猫）和搞笑内容，关键词包括设计、事故、天空之城，品牌涉及支付宝生态（如芭芭农场），使用场景为休闲娱乐和家居观看（基于点击商品中的宠物视频、搞笑事故和设计主题）。
不喜欢：用户不喜欢旅游景点和吉祥物品类，关键词如锦鲤、灵隐寺、趵突泉，使用场景为愿望相关和旅游（基于未点击商品中的锦鲤主题，与点击行为中的现实搞笑相反）。",3,complete
1903426,"喜欢：用户偏好家居装修和收纳品类，关键词包括设计、实用、空间优化，品牌涉及小米（电子）、星巴克（咖啡）、高德地图（导航）等，使用场景为家庭环境改善如卧室、卫生间、厨房的日常生活优化。  
不喜欢：用户不喜欢缺乏创新解决方案的小空间家居内容，如仅提出问题无实用建议的标题特征。",3,complete
347198,"喜欢：该用户偏好娱乐短视频和社会热点内容，特别是涉及学生生活（如军训表演、校园事件）、动物趣事（如狗狗、大雕）、旅游景点（如武功山、灵隐寺）和安全事件（如消防员救援）的品类；关键词包括学生、军训、安全、动物、旅游和网友分享；品牌偏好如东鹏饮料（基于交易行为中的东鹏特饮）；使用场景为日常休闲浏览、支付宝服务（如芭芭农场、公益捐步）和户外活动关注。

不喜欢：该用户不喜欢负面社会事件，如交通违规和责任事故，基于未点击商品的特征（如练车开门杀、电动车违规），与点击行为中正面或中性内容相反。",3,complete
179507,"喜欢：用户偏好交通驾驶与安全知识相关的品类，关键词包括""扣分""、""技巧""、""事故""、""交通规则""和""停车""，品牌方面无明显偏好（数据中未体现特定品牌），使用场景聚焦于驾驶学习、城市出行和安全防范，如通过点击""直角转弯关键技巧""、""这些情况会被扣留驾驶证""等标题，体现对复杂驾驶技巧、交通违章警示和事故案例的兴趣。

不喜欢：用户不喜欢过于基础的驾驶教学或无关主题，基于未点击商品如""侧方停车三步法，再也不求人～""和""清华同方,扣分""，体现出对简单教学（如""不求人""暗示的易学内容）及非交通相关品牌（如IT品牌""清华同方""）的回避，与点击行为中偏好复杂、警示性内容相反。",3,complete
91857,"喜欢：用户偏好家居设计（如厨房和衣柜）和财务提醒内容，偏好品类包括家居用品和财务管理服务，关键词涉及设计、方便、实用、退休、父母，品牌如支付宝和饿了么在服务使用中体现，使用场景为家庭日常实用和财务规划。

不喜欢：用户不感兴趣于空间优化（如客厅和卧室）和舒适生活主题（如卫生间泡澡），基于未点击商品，关键词包括空间、卧室、卫生间、泡澡、舒心。",3,complete
528069,"喜欢：用户偏好室内设计品类，关键词包括空间、卧室、客厅和装修，使用场景为家庭空间优化和客厅卧室布置；品牌方面未在点击行为中体现，但交易数据涉及超市如沃尔玛和盒马，可能与家居相关购物关联。

不喜欢：用户对阳台相关主题不感兴趣，基于未点击商品特征与点击行为相反（阳台 vs. 客厅/卧室）。",3,complete
1754159,"喜欢：用户偏好家庭生活、育儿和食品烹饪内容，包括早餐饼、蔬菜馒头、懒人馅饼等简单食谱品类，以及父母退休规划、儿童教育和旅游景点相关关键词；品牌方面，从整体行为数据看，涉及星巴克、小米等消费品牌；使用场景主要为家庭日常烹饪、退休准备和育儿活动。

不喜欢：用户不喜欢负面新闻和隐私侵犯内容，如偷拍事件，这与点击行为中正面、家庭导向的特征相反。",3,complete
441191,"喜欢：该用户偏好家居设计品类（如小卧室、卫生间优化、收纳空间），关键词包括设计、收纳、空间、实用、景点、狗、萌宠，品牌不明显但涉及公益相关（如交易中的公益基金会），使用场景为家庭装修、旅行探索（国内景点如浙江）和宠物娱乐（如狗趣事）。

不喜欢：基于未点击商品特征，用户不喜欢简约舒适的家居设计（如强调泡澡舒心或长客厅改造），以及调侃式的宠物内容（如""狗""的抽象调侃），与点击的实用、具体设计相反。",3,complete
60929,"喜欢：偏好品类包括食品（如零食、水果、调味品和烹饪食材，突出盐焗手撕鸡、苦瓜、凉拌茄子和小酥肉等家常菜）、服装（如t恤、衬衫、裤子和防晒服，强调日常穿着和季节性需求）、生活服务（如理财、健身和公益互动）；关键词涉及实用、健康、家庭和育儿（如""不苦""、""教程""、""分享""、""打工人""和""儿童""）；品牌如西麦、光明、蒙牛（食品类）、腾讯（服务类）；使用场景涵盖家庭烹饪（如简单食谱制作）、日常穿着（如秋季和夏季服装）、在线互动（如芭芭农场种果树和支付宝运动健身）以及育儿活动（如儿童用品）。

不喜欢：基于未点击商品特征""营养""，用户不喜欢营养-focused 食物内容（如强调健康益处的馅料），偏好口味和简便性（与点击的""不苦""、""简单做法""等特征相反）。",3,complete
992494,"喜欢：偏好品类为幽默搞笑视频、社会新闻事件和动物趣闻；关键词包括意外事件（如行车探头、装修省钱）、生活反差（如情侣办证、学霸狗狗）和公益相关（如退役军人、捐赠）；品牌如芭芭农场、农夫山泉；使用场景涉及娱乐观看（如搞笑视频消费）、公益参与（如公益基金会交易）和日常消费（如食品购买、支付服务）。

不喜欢：不喜欢时尚穿搭类（如清冷套装）、旅游景点表演类（如孙悟空投喂）和亲子萌宠类（如萌娃告状）内容，基于未点击商品的特征与点击行为中偏好意外、社会事件相反。",3,complete
893803,"喜欢：偏好品类包括健身、食品（如大米、油条、零食）和社会新闻；关键词涉及健身、游泳、消防员、省钱、惊喜；品牌基于交易和服务行为，如芭芭农场、余额宝、椰树；使用场景主要为家庭健身、户外活动（如上下班通勤）和社交互动。

不喜欢：基于未点击商品中与点击行为相反的特征，不喜欢电动车相关事故（如骑车看手机导致摔倒）、负面事件（如医院场景或分心行为），以及特定表述如打球女孩的推广内容。",3,complete
82565,"喜欢：用户偏好早餐食品和家常菜品类（如早餐饼、青椒煎蛋、黄豆焖猪蹄），关键词包括早餐、孩子、简单、好吃、下饭和营养，品牌涉及统一、伊利等食品相关品牌（基于交易行为实体），使用场景主要为家庭早餐准备、为孩子烹饪及日常简便食谱制作。

不喜欢：用户不喜欢豆腐相关食品（基于未点击商品实体词""豆腐""，与点击行为中偏好孩子导向、早餐类食谱的特征相反）。",3,complete
857728,"喜欢：用户偏好娱乐搞笑视频、动物趣事和社会热点内容，涉及品类如食品（如老酸奶、新鲜鸡蛋）、日用品（如洗碗布、清洁刷）和在线服务（如支付宝、芭芭农场），关键词包括搞笑、动物、家庭和社会事件（如""狗""、""钱塘江""、""回家""），品牌倾向支付宝生态（如余额宝、蚂蚁庄园），使用场景集中在休闲娱乐、日常消费和在线理财服务。

不喜欢：用户不喜欢负面事故新闻，如车祸等悲惨事件，与点击的幽默和中性内容形成鲜明对比，基于未点击商品特征（如""泰州市""、""轿车""、""闯红灯""），反映出对事故、破坏性事件的回避。",3,complete
168168,"喜欢：该用户偏好宠物趣闻（如猫咪、狗子相关故事）、社会事件（如救援、趣事）和实用工具（从交易行为如手钻、电钻）；关键词包括猫咪、狗、小奶猫、孙悟空、退役军人；品牌偏好支付宝、小米（基于服务使用和搜索数据）；使用场景涉及家庭娱乐、新闻浏览和在线缴费服务（如生活缴费、公益种树）。

不喜欢：基于未点击商品，用户不喜欢负面宠物行为（如攻击表现、误解内容）、危险警告（如按键乱按提示）和负面事故（如骑行跌入泥坑）。",3,complete
1512182,"喜欢：用户偏好家居用品（如吸顶灯、节能灯泡）、食品生鲜（如饼干、青梗菜花、面包饼干）和个人护理（如男士香皂、肥皂）品类；关键词涉及退休生活、家庭趣事、救援故事和文化探索（如""退休""、""萌娃""、""苗族""）；品牌包括海天、福临门、稻香村和恒顺；使用场景涵盖家庭日常消费、休闲娱乐观看（如点击视频）和公益服务参与（如芭芭农场、蚂蚁庄园）。

不喜欢：用户不喜欢危险或冒险相关的旅游景点内容，基于未点击商品""中国最危险的九个景点""的特征，与点击行为中安全、正面导向的旅游主题（如""中国排名第一的名山""）相反。",3,complete
1250937,"喜欢：用户偏好宠物猫咪相关的幽默内容，包括品类如猫粮、猫砂（交易实体），关键词如""猫咪""、""小猫""（点击商品实体词），品牌如Purina（交易实体""purc|BRAND""），使用场景为日常休闲娱乐（点击商品标题如猫咪行为趣事）。

不喜欢：用户不喜欢大熊猫主题（未点击实体词""大熊猫""）、神话故事（未点击标题""蚩尤，你听我解释""）或政府补贴（未点击标题""独生子女补贴""）等非宠物相关严肃内容。",3,complete
1157458,"喜欢：用户偏好交通相关安全警示内容（如电动车事故、闯红灯警示）、公益事件（如消防员故事、慈善捐赠）和动物趣闻（如锦鲤出游、小鸟造型），关键词包括事故、闯红灯、消防、游泳、高铁，品牌涉及公益基金会（如红十字基金会、爱佑慈善基金会）和保险服务（如好医保），使用场景为日常出行安全、公益参与和休闲娱乐。

不喜欢：用户不偏好重复或直接的负面交通事件（如电动车碰撞）、钓鱼主题内容以及带娃看手机的负面事件，这些与点击行为中教育性警示相反。",3,complete
1471013,"喜欢：用户偏好新闻、生活知识和社会热点类内容，品类包括健康知识（如胎位不正、口腔溃疡）、食品（如素菜、油条）、女性话题和搞笑事件；关键词涵盖女性、相机、羊水、存款、中国城市、妈妈、约会等；品牌涉及支付宝、抖音、伊利；使用场景主要为日常浏览、学习知识和娱乐消遣，如阅读健康资讯、关注社会事件（车祸、华人离开）和家庭互动（结婚区别、妈妈关系）。

不喜欢：用户不喜欢理论性内容和抽象话题，如未点击的""理论""相关商品（如""理论上会做任何菜""），反映出对实际生活琐事或特定场合（如""吃席的时候""）缺乏兴趣，与点击行为中偏好真实事件和实用知识的特征相反。",3,complete
102093,"喜欢：偏好品类包括宠物（如可爱的狗和猫）和时尚服饰（如短裤套装和清冷套装）；关键词涉及""可爱""、""土豆""、""喜欢你""、""小猫咪""；品牌偏好快餐（如麦当劳）和出行服务（如哈啰出行）；使用场景主要为休闲娱乐（如在线浏览幽默内容）、日常消费（如外卖点餐）和公益出行（如低碳骑行）。

不喜欢：基于未点击商品，用户不喜欢负面宠物行为（如逃跑狗或被害妄想猫咪）、混乱生活事件（如偷吃饺子或车贷问题），以及特定实体如边牧或碰瓷狗。",3,complete
18465,"喜欢：该用户偏好品类包括动物（如狗、猫）、健康产品（中药、枸杞）、日常用品（裤子、风扇）；关键词如防暑、高温、夏季；品牌如支付宝、云南白药、舒肤佳；使用场景涉及夏季户外活动、健康管理和娱乐休闲，体现对幽默动物视频、社会事件及健身主题的兴趣。

不喜欢：基于未点击商品中与点击行为相反的特征，用户不喜欢涉及事故、危险行为的内容，如骑车看手机摔倒或马路意外事件，避免负面安全主题。",3,complete
1209860,"喜欢：用户偏好时尚品类，如服装穿搭（包括衬衫、短裤套装、清冷套装），关键词涉及女生、辣妹、高个子、上班、光照（摄影技巧）和情感生活（如相遇、女朋友），品牌偏好不明显（点击商品中无突出品牌），使用场景聚焦日常时尚、职场穿搭和生活分享内容。

不喜欢：用户不喜欢健身品类，如居家锻炼活动（基于未点击商品特征，如健身、桶油、大米），与点击的时尚和情感内容形成鲜明对比。",3,complete
984803,"### 用户兴趣偏好总结（场景3）
喜欢：用户偏好汽车知识（如转向灯使用、特斯拉价格战）、旅行探索（如中国景点、苗族建筑群）、钓鱼活动（如钓到飞机），关键词包括汽车、特斯拉、中国、钓鱼，品牌涉及特斯拉、奔驰（从点击标题）、汉鼎（从交易实体），使用场景涵盖驾驶学习、户外休闲和日常生活技巧（基于点击商品标题和实体词）。

不喜欢：用户不喜欢涉及车贷等金融主题的内容，与点击的纯知识或娱乐特征相反（基于未点击商品标题和实体词）。",3,complete
1903319,"### 用户兴趣偏好总结（场景3）
喜欢：用户偏好动物趣闻（如狗、锦鲤、老虎）、生活科普（如水芹辨别、龙涎香知识）和支付宝安全话题；关键词包括""狗""、""网友""、""支付宝""、""游泳""；品牌涉及饿了么（外卖服务）和支付宝（支付理财）；使用场景为休闲娱乐浏览和支付平台互动，体现对趣味内容、生活知识及金融安全的兴趣。

不喜欢：用户不感兴趣于猫游泳主题和车贷金融话题，基于未点击行为中与点击偏好相反的特征（如避开猫相关趣事和贷款内容）。",3,complete
1145450,"喜欢：偏好品类包括家庭生活（如双胞胎、兄弟互动）、宠物故事（如狗狗救援）、意外事件（如车祸、事故）和地方新闻（如贵州古桥、山东泰安）；关键词如兄弟、狗狗、浙江、泰安、素菜；品牌涉及六神（洗护）、优衣库（服装）、卡士（食品）；使用场景涵盖支付服务（如手机扫码、花呗）、健康挂号（如就医预约）、娱乐消费（如电影、红包）和日常购物（如生鲜、停车）。

不喜欢：基于未点击商品，不喜欢医院相关的个人医疗内容或声音主题（如扎针故事），与点击行为中偏好外部事件和家庭场景相反。",3,complete
526077,"### 用户兴趣偏好总结（场景3）
喜欢：该用户偏好动物趣事和搞笑视频内容，关键词包括狗、大熊猫、游泳、网友、消防、熊猫等，品牌如蚂蚁森林（公益服务）和哈啰出行（出行服务），使用场景为休闲娱乐观看和公益参与，偏好品类集中于宠物、野生动物趣事及社会热点事件视频。  
不喜欢：该用户不喜欢厨艺相关和家庭生活内容，如饺子、厨房故事及日常琐事，与点击行为中动物娱乐主题相反。  

（字数：98字）",3,complete
1492978,"喜欢：用户偏好家居设计品类，关键词包括设计、收纳、空间优化、卧室、厨房、卫生间、客厅、衣柜和鞋柜等，品牌无突出体现（从点击数据看），使用场景集中于家庭空间改进、装修创新和实用收纳解决方案，如卧室分区、厨房布局和卫生间美化。

不喜欢：基于未点击商品，用户不偏好负面警告性家居建议（如""血泪教训""）、过时设计元素（如""屏风木格栅""），以及非家居相关主题（如新闻事件）。",3,complete
284252,"喜欢：偏好健康饮食和家庭烹饪品类，包括减脂餐、蒸鸡蛋、糖醋茄子等简单易做的菜品；关键词如""鲜美""、""减脂""和""晚上""；品牌如FamilyMart；使用场景为晚餐减肥和日常家庭尝试新菜式。

不喜欢：基于未点击商品，不感兴趣于海鲜类如白灼虾和强调营养的复杂烹饪菜品。",3,complete
864994,"喜欢：用户偏好品类包括速食食品（如农心拉面、桶面）、服装配饰（如印花衬衣、腰带）和本地生活服务；关键词涉及生活趣事（如宠物、家庭）、正能量事件（如退役军人、消防员）及青岛本地事务；品牌倾向农心、Apple和Coach等；使用场景覆盖日常购物（旗舰店活动价）、金融服务（花呗、医保查询）、交通出行（公交）和健康管理（健康码）。

不喜欢：用户不感兴趣于国际政治争议内容，如中美关系话题或煽动性标题，避免涉及民族主义或夸张冲突表述。",3,complete
1403578,"喜欢：用户偏好动物相关的幽默和温馨内容，如狗、猫和大熊猫视频，关键词包括家庭互动（兄弟、妈妈）、救援故事和幽默元素；品牌倾向餐饮类如麦当劳、星巴克（基于搜索和交易数据）；使用场景为休闲娱乐、日常放松和公益参与（如芭芭农场服务）。

不喜欢：用户不喜欢涉及负面家庭冲突的内容，如惩罚或冲突场景（如妈妈打萌娃），与点击的积极幽默主题相反。",3,complete
522147,"喜欢：用户偏好娱乐性强、幽默意外的短视频内容，包括运动相关品类（如运动员、打台球、梅西足球）、关键词如幽默、意外事件（如马路上的虾坚强、特种兵）、名人话题（梅西），以及休闲使用场景（如观看趣味事件）；品牌方面涉及足球相关（梅西），整体反映对轻松、趣味性内容的兴趣。

不喜欢：用户不感兴趣于情感互动故事（如消防员洗车、宠物撸猫）、实用知识分享（如五险一金知识）、日常生活事件（如游玩落水），这些内容的关键词（情感、教育、日常）与点击行为中的幽默和运动特征相反。",3,complete
861056,"喜欢：用户偏好旅游相关内容，包括中国景点（如最美公路、危险村庄、城市风光）、奇闻趣事（社会新闻、动物趣事）和实用知识（医保、社保）；关键词如中国、最美、危险、旅游、景点；品牌涉及支付宝、美团；使用场景为在线浏览旅游攻略和日常知识学习。

不喜欢：基于未点击商品，用户不喜欢民族特色建筑群或文化主题景点，如苗族九黎城，偏好自然奇观而非文化建筑。",3,complete
630700,"喜欢：用户偏好农业科普和自然生物相关品类，如植物种植（蜜瓜、西瓜、番茄）、海洋动物（大鲨鱼、平头哥），关键词包括营养、培育、沙漠、海洋和修正，常使用品牌如饿了么（用于外卖点餐）和蚂蚁财富（理财服务），使用场景集中于休闲学习、生活技巧探索和户外兴趣（如通过芭芭农场种果树或蚂蚁庄园养小鸡）。

不喜欢：用户不喜欢涉及家庭冲突（如老婆问题）、医疗急救（如止血）和医院环境的内容，与点击行为中积极、自然的主题相反。",3,complete
128229,"### 用户兴趣偏好总结（场景3）
喜欢：该用户偏好食品品类（如速食小吃、月饼、煲仔饭）、日用品（驱蚊喷雾、花露水）、服装（休闲裤、凉鞋），关键词包括宠物故事、社会新闻、家庭互动和生活技巧，品牌涉及支付宝、蚂蚁财富、抖音，使用场景集中于日常生活（外卖点餐、家庭用餐）、在线理财（基金、公益捐赠）和出行通勤（公交、地铁）。  
不喜欢：基于未点击商品特征，用户不喜欢虚构内容（如小说题材）、个人健康琐事（如耳朵护理）和低俗话题（如厕所讨论）。",3,complete
1682651,"喜欢：该用户偏好运动健身和女性时尚相关品类，关键词包括女生、身材、套装、打篮球和运动轨迹，使用场景涉及健身房锻炼、球场运动和日常穿着（如显高套装），品牌方面未在点击数据中明确体现，但实体词如""清冷套装""暗示时尚产品倾向。

不喜欢：基于未点击商品与点击行为相反的特征，用户不喜欢涉及严肃交通事件或负面新闻的内容，如电动车违规相关主题（例如交警介入的报道），这与点击中娱乐性电动车内容（如漂移趣事）形成对比。",3,complete
585904,"### 用户兴趣偏好总结（场景3）
喜欢：用户偏好时尚品类（如套装、短裤）和运动相关主题（如打篮球），关键词集中于""女生""、""喜欢""、""惊喜""、""电动车""和""高个子""，品牌倾向苹果（apple|BRAND）和支付宝相关服务，使用场景为日常娱乐浏览（搞笑事件、意外事故）和时尚建议阅读。  
不喜欢：基于未点击商品，用户反感教程类内容（如拍照技巧""get辣妹逆光照""）和特定交通事件后续（如""电动车""违规新闻），与点击行为中正面时尚和真实事件偏好相反。  

（字数：148）",3,complete
1400441,"喜欢：该用户偏好宠物（尤其是猫和狗）相关内容，包括撸猫、宠物日常互动（如""土豆""、""小奶猫""）和健身运动（如动作教程、健身房锻炼）；关键词涉及""撸猫""、""动作""、""健身""、""女生""；品牌倾向支付宝（高频出现在交易和服务中）；使用场景主要为家庭娱乐和健康管理（如宠物护理、日常锻炼）。

不喜欢：基于未点击商品，用户不喜欢宠物医疗主题（如""公猫绝育""）、快速减肥方法（如""暴瘦训练""）以及不相关的撒娇或负面内容（如""撒娇猛男""），这些与点击的正面宠物互动和健身主题相反。",3,complete
1776688,"喜欢：偏好宠物娱乐和幽默生活内容，包括宠物（如狗、猫、熊猫）、萌娃互动、消防员趣事等品类；关键词如搞笑、可爱、动物；品牌涉及美团、饿了么用于外卖服务；使用场景主要为休闲娱乐和日常消遣，如通勤时观看轻松视频。

不喜欢：负面家庭问题或争议性话题内容，如涉及家庭纠纷、严肃求助等；基于未点击商品特征，与点击的正面幽默主题相反，避免""狗""在负面语境、""女生""在问题场景等元素。",3,complete
1907091,"### 用户兴趣偏好总结（场景3）
喜欢：用户偏好食品烹饪品类，特别是家常菜、简单食谱（如红烧肉、排骨、豆腐、鸡蛋类菜品），关键词包括""简单""、""好吃""、""下饭""、""懒人""、""厨房小白""；品牌涉及厨房用具如电饭煲和空气炸锅；使用场景集中于家庭日常烹饪、早餐准备、减肥餐和下酒菜场景，强调易操作性和高效性。

不喜欢：基于未点击辣椒炒肉商品，用户不喜欢辣椒炒肉或类似辣味菜式特征。",3,complete
592386,"喜欢：用户偏好宠物相关品类（特别是猫和狗的视频内容），关键词包括撸猫、吸猫、狗狗、哈士奇、搞笑和动物趣事，品牌涉及宠物零食（如狗狗零食）和互动服务（如芭芭农场），使用场景为休闲娱乐、在线观看短视频和参与公益游戏（如蚂蚁庄园）。

不喜欢：用户不喜欢平淡的宠物日常行为描述（如猫洗脸），基于未点击商品中与点击行为相反的特征（如缺乏故事性或趣味性）。",3,complete
1594066,"喜欢：用户偏好生活趣事和社会新闻（如菌子、虾事件、交警事件）、健康知识（如抽搐、熬夜咨询）、宠物相关（撸猫、小猫）、国际话题（水坝拆除、奢侈品巨头）、金融优惠（关键词如红包、消费券、花呗）；品牌涉及手机（OPPO、VIVO、华为）；使用场景包括日常出行（驾车、电动车）、在线娱乐（周杰伦音乐）、户外活动（爬山、钓鱼）、公益环保（支付宝运动、芭芭农场）。

不喜欢：用户不喜欢旅游景区角色扮演和投喂食物相关的内容，如孙悟空、小朋友投喂等娱乐性质主题。",3,complete
1587581,"### 用户兴趣偏好总结（场景3）
喜欢：该用户偏好宠物（猫、狗）相关的幽默情感故事内容（如分手、真爱、戏精体验），以及实用美观的家居设计品类（重点为卧室、卫生间、阳台布局），关键词包括设计、可爱、戏精、交流等，使用场景涉及休闲娱乐（如追剧泡澡）和家居改善（如小空间优化），品牌无明显偏好（交易行为中家居相关如太力、生鲜如蚂蚁优鲜，但点击内容未突出）。

不喜欢：该用户不喜欢过于实用、无情感元素的家居设计内容（如强调衣帽间或收纳的普通方案），以及基础宠物互动（如""撸猫""），基于未点击商品中与点击行为相反的特征（如直接描述、无故事性或夸张宣传）。",3,complete
54316,"喜欢：偏好品类包括娱乐性内容（如趣味知识和实用发明）、工作生活话题；关键词涉及眼睛、搬家、大学生、工资；品牌偏好支付宝相关服务（如余额宝、芭芭农场、蚂蚁庄园）；使用场景集中于休闲娱乐（如互动小游戏）和日常在线服务（如理财、公益种树）。
不喜欢：基于未点击商品特征，不喜欢严肃新闻和社会事件类内容，如游玩事故和救助故事，关键词涉及山东泰安、游玩、退役军人。",3,complete
257953,"喜欢：用户偏好动物趣事和搞笑日常视频（如狗、大熊猫、猫咪相关），关键词包括宠物、网友分享和日常事件；品牌偏好支付宝、滴滴出行和美团（基于交易和服务使用数据）；使用场景涉及娱乐观看、出行服务（如打车、公交）和公益参与（如种树、养小鸡）。

不喜欢：用户不喜欢训练相关内容和特定动物主题如锦鲤组团出游（基于未点击商品特征，与点击的动物趣事相反）。",3,complete
599058,"喜欢：用户偏好旅游探索（如中国景区、苗族建筑群）、生活实用技巧（如车上按键警示、车贷图案）、社会热点新闻（如高铁偷拍事件、班主任经历），关键词包括旅游景区、中国、唯一、铭记、春天、按键、车贷；品牌涉及支付宝相关服务（如芭芭农场、蚂蚁庄园）；使用场景涵盖日常消费支付（如餐饮、电费）、公益参与（如种树、捐步）、出行导航。

不喜欢：用户不感兴趣于国际政治主题（如美国和中国关系），与点击的国内生活焦点相反。",3,complete
1208246,"### 用户兴趣偏好总结（场景3）
喜欢：该用户偏好宠物（尤其是狗）和家庭生活搞笑内容，关键词包括""狗""、""萌娃""、""新吃法""（如鸡肉、茄子、豆腐）、""网友""互动；品牌偏好为美团、饿了么（用于外卖点餐和出行服务）；使用场景集中于日常娱乐消遣、宠物互动和家庭美食探索。  
不喜欢：基于未点击商品""狗子是不会承认拆家的""，用户不喜欢与狗相关的负面或破坏性内容（如拆家行为）。",3,complete
1195100,"喜欢：用户偏好宠物相关品类（尤其是猫和狗），关键词包括""土豆""（特定猫咪）、""猫咪""、""狗""、""家庭""、""好奇""、""温柔""和""性格""；品牌涉及支付宝（用于公益和出行服务）和哈啰出行（用于本地出行）；使用场景为休闲娱乐和家庭互动，强调宠物的可爱、幽默和情感故事。

不喜欢：用户不喜欢宠物负面内容，如失败、冲突、护食和母猫问题，基于未点击商品中与点击行为相反的特征（如""挑战失败""、""护食""、""母猫""和冲突场景）。",3,complete
1570905,"喜欢：用户偏好健康生活（如喝热水）、个人关系（如结婚、起床）、地理探索（如中国城市）和工作福利（如五险一金）相关内容，关键词包括女性、健康、城市、保险，常用品牌如饿了么（外卖）、拼多多（电商）、百度地图（导航），使用场景涉及日常健康咨询、家庭生活分享、城市旅游信息和工作福利学习。

不喜欢：用户对金融储蓄和高利息产品不感兴趣，如未点击的""20万不同存法，利息高达8倍""所示，与点击行为中生活、健康主题相反。",3,complete
745641,"喜欢：用户偏好食品品类（如零食、代餐粉、纯牛奶、芝麻饼）、健康产品（如黑枸杞、人参、植物饮品）、家庭用品（如卫生间隔断、洗头皂）；关键词包括家庭生活、日常休闲（如游泳、吃饭、假期）；品牌如蒙牛、伊利、飞利浦；使用场景涉及家庭休闲（如卫生间改造、江边活动）、健康管理（如代餐早餐）、公益服务（如芭芭农场、蚂蚁庄园）。

不喜欢：用户不喜欢政策补贴或金融相关的内容，基于未点击""独生子女补贴""与点击的家庭生活场景（如游泳、吃饭）相反，表现为对抽象福利或金钱激励缺乏兴趣。",3,complete
71917,"喜欢：用户偏好宠物娱乐内容，特别是猫和狗的趣味视频（如小奶猫洗澡、狗子搞笑行为），关键词包括小猫、狗、颜值、投喂、萌娃和恋爱；品牌倾向支付宝、肯德基和优酷；使用场景涉及移动支付（如支付宝卡包、余额宝）、在线娱乐（如影视会员）和快餐消费（如宅急送、餐饮饭店）。

不喜欢：用户不喜欢严肃的教育性猫咪行为解释内容，如""被误解的猫咪行为""，偏好娱乐性而非知识性宠物主题。",3,complete
448467,"### 用户兴趣偏好总结（场景3）
喜欢：用户偏好宠物狗相关的内容品类，包括家庭趣事、幽默视频和社会趣闻；关键词如""狗""、""家庭""、""搞笑""和""交通""（如高铁、警车）；品牌偏好支付宝服务（从交易和服务使用实体体现）；使用场景涉及日常娱乐消费、在线视频观看和交通支付（如停车、扫码支付）。  
不喜欢：用户不喜欢猫主题的内容，与点击行为中偏好狗的特征相反（基于未点击商品""自从养了猫过后，家里就多一笔收入！""的实体词""收入""和主题对比）。",3,complete
270368,"喜欢：用户偏好宠物和动物相关的内容，特别是狗、猫、大熊猫等幽默视频和生活趣事，关键词包括土豆、挑战、搞笑、走心等；品牌涉及支付宝相关服务（如蚂蚁庄园、饿了么）；使用场景为休闲娱乐平台（如短视频观看、日常放松），偏好品类集中在宠物互动、动物搞笑视频。

不喜欢：基于未点击行为，用户不喜欢健康护理建议（如耳朵进水处理）和旅游趣闻（如趵突泉锦鲤），这些内容与动物主题相反，特征包括棉签棒、游泳、组团出行等。",3,complete
994892,"### 用户兴趣偏好总结（场景3）
喜欢：偏好宠物相关品类（如狗用品和动物趣事），关键词包括狗、狗狗、萌娃、家庭聚餐和搞笑事件，品牌如支付宝、美团和饿了么（基于交易行为中的高频服务使用），使用场景主要为家庭娱乐、社交媒体浏览和在线搞笑视频消费，体现对轻松幽默内容的强烈兴趣。

不喜欢：基于未点击商品，不喜欢疾病相关主题（如生病、禁食）和负面马路事件内容，避免涉及健康问题或意外场景。",3,complete
1379228,"喜欢：该用户偏好时尚穿搭品类（如辣妹风、小黑裙和短裤套装），关键词包括约会、健康运动（女神蹲）和公益慈善，品牌涉及支付宝服务（如芭芭农场、蚂蚁庄园）和拼多多，使用场景涵盖约会、拍照、健康管理和公益捐赠（如捐赠、公益项目）。

不喜欢：基于未点击商品中与点击行为相反的特征，不喜欢交通违规内容（如电动车相关）、篮球运动主题（如打篮球）和医院场景（如扎针）。",3,complete
1552049,"### 用户兴趣偏好总结（场景3）
喜欢：用户偏好品类包括情侣关系故事、大学生生活趣事、女生时尚穿搭（如套装、小裙子）和科技社会事件（如电动车、手机设计）；关键词集中于女生、情侣、大学生、女朋友、约会；品牌涉及支付宝（服务使用）和华为/荣耀（交易行为）；使用场景涵盖社交娱乐（如搞笑视频、学生趣事）、日常生活分享（如家庭互动）和公益参与（如蚂蚁庄园）。

不喜欢：用户不喜欢的内容基于未点击行为，表现为对动物相关或惊悚主题（如马尾、波士顿龙虾）不感兴趣，与点击行为中的人类关系、时尚事件特征相反。",3,complete
1229517,"### 用户兴趣偏好总结（场景3）
喜欢：该用户偏好新闻趣闻、宠物饲养和城市生活事件类内容，关键词包括宠物、黄鳝、呼唤、解放军、中国人、抢救、劈叉、厕所、游玩、退役军人，品牌涉及支付宝（如余额宝、花呗）、康师傅（如拉面）、芭芭农场（游戏服务），使用场景为在线阅读社会新闻、参与公益游戏互动（如种果树、养小鸡）及日常消费支付（如超市购物、手机费）。  
不喜欢：基于未点击行为，用户不喜欢旅游景区娱乐、投喂行为及离职主题的内容，如孙悟空扮演、小朋友互动和职业变化相关特征。  

（字数：198）",3,complete
169970,"喜欢：用户偏好宠物（尤其是猫）相关娱乐内容，如幽默视频和萌娃互动；健身主题如翘臀训练；关键词包括猫咪、萌娃、锦鲤和音乐；品牌涉及支付宝、饿了么（从服务使用）；使用场景聚焦家庭休闲、在线消费（如外卖点餐）和健身锻炼；偏好品类涵盖茶饮（如碧螺春、铁观音）、饰品（如佛珠手串）和食品（如虾饺、鱼香肉丝），基于点击商品实体词（重量、翘臀、基础、猫咪、音乐）和交易行为实体（茶具、餐饮）。

不喜欢：基于未点击商品中与点击行为相反的特征，用户不喜欢负面宠物冲突内容（如""怒撕绿茶猫""）、手工能力质疑话题（如""怀疑手工能力""），以及恋爱比较主题（如""女生谈恋爱""），反映在未点击商品实体词（贵人、绿茶、能力、手工、女生、恋爱）。",3,complete
534117,"喜欢：用户偏好美食烹饪内容，包括家常菜（如红烧鱼、糖醋排骨、素菜、早餐饼）、肉类菜肴（如牛肉、排骨）和健康饮食（关键词如好吃、简单、营养、下饭），使用场景为家庭用餐、早餐准备和招待客人；同时，在服务使用中涉及支付宝相关功能（如余额宝、花呗、生活缴费）和公益项目（如种树、捐步），偏好省钱优惠（搜索关键词如现金、消费券、积分、签到）。

不喜欢：用户不喜欢职场和社保相关的内容，如五险一金变化、工作福利等，这与点击美食内容形成鲜明对比。",3,complete
1194348,"喜欢：用户偏好美食烹饪品类（如红烧鱼、红烧肉、葱爆五花肉），关键词包括电动车、旅游景区、日本、医院，品牌如支付宝在服务使用中频繁出现，使用场景涉及家庭厨房、公共出行和在线娱乐，体现对实用、积极社会新闻（如交通事件、英雄事迹）和娱乐故事（如旅游角色扮演）的兴趣。

不喜欢：基于未点击商品特征，用户不喜欢教育相关主题（如班主任）和负面情感内容（如童年讨厌回忆），与点击行为中积极、娱乐导向的特征相反。",3,complete
170559,"喜欢：用户偏好旅游景点推荐（如中国名山、最美县城）、生活趣闻（如宠物黄鳝、小学生看日落）、社会话题（如工资讨论、独生子女补贴）、娱乐搞笑内容（如女子骑自行车失控）及中国文化元素（如中国消防、灵隐寺锦鲤）；关键词包括中国、南京、五福、game、消防、工资；品牌涉及支付宝生态如五福和芭芭农场；使用场景主要为支付宝应用内游戏玩乐、公益种树活动及日常生鲜购物（如生鲜、蔬菜店支付）。

不喜欢：用户不喜欢严肃意外事件或救援故事内容，如游玩落水事故，与点击的轻松正能量主题相反。",3,complete
976881,"喜欢：用户偏好家居装修品类（如小卧室改造、卧室设计），关键词包括装修、动作、炒肉、红烧肉、玉米烙等，品牌如familymart，使用场景涉及家庭生活参考视频、个人健康锻炼（如简单动作替代慢跑）和日常烹饪（如蒜薹炒肉、豆腐新吃法）。

不喜欢：用户不喜欢破坏性的家居改造方法，如砸墙等激进方式，这与点击行为中建设性参考视频形成相反特征。",3,complete
1305276,"### 用户兴趣偏好总结（场景3）
喜欢：用户偏好家居装修品类（如客厅、卫生间、卧室设计），关键词包括""装修""、""设计""、""美食""、""早餐""，品牌涉及支付宝相关服务（如余额宝、菜鸟裹裹），使用场景集中于家庭日常（如早餐制作、收纳优化）和实用生活技巧（如省钱DIY、情感分享），体现对家庭生活、美食烹饪和问题解决的兴趣。

不喜欢：基于未点击商品特征，用户不喜欢泡澡相关设计（与点击的实用装修相反）、政策福利信息（如独生子女补贴）和旅游趣闻（如趵突泉锦鲤），反映对休闲享乐或非实用主题的回避。",3,complete
893268,"喜欢：偏好宠物动物（如猫咪、狗狗）相关视频和生活奇闻（如钓鱼、游泳、仙境），关键词包括猫咪、狗狗、钓鱼、游泳、技巧、仙境、拆迁等，品牌无明显偏好（点击商品中未突出），使用场景为休闲娱乐和学习实用技巧（如交通驾驶、动物互动）。

不喜欢：基于未点击商品，不喜欢悲伤情感故事（如被抛弃动物）和严肃事件（如救援、事故），关键词包括小猫、抢救、济南市、山东泰安等，与点击行为相反的特征是情感沉重和特定地点事件。",3,complete
1537886,"喜欢：用户偏好宠物相关的内容，尤其是狗和猫的幽默故事、萌宠视频（如""狗子点餐了""、""萌宠成精了""），偏好品类为宠物娱乐；关键词包括""狗""、""猫""、""运动""、""公益""；品牌涉及芭芭农场（游戏服务）、支付宝（运动及公益）；使用场景集中于互动游戏（如芭芭农场种果树）、健康运动（如支付宝运动捐步）和日常消费（如搜索外卖、红包）。

不喜欢：基于未点击商品""猫咪认主的表现""，用户不喜欢严肃或教育性的猫咪内容（如认主行为分析），这与点击行为中偏好的娱乐性、幽默宠物主题相反。",3,complete
409534,"喜欢：用户偏好公益慈善活动（如捐赠、蚂蚁庄园养小鸡），宠物相关内容（如狗狗主题），教育学习主题（如学霸），实用驾驶技巧（如调头技巧），钓鱼爱好，以及省钱装修点子；关键词包括公益、学霸、技巧、省钱；品牌偏好支付宝（服务使用）、建新和可口可乐（交易行为）；使用场景涉及支付宝平台服务（如蚂蚁庄园、公益捐步）、日常消费（如超市购物）和公益捐赠活动。

不喜欢：用户不喜欢警告性或负面汽车内容，如车上按键警告（基于未点击商品与点击的积极驾驶技巧相反特征）。",3,complete
1576755,"喜欢：用户偏好交通相关品类（如停车、轿车）、实用工具（如大学生发明、降价）、动物饲养（如饲料、牛），关键词包括停车、大学生、降价、饲料，品牌涉及支付宝、美团、南极人，使用场景涵盖日常通勤、家居布置、农场管理及理财公益（如余额宝、蚂蚁森林）。

不喜欢：用户不喜欢旅游休闲内容（如组团、游泳、锦鲤），与点击行为中交通和实用主题相反。",3,complete
1436661,"喜欢：用户偏好旅游景点探索和户外活动品类，尤其关注中国最美公路、县城风光及冒险故事；关键词包括“中国”、“旅行”、“景点”、“公路”；常用品牌如美团（用于出行服务）、哈啰出行（共享单车）和携程（旅游预订）；使用场景集中于交通出行（如公交、火车票）、景点游览和生活趣事分享。

不喜欢：用户不喜欢高风险户外挑战内容，如恐高或极端冒险主题，基于未点击太行山铁梯商品与点击行为中偏好安全欣赏性景点的特征相反。",3,complete
1297406,"喜欢：用户偏好家常菜食谱品类，尤其关注肉类（如牛肉、猪脚、肥肠）和蔬菜（如豆皮、黄瓜、黄豆芽）的烹饪；关键词包括红烧、炒、简单、好吃、下饭；品牌方面无明显偏好；使用场景主要为家庭日常饮食、节日聚餐（如年夜饭）和开胃下饭需求，同时涉及水果相关兴趣（如点击""中国最坑人的六种水果""）。

不喜欢：基于未点击商品与点击行为相反的特征，用户不喜欢小炒做法（如小炒肥肠）和过度强调""最好吃""或""超级下饭""的描述（如未点击的豆皮和下饭菜标题），反映出对特定烹饪风格和夸张宣传的回避。",3,complete
1819394,"喜欢：用户偏好健康生活知识（如喝热水好处、红薯放屁原因）、交通相关真实事件（电动车事故、地铁偷拍）、社会新闻（航空退市、虐狗分手）、人际关系话题（男朋友安全感、邻居类型）和自然现象（鳄鱼吃石头、菌子脆弱）；关键词包括安全、电动车、医院、味道、声音；品牌涉及饿了么、哈啰出行等出行服务，以及支付宝相关金融；使用场景为在线内容消费、日常出行关注和健康咨询。

不喜欢：用户不喜欢娱乐化或虚构内容，如游戏偷窃（神家）、危险行为演示（高架骑行）和趣味动物事件（虾坚强），与点击的严肃、教育性特征相反。",3,complete
112999,"喜欢：用户偏好宠物（如狗、猫）相关的幽默视频和社会新闻内容，偏好品类包括动物行为、日常生活工具和教育事件；关键词涉及娱乐消费（如环球度假区、消费券）、公共服务（社会保障、公积金）和交通（地铁票）；品牌倾向Apple服务（如appstore、icloud）、农夫山泉和美团；使用场景主要为支付宝小游戏（如蚂蚁庄园、芭芭农场）、外卖点餐和理财公益服务（如余额宝、捐步）。

不喜欢：用户不喜欢悠闲散步的野生动物观察视频，如小鳄鱼和细尾猿的平静场景，这与点击的活跃幽默和社会事件内容相反。",3,complete
191881,"喜欢：偏好宠物（尤其是猫和狗）和食物（如懒人烧茄子）相关内容，关键词包括猫咪、狗、土豆、懒人、妈妈和圆溜溜眼睛，品牌涉及支付宝服务（如淘票票电影），使用场景为家庭休闲、宠物互动和日常烹饪娱乐。  
不喜欢：基于未点击行为，不喜欢环保主题（如蚂蚁森林）、大熊猫、vlog形式内容，以及柚子或夏天相关主题，与点击偏好相反。",3,complete
1326876,"喜欢：偏好品类包括娱乐短视频（如生活趣事、社会新闻、育儿和动物主题）、关键词涉及生活服务（居住证、公积金）、娱乐（电影、烤肉）和金融（基金、红包）、品牌倾向饮料类（东鹏、红牛、雀巢咖啡）和支付服务（支付宝、花呗）、使用场景为休闲浏览（如假期约会、家庭趣事）和日常消费（餐饮、转账）。
不喜欢：基于未点击商品，不喜欢交通违规或执法相关的内容（如电动车事故、交警处理），这与点击行为中偏好娱乐性、故事性强的事件相反。",3,complete
501732,"喜欢：用户偏好动物视频内容，尤其大熊猫、猫咪和狗相关的可爱趣闻（如小奶猫洗澡、大熊猫吃播），关键词包括养猫、小奶猫、大熊猫打架；偏好品牌如饿了么用于外卖点餐和公益游戏；使用场景为休闲娱乐观看视频、参与互动游戏（如蚂蚁庄园种树）和点外卖零食。

不喜欢：用户不喜欢烹饪教程（如豆皮凉拌、爆炒腰花）和钓鱼内容，与点击的动物趣闻形成鲜明对比。",3,complete
1114907,"喜欢：用户偏好金融理财品类（如存款、社保查询和补贴），房地产信息（如房价和城市分析），公益参与（如捐赠和种树），关键词包括补贴、房价、公益、运动；品牌如支付宝（支付和理财）、娃哈哈（食品）；使用场景涉及日常支付（扫码收款、交通卡）、理财管理（余额宝）、公益捐赠（慈善项目）和运动健康（支付宝运动）。

不喜欢：用户不喜欢宠物或动物相关内容，基于未点击商品特征（如""狗""），与点击行为中金融、公益等主题相反。",3,complete
1347694,"喜欢：用户偏好宠物相关品类（如狗、猫、大熊猫），关键词聚焦动物趣事（如游泳、洗澡、搞笑行为）、生活小知识（如恐龙血、龙涎香）和幽默内容；品牌涉及饿了么、滴滴出行等外卖和出行服务；使用场景主要为休闲娱乐视频观看和宠物知识学习。

不喜欢：用户不喜欢平淡日常宠物场景（如涉及早起的描述），这与点击的趣味性、教育性内容相反。",3,complete
1280781,"喜欢：该用户偏好肉类烹饪（如五花肉爆大葱）和健身训练（如改善臀凹陷动作），关键词包括""做菜""、""动作""、""训练""，品牌涉及每日鲜语、周黑鸭等食品，使用场景为家庭日常饮食和个人健身。

不喜欢：基于未点击行为，用户不喜欢素食（如下饭素菜）、海鲜（如盐焗海鲜）、简单汤类（如酸辣汤）、社交菜肴（如待客菜）以及非健身主题如篮球或汽车知识。",3,complete
1079997,"喜欢：该用户偏好家居设计（如卧室、客厅改造和空间利用）、宠物内容（猫咪、狗狗、大熊猫相关）、美食教程（简单家常菜如葱爆鸡蛋、口蘑蒸蛋）、社会新闻（如独生子女补贴和搞笑事件），关键词包括设计、补贴、美食和宠物，品牌倾向支付宝相关服务（如花呗、红包），使用场景集中于家庭生活改善、日常娱乐和消费管理。

不喜欢：该用户不喜欢阳台装修、卫生间收纳技巧、清蒸鲈鱼等特定菜肴、平凡动物场景（如路边小狗）、降价信息、儿童吵闹主题，这些特征与点击行为中积极有趣的家居设计、宠物内容和美食教程相反。",3,complete
1902083,"### 用户兴趣偏好总结（场景3）
喜欢：该用户偏好旅游探索（如中国名山、云南世外桃源、贵州古桥）、奇闻轶事（如动物趣事、社会热点）、历史遗迹（如平遥古城、宝剑发现）和安全警示内容，关键词包括中国、云南、贵州、山村、安全、动物，品牌涉及支付宝（从服务使用）和超市如大润发（从交易行为），使用场景主要为在线新闻浏览、休闲娱乐和旅游规划。

不喜欢：基于未点击行为，用户不喜欢交通事故（如路口不减速、刹车事故）、旅行危险（如禁区景点、危险向导）和生活麻烦（如电动车摔倒、看手机跌坑），反映出对负面、危险内容的回避。",3,complete
610064,"喜欢：用户偏好宠物相关品类（如猫狗主题）、健康训练关键词（如动作、训练）、品牌如支付宝服务（基于服务使用实体），使用场景为日常健身和家庭护理（如小腹训练、新生儿护理），具体体现在点击商品中的""母猫""、""狗""、""动作""、""医院""等实体词，以及服务使用如""芭芭农场""、""支付宝运动""。

不喜欢：基于未点击商品中与点击行为相反的特征，用户不喜欢蔬菜类饮食技巧（如莲藕、茄子）和模糊动作主题（如未点击的""凉拌茄子""和""动作""描述），这与点击偏好中的宠物、健康训练形成对比。",3,complete
173824,"喜欢：偏好家常菜品类（如肉类、排骨、鸡蛋、豆腐和素菜），关键词包括""简单""、""好吃""、""懒人""、""家常""和""下饭""，品牌涉及familymart（便利店相关），使用场景为家庭厨房日常烹饪、孩子喜爱的省时食谱（如电饭煲料理）和健康减脂餐。  
不喜欢：基于未点击商品，不喜欢鱼类食谱（如红烧鱼）和泡面相关简单做法，以及对非烹饪内容（如游玩事件和新闻）不感兴趣。",3,complete
1437483,"喜欢：用户偏好食品品类中的鸡蛋、早餐饼、素菜等健康家常菜，关键词包括简单、快捷、家庭导向（如""小孩子""、""女朋友""），品牌涉及盒马、农夫山泉（交易数据），使用场景为家庭烹饪、早餐准备和减脂饮食（点击标题如早餐饼、苹果小米粥、粉蒸肉减脂期）。  
不喜欢：基于未点击商品，用户不喜欢高脂肪肉类如红烧肉，以及餐馆风格的油腻食物（未点击标题""不加一滴水一滴油，也能做出比饭店好吃的红烧肉""，实体词""红烧肉""、""餐饮饭店""与点击健康素菜相反）。",3,complete
104338,"喜欢：用户偏好真实事件和社会新闻内容，包括事故故事、救援事件、宠物趣事等品类，关键词如事故、安全、宠物、看手机，品牌如新电途和充电驿站（基于搜索和交易数据），使用场景为在线消费安全警示和日常生活娱乐（如移动设备浏览短视频或新闻）。

不喜欢：用户不偏好负面车祸和交通违规内容，如闯红灯事故和电动车违规事件（基于未点击商品中与点击行为相反的特征，如惨烈车祸而非警示性故事）。",3,complete
813757,"喜欢：该用户偏好宠物猫内容（如撸猫、小奶猫、搞笑猫视频）、娱乐搞笑视频（如女生走秀、孙悟空投喂）和女性主题（如高校女生、打篮球女生），关键词包括猫、女生、艺术；品牌涉及Apple（从搜索关键词""苹果 iphone 13""和""apple""）；使用场景涵盖移动支付（如花呗、收款码）、日常消费（如便利店、米粉店）和娱乐观看（如抖音相关）。

不喜欢：基于未点击商品，用户不喜欢小狗相关内容和恋爱主题视频（如女生谈恋爱），与点击的猫和娱乐内容形成鲜明对比。",3,complete
1417668,"喜欢：该用户偏好娱乐、社会正能量、动物趣事和家庭相关内容，偏好品类包括宠物视频、社会救援事件和搞笑趣闻；关键词如网友、狗狗、消防、中国、宝宝、发光、锦鲤、退役军人、妈妈、小朋友、大学生等；品牌涉及支付宝（从交易行为推断）；使用场景为在线休闲浏览和社交媒体消费。

不喜欢：该用户不喜欢负面灾难事件，如基于未点击商品的山体滑坡和老人受伤，特征为悲剧性和负面性，与点击行为中积极、温馨的主题相反。",3,complete
242327,"喜欢：该用户偏好食品品类（如海鲜、肉类，包括白灼虾、红烧肉）、关键词（如烹饪技巧、省钱、支付宝安全）、品牌（支付宝）、使用场景（家庭用餐、个人理财），基于点击行为中频繁出现的实体如白灼虾、红烧肉、独生子女补贴、支付宝，以及交易和服务数据中的相关实体（如芭芭农场、优惠券搜索）。
不喜欢：该用户不喜欢负面新闻和交通事故相关内容，基于未点击商品的特征如车祸、闯红灯，与点击的积极实用主题相反。",3,complete
1413215,"喜欢：用户偏好食品和烹饪品类，关键词包括简单、美味、家常、健康（如减脂、低卡、懒人食谱），品牌如familymart，使用场景主要为家庭早餐、健康饮食和懒人食谱（如空气炸锅、电饭煲制作）。
不喜欢：用户不喜欢旅游或事件新闻类内容，特别是与游玩相关的事件（如落水救援）。",3,complete
1144952,"喜欢：该用户偏好宠物相关品类（如猫、狗），关键词包括“小猫咪”、“卧室”、“阳台”和“大熊猫”，品牌涉及联华华商、康师傅等日常消费品牌，使用场景主要为家庭生活（如家居装修、宠物饲养）和休闲娱乐（如幽默故事、动物视频）。
不喜欢：基于未点击商品，用户不喜欢抽象的家居设计概念（如“阳台设计”）和小空间负面描述（如“棺材房”），与点击行为中积极实用的家居内容形成反差。",3,complete
1864392,"喜欢：该用户偏好健身运动品类（如女神蹲、瘦腰练腹动作）和时尚拍照品类（如辣妹逆光照），关键词包括辣妹、女神、熬夜、电动车、动作、风格、中国，品牌涉及支付宝（从服务使用和交易行为）和哈啰出行（从交易行为），使用场景为日常锻炼、健康管理、低碳出行（如骑行卡、公交）和公益参与（如蚂蚁森林）。

不喜欢：用户不喜欢汽车维护相关的警告内容，如按键操作指南（基于未点击商品与点击的健身、时尚主题相反）。",3,complete
174408,"喜欢：用户偏好宠物互动（如狗狗故事）、家居装修（厨房和卫生间设计）、健康美容（健身动作和变美技巧）以及生活趣事（萌娃、高铁轶事），关键词包括狗狗、卫生间、身材、熬夜，品牌涉及雅迪（电动车）、emoji（表情相关）和天天（可能日常用品），使用场景主要为家庭生活（收纳、阳台改造）、健康锻炼（流汗运动）和公益环保（海洋保护、种树）。

不喜欢：用户不喜欢小腹训练相关商品（如高强度健身），与点击的健身内容（如全身暴瘦、活力动作）特征相反，避免特定部位或品牌化训练（如7天酒店关联）。",3,complete
560673,"喜欢：该用户偏好宠物相关品类（如猫、狗），关键词包括母猫、遛狗、日常、护食、巴顿（可能为宠物名），以及教育主题（如本科生、研究生开学）、汽车知识（如按键功能）、时尚展示（如高校女生走秀），使用场景涉及日常娱乐、学习环境和时尚活动；品牌方面无明显偏好，但实体词中""巴顿""可能代表特定宠物或内容。

不喜欢：基于未点击商品中与点击行为相反的特征，用户不喜欢身体形象讨论（如软乎乎肉肉）、医疗场景（如医院扎针）和交通违规内容（如电动车违规），这些与喜欢的正面宠物行为、教育主题形成对比。",3,complete
767544,"### 用户兴趣偏好总结（场景3）

喜欢：该用户偏好宠物狗（特别是警犬、巴顿故事）和家庭设计（如小卧室、客厅优化）相关品类，关键词包括狗、警犬、设计、巴顿、卧室，使用场景涉及家庭宠物饲养和家居优化，品牌偏好不明显（交易数据含超市品牌如AEON|BRAND，但点击未突出）。

不喜欢：基于未点击商品（如宠物离别主题和财务补贴），用户不喜欢情感离别内容（如毛孩子去新家）或财务补贴话题（如独生子女补贴）。",3,complete
1912485,"喜欢：用户偏好健身类内容（如臀凹陷动作、女神蹲训练），关键词包括健身、动作、训练、熬夜、姐妹、省钱、装修、邻居；品牌涉及""从一""长裙；使用场景为个人健康管理（在家健身拎桶油）、省钱生活（薅邻居砖省钱）和家庭娱乐（萌娃告状、小女孩跳舞）；偏好品类涵盖健身教程、精神健康（拒绝精神内耗）、趣闻轶事（情侣办证、女子爬山、锦鲤出游）和家庭温馨内容。

不喜欢：用户对宠物相关主题不感兴趣，如狗狗撸猫的趣事，与点击行为中缺乏宠物元素相反，关键词包括手套、早起、网友、主人、狗狗、撸猫。",3,complete
453273,"喜欢：该用户偏好宠物相关（如狗、猫）、家庭生活技巧（如卧室装修、收纳）、食物烹饪（如早餐饼、素菜、凉拌面），关键词包括可爱、实用、搞笑和社会热点，品牌涉及盒马、农夫山泉、欧莱雅等，使用场景为家庭烹饪、育儿和在线娱乐休闲。

不喜欢：基于未点击商品，用户不喜欢汽车技术警告类内容，如按键操作提示。",3,complete
748812,"喜欢：该用户偏好宠物相关品类（如猫咪和狗），关键词包括洗澡、聪明、乖巧、相遇和家庭生活；品牌方面，从交易行为中倾向清洁用品（如立白、洗衣液）和电子设备（如小米、华为）；使用场景主要为家庭休闲娱乐，如观看动物行为视频和日常互动内容。

不喜欢：基于未点击商品，用户不喜欢政治话题（如中美关系）以及负面或冲突性的宠物内容（如带有嘲讽语气的狗主题）。",3,complete
1495597,"喜欢：用户偏好新闻事件（如天气、社会热点）和生活实用信息（如补贴、房价分析），关键词包括西瓜、猫咪、高铁、房价、城市、补贴、存钱法；品牌如星巴克、统一在交易中常见；使用场景为日常信息消费和理财规划，涉及宠物行为、旅行故事及存钱技巧。

不喜欢：用户不喜欢负面旅行内容（如失望景点）和社保医保细节，基于未点击行为，表现为对猫咪叫声、高利息金融产品、灾难新闻、驾驶技巧、社会保障查询、车贷图案、高铁偷拍事件、车祸报道及五险一金变化的回避。",3,complete
1397626,"喜欢：用户偏好家常菜食谱品类，尤其早餐食品如早餐饼、土豆丝饼和红薯糯米饼，关键词聚焦营养、美味、孩子和简单烹饪；品牌涉及牛鲜（生鲜）和familymart（便利店）；使用场景主要为家庭早餐、日常烹饪及为孩子准备营养餐点。

不喜欢：用户不喜欢讨论性内容如""喜欢土豆的人""，或与点击行为相反的重复面条吃法主题。",3,complete
1056567,"喜欢：用户偏好品类包括新闻事件（如国际火箭、铁路通车）、交通相关（高铁、电动车）和旅游娱乐（景点爬山、孙悟空扮演）；关键词如火箭、铁路、高铁、爬山；品牌涉及支付宝、美团（从交易行为）；使用场景为在线浏览社会新闻、搞笑事件和旅游安全内容。
不喜欢：用户不喜欢家庭生活、儿童萌娃和宠物故事内容，基于未点击商品如大学生发明和萌娃告状的特征相反于点击行为。",3,complete
1263314,"喜欢：偏好家庭生活内容品类，关键词包括女性、夫妻、父母、厨房、做菜等代际关系主题，品牌如支付宝（从交易和服务使用中高频出现），使用场景为日常家庭互动、避免干扰（如厨房活动）。

不喜欢：基于未点击商品，不喜欢涉及负面母子关系的内容，关键词如妈妈（与点击行为中正面家庭主题相反）。",3,complete
1947248,"### 用户兴趣偏好总结（场景3）
喜欢：该用户偏好宠物相关品类（猫和狗），关键词包括猫咪、狗、小猫、测试、幽默故事和遛狗；使用场景为休闲娱乐（如宠物行为观察和互动测试）；品牌方面无明显偏好（基于点击数据未体现特定品牌）。
不喜欢：基于未点击商品特征，该用户不喜欢游泳相关的宠物内容（如猫游泳事件）。",3,complete
585257,"### 用户兴趣偏好总结（场景3）
喜欢：偏好品类包括社会新闻、生活技巧、搞笑娱乐、健康医疗和宠物相关；关键词如运动、公益、医疗和交通；品牌如支付宝；使用场景为日常娱乐浏览、实用知识学习和信息获取。  
不喜欢：基于未点击行为，不喜欢负面犯罪事件如诱骗和危险场景。",3,complete
217320,"喜欢：用户偏好健康保险品类（如好医保、门诊险）、医疗相关关键词（如核酸检测、医院）、品牌如猫人和星巴克，使用场景为日常生活知识获取（如五险一金知识）和健康咨询（基于点击标题如""打工人一定要知道的五险一金知识""及搜索词""门诊险""）。  
不喜欢：用户不感兴趣于装修省钱技巧、个人健康小问题（如耳朵护理）和浪漫社交互动（基于未点击商品如""耳朵进水用棉签掏能行么""的实体词""棉签棒,耳朵""，与点击的健康知识和社会事件特征相反）。",3,complete
482425,"### 用户兴趣偏好总结（场景3）
喜欢：该用户偏好旅游景点（如国内景点、旅游景区）、动物趣闻（如小鳄鱼散步、小鸟造型）和社会救援事件（如消防员故事、退役军人救援）等品类，关键词包括搞笑、挑战、羡慕和救援，品牌如支付宝（服务使用和交易）、美团（搜索和交易）和麦当劳（搜索），使用场景涉及出行导航（如打车、公交）、公益参与（如蚂蚁庄园种树）和生活缴费（如水费、电费）。  
不喜欢：该用户不喜欢负面或低质量的动物主题内容，如无聊的狗故事（基于未点击商品特征）。  

（字数：198）",3,complete
1369840,"喜欢：该用户偏好宠物和动物相关品类，特别是狗、大熊猫等幽默救援故事，关键词包括狗狗、宠物、安全感和救援；品牌偏好涉及芭芭农场、支付宝等公益服务；使用场景多为家庭娱乐、户外冒险和公益参与，如观看动物视频或参与蚂蚁庄园活动。

不喜欢：基于未点击商品，用户不喜欢家庭日常琐事品类，如梳头或做菜理论，关键词包括头发、理论和攻击；避免使用场景涉及教育表演或负面动物行为，如学生军训或猫咪攻击表现。",3,complete
545740,"### 用户兴趣偏好总结（场景3）

喜欢：用户偏好宠物品类（如狗和猫），关键词包括救援、网友、外卖和钓鱼，品牌涉及光明、农夫山泉、伊利等食品品牌，使用场景集中在公益捐赠（如蚂蚁庄园）和出行服务（如哈啰出行骑行）。

不喜欢：用户不喜欢收入相关主题和虚构动物内容（如龙虾和青蛙），基于未点击商品中与点击行为相反的轻松幽默特征。",3,complete
934530,"喜欢：该用户偏好交通出行（如电动车）、时尚服饰（如清冷套装）和社会保障（如五险一金），关键词包括电动车、女生、高个子、社保和交警，品牌涉及哈啰出行（从交易行为）和蚂蚁财富（从服务使用），使用场景涵盖日常通勤、个人形象提升和工作福利了解。

不喜欢：该用户不喜欢运动（如打篮球）、电动车危险行为（如看手机）、汽车维护（如油耗）、休闲动物趣闻（如锦鲤）和负面事件（如车祸），这些特征基于未点击商品中与点击行为相反的实体。",3,complete
1449620,"喜欢：偏好品类包括交通出行（如停车位、电动车相关）、旅游景点（如中国名山、浙江景点）、简单食品制作（如早餐饼、韭菜鸡蛋饼）和社会事件（如救援、车祸）；关键词如安全、方便、中国景点、技术；品牌如支付宝（在点击商品中提及）；使用场景涉及日常生活（如早餐准备、家庭烹饪）、出行安全（如车上按键、斑马线）和公益救援（如退役军人、狗救援）。  
不喜欢：基于未点击商品中与点击行为相反的特征，不喜欢虚构内容（如轻功、中华武术）、夸张描述（如下饭扛把子）、政治话题（如美国中国王牌）、危险行为（如带娃骑车看手机摔倒）以及休闲主题（如趵突泉锦鲤游泳）。",3,complete
1115158,"喜欢：用户偏好交通相关新闻和搞笑事件内容，关键词包括事故、看手机、遛狗、动物（如熊猫、狗）；偏好品类为餐饮小吃（如新丰小吃、沙县）、健康保险（如好医保）、公益服务（如捐步）；品牌涉及抖音、支付宝；使用场景聚焦在线娱乐（如视频消费）和移动支付（如手机费、转账）。

不喜欢：用户不喜欢时尚服装类内容，如高个子清冷套装，这与点击行为中交通、动物主题相反。",3,complete
41291,"喜欢：用户偏好健康知识（如妊娠器官、抽搐症状）、旅游文化（如中国最美县城、苗族建筑群）、家庭生活（如父母退休、女儿关系）、实用信息（如五险一金知识）、宠物趣事（如狗狗撸猫）和食物相关（如水果、饲料）；关键词包括女性、父母、中国景点、健康、相遇；品牌涉及蜜丝婷（防晒）、滴露（消毒）、威露士（清洁）等日化用品；使用场景包括在线学习（点击知识性标题）、公益参与（如芭芭农场种树）、日常购物（超市交易消毒液和肥料）。

不喜欢：用户不喜欢危险或冒险性的旅游内容，如中国危险景点，这与点击的正面文化景点（如蚩尤九黎城）形成反差。",3,complete
1127020,"喜欢：用户偏好宠物相关品类（特别是狗），关键词包括""狗""（从点击行为），品牌涉及餐饮如百事、麦当劳、星巴克（基于交易实体），使用场景主要为休闲娱乐（如外卖点餐和生活缴费服务）。
不喜欢：用户不喜欢汽车、机械故障（如发动机问题）、测试、拍照、事故（如刹车失灵和车祸）、饲料相关及负面事件（如印度火箭）。",3,complete
491890,"喜欢：偏好宠物猫咪相关搞笑视频品类，关键词包括猫咪、土豆、可爱、颜值、洗澡、吃饭、吸猫、表演等，使用场景为休闲娱乐在线观看治愈内容，无显著品牌偏好（基于点击商品标题和实体词，如""小猫咪我啊 被肚子弹开了呢""和""可爱的土豆""，体现对幽默、可爱宠物内容的兴趣）。  
不喜欢：基于未点击商品中与点击行为相反的特征，不喜欢教育性或描述猫咪乖巧、认主行为的严肃内容，关键词如乖巧、男孩、女孩等（如未点击标题""猫咪认主的表现，你家猫是这样吗？""和实体词""乖巧""，与点击的搞笑治愈风格形成反差）。",3,complete
122243,"喜欢：用户偏好宠物趣事和动物主题内容（如猫咪、狗狗、警犬退役故事），关键词包括警犬、撸猫、巴顿；偏好公益项目（如芭芭农场捐赠、种果树）和日常消费（如餐饮小吃中的米线、烧烤），品牌涉及芭芭农场、蚂蚁庄园；使用场景集中于休闲娱乐、公益参与和在线支付服务。

不喜欢：用户不喜欢严肃真人事件内容，如游玩事故或救援新闻，关键词包括退役军人、落水，与点击的轻松动物趣事形成对比。",3,complete
631378,"喜欢：用户偏好家常烹饪食谱，特别是简单、营养的早餐和家常菜，如鸡蛋饼、红烧鱼、豆腐菜肴；关键词包括""简单""、""好吃""、""营养""、""早餐""；品牌涉及超市如华运超市、合家福超市；使用场景为家庭日常饮食、节日聚餐（如年夜饭），强调肉类（五花肉、鸡腿）和蔬菜（豆腐、茄子）的快速制作。

不喜欢：用户对非食品主题如家居装修、空间优化和补贴申请不感兴趣，基于未点击商品如阳台设计、鞋柜优化和独生子女补贴，这些与点击的食品内容形成鲜明对比。",3,complete
505934,"喜欢：偏好轻松幽默的生活内容，包括食物DIY（如凉拌面、五香鸡翅、酸辣粉）、动物趣事（如小狗狗、锦鲤）、育儿幽默（如萌娃、娃娃）、爱情故事（如情侣、外卖小哥），关键词涉及家庭休闲和日常娱乐，品牌如肯德基（从交易行为关联），使用场景多为家庭用餐、宠物互动和城市休闲。

不喜欢：基于未点击商品，不喜欢实用烹饪教程（如饺子皮再利用）或冒险旅游内容（如爬山遇风），与点击行为相反的特征是缺乏幽默元素和轻松生活主题。",3,complete
874129,"### 用户兴趣偏好总结（场景3）

喜欢：偏好家常菜、早餐食品和减脂餐等品类，关键词包括简单、营养、健康、下饭菜和懒人食谱，品牌涉及空气炸锅和familymart，使用场景主要为家庭早餐、快速烹饪和健康减脂饮食。

不喜欢：基于未点击商品特征，不喜欢复杂餐点（如芝士热狗棒）、快餐或营养补充品（如维生素蛋白餐），以及非食物内容（如政策新闻或事件报道）。",3,complete
861105,"喜欢：用户偏好宠物（尤其是狗和猫）相关的娱乐内容，偏好品类包括萌宠视频和家庭互动；关键词如狗狗、猫咪、主人、回家、搞笑、萌宠；无明显特定品牌偏好；使用场景为家庭休闲观看和宠物互动娱乐。

不喜欢：用户不喜欢负面宠物描述（如狗子出丑）或非宠物主题内容，如旅游、锦鲤和游泳相关元素。",3,complete
649030,"喜欢：该用户偏好娱乐内容，特别是宠物相关（如狗、猫咪）和搞笑社会趣闻，关键词包括萌娃、高铁、搞笑，品牌涉及支付宝（服务使用）和美团（搜索关键词），使用场景为日常休闲浏览和移动端消费，体现在点击的动物视频、正能量故事及交通相关趣事。

不喜欢：基于未点击商品，用户不喜欢负面新闻和事故事件，如车祸相关特征（关键词如闯红灯、轿车），与点击的正面、幽默内容形成鲜明对比。",3,complete
8680,"喜欢：该用户偏好动物趣事、旅游景点和轻松娱乐内容，关键词包括悠闲、散步、羡慕、出行和特色建筑群，品牌涉及Apple（如applemusic|BRAND）和支付宝相关服务（如余额宝），使用场景为在线休闲消费和公益参与（如芭芭农场种树、蚂蚁庄园养小鸡）。

不喜欢：该用户不喜欢危险事件和事故新闻，关键词如危险、事故和负面（如闯红灯、车祸），使用场景为负面新闻消费，基于未点击商品中与点击行为相反的负面特征。",3,complete
452274,"喜欢：用户偏好科普和生活知识类内容，包括动植物主题（如大熊猫、锦鲤、猪笼草、果蝇）、健康护理（如耳朵积水处理、器官功能）、植物水果种植（如芒果嫁接、草莓授粉、西瓜裂果），以及金融理财服务（从搜索关键词如""额度""""花呗""和服务使用如""余额宝""""基金""体现），使用场景集中于在线娱乐学习（如观看视频获取技巧），关键词涵盖动物、健康、植物、额度，品牌涉及蚂蚁财富、阿里巴巴和中国移动（从交易和服务实体提取）。

不喜欢：用户不喜欢虚假或不真实的西瓜相关表述，基于未点击商品""你是个假西瓜吧？""的特征，与点击行为中偏好真实科普内容相反。",3,complete
594146,"### 用户兴趣偏好总结（场景3）
喜欢：用户偏好幽默的生活趣事和动物相关视频（如狗、萌娃、小鳄鱼），关键词包括搞笑、意外事件和日常小贴士；偏好品类涵盖宠物、食品（如营养、鱼香肉丝）和健康护理（如耳朵、医院）；品牌方面，对Apple产品（如iPhone X）有明确兴趣；使用场景集中于家庭生活（如卫生间、撸猫）和户外活动（如海边、武功山日出），整体偏向轻松、正面的内容。

不喜欢：用户不喜欢负面或隐私侵犯相关的内容，如偷拍事件、道路封锁等，基于未点击商品中与点击行为相反的特征（如黑屏、黑狗），反映出对冲突、侵犯性主题的回避。",3,complete
561321,"喜欢：偏好娱乐搞笑、动物趣事和社会事件类内容，关键词包括小狗、西瓜、雨衣、爬山、动物行为（如拖动西瓜、散步围观）和搞笑事件（如魔法打败熊孩子），品牌涉及肯德基、共享单车（如嘀嗒出行）和外卖平台（美团、饿了么），使用场景多为城市日常生活、户外活动（如骑行、景点爬山）和突发新闻消费。

不喜欢：风景旅游和静态自然观赏类内容，如日出等待、锦鲤出游等休闲场景，与点击行为中动态事件驱动的偏好相反。",3,complete
707480,"喜欢：偏好食品品类如鸡蛋、腐竹、红烧肉和下饭菜，关键词包括简单、好吃、下饭和实用，品牌涉及盒马工坊和京东便利（基于交易行为），使用场景为家庭烹饪（如早餐、晚餐）和家居设计（如厨房、卧室、卫生间装修）。

不喜欢：基于未点击商品，不喜欢牛肉、豆腐和强调重复的素菜（如""366次""），以及某些家居设计如鞋柜安放或阳台正确做法（与点击行为相反）。",3,complete
152676,"喜欢：用户偏好金融理财品类（如贷款、信用贷），关键词包括借呗、花呗、余额宝，品牌如蚂蚁金服相关服务（支付宝、余额宝），使用场景涉及在线支付、公益捐赠（慈善基金会）和日常消费（超市、便利店）。  
不喜欢：用户不喜欢社会保险和工作相关品类（如五险一金），关键词如打工，使用场景为职场保险咨询。",3,complete
276738,"喜欢：偏好品类为宠物（尤其是猫和狗）的可爱、幽默视频内容，关键词包括小猫咪、狗狗、吸猫、表演等；品牌偏好如麦当劳、瑞幸咖啡luckincoffee（基于交易和搜索数据）；使用场景为休闲娱乐（如支付宝运动、芭芭农场）和日常消费（如奶茶茶饮、公共交通）。

不喜欢：基于未点击行为，不喜欢非宠物主题（如熊猫、家居设计）及严肃话题内容，关键词如撸猫问题、卧室设计、独生子女补贴等；使用场景为实用信息（如补贴申请、新闻事件）或非娱乐性主题（如设计办公、社会公益）。",3,complete
674119,"### 用户兴趣偏好总结（场景3）

喜欢：该用户偏好宠物相关品类（如遛狗、毛孩子、动物饲养故事）、家居生活（客厅布置）、关系话题（女朋友互动）、福利信息（独生子女补贴、五险一金变更）和趣味新闻（印度火箭事件）；关键词包括女朋友、客厅、饲料、遛狗、补贴、火箭、医院；品牌涉及支付宝、高德（从服务使用和搜索数据体现）；使用场景主要为在线娱乐（如点击的趣味视频标题）、生活服务（支付、交通）和家庭互动（宠物饲养、家居）。

不喜欢：基于未点击商品（骑行事故主题），用户不喜欢负面交通事故内容，如危险骑行、看手机导致事故等主题，与点击行为中趣味或福利导向的交通讨论（如赔偿、变更车道）形成反差。",3,complete
6078,"喜欢：用户偏好浏览中国旅游景点、科技趣闻和社会正能量事件，如名山、相机技术和消防故事；偏好品类包括新闻、旅游和户外活动；关键词如中国、名山、相机、骑行；品牌如米多奇（食品）和李记（调味品）；使用场景为在线娱乐浏览和社会关注，基于点击商品中的实体词如贵州、山村、古桥、宝剑、抢救、济南市、行道树、劈叉、街头、女子、门窗、网友、骑行、高邑县、起步、山东泰安、游玩、退役军人、鸭子、那么、有爱、网友、机长、点都、单反相机、排名、中国、第一、名山、消防、中国、宝宝、女子、登泰山、气喘。

不喜欢：用户对负面、危险内容不感兴趣，如育儿事故和分心行为，基于未点击商品中的实体词看手机、女子、带娃、骑行、一分钟，与点击行为中正面骑行趣事相反。",3,complete
613145,"喜欢：偏好品类包括交通出行（如停车、高速、电动车）、技术发明、社会事件（如拆迁、事故）和动物救援；关键词如大学生、高铁、停车、技术、艺术、风力发电机、救援、按键；品牌如支付宝（从服务使用和交易）、壳牌（从交易）；使用场景涉及公益捐赠（如公益基金会、慈善）、交通服务（如火车票、加油站）、生活支付（如花呗、收款）和娱乐（如游戏、问答）。
不喜欢：萌娃、狗等家庭温馨或萌宠内容，与点击的严肃、技术和社会事件特征相反。",3,complete
1187896,"### 用户兴趣偏好总结（场景3）
喜欢：用户偏好宠物动物相关品类（如猫咪、狗狗、大熊猫），关键词包括幽默故事、家庭烹饪（素菜、苦瓜、脆皮香蕉）、日常休闲，品牌涉及支付宝服务（如蚂蚁庄园、芭芭农场），使用场景为家庭娱乐和烹饪分享，体现对动物趣事、简单食谱的强兴趣。

不喜欢：用户不喜欢聪明狗主题和旅游相关动物内容（如锦鲤组团出游），与点击行为中偏好傻气、日常宠物故事相反。",3,complete
1435625,"### 用户兴趣偏好总结（场景3）
喜欢：用户偏好动物趣闻品类（如大熊猫、狗、猫），关键词包括网友分享、vlog、海洋和沙子，品牌涉及蚂蚁森林（公益相关），使用场景为在线娱乐和休闲浏览，体现对社交媒体内容、自然奇观及搞笑事件的兴趣。  
不喜欢：用户不偏好日常琐事品类（如老鼠、普通宠物互动），关键词包括扫帚、落水和撸猫，基于未点击商品与点击行为相反的特征，体现对负面事件或平淡家庭场景的回避。  

（字数：148）",3,complete
1516109,"喜欢：用户偏好汽车驾驶、交通规则和安全相关内容，偏好品类包括驾驶技巧、事故处理和停车方法，关键词如闯红灯、倒车入库、安全驾驶和技巧学习，使用场景涉及日常出行、驾驶教育和交通规则学习；品牌方面无明显特定偏好，但交易行为中关联出行服务如地铁和电动车，支持出行场景。

不喜欢：基于未点击商品特征，用户不喜欢涉及车贷金融和隐私侵犯的内容，如车贷图案和偷拍事件，与点击行为中驾驶安全主题相反。",3,complete
418122,"喜欢：用户偏好家居装修品类，特别是卧室、厨房、卫生间和阳台的设计，关键词聚焦空间利用、收纳优化、实用美观和小户型解决方案（如""隔断""、""玄关""、""榻榻米替代""）；使用场景为家庭生活空间的改造与优化；品牌方面，数据中无明显突出偏好，但交易行为涉及日常品牌如真维斯（服饰）和Royalstar（家电），服务使用关联支付宝和芭芭农场。

不喜欢：用户不喜欢老式或不实用的家居设计（如餐边柜），以及非家居相关主题（如车贷图案和独生子女补贴），基于未点击商品中与点击行为相反的特征，表明对低实用性或无关内容缺乏兴趣。",3,complete
1411358,"喜欢：用户偏好社会热点、动物趣事和交通安全警示类内容，关键词包括女生、事故、医院、动物（如猫、狗、小鸟），品牌如雅迪（电动车）、支付宝（服务）和同仁堂（医疗），使用场景涵盖公益参与（如蚂蚁森林捐步、芭芭农场种树）、生活缴费（如水费、电费）和医疗保健（如浙大一院挂号）。

不喜欢：用户不喜欢涉及电动车事故、看手机导致跌倒的负面内容，特别是与泥坑或执着捞手机等重复或低趣味主题相关的商品。",3,complete
1320804,"喜欢：偏好食品烹饪品类，关键词包括腐竹、土豆饼、玉米烙、素菜、空气炸锅、懒人食谱和新吃法，品牌涉及familymart（从点击商品实体词体现），使用场景为家庭健康饮食、快速早餐制作和提升免疫力食谱（如冬季食物）。
不喜欢：基于未点击商品，不喜欢涉及绿色蔬菜农药讨论、儿童主题早餐内容、动物相关（如清道夫鱼）以及新闻事件（如游玩事故）的主题。",3,complete
1256039,"喜欢：用户偏好宠物狗相关的搞笑和可爱内容，品类包括动物视频（如狗趣事）及公益服务（如种树、消防学习），关键词如狗、小狗、宠物趣事、种果树、消防知识，品牌涉及芭芭农场、康师傅（基于交易和服务使用），使用场景为家庭休闲娱乐和在线公益参与（如蚂蚁庄园养小鸡）。

不喜欢：用户不喜欢负面或冲突主题的宠物内容，如涉及碰瓷的狗行为，基于未点击商品中与点击正面狗趣事相反的特征。",3,complete
1756472,"喜欢：该用户偏好动物相关品类（如狗、猫、大熊猫、鸭子），关键词包括救援、搞笑、生活趣事和网友互动，品牌涉及趵突泉等景点，使用场景为休闲娱乐浏览社交媒体内容，尤其关注幽默社会事件、动物行为及日常生活奇闻。

不喜欢：基于未点击商品特征，用户不喜欢家庭冲突主题（如妈妈相关）、灾难事故和负面事件内容，包括家庭琐事、山体滑坡等灾难描述及交通事故细节。",3,complete
616155,"喜欢：用户偏好食品品类，特别是家常食谱（如红烧猪蹄、鸡蛋饼、减脂餐）、早餐食品和健康减脂类；关键词包括""好吃""、""简单""、""营养""、""减脂""和""家常""；品牌涉及陈克明面条、徽润、电饭煲和空气炸锅等；使用场景主要为家庭烹饪、日常饮食管理、减脂期营养补充和早餐准备。

不喜欢：基于未点击商品特征，用户不喜欢非食品主题内容，如家居装修（阳台设计）、保险金融（五险一金）和部分非核心美食（如酸菜鱼、捞汁小海鲜），这些与点击行为中聚焦的家常食谱和健康饮食形成鲜明对比。",3,complete
143960,"喜欢：用户偏好娱乐性强的生活类内容，包括动物视频（如大熊猫、锦鲤）、安全实验警示、健身教程（如翘臀训练）和女性主题（如辣妹穿搭、女生日常），品类涉及视频娱乐、生活技巧和健身指导，关键词如安全、实验、健身、动物、女生，品牌如赛羽scoyco（运动装备），使用场景为在线观看学习、日常娱乐和户外活动参考。

不喜欢：用户不喜欢轻浮或无实质的搞笑内容，如基于未点击的""小姐姐""主题（涉及马路、虾等元素），这与点击行为中严肃或实用的安全、实验特征相反。",3,complete
916892,"### 用户兴趣偏好总结（场景3）
喜欢：偏好娱乐类内容（如宠物视频、家庭趣事和搞笑事件），关键词包括""狗""、""猫""、""网友""、""消防员""、""外卖""和""家庭""，品牌涉及Apple和星巴克（基于交易行为），使用场景集中于日常消费（如餐饮支付、停车服务）和在线娱乐（观看短视频）。  
不喜欢：基于未点击商品特征（负面社会事件和隐私侵犯），反感涉及偷拍、黑屏偷窥等侵犯隐私的负面内容。",3,complete
914336,"喜欢：用户偏好情感关系内容（如恋爱建议和男女互动话题），生活实用信息（如社保查询和财富管理），以及日常消费品类如食品外卖（如鸡排、面包），关键词包括“女朋友”、“男朋友”、“社保”、“财富”，品牌如“饿了么”、“支付宝”、“正新鸡排”，使用场景涉及餐饮点餐、生活缴费和日常休闲。

不喜欢：用户不喜欢动物生存话题（如清道夫鱼）、工作知识内容（如五险一金和打工人主题）、社会负面事件（如偷拍报道）和补贴信息（如独生子女补贴），基于未点击商品中与点击行为相反的特征。",3,complete
164672,"喜欢：用户偏好交通违规事件、宠物趣事（尤其是狗相关）和生活省钱技巧内容，关键词包括闯红灯、遛狗、装修、省钱；品牌涉及精工手表等；使用场景聚焦日常通勤（如电动车出行）、家庭宠物护理和休闲娱乐视频观看。

不喜欢：用户不喜欢自然风景和宁静户外活动内容，如登山等待日出或山风体验，这与点击的活跃事件驱动主题相反。",3,complete
383463,"### 用户兴趣偏好总结（场景3）
喜欢：偏好幽默生活故事和家庭主题内容，品类包括娱乐趣事（如旅游景区、假期活动）、餐饮（如柠檬茶、火锅），关键词如投喂、孙悟空、小朋友、吃饭、回家、父母、大学生，品牌如都可、喜茶、维他，使用场景涉及支付宝支付、餐饮店消费、公交出行和公益服务（如芭芭农场）。

不喜欢：基于未点击行为，不喜欢交通事件（如电动车违规）和动物趣事（如锦鲤游泳），主题涉及社会新闻、组团出行和教育相关（如老师、交警），与点击的幽默个人故事相反。",3,complete
279034,"喜欢：用户偏好生活技巧类内容（如烹饪食谱、家居设计和早餐制作），关键词包括""中国""、""生活""、""健康""、""美食""、""家居""、""社会""和""娱乐""，品牌涉及支付宝（从点击实体词和交易行为体现），使用场景涵盖家庭日常（如卧室改造、做菜）、健康管理（如医保卡咨询）和娱乐休闲（如电影相关话题）；具体品类包括美食（牛肉、茄子、面条）、家居用品（卧室设计）、健康医疗（抽搐、医保卡）和社会话题（支付宝安全、经济讨论）。

不喜欢：用户不喜欢危险或负面主题的景点内容，如""中国最危险的九个景点""，这与点击行为中正面推荐的景点（如""中国排名第一的名山""和""杭州最值得去的十个景区""）形成鲜明对比。",3,complete
1495392,"喜欢：用户偏好观看涉及女性社会事件（如短裤争议、高铁偷拍）、交通违规（如高速倒车逆行、电动车事故）和动物搞笑（如狗出丑）的短视频内容，偏好品类为娱乐新闻和搞笑视频，关键词包括女子、短裤、电动车、狗、高速、逆行，品牌倾向从搜索数据体现如奔驰、小米，使用场景为日常娱乐消遣和交通信息获取。

不喜欢：用户不感兴趣于实用驾驶技巧（如加塞处理）、财务查询（如社保余额）和安全警示（如尾随事件）内容，基于未点击商品特征如加塞、驾车、查询社保、财富，与点击行为相反。",3,complete
2008377,"喜欢：用户偏好家居装修设计（如卫生间、厨房、卧室和阳台的实用改造）、实用生活知识（如五险一金社保内容）和烹饪技巧（如肉馅调制），偏好品类包括家居、食品和健康管理，关键词如""设计""、""实用""和""知识""，品牌涉及欧莱雅、露得清等化妆品及支付宝理财服务，使用场景聚焦家庭生活优化、健康保养和金融投资。
不喜欢：用户对入户鞋柜设计、卫生间泡澡相关、阳台特定做法以及独生子女补贴等内容不感兴趣，这些特征与点击行为相反，表现为对入户细节、泡澡场景和补贴类信息的回避。",3,complete
1378154,"喜欢：用户偏好宠物（尤其是狗和猫）相关的幽默搞笑内容，如狗狗的日常趣事、猫猫的颜值变化和家庭生活互动，关键词包括开心、生活、孩子、创作灵感、零食和约会，使用场景为日常休闲娱乐和家庭互动，涉及品类如宠物视频、搞笑故事和轻生活话题。

不喜欢：用户不喜欢涉及身体不适、疾病或过度情感化的内容，如生病、禁食、悲伤宠物情感或沉重家庭事件，基于未点击商品中的负面主题如身体不适、主人情感表达和疾病相关描述。",3,complete
1579024,"### 用户兴趣偏好总结（场景3）
喜欢：用户偏好动物趣事（如猫咪、狗狗、大熊猫）、搞笑视频和生活技巧内容；在交易行为中关注食品品类（如水果、零食）、关键词如秒杀和公益，品牌如伊利和三只松鼠；使用场景包括公益服务（如种树、捐步）和日常生活购物（如秒杀活动）。  
不喜欢：用户对负面事件（如车祸、事故）和不吸引人的动物主题内容不感兴趣，基于未点击商品如事故报道和负面动物描述。",3,complete
2013047,"喜欢：用户偏好宠物猫咪相关品类，关键词包括猫咪和铲屎，品牌如苹果（基于交易行为中的苹果产品），使用场景为家庭宠物娱乐；同时，偏好公益服务品类（如芭芭农场），关键词公益和种树，品牌支付宝，使用场景在线公益参与。

不喜欢：用户不喜欢清道夫（鱼类）相关品类，关键词骨头，与点击行为中猫咪偏好形成鲜明对比。",3,complete
1048675,"喜欢：该用户偏好交通事件和生活趣事品类（如电动车、公交车辆、洪水事件），关键词包括优惠和本地服务（如红包、消费券、湖北省），品牌如中国移动和苹果（基于交易行为），使用场景涉及移动支付和公益参与（如支付宝服务、芭芭农场、公益捐步）。

不喜欢：该用户不喜欢运动相关内容（如打篮球的女生），与点击行为中负面生活事件（如女子事故）形成相反特征。",3,complete
1394098,"### 用户兴趣偏好总结（场景3）
喜欢：偏好社会新闻和奇闻趣事品类，如交通事件（电动车、高铁）、安全警示（事故、闯红灯）、动物相关（狗、萌娃）和教育内容（学生、军训）；关键词包括瞬间、抢救、交警、医保卡；品牌倾向电子类（apple、小米、华为）；使用场景为在线视频观看、日常生活安全学习和公益关注（如公益捐步、健康码）。

不喜欢：不喜欢涉及个人受害或愚蠢行为的负面事件，如女性受害（尾随、摔倒）、手机依赖（看手机导致事故）及微观负面经历（泥坑、带娃骑行），与喜欢的宏观警示和趣味内容相反。",3,complete
17775,"喜欢：用户偏好宠物猫咪品类，关键词包括猫咪、小猫、可爱、行为、健康；品牌涉及宠物用品如猫盆、猫窝（基于交易行为实体）；使用场景为家庭宠物互动、日常娱乐内容消费（基于点击商品标题和实体词，如猫咪行为观察和健康话题）。

不喜欢：基于未点击商品，用户不喜欢猫咪恋爱主题（如""爱上""）和非宠物主题（如锦鲤旅游），关键词如""爱上""、""组团""、""出行""、""游泳""，与点击行为中正面、日常猫咪内容相反。",3,complete
1177309,"喜欢：偏好品类包括汽车驾驶技巧（如停车、倒车操作）、家庭维护（雨季排水清理）和金融知识（银行存款、遗产继承）；关键词涉及停车、倒车、新手司机、雨季、排水孔、银行存款、汽车寿命；品牌从交易行为数据看偏好米家、美的、小米等家电相关品牌；使用场景主要为驾驶学习训练、家庭雨季防护和个人财务管理。

不喜欢：基于未点击商品与点击行为相反的特征，用户不喜欢夸张或速成的驾驶技巧标题（如强调""一秒学会""或""新手秒变老司机""）以及政治国际话题内容（如涉及美国、中国等主题）。",3,complete
786981,"### 用户兴趣偏好总结（场景3）
喜欢：用户偏好汽车驾驶技巧（如新手司机操作、倒车方法）、幽默生活故事（如动物饲养趣事、人际关系反转）、金融储蓄管理（如银行存款策略）和时尚裙子（如肯豆裙）；关键词包括新手司机、开车、倒车、存钱、饲料、房车旅行；品牌涉及肯豆；使用场景集中在驾驶学习（如直角倒车练习）、日常娱乐（如幽默视频观看）和财务管理（如储蓄规划）。  
不喜欢：用户不喜欢社会保障相关话题（如社保金额查询），与点击行为中个人金融储蓄兴趣相反。  

（字数：198）",3,complete
1242223,"喜欢：偏好品类为服装和时尚，关键词包括夏季、短裤套装、女生、穿搭、显白颜色和投票，品牌涉及李宁（从交易行为实体中提取），使用场景涵盖上班、运动（如打篮球）和日常夏季着装。

不喜欢：基于未点击商品特征，不喜欢摄影技巧、逆光照和辣妹风格的内容。",3,complete
1303815,"喜欢：偏好品类包括生活趣闻（如奇葩厕所、住房故事）、美食（如炒鸡蛋、皮薄馅大）、汽车实用知识（如按键功能）和旅游趣事（如景区角色扮演）；关键词涉及""奇葩""、""好吃""、""惊艳""、""投喂""；无明显特定品牌偏好；使用场景为休闲娱乐（如在线阅读趣闻）和公益参与（如蚂蚁庄园种树、捐赠服务）。

不喜欢：基于未点击商品特征，不喜欢金融债务相关的内容，如车贷图案，与点击的实用汽车知识形成相反偏好。",3,complete
1104805,"喜欢：用户偏好新闻类内容，特别是国际事件和科技失败（如火箭发射失败），偏好品类包括新闻资讯；关键词如火箭、印度；品牌涉及休斯敦火箭；使用场景为新闻阅读和娱乐消费，基于点击行为中火箭失败事件的兴趣。

不喜欢：用户不喜欢负面新闻和交通事故相关的内容（如车祸、闯红灯事件），基于未点击行为中车祸新闻的回避特征。",3,complete
951670,"喜欢：用户偏好社会趣闻轶事（如车祸事件、动物生存故事）、家庭互动内容（如萌娃告状狗）和文化探索（如苗族建筑群），关键词涉及公益（捐赠、种树）、生活缴费（水电煤气）和理财（余额宝、资产管理），品牌包括支付宝生态（如支付宝、花呗）和饿了么，使用场景集中于公益参与（如芭芭农场捐赠）、生活服务缴费（如电费、火车票）和在线理财管理。

不喜欢：用户不喜欢省钱生活技巧（如装修省钱）和户外冒险主题（如爬山遇风）的内容，这与点击行为中偏好社会事件和家庭趣闻的特征相反。",3,complete
1125891,"喜欢：该用户偏好交通出行和驾驶技巧相关品类（如公交、开车），关键词包括低碳出行、公交乘车卡、羊城通、公益和签到打卡，品牌涉及支付宝、余额宝和兴华，使用场景主要为日常通勤、公益理财和运动服务（如支付宝运动、公益捐步）。

不喜欢：用户不喜欢娱乐性质的俄罗斯美女话题和医保社保相关咨询内容（如医保卡问题），基于未点击商品中与驾驶技巧相反的娱乐和健康特征。",3,complete
1156872,"喜欢：该用户偏好健康养生品类（如护膝、泡脚包、艾灸发热贴）、育儿及家庭用品（如宝宝抱法、文具盒、涂色本）、生活技巧内容（如装修省钱、馅饼制作）；关键词涉及政府服务（国家政务服务、安康码）、健康（核酸、医保）、金融（花呗、消费券）；品牌包括支付宝、盒马工坊、肯德基；使用场景集中于家庭育儿、健康管理、生活实用技巧。

不喜欢：基于未点击商品，用户不喜欢理论性抽象内容（如""理论上""）和休闲出游主题（如锦鲤、游泳），与点击的实用生活事件和育儿主题相反。",3,complete
593354,"喜欢：该用户偏好家居改造品类（如客厅、卧室空间优化和衣柜布局），关键词包括设计、方便、空间利用、理财和省钱，品牌涉及Apple、Lenovo、Yonex、Holiland和小米等，使用场景涵盖家庭生活优化（如鞋柜收纳、增加卧室）、日常理财管理（如基金投资、现金积累）和运动休闲（如跑步鞋、羽毛球鞋）。

不喜欢：基于未点击商品""1米宽的小厨房，咋办啊？""的实体词""小厨房""，该用户不喜欢小空间或厨房改造相关的内容，与点击行为中偏好大空间家居优化的特征相反。",3,complete
1656641,"### 用户兴趣偏好总结（场景3）
喜欢：用户偏好旅游景点推荐（如云南、旅游景区）、生活技巧（如豆腐新吃法、环岛驾驶）、社会新闻（如车祸事件、偷拍事件）和育儿故事（如带娃经历），关键词包括旅游景区、春天、城市、骑行、番茄，使用场景涉及移动端内容浏览和支付宝服务如芭芭农场理财。  
不喜欢：用户对旅游景区中的角色扮演活动（如孙悟空）、投喂行为或体重变化故事不感兴趣。",3,complete
1770867,"喜欢：该用户偏好食品品类中的素菜、豆腐、土豆、鸡蛋和虾等家常健康食谱，关键词涉及基金投资（如博时创新经济混合A）、运动健康和生活支付，品牌如支付宝、三只松鼠和蚂蚁财富，使用场景包括家庭烹饪、日常饮食管理、理财投资和公益参与（如芭芭农场）。

不喜欢：基于未点击商品，用户不喜欢健身器材、行政事务（如医保卡查询）和汽车维护（如车上按键）相关话题，与点击的健康饮食和家庭场景行为相反。",3,complete
292590,"喜欢：该用户偏好交通相关安全警示、生活实用技巧和奇闻轶事内容，涉及品类如电动车、轿车、鞋袜（基于交易实体如""电动车""、""男鞋""、""运动袜""），关键词包括安全、技巧、旅行（基于点击实体词如""安全""、""技巧""、""旅行""），品牌如支付宝、雪碧、红旗连锁（基于交易和服务实体），使用场景涵盖日常通勤（如""公交""、""打车""）、运动健身（如""健身服务""）和在线支付（如""支付宝""、""余额宝""）。

不喜欢：该用户不偏好轻松娱乐性的动物趣事内容，如游泳、锦鲤相关主题（基于未点击实体词""游泳""、""锦鲤""），这与点击行为中惊险事件（如交通事故、安全警示）形成鲜明对比。",3,complete
1733068,"喜欢：偏好宠物动物（尤其狗相关）、搞笑救援故事和自然灾害事件，关键词包括狗、救援、网友、搞笑，品牌涉及支付宝（从服务使用如公益捐步和理财）、美团（从交易行为如外卖订单），使用场景为休闲娱乐内容消费和家庭观看。

不喜欢：偏好平淡宠物日常（如猫或哈士奇故事）和轻松事故内容，关键词包括小猫、电动车、看手机，品牌无明显相反特征，使用场景类似休闲但主题更日常化。",3,complete
1442252,"喜欢：在偏好品类上，用户喜欢交通相关（如电动车事故警示）、娱乐趣闻（如旅游景区故事）、安全警示（如潮水危险）和时尚穿搭（如女生显高套装）；关键词包括套装、女生、电动车、实验和大学生；品牌偏好支付宝、花呗和哈啰出行（基于交易行为）；使用场景涉及日常通勤、在线休闲观看和安全学习（如点击商品中的电动车使用和实验视频）。

不喜欢：基于未点击商品""高个子穿清冷套装真的很绝""，用户不喜欢清冷风格的套装或针对高个子的时尚内容（与点击行为中女生显高套装相反）。",3,complete
1780052,"喜欢：用户偏好美食制作品类，尤其家常菜如牛肉、五花肉和豆腐食谱；关键词包括运动、支付宝、西瓜和健康相关；品牌如支付宝、麦当劳和高德；使用场景主要为家庭烹饪、日常饮食维护和健康锻炼，如在家开发新菜式、结合支付宝运动功能进行健身。
不喜欢：用户不喜欢无创新、情感元素缺失的传统菜谱内容，如爆炒腰花这类直接菜式，与点击行为中故事性、教程式美食相反。",3,complete
228369,"### 用户兴趣偏好总结（场景3）
喜欢：用户偏好新闻趣闻和社会事件类内容，如国际关系讨论（如日本网友质疑）、交通事故报道（如未戴头盔事故）、动物奇观（如清道夫存活、黄鳝宠物）及公益相关主题（如慈善基金会）；关键词包括事故、司机、宠物、网友、公益；品牌涉及支付宝（用于运动捐步和芭芭农场）、拼多多（电商交易）；使用场景主要为休闲浏览视频或文章，参与公益服务（如种果树、捐赠）和日常消费（如雪糕、餐饮）。

不喜欢：用户不喜欢本地琐事或非热点日常事件，如树木趣事（行道树“劈叉”）或简单动物内容（小猫被弹开），与点击行为中广泛社会事件相反；关键词如抢救、劈叉、闯红灯；使用场景避免非社会性本地新闻（如济南街头事件），偏好更宏观或奇观类内容。",3,complete
886077,"### 用户兴趣偏好总结（场景3）
喜欢：用户偏好动物相关品类（如狗狗、猫咪、宠物趣事）、社会趣事与生活内容（如外卖员故事、存钱知识、撸猫日常），关键词包括狗狗、学霸、深夜、技术、艺术、共享、电车、电力、高空作业、锦鲤、蚩尤、撸猫、存钱，品牌涉及哈啰出行（共享出行）、芭芭农场（农业互动），使用场景主要为出行（如共享电车、公交）、家庭娱乐（宠物互动）、工作生活（电力工人高空作业）和自然文化探索（蚩尤九黎城、趵突泉）。  
不喜欢：用户不喜欢灾难冲突品类（如山体滑坡、偷拍事件）、严肃教育或国际事件（如社保查询、火箭失败），关键词包括老人、女子、印度、社保、五险一金、黑屏、火箭，无特定品牌偏好，使用场景为负面新闻（灾难报道）、冲突场景（高铁偷拍）和教育查询（社保余额）。  

（字数：198）",3,complete
1136561,"### 用户兴趣偏好总结（场景3）
喜欢：用户偏好素食和家常菜品类（如玉米烙、素菜、豆腐），关键词包括懒人食谱、简单烹饪、有趣动物内容（猫咪、大熊猫），品牌涉及饿了么（从服务使用推断），使用场景集中于家庭日常饮食和休闲娱乐（如观看美食教程或趣味视频）。  
不喜欢：基于未点击商品，用户不喜欢针对小孩子的早餐内容或强调女朋友的食品制作（如饺子皮食谱），与点击的简单、素食导向行为相反。",3,complete
1413129,"喜欢：用户偏好宠物相关品类（猫、狗），关键词包括""喜欢""、""唱歌""、""表演""、""情感互动""等，使用场景为家庭娱乐和动物行为分享；品牌方面，点击商品中涉及特定内容如""我纯阳之体开局娶画皮新娘""，体现对趣味性动物视频的倾向。

不喜欢：用户不喜欢收入或金钱导向的内容，基于未点击商品的特征（如""收入""），与点击行为中情感娱乐主题相反。",3,complete
1232951,"### 用户兴趣偏好总结（场景3）
喜欢：用户偏好家居装修品类，关键词包括设计、小卧室、收纳、卫生间和厨房优化；品牌如王云、瑞人堂（基于交易行为）；使用场景为小空间居住优化、家庭生活实用改造，强调空间利用和功能性设计。  
不喜欢：用户不喜欢金融补贴类内容，如独生子女补贴，与点击的家居实用主题相反。  

（字数：98字）",3,complete
1144282,"喜欢：偏好品类为家居设计和室内装修（如卧室布局、卫生间优化），关键词包括卧室、收纳、设计、颜值（从点击商品实体词提取），品牌如anarena（美容产品）和贝茜妮（时尚女鞋，从交易行为实体提取），使用场景涉及家庭生活空间优化和装修规划（如小卧室功能提升、飘窗利用）。
不喜欢：不喜欢医疗相关内容和医院场景（基于未点击商品实体词""声音、医院""与点击行为相反特征）。",3,complete
1251488,"喜欢：用户偏好家居装修和室内设计品类，特别是厨房、卫生间、卧室和客厅的实用优化、空间布局、高颜值设计以及收纳细节；关键词包括设计、空间、实用、颜值、收纳和避坑；品牌方面涉及familymart；使用场景聚焦于家庭生活、退休规划和日常功能提升，如避免卫生死角、优化小空间利用。

不喜欢：基于未点击商品特征，用户不喜欢强调社区参观或炫耀性的内容，这与点击行为中注重个人实用性和细节避坑的偏好相反，具体表现为对""小区参观""主题的回避。",3,complete
743728,"喜欢：该用户偏好家居设计品类，特别是卧室的创新多功能空间利用，关键词包括年轻人风格、小空间优化和休闲娱乐结合办公；品牌方面无明显偏好，但使用场景集中于家庭生活和小型卧室改造，如满足睡觉、办公和娱乐需求。

不喜欢：该用户不喜欢阳台相关内容和保守标准化设计，关键词如""正确做法""与点击行为中的创新特征相反，使用场景偏向传统空间利用。",3,complete
245937,"喜欢：该用户偏好家常菜食谱内容，尤其喜欢简单易做的肉类（如五花肉、猪肉）、海鲜（如大虾）、蔬菜（如空心菜、茄子）和鸡蛋类菜肴；关键词包括""简单""、""好吃""、""下饭""、""夏天""；品牌涉及厨房用具如空气炸锅和电饭煲；使用场景聚焦家庭日常烹饪、休闲饮食和孩子喜爱的菜品。

不喜欢：基于未点击行为，用户不喜欢豆制品类食品，如豆腐和豆皮，这与点击的肉类和蔬菜食谱特征相反。",3,complete
468620,"喜欢：用户偏好中国旅游景点相关内容，包括中国各地的景点介绍（如湖北、浙江板块的打卡地）、生活知识（如退休福利、独生子女补贴）和实验性主题（如野外危险实验）；关键词涉及中国、景点、旅游、打卡、仙境、危险、补贴；品牌无直接体现，但使用场景聚焦旅游规划、知识学习和退休准备。

不喜欢：用户对四川板块的旅游内容不感兴趣，基于未点击行为与点击的中国景点主题形成反差。",3,complete
839004,"### 用户兴趣偏好总结（场景3）

喜欢：用户偏好家居设计品类（如小户型改造、卧室装修、卫生间优化），关键词包括""室内设计""、""卧室""、""卫生间""、""阳台""、""猫咪""、""狗""、""家庭生活""，品牌如星巴克（从交易、服务和搜索中高频出现），使用场景涉及家庭居住（如一家多口居住问题）、宠物饲养（猫狗互动）、城市生活（交通事故、公益参与）和日常消费（咖啡、支付服务）。

不喜欢：用户不喜欢单身主题内容，如单身公寓（基于未点击商品""12平米单身公寓，隔壁老王都爱了！""的实体词""单身""），这与点击行为中家庭导向（如""一家6口咋住""）和宠物/家庭生活特征相反。",3,complete
414470,"喜欢：该用户偏好宠物相关品类（如猫驱虫药、猫草棒、狗用品），关键词包括猫、狗、土豆（宠物名）、装修、空间优化、省钱、幽默，品牌如海洋之星（宠物食品）、古茗（茶饮）、familymart（便利店），使用场景涉及宠物护理（驱虫、喂食）、家居改进（卫生间、卧室设计）、日常娱乐（吸猫视频）和夏季服饰消费（短裤、小白鞋）。

不喜欢：基于未点击商品，用户不喜欢过于详细或广告性的家居设计（如玄关鞋柜、衣柜布局、厨房装修）和宠物配对话题（小母猫），与点击的幽默情感内容相反。",3,complete
1636437,"喜欢：用户偏好食品品类如小吃、零食和馄饨（基于交易行为中的鲜肉小馄饨、零食点心、油炸淀粉肠等），关键词包括家庭、聚餐和安全（基于点击实体词中的聚餐、我家、朋友、安全感），品牌如麦当劳和星巴克（基于点击实体词中的麦当劳和交易行为中的starbucks/星巴克），使用场景涉及家庭生活和日常消费（基于点击标题中的家庭趣事、聚餐和交易行为中的外卖订单、餐饮小吃）。

不喜欢：用户不喜欢涉及未知按键或技术警告的内容（基于未点击商品实体词中的按键、不知道，与点击行为中家庭生活主题相反）。",3,complete
633429,"### 用户兴趣偏好总结（场景3）
喜欢：用户偏好美食制作（如广东蒸排骨、煲仔饭酱汁）、生活技巧（如省钱装修、劳动智慧）、钓鱼活动（如钓到鱼）、健身训练（如臀凹陷改善动作）和娱乐内容（如辣妹拍照、高校走秀），关键词包括""广东""、""钓到鱼""、""训练""、""辣妹""，品牌涉及支付宝、优酷、农夫山泉，使用场景涵盖家庭烹饪、户外休闲、健身锻炼和日常娱乐。

不喜欢：用户不喜欢夸张或不现实的钓鱼内容（如钓到飞机），这与点击的现实钓鱼行为（如钓到鱼）形成鲜明对比。",3,complete
