user_id,user_interest_summary,scene,data_type
202972,"喜欢：用户偏好旅行出行品类（如火车），关键词包括推广、日常和试用，品牌如B站、飞猪和杰士邦，使用场景涉及日常推广活动（如优惠券）和产品免费试用（如个人护理）。
不喜欢：用户不喜欢出行券包类商品，特别是高德品牌相关的优惠券（如5元券），与点击行为中偏好特定出行方式（火车）和品牌（飞猪）相反。",4,complete
1869035,"喜欢：该用户偏好食品品类，特别是零食如肉松饼、蛋糕（基于点击商品""付邮购千丝肉松饼""和搜索关键词""甜蛋糕""），品牌包括千丝（从点击商品实体词），关键词涉及付邮购和甜点相关（如""付邮购""实体词和""小蛋糕""搜索词），使用场景集中于在线购物和超市消费（交易行为如""购物|ACTIVITY""和""超市|INSTITUTION""）。

不喜欢：该用户不感兴趣于家居用品（如凉拖鞋，从未点击商品""防滑踩屎感凉拖鞋""）、回收服务（如""爱裹旧衣服回收""）、出行服务（如""滴滴出行""）、洗衣产品（如""大桶洗衣液""）和消费券相关（如""消费券""实体词），这些特征与点击食品行为相反。",4,complete
437318,"喜欢：偏好出行服务（如打车、火车票预订）和快餐餐饮品类，关键词包括滴滴出行、花小猪打车、飞猪旅行、麦当劳、火车、酒店和优惠券，品牌涉及滴滴出行、花小猪打车、飞猪、麦当劳、菜鸟裹裹，使用场景为日常通勤、餐饮消费和旅行规划。

不喜欢：基于未点击商品与点击行为相反的特征，不喜欢民宿预订（如飞猪民宿券）、其他打车品牌（如哈啰打车）、麦当劳甜点（如圆筒买一送一）以及家居用品（如洗衣液）。",4,complete
812474,"### 用户兴趣偏好总结（场景4）
喜欢：用户偏好出行交通品类，特别是火车票相关优惠；关键词包括消费券、立减、代金券、推广券；品牌涉及滴滴出行、纵航火车票、同程火车票、飞猪旅行；使用场景为购买火车票时使用优惠券进行消费减免。

不喜欢：用户不喜欢汽车票优惠、门票、酒店红包、快递服务、日常用品（如抽纸）、打车券、电影票等特征，这些与点击行为相反，反映了对非火车票出行、娱乐及生活服务的低兴趣。",4,complete
945196,"### 用户兴趣偏好总结（场景4）
喜欢：用户偏好品类为优惠券（如话费券、满减券）和电子产品（如iphone系列），关键词包括金融投资相关术语（如基金、期货、花呗），品牌涉及苹果、云租机及三体（可能指科幻IP），使用场景集中在消费优惠（如话费充值）和租赁服务（如设备租赁），反映出对金融理财和科技产品的兴趣。

不喜欢：用户不喜欢品类为日用品（如牙膏、拖鞋）和食品饮料（如中可），关键词如益生菌、宇航员及付邮购，品牌包括乐美优品、众鼎和麦当劳，使用场景涉及个人护理和家居生活，基于未点击商品与点击行为相反的特征（如点击优惠券却未点击同类话费券的特定形式）。",4,complete
336860,"喜欢：用户偏好出行服务（如曹操出行打车）和支付服务（如支付宝），偏好品类包括交通出行和数字支付，关键词涉及支付宝、曹操出行、打车，品牌如支付宝，使用场景涵盖日常出行、外卖点餐（基于服务使用实体如""外卖点餐""、""送餐""和搜索关键词如""滴滴出行""、""同城""）。

不喜欢：用户对避孕套产品（如杰士邦品牌）、试用活动（0元付邮）和花小猪打车品牌不感兴趣，基于未点击商品中避孕、试用、花小猪打车等实体词与点击行为相反的特征。",4,complete
1963370,"喜欢：用户偏好日常用品品类（如纸巾），出行服务（如曹操出行），金融支付（支付宝和消费券）；关键词包括付邮领和支付宝专享；品牌如舒可乐和支付宝；使用场景为在线优惠获取（如付邮领纸巾）和移动支付（如出行服务）。

不喜欢：用户不喜欢快餐品类（如汉堡王相关商品），关键词如外送和活动餐；品牌如汉堡王；使用场景为外送快餐（如椒香鸡腿和4件套）。",4,complete
78272,"喜欢：用户偏好零食品类如瓜子（特别是五香味），日用品如纸巾（软抽纸），品牌包括洽洽和舒可乐，关键词涉及消费券、付邮领和繁星活动，使用场景为日常消费、优惠获取和官方店铺购买。

不喜欢：用户不喜欢话费券相关产品，如通信服务券（基于未点击行为中话费券实体与点击零食和日用品特征相反）。",4,complete
309076,"喜欢：用户偏好出行服务（如滴滴出行、高德打车）的高价值优惠券包（如100元券包或立减5元），关键词包括优惠券、消费券、立减；品牌倾向滴滴出行、高德打车、屈臣氏（关注头发护理、口腔产品等优惠）和麦当劳（麦辣鸡腿汉堡）；品类涵盖打车出行、餐饮快餐、零售购物和电影娱乐；使用场景涉及日常通勤（顺风车、打车）、线上购物（屈臣氏优惠）、餐饮消费（麦当劳组合）和快递服务（上门寄件）。

不喜欢：用户不喜欢较小优惠的出行券（如立减3元券包），不偏好古茗茶饮等非核心品牌；对麦当劳的小吃（薯条、菠萝派）和滴滴代驾/租车服务兴趣低；特征上回避低价值优惠（如立减3元 vs 点击的立减5元）、非偏好餐饮（薯条 vs 汉堡）和特定服务（代驾 vs 打车）。",4,complete
1613608,"喜欢：用户偏好茶饮品类（如古茗品牌），关键词涉及外卖和娱乐（如电影票），使用场景主要为外卖点餐和休闲活动，体现对餐饮优惠和品牌茶饮的强烈兴趣。

不喜欢：用户不喜欢日用品（如抽纸）、家居用品（如冰川杯、帆布袋）、饮品（如矿泉水）及交通服务消费券（如滴滴出行、哈啰顺风车），这些特征与点击行为中的茶饮和娱乐形成鲜明对比。",4,complete
125435,"喜欢：该用户偏好家居清洁品类（如洗衣液），关键词涉及推广和日常优惠，品牌包括麦谷优品和飞猪，使用场景涵盖日常消费、优惠券领取（如50-5元券）及在线旅行服务（如火车票预订）。  
不喜欢：用户不喜欢饮品品类（如盐汽水），品牌如王老吉，使用场景包括小额优惠券（如16-2或10-2元券）和话费充值服务。",4,complete
1352843,"喜欢：该用户偏好出行服务（如打车）、家庭清洁用品（如大桶洗衣液）和优惠券（如消费券），关键词包括消费券、打车、洗衣液，品牌涉及哈啰打车、花小猪打车、几羊嗨购，使用场景为日常出行、家庭洗涤和优惠获取。

不喜欢：基于未点击商品，用户不喜欢话费充值服务、会员卡和特定食品品牌（如汉堡王），与点击行为相反的特征包括话费券、会员卡和电商平台（如京东到家）。",4,complete
1457326,"喜欢：用户偏好饮料品类（如功能性饮料），关键词涉及消费券和现金相关促销，品牌集中于东鹏（如东鹏特饮），使用场景包括在线支付（支付宝、花呗）和优惠活动（如消费券兑换）。

不喜欢：用户不喜欢话费券、纸巾类商品（如抽纸、竹浆抽纸）和洗衣液等日用品，这些特征与点击行为相反，体现在未点击商品中。",4,complete
440774,"喜欢：该用户偏好出行服务品类，关键词包括消费券、立减和出行，品牌如滴滴出行和高德，使用场景为打车出行和节省费用。
不喜欢：用户不喜欢食品（如燕麦片、小杨生煎）、娱乐（如电影票）和日用品（如纸巾）等非出行相关商品。",4,complete
362030,"喜欢：用户偏好快餐品类，特别是汉堡类产品，关键词包括汉堡和霸王牛堡，品牌如汉堡王，使用场景为餐饮消费和快餐需求，基于点击行为（如""14.9元狠霸王牛堡""）及交易实体（如汉堡、必胜客、肯德基）和搜索关键词（如汉堡、肯德基）的支持。

不喜欢：用户不喜欢交通票务、打车服务、会员卡和充值服务，这些特征基于未点击商品（如铁行汽车票、花小猪打车、滴滴出行、手机充值、会员卡）与点击行为（餐饮相关）相反的特征。",4,complete
1894193,"喜欢：该用户偏好出行服务品类（如打车、顺风车），关键词包括出行、优惠券、电影票；品牌涉及花小猪、滴滴出行、哈啰出行；使用场景主要为通勤和娱乐消费，具体表现为点击打车券包、电影票优惠和抽纸日用品（如加厚抽纸），同时关注快餐如汉堡王华夫筒。  
不喜欢：基于未点击商品中与点击行为相反的特征，用户不喜欢大包装日用品（如10斤洗衣液），关键词如洗衣液、快递、咖啡；品牌如麦谷优品、Tims咖啡；使用场景涉及家庭清洁和咖啡消费，具体表现为避免点击洗衣液、快递服务、咖啡优惠及特定汉堡王套餐（如椒香鸡腿）。",4,complete
734050,"喜欢：该用户偏好出行服务（如顺风车、打车）、消费券优惠（如立减、通用券）和服装购物（如莫代尔短袖T恤），关键词包括消费券、立减、通用、付邮购，品牌涉及滴滴出行、哈啰出行、支付宝、团油，使用场景主要为出行支付优惠（如滴滴、哈啰顺风车）和在线购物（如邮惠购付邮购）。

不喜欢：基于未点击商品特征，该用户不喜欢话费充值、手机充值相关服务（如充小侠权益），与点击的出行和消费券行为相反。",4,complete
1547978,"喜欢：用户偏好快餐品类（尤其是麦当劳的板烧鸡腿堡、薯条、新地和派类产品），关键词包括""优惠""、""买一送一""、""快递上门""和""支付宝""，品牌为麦当劳和支付宝，使用场景为餐饮消费（如快餐点单）和快递服务（如优惠寄件）。

不喜欢：用户不喜欢其他快餐品类（如麦当劳的粥油条组合、小食组合和双人餐），关键词如""无辣不欢""、""打车""和""电影""，品牌如德克士、花小猪和古茗，使用场景包括出行打车服务、电影票消费和家居用品购物（如拖鞋、手帕纸）。",4,complete
1826602,"喜欢：偏好品类包括日用品（如抽纸、洗脸巾、毛巾）、饮料（如牛奶、特饮）和家居用品（如陶瓷饭碗、帆布袋），关键词涉及邮购、付邮购、官方旗舰和优惠券，品牌如锦衣卫世家、心相印、新希望和天雁（茶杯），使用场景主要为日常家庭消费、优惠购物和健康饮品。

不喜欢：基于未点击商品，不喜欢高端手工茶具如紫砂壶（与点击的茶杯形成对比），体现对实用简单茶具的偏好而非收藏级产品。",4,complete
1314639,"喜欢：用户偏好家居清洁品类（如艾草洗衣液）、小型电子产品（如静音电风扇）和饮料（如东鹏特饮），关键词包括""消费券""、""立减""、""租""和""静音""，品牌涉及爱家达、滴滴出行、租租鸭和东鹏饮料，使用场景聚焦日常清洁、夏季降温、出行优惠和数码产品租赁。

不喜欢：用户不喜欢饮用水、纸巾和拖鞋等品类，关键词如""付邮购""、""营销推广""和""话费充值""，品牌如百岁山、良品铺子和舒可乐，使用场景涉及矿泉水购买、快递服务和电影票消费，基于未点击商品特征与点击行为相反（如未点击付邮购商品而偏好直接优惠）。",4,complete
182788,"喜欢：用户偏好零食品类（如夏威夷果、奶糖），关键词包括0元付邮和付邮购（促销相关），品牌如百草味和大白兔，使用场景涉及在线购物、食品消费和促销活动，基于点击商品和交易行为中的零食实体支持。

不喜欢：用户对交通服务品类（如顺风车、单车周卡）不感兴趣，关键词如消费券和通用（出行促销），品牌如哈啰和滴滴，使用场景为出行租赁，基于未点击商品中与点击零食行为相反的特征。",4,complete
551807,"喜欢：用户偏好充值服务品类，如全国话费充值和加油卡充值，关键词包括""推广""和""搜索结果""，品牌如车行易和煜鑫百货商行，使用场景涉及支付和交通相关充值（基于点击商品标题和实体词）。

不喜欢：用户不喜欢特定形式的话费充值（如feeds权益和手机充值）、打车服务（如滴滴出行、曹操出行、高德打车），以及纸巾等日用品（基于未点击商品中与点击行为相反的实体词）。",4,complete
157000,"喜欢：偏好品类包括家居清洁（如洗衣液桶装）和出行服务（如滴滴出行），关键词如优惠券、红包、平台券，品牌如麦谷优品、京东到家，使用场景为在线购物优惠（如京东到家平台券）和日常出行需求。

不喜欢：基于未点击良品铺子商品，尽管有类似优惠特征（如发券、立减），但用户对零食品牌（如良品铺子）的营销推广不感兴趣，与点击行为中偏好家居清洁和出行服务相反。",4,complete
1419905,"喜欢：该用户偏好健康产品（如风油精、艾灸柱和枸杞蜜）、食品（如纯牛奶、海鲜水产干货和发酵乳）、日常用品（如软抽纸和餐巾纸），关键词包括防蚊、健康、邮购和公交，品牌如辰帆和君乐宝，使用场景涉及在线购物（邮购方式）、家庭健康维护和交通支付。

不喜欢：基于未点击商品，该用户不喜欢家电类产品，如静音电风扇。",4,complete
677713,"喜欢：该用户偏好出行服务品类，特别是打车应用，关键词包括优惠券、立减和小额折扣（如5元立减），品牌如花小猪打车、高德、滴滴出行和首汽约车，使用场景为日常通勤和节省出行成本。  
不喜欢：用户不喜欢大额打车券包（如100元）、货运服务（如货拉拉）、代驾服务（如滴滴代驾）以及非出行相关商品（如维达纸巾和麦当劳食品），这些特征与点击行为中偏好小额即时优惠和出行服务相反。",4,complete
1163318,"喜欢：用户偏好出行服务品类（如打车），关键词包括消费券和优惠券，品牌如支付宝、麦当劳、滴滴出行和中可，使用场景为日常通勤出行和快餐消费，基于点击行为中频繁涉及小额优惠券和滴滴出行服务。

不喜欢：用户不喜欢特定餐饮品牌如肥叔锅贴、大额出行券包如100元券包，以及火车票相关服务，基于未点击商品中与点击行为相反的特征，如未选择大额优惠或非滴滴出行品牌。",4,complete
121219,"喜欢：用户偏好火车票相关优惠券，品类集中于出行票务，关键词包括""火车""和""火车票""，品牌涉及飞猪和B站，使用场景为火车旅行和日常出行消费渠道。
不喜欢：用户不喜欢汽车票、门票、酒店优惠、电影票和快递服务等，这些特征与点击行为相反，体现在其他出行方式（如汽车票）、娱乐活动（如门票、电影票）、住宿（如酒店）及生活服务（如快递）上。",4,complete
1677070,"喜欢：用户偏好出行服务品类，关键词包括出行、优惠券、滴滴出行和立减，品牌如滴滴出行和悦享，使用场景为日常通勤和节省出行成本，基于点击行为中对滴滴出行7折券包的积极互动，以及搜索关键词（如出行优惠、乘车码）和服务使用（如出行优惠）的支持。

不喜欢：用户不喜欢其他打车品牌如花小猪打车，以及电影优惠券和火车票服务，基于未点击商品中花小猪打车、电影优惠券和同程火车票的负面行为，与点击行为中出行主题形成相反特征。",4,complete
597353,"喜欢：用户偏好出行服务（如打车优惠券）、支付工具（如收款码、转账收款）、美容产品（如脸部美容棒）、文化用品（如毛笔字帖、王羲之十七帖），关键词包括打车、现金、积分、支付，品牌如高德、vivo、apple、华为，使用场景涉及日常出行优惠、理财赚钱（如赚零钱、集分宝）和休闲活动（如练古帖、健身）。

不喜欢：用户对滴滴出行品牌、会场消费券、生活日用品（如软抽纸、踩屎感拖鞋）、话费券等不感兴趣，基于未点击行为与点击的高德打车优惠券形成对比。",4,complete
359776,"喜欢：用户偏好快餐品类，特别是汉堡王品牌的王道嫩香鸡块；关键词包括汉堡王、快餐相关；品牌集中于汉堡王；使用场景涉及外卖或到店快餐消费，如通过饿了么或支付宝进行日常饮食购买。

不喜欢：用户不喜欢其他品牌的快餐（如麦当劳）、非食品商品（如洗衣液、火车票），以及汉堡王的某些产品如甜点（华夫筒）或组合优惠（如嫩香鸡块+小薯）。",4,complete
1052212,"喜欢：用户偏好出行服务（如滴滴出行）和快餐食品（如麦当劳薯条），关键词包括出行、消费券、立减折扣，品牌偏好滴滴出行、麦当劳、支付宝，使用场景涉及使用优惠券进行出行支付（如打车）和餐饮消费（如外卖点餐）。

不喜欢：用户不喜欢家居用品（如加厚抽纸）、火车出行（如火车票），以及非相关娱乐品牌（如B站和飞猪），基于未点击商品特征与点击行为相反。",4,complete
306038,"喜欢：偏好品类包括话费充值、出行服务和饮料（如农夫山泉）；关键词涉及""充值优惠""、""出行折扣""和""消费券""；品牌偏好滴滴出行和农夫山泉；使用场景为日常缴费（如手机费、燃气费）和出行消费（如滴滴打车），基于点击商品如话费券、滴滴出行券包和农夫山泉饮料。

不喜欢：偏好品类包括食品零食（如瓜子）、快餐（如汉堡王）和家居用品（如洗衣液、纸巾）；关键词与""零食""、""快餐""和""家居清洁""相关；品牌如洽洽和汉堡王；使用场景为零食消费和快餐用餐，基于未点击商品如五香味瓜子、薰衣草洗衣液和汉堡王套餐，与点击行为中出行和饮料偏好相反。",4,complete
672433,"### 用户兴趣偏好总结（场景4）
喜欢：用户偏好快餐品类（如汉堡、鸡腿、饮品），关键词包括双人餐、单人餐、小食组合和4件套，品牌偏好汉堡王、麦当劳、古茗、德克士和乐乐茶，使用场景主要为餐饮消费和快餐服务（如到店用餐或外卖）。  
不喜欢：基于未点击行为，用户不喜欢电影相关服务（如电影优惠券和电影票）及话费充值服务。",4,complete
1676066,"### 用户兴趣偏好总结（场景4）
喜欢：偏好出行服务（如打车网约车）、快餐食品和电影票务；关键词包括消费券、优惠券、立减；品牌偏好滴滴出行、曹操出行、麦当劳；使用场景涉及出行（如打车）、餐饮（如快餐消费）和娱乐（如观影）。

不喜欢：基于未点击行为，不喜欢高德打车、花小猪打车等替代出行服务，以及货运（如货拉拉）、快递服务和家居用品（如保鲜盒）。",4,complete
2005655,"喜欢：该用户偏好优惠券和加油服务品类（如支付宝商家券、团油），关注红包、出行等关键词（搜索中多次出现），青睐支付宝和团油品牌，使用场景集中在出行支付（如交易行为中的公共交通卡、易捷加油）和日常消费（如扫码订单、收款）。

不喜欢：用户不喜欢话费券（未点击商品中话费券相关）和餐饮特价券（如小杨生煎），与点击的加油优惠形成对比。",4,complete
144048,"喜欢：用户偏好快餐品类（如麦当劳、汉堡王套餐）、茶饮品牌（如古茗、CoCo都可）和饮料（如娃哈哈AD钙奶），关键词包括消费券、支付宝、红包和特价，使用场景集中于餐饮消费、饮品购买、优惠券使用和在线支付。
不喜欢：基于未点击商品，用户不喜欢水果（如鲜丰水果）、纯牛奶（如特仑苏）、其他茶饮品牌（如沪上阿姨）以及非餐饮商品（如电风扇、拖鞋）和服务类（如手机充值、租车券）。",4,complete
271655,"喜欢：用户偏好通信服务品类，如话费充值；关键词包括充值、手机充值；品牌如充小侠；使用场景涉及在线支付和移动充值服务，基于点击行为中的话费充值商品实体词（如话费充值、手机充值）和交易行为中的移动支付相关实体（如支付宝、手机扫码支付）。

不喜欢：用户不喜欢优惠券和出行折扣相关服务，如消费券和滴滴出行，基于未点击商品中的实体词（如消费券、立减、滴滴出行）与点击行为相反的特征。",4,complete
648279,"喜欢：该用户偏好家庭清洁品类如洗衣露和洗衣液组合，关键词包括精选、通用和上门取件，品牌如盒马和好爸爸，使用场景涉及快递服务寄送和家庭日常清洁。

不喜欢：该用户不喜欢优惠券促销如立减券和发券，特定品牌如滴滴出行和麦当劳，以及粮油调味品类如粮油调味券。",4,complete
636809,"喜欢：用户偏好快餐品类中的薯条产品（如薯霸王），关键词包括推广、火车和日常，品牌如汉堡王、飞猪和风火递，使用场景涉及日常消费优惠（如B站推广券）、旅行服务（如火车和飞猪）以及快递寄送（如风火递）。

不喜欢：用户不喜欢汉堡王的鸡腿产品（如椒香鸡腿）、芝士餐、多人份套餐（如双人餐或3人餐）、华夫筒，以及农夫山泉，这些特征与点击的薯条和推广优惠相反。",4,complete
81156,"喜欢：该用户偏好出行服务品类，关键词包括打车、出行、券包、立减，品牌如滴滴出行、高德、花小猪打车，使用场景为日常通勤和节省出行费用，基于点击商品中频繁出现的打车优惠券和出行相关实体词。

不喜欢：用户不喜欢百分比折扣优惠（如89折），基于未点击商品中与点击行为相反的特征（点击偏好固定金额立减券，而未点击商品为百分比折扣）。",4,complete
343647,"### 用户兴趣偏好总结（场景4）
喜欢：用户偏好交通出行品类，关键词如花小猪打车、顺风车和免押金租赁，品牌为花小猪打车，使用场景涉及日常通勤、打车服务和出行优惠券（基于点击商品和搜索关键词，如点击花小猪打车优惠券、搜索""花小猪打车""和""免押金租赁""）。

不喜欢：用户对家居用品品类不感兴趣，关键词如加厚抽纸和特价包邮，品牌如麦好物，使用场景为家庭清洁（基于未点击商品中与点击行为相反的特征，如未点击纸巾商品""加厚抽纸""，而点击集中于出行服务）。",4,complete
252754,"喜欢：用户偏好交通出行服务（如滴滴出行、单车订单）、餐饮优惠（如麦当劳双人餐、无辣不欢套餐）和折扣券（如5折券、立减消费券）；关键词包括租赁（租手机平台）、电子产品（苹果耳机、单反相机）和消费节；品牌涉及滴滴出行、麦当劳和苹果；使用场景涵盖出行支付（公交、滴滴）、餐饮消费（麦当劳）和生活便利（水电缴费、健身器材）。

不喜欢：基于未点击行为，用户对支付宝相关的免费促销（如0元中可饮料）不感兴趣，尤其当涉及低价值饮料或特定推广时，与点击的餐饮优惠和交通服务形成对比。",4,complete
204598,"喜欢：用户偏好清洁用品品类，如香皂和洗衣液（特别是大桶装），品牌如舒肤佳，关键词如消费券和付邮（表示优惠活动），使用场景为家庭清洁；对回收服务（如拾尚回收）感兴趣，并关注现金相关优惠（如消费券）。

不喜欢：用户不喜欢与清洁用品无关的品类，如服装（T恤）、电子产品租赁（租机）、纸巾、手机（如华为）、小家电（电风扇）、话费券、饮料（矿泉水）和鞋类（拖鞋）；对某些清洁用品如洁厕灵（尽管交易中有）不感兴趣，表现为未点击相关商品。",4,complete
842005,"喜欢：用户偏好在线购物平台的粮油调味品类（如盒马云超），关键词包括通用、特价和付邮购，品牌如盒马和智小租，使用场景涉及家庭生活（粮油调味）和数字服务（话费充值、手机充值），同时关注电子产品（苹果iPhone）和日常用品（雨伞）。

不喜欢：基于未点击行为，用户不喜欢纸品清洁、美妆个护和出行服务（如打车、单车）品类，关键词如发券、立减和免费，品牌如小杨生煎、滴滴出行和良品铺子，使用场景包括外出餐饮（快餐）、交通出行和家庭清洁（洗衣液）。",4,complete
311962,"喜欢：用户偏好话费充值服务，涉及品类包括金融支付（如手机充值、权益充值）和生活服务（如电信通信），关键词如""充值""、""话费""、""权益""，品牌如""充小侠""，使用场景为日常手机话费支付和在线充值操作。

不喜欢：用户对出行服务（如滴滴打车、哈啰出行）、罚款代缴（如罚单优惠券）、洗衣清洁（如薰衣草洗衣液）、娱乐票务（如电影票、旅行券）、快餐餐饮（如麦当劳、汉堡王）及个人用品（如杰士邦、抽纸）不感兴趣，这些特征与点击的充值服务相反。",4,complete
727465,"喜欢：偏好夏季防晒用品（如遮阳帽和防滑凉拖鞋）、休闲零食（如洽洽五香味瓜子）和个人护理（如舒肤佳香皂）；关键词包括消费券、付邮、夏季和防滑；品牌倾向几羊嗨购、洽洽和舒肤佳；使用场景涉及户外防晒、家庭日常穿着和休闲零食消费。

不喜欢：基于未点击行为，不喜欢旅行服务（如火车票和打车券）、运动品牌帽子（如耐克和Adidas）、特定品牌零食（如好巴食瓜子）和洗衣液（如薰衣草洗衣液）；关键词与旅行推广、运动品牌和特定促销相关。",4,complete
263316,"喜欢：用户偏好口腔护理品类如益生菌牙膏（品牌众鼎、乐美），家居用品如保鲜盒（品牌乐扣乐扣），以及汽车服务如加油卡充值（品牌车行易）；关键词包括促销活动（双十一、双十二）、省钱工具（红包、消费券）、支付方式（支付宝、移动支付）；使用场景涉及日常消费、省钱购物（如付邮送、推广活动）和在线支付服务（如余额宝、花呗），同时体现对游戏化理财（如蚂蚁庄园、芭芭农场）的兴趣。

不喜欢：基于未点击商品，用户不喜欢小家电品类如静音电风扇，与点击行为中的口腔护理、家居用品和汽车服务形成鲜明对比，表明对非促销类、非日常必需的小型电子产品缺乏兴趣。",4,complete
680750,"喜欢：偏好品类包括家居用品（如保鲜袋、凉拖鞋）、食品（如生鲜、快餐）、支付服务；关键词如防滑、食品级、大牌、0元优惠；品牌如妙洁、支付宝、麦当劳；使用场景涉及日常家居存储、舒适穿着、支付消费和健身相关活动（如走路、打卡）。

不喜欢：基于未点击商品，用户不喜欢电器（如静音电风扇）、电影娱乐（如电影优惠券）和推广服务（如支付宝商家券）。",4,complete
1416703,"喜欢：用户偏好快餐品类，特别是小食组合（如点击的麦当劳小食组合），关键词包括麦当劳和小食组合，品牌涉及麦当劳和盒马（从点击商品和交易行为体现），使用场景主要为外卖点餐（如服务使用实体中的外卖点餐、饿了么）和电商平台的通用购物（如盒马云超通用商品）。

不喜欢：用户不喜欢百货类商品（如未点击的盒马云超百货通用）、粮油类商品（如未点击的盒马云超粮油通用），以及早餐类快餐（如未点击的原味板烧鸡腿麦满分组合）和茶饮品牌如CoCo都可（如未点击的茶色生香系列），这些特征与点击的小食组合和快餐偏好相反。",4,complete
938539,"喜欢：该用户偏好快餐和饮料品类（如麦当劳和中可），品牌包括支付宝和麦当劳，关键词涉及消费券和优惠活动，使用场景主要为支付服务（如支付宝交易）和日常消费（如快餐购买），结合服务使用数据如支付宝、蚂蚁庄园等，体现对支付生态和优惠消费的倾向。

不喜欢：基于未点击商品的反向特征，用户不喜欢买一送一促销（如圆桶冰淇淋）、出行服务（如滴滴出行），以及搜索品牌发券、立减等营销活动，表明对复杂促销和出行类内容缺乏兴趣。",4,complete
1886827,"### 用户兴趣偏好总结（场景4）
喜欢：该用户偏好饮料品类，特别是碳酸饮料（如雪碧、可乐）和果汁气泡饮，关键词包括夏日、消费券和支付宝活动，品牌如可口可乐、美汁源和怡宝，使用场景涉及夏日促销、消费券会场和限时优惠活动。  
不喜欢：基于未点击商品，用户不喜欢牛奶品类（如伊利纯牛奶）、出行服务（如滴滴出行）、快餐品牌（如汉堡王），以及话费券、日常推广和抵用券等推广服务。",4,complete
27437,"喜欢：用户偏好快餐食品品类，特别是麦当劳品牌的小食组合，如薯条、麦乐鸡块和买一送一促销；关键词包括薯条、麦乐鸡块、小食组合；使用场景为通过支付宝进行便捷快餐消费，聚焦小份零食而非正餐。

不喜欢：用户不喜欢大份套餐（如双人餐）、甜点（如麦旋风、新地、派）、其他快餐品牌（如汉堡王）、以及非食品类如出行服务（滴滴打车、高德打车）、日用品（海飞丝洗发水、维达手帕纸、洽洽瓜子），避免相关关键词和场景。",4,complete
2000394,"喜欢：用户偏好快餐零食品类，如小食组合、薯条和冰淇淋；关键词包括“我就喜欢”、“买一送一”和“双人欢享餐”；品牌偏好麦当劳；使用场景涉及休闲小吃、促销活动和社交用餐（如双人餐）。

不喜欢：基于未点击行为，用户不喜欢健康早餐类食品，如粥和油条。",4,complete
302329,"喜欢：用户偏好与火车相关的日常推广优惠券，特别是涉及b站和飞猪品牌的旅行场景，关键词包括火车、推广、日常，偏好品类为旅行优惠（如火车票折扣），使用场景聚焦日常推广和在线旅行服务（如飞猪旅行），品牌倾向b站和飞猪。

不喜欢：用户不喜欢包含火车票或特定时间限制（如7-8月）的推广商品，基于未点击行为中与点击相反的特征，如火车票实体词和折扣金额差异（2元 vs 3元）。",4,complete
1785268,"喜欢：用户偏好快餐和饮料品类，特别是麦当劳品牌和可口可乐产品（中可），关键词包括消费券和支付宝支付，使用场景涉及在线优惠活动（如0元中可）和便捷支付服务。

不喜欢：基于未点击行为，用户不喜欢其他饮料品牌如东鹏特饮和佳得乐，汉堡王快餐，以及快递服务和非食品商品如纸巾（维达、得宝）。",4,complete
1757606,"喜欢：该用户偏好出行服务品类，如打车和快递寄件；关键词包括打车、出行、快递；品牌偏好花小猪和曹操出行；使用场景涉及日常通勤和快递上门服务，体现在频繁点击打车券包和快递优惠商品。
不喜欢：基于未点击商品中与点击行为相反的特征，用户不喜欢个人护理用品（如卫生巾）、饮品（如茶饮）、家居清洁用品（如洗衣液）和话费服务，反映在未点击苏菲卫生用品、古茗茶饮、洗衣液和话费券等商品。",4,complete
937331,"喜欢：用户偏好快餐食品品类，特别是麦当劳品牌的汉堡、薯条和套餐；关键词包括麦当劳、支付宝和现金红包；品牌以麦当劳为主，支付宝作为支付工具；使用场景涉及外卖点餐和支付宝支付消费。

不喜欢：用户不喜欢日用品品类，如抽纸等家庭清洁产品，基于未点击行为与点击的食品特征相反。",4,complete
1329870,"喜欢：用户偏好汉堡王品牌的全牛肉堡3人餐，表明对快餐餐饮品类的喜爱，关键词包括全牛肉和3人餐，使用场景为团体用餐或家庭聚餐。

不喜欢：基于未点击商品，用户不喜欢tims咖啡、椒香鸡腿、芝士套、薯条、华夫筒等，反映出对非牛肉产品、小份餐（如单人餐）、甜点及咖啡的排斥。",4,complete
1576588,"喜欢：用户偏好洗衣液（尤其是薰衣草味、大桶装规格，如4斤或5斤，常带消费券和付邮购优惠）、咸鸭蛋（如流油咸鸭蛋）和牙膏（如舒客品牌）；关键词包括付邮购、消费券、特价、除菌除螨；品牌如奥妙、几羊嗨购、麦谷优品；使用场景集中于家庭清洁（洗衣液、牙膏）和日常食品采购（咸鸭蛋），体现对实惠、功能性日用品的兴趣。

不喜欢：基于未点击商品，用户不喜欢花生（如多味花生或椒盐花生）、洗衣粉（如南极人大桶洗衣粉），以及背包、皮带、沐浴露、电风扇等商品，表明对零食替代品、洗衣替代品、时尚用品和个人护理设备缺乏兴趣。",4,complete
656415,"喜欢：用户偏好通过支付宝平台获取麦当劳的促销活动，如买一送一的圆筒冰淇淋和0元中杯可乐，显示出对快餐饮料类（品类）、优惠关键词（如买一送一、0元）、品牌（麦当劳、支付宝）的强烈兴趣，使用场景集中于日常餐饮消费和数字支付优惠。
不喜欢：基于未点击大薯条商品，用户可能不喜欢薯条类食品或类似促销特征，如无优惠的单一快餐选项。",4,complete
1023133,"### 用户兴趣偏好总结（场景4）
喜欢：该用户偏好出行服务品类，关键词包括消费券、优惠券（基于搜索和点击行为），品牌偏好滴滴出行（点击商品），使用场景为打车和优惠消费（如滴滴出行结合消费券）。

不喜欢：用户不喜欢花小猪打车品牌（与点击的打车服务相反，基于未点击商品），以及纸巾、话费券等品类（基于未点击商品如抽纸和话费券）。",4,complete
14261,"喜欢：用户偏好出行服务（如打车券、火车加速券）、日用品（如抽纸、洗衣液）和家电（如破壁机），关键词包括乘车、优惠券、出行和券包，品牌涉及维达、高德、滴滴和荣事达，使用场景集中于交通出行、家庭清洁和厨房烹饪。
不喜欢：用户避免话费服务（如充值券）、零食（如瓜子）和小家电（如电风扇），关键词如话费、瓜子和电风扇，品牌如洽洽和小杨生煎，使用场景涉及通信充值、零食消费和个人小家电使用。",4,complete
38194,"喜欢：该用户偏好日常家居用品（如无芯卷纸）和饮品（如农夫山泉），关键词涉及""夏促""、""本色""和""疫情""相关；品牌包括清风、农夫山泉和支付宝；使用场景涵盖夏季促销活动、超市购物（如好又多超市）、在线支付（如花呗、条码支付）以及公益服务（如芭芭农场种树）。

不喜欢：用户不喜欢快餐食品（如汉堡王的椒香鸡腿、薯霸王）和外送活动餐，避免相关品牌（汉堡王）和套餐场景（如双人餐、4件套）。",4,complete
628506,"喜欢：用户偏好出行服务（如打车券和配送服务）、零食（特别是洽洽品牌的多种口味瓜子，包括经典、五香、焦糖和原味）、快餐（麦当劳套餐如板烧鸡腿堡和小薯条）、生鲜配送（叮咚买菜和盒马）及日用品（洗衣液）；关键词包括打车、券、瓜子、支付宝和配送；品牌涉及洽洽、麦当劳、高德、滴滴出行、曹操出行、紫燕百味鸡和CoCo都可；使用场景涵盖移动出行（打车和顺风车）、休闲零食消费、快餐用餐和在线购物配送。

不喜欢：用户不喜欢纸巾类产品（如抽纸）、花生零食（与点击的瓜子相反）、特定打车服务（哈啰打车）和电影票务；关键词如大薯条、抽纸和火车票；品牌如哈啰；使用场景包括家庭纸品消费和娱乐票务。",4,complete
571799,"喜欢：偏好品类为纸巾和消费券相关产品，关键词包括消费券、付邮领，品牌如舒可乐，使用场景涉及日常清洁和支付优惠（基于点击商品""舒可乐纸巾""及实体词""软抽纸、消费券""，结合交易行为""纸巾、餐巾纸""和服务使用""红包、转账""）。

不喜欢：不喜欢饮料品牌（如东鹏）、其他纸巾品牌（如俏牌）、茶饮（如古茗）和话费券等（基于未点击商品如""东鹏特饮6盒""、""20包抽纸""、""0.5元话费券""的实体词""东鹏饮料、俏牌、话费券""，与点击行为中纸巾和消费券偏好相反）。",4,complete
465414,"喜欢：用户偏好福利券和会员服务（如vip会员、白金会员），在品类上喜欢食品（如手撕面包、红豆沙面包、点心、熟食制品）和旅行相关（如旅行券包、门票、车票）；关键词包括消费券、理财、健康；品牌方面偏好家化；使用场景涉及在线理财（如支付宝、余额宝）、健康管理（如健康金、保险）和休闲消费（如芭芭农场、蚂蚁庄园）。

不喜欢：用户不喜欢品牌发券（如滴滴出行相关优惠）和搜索驱动的促销活动（如立减、发券），基于未点击商品特征与点击行为相反。",4,complete
330366,"### 用户兴趣偏好总结（场景4）

喜欢：该用户偏好快餐食品品类（如薯条、新地、菠萝派），出行服务品类（如打车优惠），以及生活用品品类（如抽纸）；关键词包括麦当劳、支付宝、曹操出行、滴滴出行、消费券、立减；品牌偏好为麦当劳、维达、曹操出行；使用场景集中于通过支付宝平台获取即时优惠券，用于日常快餐消费和交通出行。

不喜欢：该用户对非首选出行服务品类（如哈啰打车）、电影票务品类、话费充值品类、火车票品类、油券品类、化妆品品类（如屈臣氏），以及特定零食品类（如瓜子）表现出较低兴趣；关键词包括哈啰打车、电影优惠券、话费券、火车票、团油；品牌回避如哈啰打车、嘿影电影、煜鑫百货、同程火车票、团油、屈臣氏、洽洽；使用场景涉及非支付宝主导的优惠或非日常消费相关服务。",4,complete
1845492,"喜欢：用户偏好娱乐消费（如电影票）、理财服务（如基金、余额宝）和支付宝相关活动（如红包、任务），关键词包括红包、基金和理财，品牌涉及支付宝（隐含于服务使用），使用场景为在线支付和娱乐管理。

不喜欢：用户不喜欢日常消费品（如食品、日用品和家电），基于未点击商品如肉松饼、卫生纸和洗衣液，关键词和品牌如千丝、舒可乐，使用场景为日常购物和付邮促销。",4,complete
106804,"喜欢：该用户偏好电子产品（如苹果iPhone 14 Pro）、金融服务（支付宝商家券、理财、花呗）和加油服务（团油、油卡），关键词包括支付宝、理财、油卡、手机，品牌涉及苹果、支付宝、团油，使用场景为在线支付、投资理财和汽车加油。

不喜欢：基于未点击商品，该用户不喜欢家居用品（如踩屎感拖鞋）和涉及邮费支付的购物方式（付邮购）。",4,complete
500898,"喜欢：偏好品类为旅行交通服务，如火车票预订和加速；关键词包括火车、加速、推广、日常；品牌偏好B站和飞猪；使用场景涉及日常出行支付和在线预订，如通过支付宝进行火车票加速和推广活动。

不喜欢：偏好品类为快餐餐饮优惠，如咖啡和套餐；关键词如优惠券、下午茶、双人餐；品牌如汉堡王和Tims咖啡；使用场景在餐饮消费和下午茶促销，如汉堡王的外送活动餐和古茗的优惠券。",4,complete
1575646,"喜欢：偏好品类包括出行服务和快餐食品（如滴滴出行优惠券、麦当劳和小杨生煎的双人餐），关键词涉及满减、立减、超值、券包；品牌偏好滴滴出行、麦当劳、必胜客、支付宝；使用场景为在线支付获取优惠（如扫码支付）、餐饮消费（外卖和快餐）及出行需求（如打车和公共交通）。

不喜欢：基于未点击商品，不喜欢小食组合和免费饮料（如中可），表明对零食或简单免费商品兴趣较低，与点击行为中偏好主餐和实质性优惠的特征相反。",4,complete
1377535,"喜欢：用户偏好出行服务（如滴滴出行）、优惠券（消费券、立减）、食品饮料（奶茶品牌如喜茶、茶百道，面包如贝果）、日用品（洗涤剂、喷雾瓶）、美容工具（眼影刷）和金融服务（支付宝、转账）；关键词包括消费券、红包、出行优惠；品牌如滴滴出行、支付宝、喜茶；使用场景涉及日常出行、在线支付和休闲消费。

不喜欢：用户对火车票相关的代金券和同程品牌服务不感兴趣，表明偏好打车服务而非长途火车出行。",4,complete
1092957,"喜欢：用户偏好雨伞品类（特别是手动伞），关键词如特价、特惠、好物和付邮体验，品牌方面涉及银胶材质但无特定品牌，使用场景包括雨天出行和优惠购物体验，基于点击商品实体词和标题的雨伞、特价特征。

不喜欢：用户不喜欢矿泉水饮料品类，基于未点击商品实体词农夫山泉，与点击行为中雨伞的非饮料特征相反。",4,complete
1011014,"喜欢：用户偏好电信服务品类，如话费充值和消费券；关键词包括消费券、话费券和充值；品牌涉及农夫山泉和中国移动；使用场景为在线省钱优惠和日常通信支付，基于点击商品（如话费券、消费券、手机充值）及搜索关键词（消费券）、服务使用（话费红包）和交易行为（手机费）数据。

不喜欢：用户不喜欢推广性质的话费服务，如带有推广标签或特定品牌如千行你我的商品，基于未点击商品实体词（推广、千行你我）与点击行为相反特征（点击偏好直接优惠而非推广）。",4,complete
478523,"喜欢：偏好品类包括快餐（如麦当劳套餐和运动饮料）、出行服务（如滴滴出行和花小猪打车）以及饮料（如佳得乐蓝莓味）；关键词涉及特价、优惠券和立减（如2元特价、7折券包）；品牌偏好麦当劳、支付宝、滴滴出行和星巴克（从星爸爸推断）；使用场景集中在日常出行（打车和公交）、快餐消费（如板烧鸡腿堡）和饮料购买（如中可）。

不喜欢：基于未点击商品，偏好品类避免茶饮料（如柠檬茶和乌龙茶）、家庭用品（如抽纸）和特定出行（如火车票）；关键词和场景上，不喜欢非偏好品牌的优惠（如全家便利店或百果园的券）和特定地点服务（如广州相关）；品牌上避免全家、良品铺子、高德打车和汉堡王。",4,complete
850005,"喜欢：偏好饮料品类如钙奶和冰红茶，关键词包括""付邮购""和""包邮""，品牌如娃哈哈和康师傅，使用场景为夏季解渴饮品和家居舒适需求；同时偏好个人护理品类如硫磺皂，以及家居用品如静音电风扇和踩屎感拖鞋，品牌涉及天雁和乐美优品。
不喜欢：基于未点击商品，不喜欢电子产品品类如耳机和手机订阅，关键词如""电影票""和""话费券""，品牌如舒肤佳和华为，使用场景涉及电影娱乐、出行服务和话费充值；同时不喜欢清洁用品如卫生纸和洗衣液，与点击的个人护理行为相反。",4,complete
1479823,"喜欢：偏好品类为出行服务（如网约车），关键词包括消费券、滴滴出行、立减，品牌偏好滴滴出行（从点击商品和搜索关键词高频出现），使用场景涉及打车优惠和消费券兑换（基于交易行为和服务使用中的网约车、支付宝相关实体）。  
不喜欢：基于未点击商品，不喜欢其他出行品牌（如高德、花小猪打车）、快递服务（如上门寄件）、麦当劳餐饮优惠（如圆筒、小薯条）以及火车票、酒店等非核心出行场景（从未点击实体词如高德、货拉拉、麦当劳、火车票推断）。",4,complete
748500,"喜欢：用户偏好出行服务品类，特别是打车相关优惠，关键词包括消费券、立减和发券，品牌集中于滴滴出行，使用场景为出行优惠和折扣获取。

不喜欢：用户不喜欢其他打车服务品牌如哈啰打车和花小猪打车，基于未点击行为中与点击相反的特征，如商家券、feeds和出行优惠的替代服务。",4,complete
552468,"喜欢：用户偏好出行服务品类，特别是打车和单车相关，关键词如发券、立减、优惠，品牌如滴滴出行，使用场景为通勤优惠和日常出行（基于点击商品和交易行为中的公交、单车、哈啰出行等实体）。
不喜欢：用户不喜欢其他打车品牌如高德打车和惠享出行的优惠券（基于未点击商品中高德打车、惠享出行等实体与点击行为相反的特征）。",4,complete
1191907,"喜欢：该用户偏好数字服务品类（如话费充值）、出行服务（如打车和公交）、娱乐票务（如门票），关键词包括消费券、立减和推广，品牌涉及煜鑫百货商行、滴滴出行和飞猪旅行，使用场景集中于日常消费便利（如话费充值）、出行交通（如打车和公交）以及娱乐活动（如门票和B站券）。

不喜欢：该用户不喜欢快递寄送服务，如上门取件和寄快递，这与点击行为中偏好数字和出行服务相反。",4,complete
633000,"### 用户兴趣偏好总结（场景4）
喜欢：该用户偏好维达品牌的纸巾类产品（如手帕纸）和古茗茶饮，关键词涉及优惠券和消费，使用场景包括在线促销活动（如付邮试用）和产品试用，偏好品类为日用品和饮品。

不喜欢：该用户不喜欢乳制品（如伊利乳酸菌饮品、安慕希酸奶）和碳酸饮料（如百事可乐），以及电影票和话费充值服务，基于未点击商品中与点击行为相反的特征。",4,complete
374013,"喜欢：偏好茶饮品类（如古茗），关键词包括古茗、茶饮相关（搜索中多次出现古茗、蜜雪冰城等），品牌为古茗（点击商品），使用场景为餐饮休闲消费（交易行为中有早餐店、蛋挞等餐饮实体，服务使用涉及餐饮公司）。

不喜欢：偏好避免出行服务券和快餐品牌（未点击商品中滴滴出行券包、麦当劳食品占比高），关键词如滴滴出行、麦当劳（未点击实体词高频出现），品牌滴滴出行、麦当劳（与点击行为相反），使用场景为出行促销或快餐消费（未点击实体词显示出行、早餐类特征）。",4,complete
185186,"喜欢：用户偏好出行服务品类，特别是打车优惠券（如滴滴出行、高德打车、曹操出行），关键词包括""立减""、""消费券""、""支付宝""和""搜索""，品牌涉及滴滴出行、高德打车、曹操出行，使用场景集中于出行优惠（如会场消费券）和生活消费（如纸巾付邮领），体现对便捷出行和实惠生活用品的兴趣。

不喜欢：用户不喜欢非打车出行服务（如顺风车、代驾和租车）及非偏好品牌（如花猪打车），基于未点击商品中与点击行为相反的特征，包括""顺风车""、""代驾""、""租车""和""花猪打车""等实体词，表明对特定出行形式和品牌的不感兴趣。",4,complete
16110,"喜欢：用户偏好咖啡、芝麻油和洗衣液等家庭日用品品类，关键词包括省钱（如消费券、折扣）、日常（如日常5折），品牌如麦斯威尔（咖啡）、金龙鱼（芝麻油）和麦谷优品（洗衣液），使用场景为家庭日常消费和节省开支。

不喜欢：用户不喜欢快餐食品如汉堡王的活动餐和鸡腿，关键词涉及外出用餐（如外送、活动餐），品牌如汉堡王，使用场景为外出就餐和快餐消费。",4,complete
1344217,"喜欢：该用户偏好快餐餐饮品类（如汉堡和咖啡），关键词包括优惠券和下午茶，品牌如汉堡王和Tims咖啡，使用场景为休闲餐饮消费和电影相关优惠活动。
不喜欢：基于未点击商品特征，用户不喜欢交通服务如顺风车，以及通用消费券和特定电影票形式。",4,complete
1566495,"### 用户兴趣偏好总结（场景4）
喜欢：偏好咖啡品类（尤其Tims咖啡品牌），关键词包括下午茶和优惠券，使用场景为休闲下午茶消费，结合交易行为中的拿铁、星巴克等咖啡相关实体，以及搜索关键词中的消费券、电子消费券，体现对咖啡类优惠活动的兴趣。  
不喜欢：基于未点击商品（如汉堡王套餐、滴滴出行券、电影票）的相反特征，排斥快餐品类（汉堡王、麦当劳品牌）、出行服务（滴滴出行）及娱乐消费（电影票），关键词如小薯、鸡块、出行券包等，与点击的咖啡下午茶场景形成对比。  

（字数：198）",4,complete
1522652,"喜欢：该用户偏好日用品品类（如纸巾），关键词包括消费券、付邮领等优惠相关词汇，品牌倾向舒可乐，使用场景涉及学生生活（如寝室用品）和在线省钱任务（如芭芭农场、蚂蚁庄园等游戏化服务）。  
不喜欢：该用户对电器类产品（如静音电风扇）不感兴趣，与点击的日用品和优惠券行为形成对比。",4,complete
1791363,"### 用户兴趣偏好总结（场景4）
喜欢：偏好品类包括快餐食品（如麦当劳冰淇淋、汉堡王华夫筒）、旅行预订（机票、火车票）、外卖服务（盒马粮油调味券、鲜丰水果）和出行打车（滴滴出行、曹操出行）；关键词如支付宝、消费券、通用券、推广；品牌偏好麦当劳、飞猪、盒马、滴滴出行；使用场景涉及日常消费优惠（如话费红包）、出行规划（火车票加速）、外卖点餐（乐乐茶满减）和支付便捷（支付宝专享）。

不喜欢：基于未点击商品与点击行为相反的特征，不喜欢咖啡品牌（如星巴克生咖、Tims咖啡）、特定快餐（老乡鸡满减券）、电影票服务（大淘电影票）以及日用品（抽纸、特惠好物），表现为对非偏好餐饮和娱乐服务的回避。",4,complete
1346753,"喜欢：偏好快递服务（如上门寄件、支付券）、出行服务（如顺风车、滴滴出行）、支付优惠（如消费券、立减）和生活用品（如珊瑚绒毛巾）；关键词包括快递、消费券、优惠券、寄件；品牌如滴滴出行、菜鸟裹裹、洁丽雅；使用场景涉及在线服务使用（如快递寄送、出行预订）和优惠消费（如支付券获取）。

不喜欢：基于未点击行为，不喜欢快餐食品相关品类（如汉堡套餐、鸡腿）；关键词如汉堡王、外送、活动餐；品牌如汉堡王；使用场景为外卖食品消费（如外送餐点）。",4,complete
1930074,"喜欢：偏好品类包括茶饮料（如茉莉花饮料）和旅行服务（如门票、火车票），关键词涉及推广、日常优惠和消费券，品牌如淳茶舍、飞猪和美宜佳，使用场景为日常消费和旅行预订。

不喜欢：基于未点击商品，不喜欢其他茶饮料品牌（如茶派、三得利）、家居清洁用品（如洗衣液、抽纸）、个人舒适产品（如电风扇、拖鞋），以及特定出行服务（如滴滴出行）。",4,complete
671165,"喜欢：用户偏好出行服务品类，特别是滴滴出行品牌，关键词包括""滴滴出行""、""立减""和""消费券""，使用场景为打车出行，主要关注立减金额的优惠券包（如6元券包），体现对滴滴出行专属优惠的强烈兴趣。  
不喜欢：用户不喜欢其他出行品牌如花小猪和高德的优惠券（如花小猪50元打车券包、高德打车100元券包），以及非出行相关品类如美容护肤（欧莱雅眼霜）、日用品（心相印手帕纸、欧莱雅男士洗面奶）和快递服务（顺丰运费、圆通寄件），基于未点击商品中与点击行为相反的特征。",4,complete
1981382,"喜欢：用户偏好出行服务品类（如打车、公交），关键词如""乘车卡""和""出行""，品牌如滴滴出行，使用场景包括城市通勤和旅行（尤其日本相关，如东京、大阪）。

不喜欢：用户不喜欢支付服务或快餐品类（与点击行为相反），关键词如""支付宝""相关，品牌如支付宝和麦当劳，使用场景如支付促销或餐饮优惠。",4,complete
578879,"喜欢：用户偏好纸巾品类（如抽纸），关键词包括0元付邮、试用、消费券和付邮领，品牌如心相印，使用场景涉及促销活动（如免费试用）和家庭清洁需求。
不喜欢：用户不喜欢拖鞋（如凉拖鞋）和洗衣液等品类，以及俏牌品牌，基于未点击商品中与点击行为相反的特征（如踩屎感凉拖鞋、薰衣草洗衣液和俏牌抽纸）。",4,complete
490834,"喜欢：该用户偏好出行服务品类（如打车、顺风车）和娱乐优惠券（如电影券），关键词包括消费券、优惠券、推广和日常，品牌涉及滴滴出行、飞猪和哈啰顺风车，使用场景为日常通勤和休闲娱乐消费。

不喜欢：基于未点击商品特征，用户不喜欢酒店预订、门票购买、花小猪打车服务、电影票满减优惠以及家居用品（如抽纸），这些与点击行为中的出行和娱乐优惠券形成相反偏好。",4,complete
1914036,"### 用户兴趣偏好总结（场景4）
喜欢：用户偏好出行服务品类（如打车、网约车），关键词包括消费券、优惠券、折扣和支付宝专享，品牌如滴滴出行、花小猪打车、曹操出行、阳光出行、麦当劳和味多美，使用场景为通勤出行和快餐消费（如小食组合、一人食），体现对省钱优惠和便捷服务的需求。

不喜欢：用户不喜欢家居用品品类（如收纳、保温杯），关键词如付邮购、通用券和试用，品牌如京东到家、元气森林、维达和康师傅，使用场景为家居购物和无关服务（如电商平台券），与点击行为相反的特征包括非出行相关商品和特定食品（如薯条/汉堡）。",4,complete
157052,"喜欢：用户偏好娱乐和出行品类，关键词如电影优惠券、出行和红包，品牌如高德、嘿影电影和乐惠，使用场景包括看电影、出行和优惠券消费。

不喜欢：用户不喜欢家用电器和快递服务品类，关键词如静音电风扇、快递和日常优惠，品牌如艾唯达和千猪，使用场景如家庭日常和邮寄服务。",4,complete
1601950,"喜欢：用户偏好出行服务品类（如打车、公交和火车票），关键词包括""出行""、""券""、""立减""和""消费券""，品牌如滴滴出行、高德和花小猪，使用场景为日常通勤、省钱优惠和手机充值，体现对交通优惠和便捷出行的强烈兴趣。

不喜欢：用户不喜欢家居用品品类（如抽纸），关键词如""舒适""、""酒店""和""门票""，品牌如麦好物，使用场景为家庭生活、旅游娱乐和租车服务，基于未点击商品特征与点击行为相反。",4,complete
265315,"喜欢：偏好品类为日用品（如洗衣液、洗发水）和服饰配件（如棒球帽），关键词包括付邮购、消费券、0元购、薰衣草和大桶，品牌涉及阿迪达斯、海飞丝、麦谷优品和几羊嗨购，使用场景集中于促销活动（如消费券会场）和家庭清洁（如大容量洗衣液）。

不喜欢：偏好品类相反如电子产品（如苹果14手机）、食品（如麦当劳套餐）和工具（如菜刀），关键词与促销（如付邮体验）不吸引，品牌如麦当劳、蒙牛不匹配，使用场景涉及户外（如雨伞）、餐饮（如汉堡）和工具使用（如锻打菜刀）。",4,complete
1343443,"喜欢：用户偏好出行服务品类，关键词包括搜索、发券和立减，品牌涉及支付宝、曹操出行和滴滴出行，使用场景为通过支付宝平台获取出行优惠券，用于日常打车或网约车需求。
不喜欢：用户不喜欢电影娱乐、快递服务和快餐食品品类，基于未点击商品特征如电影优惠券、推广、快递上门和麦当劳产品，反映出对电影票、快递寄件及快餐消费的回避。",4,complete
27580,"### 用户兴趣偏好总结（场景4）
喜欢：用户偏好旅行票务品类（火车票），关键词如火车、代金券、推广，品牌包括B站、飞猪、同程，使用场景为在线预订火车票优惠券。  
不喜欢：用户不喜欢滴滴出行品牌、汽车票品类、通用优惠券类型，基于未点击滴滴出行相关商品和汽车票优惠券。",4,complete
873644,"喜欢：该用户偏好出行服务品类，关键词如打车、外卖和快递（基于搜索关键词""外卖""、""饿了么""和点击商品""花小猪打车""），品牌包括花小猪打车和阳光出行（从交易行为和服务使用实体提取），使用场景涉及日常通勤和物流配送（如服务使用实体中的""打车网约车""和交易行为中的""顺丰速运""）。

不喜欢：用户不喜欢家庭日用品如纸巾（舒适抽纸）、服装品牌（俏牌）和电商购物（京喜购），这些特征基于未点击商品实体词""舒适抽纸""、""俏牌""和""京喜购""，与点击的出行服务特征相反。",4,complete
957756,"喜欢：用户偏好出行服务（如滴滴出行优惠券包），餐饮品类（如麦当劳小食组合），快递服务（如菜鸟裹裹支付券），关键词包括消费券、出行、滴滴出行，品牌涉及滴滴出行、麦当劳、菜鸟裹裹、支付宝，使用场景为在线打车、点餐和快递寄送消费优惠。  
不喜欢：用户不喜欢高德打车优惠券、固定金额立减券（如立减5元）、蛋黄酥零食、必胜客一人食套餐，以及酒店相关服务（如飞猪酒店券），这些特征与点击行为相反。",4,complete
1404355,"喜欢：用户偏好出行服务（如滴滴出行）和优惠券（如消费券），关键词包括滴滴出行、消费券、红包，品牌如滴滴出行，使用场景为在线出行和优惠消费，基于点击行为和搜索关键词。

不喜欢：用户不喜欢洗衣液产品（如薰衣草洗衣液）、大桶装商品和付邮费的优惠，基于未点击商品中与点击行为相反的特征。",4,complete
1946941,"喜欢：用户偏好出行支付服务品类，如滴滴出行和加油卡充值；关键词包括搜索、推广、立减、发券；品牌涉及滴滴出行和车行易；使用场景为搜索结果页推广品牌发券和加油卡充值支付。

不喜欢：用户不喜欢消费券相关的优惠，基于未点击商品特征与点击行为相反。",4,complete
8664,"喜欢：偏好品类包括电子产品（如无线蓝牙耳机）和日用品（如纸巾），关键词如消费券、付邮购/付邮领（优惠活动），品牌如天秀丽、乐美优品、舒可乐，使用场景为在线购物利用优惠券购买实用商品。
不喜欢：基于未点击商品，不喜欢拖鞋类产品（如踩屎感拖鞋），特别是休闲家居用品，与点击行为中偏好科技和必需品特征相反。",4,complete
408086,"喜欢：用户偏好快餐汉堡品类（如麦辣鸡腿汉堡、双层脆鸡堡），关键词包括现金、消费券、支付宝，品牌涉及麦当劳、汉堡王、滴滴出行，使用场景为餐饮消费（如早餐、快餐店）和出行打车（小额优惠券支付）。

不喜欢：基于未点击商品特征，用户不喜欢猪排类食品（如黄金炸猪排）、小食组合（如薯条、华夫筒）和甜点（如菠萝派、草莓新地），关键词如小食、华夫筒、薯条，品牌相同但产品相反，使用场景涉及大额出行券（如100元打车券）或非汉堡类小吃。",4,complete
475553,"喜欢：用户偏好出行服务（如打车券包、顺风车优惠）、无糖饮料（乌龙茶、牛奶）、品牌如认养一头牛、良品铺子和三得利，使用场景为日常出行（打车、顺风车）和饮品消费（无糖茶饮、牛奶品鉴），关键词包括打车、券包、无糖、乌龙茶、牛奶和优惠券。

不喜欢：用户不喜欢特定促销牛奶（如0720投放版）、纸巾类日用品（加厚抽纸）、绿茶口味饮料（柚子绿茶）、门票服务（旅游门票）及成人用品（杰士邦试用），这些特征与点击行为中的出行和饮品偏好相反。",4,complete
711651,"喜欢：用户偏好快餐食品品类（如薯条、华夫筒、饮料），关键词包括买一送一、会员等级权益和支付宝支付，品牌倾向汉堡王和麦当劳，使用场景为支付宝平台上的快餐消费和促销活动（如限时优惠和会员权益兑换）。  
不喜欢：用户不喜欢日用品品类（如纸巾），基于未点击商品的特征（如加厚抽纸、舒适、特价包邮），与点击的食品偏好相反。",4,complete
186423,"### 用户兴趣偏好总结（场景4）
喜欢：偏好品类包括快餐食品（汉堡、薯条、饮料）、日用品（抽纸）、大米和枸杞；关键词涉及支付宝、麦当劳、折扣、买一送一、特价；品牌偏好麦当劳、盒马、繁星、福临门；使用场景为通过支付宝进行快餐消费、优惠券使用及家庭日用品采购。

不喜欢：基于未点击商品，不喜欢品类如其他快餐品牌（鸡腿、比萨）、特定饮料（运动饮料、柠檬茶）、零食（凤爪、花生）、物流服务；关键词包括德克士、必胜客、佳得乐、良品铺子；品牌如德克士、丘大叔、悦鲜活、沪上阿姨；使用场景涉及物流货运、打车服务、大份餐饮套餐及电影娱乐。",4,complete
900632,"喜欢：用户偏好品类包括话费优惠券、科幻书籍（如三体）和消费券；关键词涉及理财、余额宝、多人转账和发票管理；品牌偏好支付宝（从服务使用如芭芭农场、蚂蚁庄园推断）和中国移动（从交易行为如电话费推断）；使用场景主要为手机充值、生活缴费（如电费、电话费）、在线理财投资（如余额宝服务）和公益捐赠活动（如捐赠、公益项目）。

不喜欢：用户不喜欢品类如食品饮料（纯净水）、服装（T恤）和家居清洁产品（洗衣液、纸巾）；关键词包括怡宝、莫代尔短袖、艾草洗衣液和纸抽；品牌如怡宝、邮惠购（从未点击商品实体词推断）；使用场景涉及日常用品购物和服装购买，尤其避免与点击行为相反的日用品相关消费券或付邮购形式。",4,complete
1204188,"### 用户兴趣偏好总结（场景4）
喜欢：用户偏好出行服务品类（如打车），品牌包括滴滴出行和乐扣乐扣，关键词如消费券、立减和付邮送，使用场景为交通出行优惠和日常购物（如保鲜盒家居用品）。  
不喜欢：用户不喜欢其他出行平台（如高德打车、花小猪打车）、食品类商品（如麦当劳快餐）、水果券（如百果园）和电影票等，特征包括非滴滴出行品牌、非优惠券形式促销（如代金券、特价）和非出行相关品类。",4,complete
270604,"### 用户兴趣偏好总结（场景4）
喜欢：用户偏好出行服务品类，关键词包括出行、打车、消费券，品牌如哈啰打车，使用场景为日常通勤和优惠券使用，基于点击行为中对哈啰打车相关消费券的明确兴趣，并得到交易行为（如公交、停车费用）和服务使用（如出行、电动汽车充电）的支持。

不喜欢：用户不喜欢火车出行、其他打车品牌（如花小猪、滴滴出行）、快餐（如麦当劳）和饮料（如百岁山矿泉水），基于未点击商品中与点击行为相反的特征，例如未点击火车票、花小猪打车及麦当劳快餐相关条目。",4,complete
1424594,"喜欢：偏好品类包括快餐食品（如薯条、派、新地、鸡块组合）和茶饮（如乐乐茶、古茗），关键词聚焦支付宝、优惠折扣和麦当劳相关，品牌倾向麦当劳、乐乐茶、Tims咖啡及出行服务花小猪和滴滴出行，使用场景为通过支付宝享受餐饮消费和出行服务的即时优惠。
不喜欢：基于未点击行为，不喜欢矿泉水（如百岁山）、日用品（如维达抽纸）、到家服务（如京东到家）以及非优惠或特定出行券包（如高德打车、哈啰送货）。",4,complete
1921398,"喜欢：用户偏好出行服务品类（如打车、顺风车），关键词包括消费券、优惠和出行，品牌涉及高德、滴滴出行、特仑苏和美汁源，使用场景为日常交通节省和饮料消费，体现对网约车券包、牛奶及果汁饮料的强烈兴趣。  
不喜欢：用户对快递服务品类（如上门收件）、代驾及日用品（如纸巾）不感兴趣，关键词如火车票、电影票和支付券（特定形式），品牌如飞猪和麦好物，使用场景包括寄件、代驾和娱乐票务，与点击行为形成鲜明对比。",4,complete
414831,"### 用户兴趣偏好总结（场景4）

喜欢：用户偏好出行服务品类（如滴滴出行、飞猪旅行汽车票和酒店预订）、日用品清洁（如洗衣液、洗手液和抽纸）以及食品饮料（如农夫山泉），常关注消费券、立减优惠和推广关键词，品牌倾向农夫山泉、滴滴、飞猪、良品铺子和得宝，使用场景集中于在线优惠获取（如小额无门槛券）和日常消费（如京东到家购物）。

不喜欢：用户不喜欢高额优惠券（如100元滴滴或高德打车券）、付邮购产品（如保温杯、护垫和拖鞋）以及特定品类如女性护理用品（护垫）、零食（小鱼仔）和曹操出行服务，与点击行为中偏好小额实用优惠和免邮产品形成对比。",4,complete
1395764,"喜欢：用户偏好快餐品类如汉堡王的狠霸王牛单人餐，关键词包括消费券、支付宝相关服务（如支付宝运动、芭芭农场）及电子产品回收/租赁，品牌如汉堡王、农夫山泉、支付宝，使用场景涉及外卖、在线支付（如条码支付、公交乘车码）和消费活动；同时，对金融产品（理财、信用卡）、公益服务（公益捐步）及交通服务（如公交）表现出兴趣。

不喜欢：用户不喜欢汉堡王的下午茶、咖啡饮品（如tims咖啡、古茗）、椒香鸡腿套餐、芝士4件套及双人餐（如7件套全明星双人餐）等商品，反映出对特定汉堡变体、饮品及多人套餐的回避。",4,complete
914588,"喜欢：该用户偏好快餐和零食品类，关键词包括鸡条、阿华田和果冻，品牌如汉堡王和良品铺子，使用场景涉及餐饮消费（如快餐套餐）和休闲零食购买（如果冻）。
不喜欢：用户不喜欢代金券和优惠券（与直接食品购买相反），无糖饮料（如乌龙茶，与含糖饮料相反），日用品（如纸巾，与食品消费相反），以及其他快餐品牌（如麦当劳，与汉堡王相反）。",4,complete
325353,"喜欢：用户偏好家居日用品品类（如抽纸），关键词包括特价和好物优选，品牌如俏牌，使用场景涉及家庭清洁和日常消费；同时从搜索关键词（如免押金租赁）和交易行为（如醒酒壶、除毛器）推断，对个人护理、租赁服务及在线活动（如芭芭农场）有潜在兴趣。

不喜欢：用户不喜欢快餐餐饮品类（如汉堡王套餐），关键词如外送和活动餐，品牌如汉堡王和Tims咖啡，使用场景涉及餐饮外卖；基于未点击商品（如椒香鸡腿、芝士套）的相反特征，对咖啡、饮料（如农夫山泉）及多人餐饮促销无兴趣。",4,complete
1214154,"喜欢：用户偏好出行服务品类（如打车和代驾），关键词包括滴滴出行和消费券，品牌偏好滴滴，使用场景涉及移动支付和优惠券消费。
不喜欢：用户不喜欢日用品品类（如手帕纸），关键词如试用和0元付邮，品牌如得宝和维达，使用场景为免费试用产品。",4,complete
1807047,"喜欢：用户偏好出行服务品类（如打车、顺风车），关键词包括出行券、优惠券和点餐优惠，品牌涉及高德、滴滴出行、支付宝和麦当劳，使用场景集中于出行优惠（如高德打车券、滴滴出行券）和餐饮消费（如麦当劳0元中可）。

不喜欢：用户不喜欢哈啰打车和花小猪打车品牌，与点击的高德和滴滴出行优惠券形成对比，体现对特定出行服务品牌的回避。",4,complete
1395517,"喜欢：用户偏好品类包括话费券、打车服务（如花小猪打车）和饮料（如农夫山泉）；关键词涉及低碳出行、医保、红包和支付宝相关服务；品牌倾向支付宝、农夫山泉；使用场景聚焦出行（如打车）、健康管理（如医保搜索）和日常消费（如话费充值）。

不喜欢：用户不喜欢快餐食品（如汉堡王的椒香鸡腿、芝士套餐和薯霸王）、外送活动餐等品类；关键词和品牌如汉堡王相关产品；使用场景为快餐消费和外送服务。",4,complete
1320552,"喜欢：偏好出行服务品类，关键词如消费券和立减（折扣），品牌为滴滴出行，使用场景为日常通勤和节省开支，基于点击行为中多次选择滴滴出行的消费券优惠商品。
不喜欢：偏好快递和火车票服务品类，关键词如通用券和加速，品牌如高德、飞猪和顺丰，使用场景为快递寄件和长途出行，基于未点击商品中与点击行为相反的特征，如未选择高德、飞猪或顺丰相关优惠。",4,complete
1736182,"喜欢：用户偏好快餐品类（如汉堡、食盒）、出行服务（如打车、单车）和优惠券，关键词包括麦辣鸡腿汉堡、滴滴出行、电影优惠券和话费充值，品牌如麦当劳、京东到家、德克士和百岁山，使用场景集中于日常餐饮消费（如外卖点餐）和出行通勤（如骑行、打车）。

不喜欢：用户不喜欢大型超市购物（如华润万家）、生鲜配送（如叮咚买菜）、快递服务，以及特定食品如圆筒冰淇淋和中可饮料，这些特征基于未点击商品与点击行为相反（如点击麦当劳汉堡但未点击圆筒，点击出行券但未点击同类立减券）。",4,complete
1600660,"喜欢：用户偏好老乡鸡品牌的餐饮品类，关键词聚焦于""发券""和优惠相关（如搜索中的""消费券""、""红包""），使用场景为日常小额消费，如满10减2的附近优惠券，基于点击行为和交易实体中的老乡鸡、服务使用中的老乡鸡餐厅等数据。

不喜欢：用户不喜欢门槛较高的优惠券（如满30减3或满50减5）或""日常""类别的优惠，基于未点击商品中与点击行为相反的特征，如未点击的30-3、50-5老乡鸡发券及老乡鸡日常商品。",4,complete
104688,"喜欢：偏好品类为快餐食品（如汉堡、薯条、甜点）和出行服务，关键词包括支付宝、麦当劳、汉堡王、出行，品牌偏好麦当劳、汉堡王、支付宝，使用场景涉及餐饮消费（尤其快餐组合优惠）、移动支付（如扫码支付）和出行服务（如网约车优惠）。

不喜欢：基于未点击商品特征，用户不喜欢生活日用品（如抽纸）和特定餐饮类别（如早餐类食品），与点击行为中偏好快餐主食和出行服务形成反差。",4,complete
211964,"喜欢：用户偏好支付优惠品类（如消费券、话费券），关键词包括话费券、消费券、顺风车，品牌如哈啰顺风车，使用场景涉及在线支付和共享出行服务，同时从点击行为反映出对顺风车和话费券的积极兴趣。

不喜欢：基于未点击滴滴出行相关商品（如""滴滴出行""实体词），用户不喜欢滴滴出行品牌，这与点击哈啰顺风车的行为形成相反特征。",4,complete
44325,"### 用户兴趣偏好总结（场景4）
喜欢：该用户偏好出行服务（如打车、火车票）、电影娱乐和支付优惠券，关键词包括出行、打车、券包、电影，品牌涉及滴滴、高德、飞猪、支付宝，使用场景为日常通勤（如公交、打车）和休闲娱乐（如看电影、使用支付宝理财）。

不喜欢：该用户不喜欢快递服务（如申通、圆通）、特定食品（如辣条）、酒店优惠、花小猪打车、日用品试用（如手帕纸）和茶饮料，这些特征与点击行为相反，体现在未点击商品中。",4,complete
1974241,"喜欢：该用户偏好出行服务品类（如打车、火车票和机票），关键词包括优惠券、出行和火车票相关，品牌涉及花小猪打车、滴滴出行、飞猪旅行、同程和申通快递，使用场景为日常通勤出行、旅行预订和快递寄送。

不喜欢：基于未点击商品特征，用户不喜欢通用优惠券（如飞猪平台通用券）和小额优惠（如5元券包），以及特定品牌如圆通快递（与点击的申通快递相反）。",4,complete
987991,"喜欢：用户偏好交通票务（如火车票、汽车票和机票）和电影票的优惠券服务，品牌包括飞猪、滴滴、同程和菜鸟裹裹；关键词涉及""优惠券""、""立减""、""推广券""和""消费券""；使用场景集中在出行预订（火车、汽车票加速）、娱乐消费（电影票折扣）和日常快递服务（如菜鸟裹裹支付券），也涉及生活日用品如心相印抽纸的试用优惠。

不喜欢：用户不喜欢茶饮（如古茗）、零食（如洽洽瓜子）、洗衣液（如维达抽纸）等非优惠生活用品，避免品牌如花小猪、曹操出行、古茗和洽洽；关键词上避开无优惠或特定推广（如""无门槛券""、""货运""）；使用场景上排斥非核心服务如货运（货拉拉）、话费充值、单车周卡（青桔）和快餐（麦当劳）。",4,complete
50698,"喜欢：用户偏好快餐食品品类，特别是汉堡、薯条和套餐组合；关键词包括麦当劳、汉堡和消费券；品牌以麦当劳为主；使用场景集中于早餐和快餐餐饮，如从交易行为中的""早饭""和""味一早餐""体现。

不喜欢：用户不喜欢甜点类商品如奥利奥麦旋风和草莓新地，以及非食品类如洗衣液，这些与点击的咸味快餐食品形成鲜明对比。",4,complete
1139063,"喜欢：用户偏好饮料品类，特别是矿泉水，关键词为农夫山泉，品牌为农夫山泉，使用场景包括日常健康饮水和促销消费（如满减活动）。

不喜欢：用户不喜欢快餐品类，如鸡腿和汉堡，关键词如椒香鸡腿和汉堡王，品牌如汉堡王，使用场景如外送活动餐和油炸食品消费。",4,complete
431219,"喜欢：用户偏好出行服务品类，特别是滴滴出行品牌，关键词涉及消费券、立减优惠和出行优惠（如公交、火车票），使用场景为日常交通通勤和优惠消费，支持数据包括点击的滴滴出行消费券、搜索的出行优惠关键词（公交、乘车优惠券）和服务使用中的网约车、火车票实体。

不喜欢：用户不喜欢加油服务（如团油）、家用电器（如静音电风扇）以及火车票代金券，这些特征与点击的出行优惠券相反，基于未点击商品中的团油、静音电风扇和同程火车票实体。",4,complete
1877146,"喜欢：用户偏好共享出行品类，特别是滴滴出行的电单车骑行服务，关键词包括骑行、电动车和单车周卡，品牌以滴滴出行为主，使用场景涉及城市通勤和短途出行，如点击滴滴青桔单车周卡和电单车骑行立减券。
不喜欢：用户不喜欢零售购物（如京东到家、华润万家）、快餐消费（如麦当劳麦辣鸡腿汉堡）、话费充值（如三网话费券）等与出行无关的服务，基于未点击京东、麦当劳和话费相关商品。",4,complete
1349087,"喜欢：偏好电子数码品类（如手机、耳机），关键词如""苹果""、""华为""，品牌Apple和华为，使用场景包括通信服务（话费充值）、消费券使用和科幻娱乐内容（如""三体""），体现对科技产品和金融服务的兴趣。

不喜欢：基于未点击商品，不喜欢家居用品品类（如抽纸）和特价促销商品，关键词如""特价""，品牌如俏牌，体现对日常消耗品和折扣活动的回避。",4,complete
1253508,"喜欢：偏好网约车服务品类，关键词如花小猪打车，品牌偏好花小猪，使用场景为出行打车（基于点击花小猪打车商品，结合交易行为中的打车费和服务使用中的网约车实体）。  
不喜欢：基于未点击电动车骑行相关商品（如电单车骑行立减券），不喜欢电动车骑行品类，品牌如滴滴出行，以及骑行使用场景（与点击行为相反，未点击实体词包括电动车、骑行、滴滴出行）。",4,complete
1127959,"喜欢：用户偏好品类包括话费充值和大桶洗衣液（如薰衣草品牌），关键词涉及消费券、付邮和现金相关（如搜索中的现金奖励），品牌如几羊嗨购和薰衣草洗衣液，使用场景聚焦日常在线消费（如电商支付、家庭清洁），基于点击行为中的话费充值、消费券和大桶洗衣液商品。

不喜欢：用户不喜欢电风扇（如迷你静音类型）和团油服务，基于未点击商品中的静音电风扇和团油实体，与点击行为中的话费充值和洗衣液偏好形成反差。",4,complete
273200,"喜欢：用户偏好话费充值（如全国话费充值、手机充值）、电子产品（如迷你静音电风扇）、酒类（如五粮液人生小酒）；关键词包括充值、手机、红包、特价；品牌如五粮液、艾唯达、煜鑫百货商行；使用场景涉及在线支付（如转账、电费）、日常消费（如超市购物）和充值服务。

不喜欢：用户不喜欢话费券、消费券、纸巾等日用品；基于未点击行为，避免优惠券（如0.5元话费券）、特定品牌（如三体）和付邮领商品（如舒可乐纸巾）。",4,complete
1453435,"喜欢：用户偏好出行服务品类，特别是高德品牌的优惠券（如5元券包），关键词包括出行、优惠券和交通，使用场景涉及日常通勤和节省成本，支持品牌如高德，并体现在搜索公交券、车票及服务使用打车、交通出行等行为中。

不喜欢：用户不喜欢哈啰打车品牌、100元券包金额的优惠券，以及古茗茶饮等非出行相关商品，基于未点击商品中与点击行为（高德5元出行券）相反的特征，如竞争品牌、高额券包和非出行品类。",4,complete
200675,"喜欢：用户偏好小额话费券（如0.5元）、洗衣液（品牌如麦谷优品）、饮用水（如农夫山泉）和顺风车服务（如哈啰），关键词包括消费券、无门槛和通用，使用场景涉及日常消费（如话费支付和洗衣）和出行（如顺风车）。

不喜欢：用户不喜欢大额话费券（如2元、3元、5元）、大额话费充值（如50元）以及快递寄件服务（如快递上门），这些特征与点击行为中的小额优惠和出行服务相反。",4,complete
1518161,"喜欢：用户偏好快餐促销品类（如麦当劳圆筒），关键词包括买一送一和促销活动，品牌涉及麦当劳和支付宝，使用场景为支付宝平台上的优惠消费和食品购买。
不喜欢：用户不喜欢出行服务品类（如哈啰打车）和纸巾日用品品类（如手帕纸），关键词如消费券和付邮试用，品牌如哈啰和心相印，使用场景为出行服务或日常用品购买。",4,complete
691818,"喜欢：用户偏好折扣促销的饮料（如佳得乐蓝莓味运动饮料、可口可乐、东鹏特饮）、快餐（麦当劳汉堡和香芋派）、出行服务（滴滴出行、花小猪打车、哈啰电动车优惠券），以及日常用品（如静音电风扇、特仑苏牛奶），关键词包括特价、消费券、立减和支付券，品牌涉及麦当劳、可口可乐、滴滴出行、菜鸟裹裹，使用场景集中于餐饮消费、出行通勤和线上购物优惠。

不喜欢：用户不喜欢草莓味饮料（如可口可乐草莓味）、薯条等小食（如麦当劳大薯条和小薯条）、乌龙茶饮料（如茶派蜜桃乌龙茶、三得利无糖乌龙茶）、寄快递服务（如上门取件、圆通快递），以及酒店相关优惠（如飞猪特色酒店券），这些特征与点击行为相反，表现为对特定口味、小食类别、茶饮品类和物流服务的回避。",4,complete
771353,"喜欢：偏好出行服务（如顺风车和骑行装备）、消费券和外卖相关品类，关键词包括顺风车、消费券、通用、饿了么，品牌如哈啰，使用场景涉及出行优惠、外卖点餐和骑行活动。
不喜欢：不喜欢快餐食品（如汉堡王套餐）和饮料优惠券，关键词如椒香鸡腿、汉堡王、活动餐，品牌汉堡王，使用场景快餐消费和实体店促销。",4,complete
1858828,"喜欢：用户偏好出行服务品类，如打车和火车票，关键词包括出行、优惠券、立减，品牌如滴滴出行、高德、飞猪，使用场景为日常出行和旅行推广。
不喜欢：用户不喜欢话费相关优惠、电影优惠券以及非出行物品如拖鞋，基于未点击行为中与点击特征相反的内容。",4,complete
1942845,"喜欢：用户偏好食品品类（如花生油、生煎包等传统食品），关键词包括回收、优惠券和花生，品牌如胡姬花和小杨生煎，使用场景涉及支付后推荐优惠和日常消费（如餐饮折扣）。
不喜欢：用户不喜欢出行相关服务（如打车或交通优惠券），基于未点击高德出行券包的行为。",4,complete
1917866,"喜欢：该用户偏好快餐品类（如汉堡王的狠霸王牛3件套），关键词包括消费券、立减券和通用券，品牌涉及滴滴出行、高德和飞猪，使用场景集中于出行优惠（如打车券包）和快餐消费。
不喜欢：基于未点击商品特征，用户不喜欢其他打车服务（如花小猪）、其他快餐品牌（如德克士和麦当劳）、美容产品（如欧莱雅防晒霜和眼霜）、茶饮券（如古茗）以及快递服务。",4,complete
516369,"喜欢：用户偏好手机充值和权益服务类内容，偏好品类包括话费充值、优惠券权益，关键词如""充值""、""话费券""，品牌如""充小侠""，使用场景涉及省钱优惠和日常话费管理，基于点击商品如""1元话费券""和交易行为中的""中国移动""、""话费充值""服务。

不喜欢：用户不喜欢快餐食品和咖啡相关优惠，如汉堡王套餐、Tims咖啡和下午茶，关键词包括""下午茶""、""优惠券""、""外送""，基于未点击商品中与点击行为相反的特征（如食品消费 vs. 数字服务），且未涉及偏好品类、品牌或使用场景。",4,complete
1109352,"喜欢：该用户偏好话费充值（尤其100元和200元大额）、洗衣液（薰衣草类型）及纸巾（舒可乐品牌），关键词集中于消费券、付邮和推广活动，品牌倾向充小侠、几羊嗨购和舒可乐，使用场景涉及在线支付（如支付宝）、手机充值及日常用品购买（如鲜肉铺相关生鲜场景）。

不喜欢：基于未点击商品与点击行为相反的特征，用户不喜欢小额话费充值（如50元）、电子产品（太阳镜、运动蓝牙耳机）、饮料（农夫山泉）、服装（莫代尔短袖T恤）及特定家居用品（卷纸、拖鞋、电风扇）。",4,complete
1624621,"### 用户兴趣偏好总结（场景4）
喜欢：偏好家居用品（如智能语音小夜灯、超声波驱蚊小夜灯、抽纸、洗衣液）、电子产品租赁（如苹果14系列、三星Z Flip4、华为Mate50RS）、交通服务（如滴滴出行立减券、火车票优惠）、健康产品（如颈椎按摩枕、电热蚊香液）；关键词包括付邮购、消费券、特价；品牌如锦衣卫世家、耀联胜、诚信优选；使用场景涉及家庭清洁（洗衣凝珠、挂钩）、个人护理（毛巾、按摩枕）、出行（打车优惠）、夜间使用（小夜灯）。

不喜欢：基于未点击商品，不喜欢饮料类产品（如东鹏特饮）、特定品牌抽纸（如心相印经典抽纸）、护眼产品（如蒸汽热敷眼罩）、茶饮优惠券（如古茗茶饮）。",4,complete
1937709,"喜欢：用户偏好电商平台的优惠券（如京东到家），对基金投资（搜索关键词如嘉实基金、中欧基金）和生活用品（如生啤、鲜啤）感兴趣，关键词包括消费券、理财直播，品牌涉及京东到家、支付宝，使用场景集中于在线购物（如超级市场）和理财管理（如财富直播）。

不喜欢：用户不喜欢较小优惠的同类电商券（如未点击的19减8京东到家券），以及非电商推广服务（如火车旅行、B站券），反映出对低价值优惠和非相关场景（如日常推广）的回避。",4,complete
671011,"### 用户兴趣偏好总结（场景4）
喜欢：该用户偏好出行服务品类（如打车、网约车和顺风车），关键词包括消费券、优惠券、立减和券包，品牌涉及滴滴出行、花小猪打车、高德打车和曹操出行，使用场景为日常通勤、通勤优惠获取及通过支付宝平台进行支付和优惠兑换。

不喜欢：基于未点击商品，用户不喜欢非出行相关品类（如快递寄件、火车票、家居用品和特定餐饮），关键词如寄件、火车、早餐和洗衣液，品牌包括飞猪、麦当劳和滴滴代驾，使用场景涉及物品寄送、家庭生活消费及非通勤餐饮。",4,complete
992091,"喜欢：该用户偏好出行服务品类（如滴滴出行），关键词包括消费券和立减，品牌倾向滴滴出行，使用场景为移动出行和优惠消费。  
不喜欢：该用户不喜欢快餐食品（如汉堡王）、咖啡饮料（如Tims咖啡）和话费充值品类，关键词如下午茶和椒香鸡腿，品牌如汉堡王和Tims咖啡，使用场景包括餐饮消费和通信服务。",4,complete
1916135,"### 用户兴趣偏好总结（场景4）
喜欢：用户偏好出行服务品类，关键词如打车、交通，品牌如花小猪，使用场景为移动出行需求（基于点击花小猪打车及搜索关键词公交、地铁、行程票等）。

不喜欢：用户不喜欢日用品品类，如纸巾、饮料，关键词如抽纸、饮料、卷纸，品牌如心相印、东鹏、俏牌，使用场景为家庭日常消费（基于未点击商品特征与点击行为相反）。",4,complete
1232713,"喜欢：用户偏好出行服务（如打车）和电商通用券，品类包括出行券包和在线购物券，关键词如出行、券包、通用，品牌如高德、滴滴、盒马，使用场景为日常通勤和便捷在线购物，基于点击的高德打车券、滴滴打车券及盒马云超券。

不喜欢：用户不喜欢话费相关、充电设备、清洁用品、火车出行及纸巾，品类包括话费券、充电宝、洗衣液、火车票和抽纸，关键词如话费券、充电宝、洗衣液、火车，品牌如奥妙、维达，使用场景为话费充值、设备充电和家庭清洁，基于未点击的话费券、充电宝优惠券、奥妙洗衣液、火车券及维达抽纸。",4,complete
1114551,"喜欢：偏好品类包括家居清洁（如洗衣液、卫生纸）和个人护理（如香皂），关键词如付邮、消费券、香氛、深度清洗，品牌如百合、维达、舒肤佳、滴滴，使用场景涉及在线购物付邮、日常清洁和出行服务优惠。  
不喜欢：基于未点击商品，不喜欢快餐食品（如麦当劳优惠）、特定饮料（如农夫山泉）、其他品牌纸巾（如俏牌抽纸）、以及保鲜盒和拖鞋等家居用品。",4,complete
115419,"喜欢：用户偏好电影票（如淘电影票）、餐饮（火锅、螺丝粉、拌粉）、服装（裙子、半裙、连帽卫衣）、化妆品（口红、蜜粉、修容粉）和家居用品（置物架），关键词聚焦优惠促销（消费券、红包、集五福）、支付理财（支付宝、余额宝、理财），品牌涉及淘电影票相关、支付宝生态服务（如蚂蚁庄园），使用场景包括优惠购物（如外卖订单）、移动支付、理财管理和公益参与（蚂蚁森林、种树）。

不喜欢：基于未点击商品，用户不喜欢高门槛优惠（如满80减10）和滴滴出行相关服务（如出行品牌），与点击的低门槛电影票优惠形成对比。",4,complete
493924,"喜欢：偏好品类包括出行服务（如打车、顺风车）、快餐食品（如小食、饮料）、日常清洁用品（如洗衣液、洗洁精）和纸品（如卷纸）；关键词如消费券、立减、特价、支付宝相关；品牌如麦当劳、滴滴、曹操出行、清风、特仑苏；使用场景涉及日常通勤出行、家庭清洁、快餐消费和在线支付（支付宝主导）。

不喜欢：基于未点击商品，不喜欢新客推广券（如哈啰顺风车新客券）、大包装家居用品（如10斤洗衣液）、特定食品组合（如粥油条）、电影娱乐服务（如电影优惠券）及加速服务（如火车票加速），与点击行为中偏好小包装和直接折扣形成对比。",4,complete
1806117,"喜欢：用户偏好交通出行品类（如打车、租车、火车票）、快递服务和优惠券，关键词包括滴滴、快递、消费券、火车票，品牌涉及滴滴出行、哈啰打车、同程旅行、洽洽，使用场景为日常通勤、在线购物和休闲消费。

不喜欢：用户不喜欢电影票等娱乐服务，基于未点击商品特征与点击行为相反。",4,complete
186729,"喜欢：用户偏好水杯类产品（如玻璃杯、茶杯），关键词集中于高颜值、特价和优惠（如付邮购、特价券），品牌方面从交易数据涉及阿道夫（洗发水）等个人护理品牌，使用场景为家庭日常饮水及清洁（如洗碗布、抹布）；同时，服务使用显示对公益（如芭芭农场、蚂蚁庄园）、缴费（如电费、生活缴费）和理财（如余额宝、理财服务）的兴趣，搜索行为进一步强化对社会保障（如医保、社保卡）的关注。
不喜欢：用户不喜欢矿泉水类产品（如农夫山泉），与点击的水杯类商品形成鲜明对比，反映出对饮料品类的低兴趣。",4,complete
1601642,"喜欢：该用户偏好快餐品类（如汉堡、薯条）、饮料品类（如乌龙茶、柠檬茶）和日用品（如洗衣液），关键词包括支付宝、立减、代金券和消费券，品牌偏好麦当劳、良品铺子、盒马、滴滴出行和丘大叔柠檬茶，使用场景涉及餐饮消费（如快餐订单）、在线购物（如通用券）和出行服务（如电单车骑行优惠）。

不喜欢：用户不喜欢其他出行平台（如高德打车、曹操出行和花小猪打车，与点击的滴滴出行服务相反），以及特定快餐变体（如麦当劳的粥油条组合，与点击的汉堡薯条相反），也不偏好电影票相关服务（如大淘电影票，与点击的餐饮和出行场景不符）。",4,complete
341538,"喜欢：用户偏好日常消费品（如抽纸、大米、冬枣、瓜子）、品牌如申通快递、洽洽和汉堡王、关键词如公益和租车、使用场景包括家庭购物（超市、鲜菜店）和出行服务（打车），体现对实惠食品、快递优惠及公益活动的兴趣。

不喜欢：用户不喜欢未点击的特定打车优惠（花小猪打车fs流-30-4），可能因其折扣吸引力不足，与点击行为中类似服务的偏好形成对比。",4,complete
433348,"喜欢：用户偏好电信服务品类（如话费券），关键词包括消费券、支付宝、花呗，品牌如支付宝和团油，使用场景涉及支付、加油和话费充值，具体表现为点击话费券、支付宝商家券和团油服务，搜索消费券、理财和花呗相关词汇。

不喜欢：用户不喜欢饮料和日用品品类（如东鹏特饮和纸巾），关键词如邮购、付邮领，品牌如东鹏饮料和舒可乐，使用场景为邮购模式，基于未点击商品中与点击行为相反的实体特征（如邮购、付邮领）。",4,complete
1807456,"喜欢：用户偏好电影娱乐品类，特别是优惠券和推广活动，品牌如嘿影电影，关键词包括""电影""和""推广""，使用场景涉及在线娱乐消费和公域推广（基于点击的电影优惠券及搜索关键词如""淘票票电影""）。

不喜欢：用户不喜欢餐饮优惠（如麦当劳小食组合和早餐类）、出行服务（如滴滴出行消费券）、特定食品（如蒙牛小真果粒）以及火车票优惠，这些特征与点击的电影优惠券相反（基于未点击商品中的实体词如麦当劳、滴滴出行、蒙牛、早餐类、火车票）。",4,complete
1557714,"### 用户兴趣偏好总结（场景4）

喜欢：该用户偏好快餐品类如汉堡王的全牛肉堡3人餐，日用品如舒可乐纸巾的付邮领优惠，以及交通服务如哈啰顺风车；关键词涉及消费券、通用优惠和付邮领；品牌包括汉堡王、舒可乐和哈啰；使用场景聚焦于使用消费券的优惠购物（如纸巾采购）、日常必需品消费和出行服务（如顺风车）。

不喜欢：基于未点击商品与点击行为相反的特征，用户不喜欢鸡肉主题产品（如椒香鸡腿）、芝士类食品（如2层芝士4件套）、辣味套餐（如炫辣4件套）、双人份活动餐（如全明星双人餐）、薯条（如薯霸王）、小份汉堡（如小皇堡）、甜点（如华夫筒），以及咖啡和下午茶场景（如Tims咖啡）。",4,complete
331966,"喜欢：用户偏好品类为出行服务（尤其电动车骑行）和日用品（如纸巾），关键词包括""立减""（折扣优惠）、""骑行""和""付邮""（邮费相关），品牌如滴滴出行（出行平台）和心相印（纸巾品牌），使用场景集中在出行优惠（如电单车骑行立减）和日常购物（如手帕纸付邮购）。

不喜欢：用户不喜欢高价值优惠券包（如50元或7折券包）、电影票、火车票推广服务以及快递寄件，这些特征与点击行为中的小额立减券（如6元或2元）和核心出行服务相反，体现对非核心或大额打包优惠的回避。",4,complete
1193382,"喜欢：用户偏好汉堡王的简单小食如华夫筒、小皇堡、王道嫩香鸡块和薯霸王，以及CoCo都可的奶茶折扣（如茶色生香系列7.5折）和京东到家的水果券（如鲜丰水果专享券），关键词包括买1送1、会员等级权益，品牌集中于汉堡王、CoCo都可和京东到家，使用场景为快餐消费、外卖点餐和优惠券使用。  
不喜欢：用户不喜欢汉堡王的复杂套餐如黄金炸猪排小可2件套和黑松露风味安格斯3件套，以及其他品牌如麦当劳的小食组合、德克士的香酥脆鸡堡三件套，以及非食品项目如高洁丝护垫付邮购、滴滴出行消费券和话费充值。",4,complete
967116,"喜欢：用户偏好生鲜食品品类（如鸡蛋、豆腐、黄牛肉），家居清洁用品（如抽纸、洗碗布、抹布），关键词包括特价、好物优选、公益和理财，品牌如俏牌和支付宝相关服务，使用场景集中于日常家庭生活、生鲜超市购物和在线支付（如余额宝、花呗）。

不喜欢：基于未点击商品，用户不偏好快餐品类（如汉堡王套餐、鸡腿），咖啡品牌（如tims咖啡），以及外送场景；关键词如芝士、双人餐、下午茶反映其回避高热量食品和餐饮服务。",4,complete
54319,"喜欢：用户偏好饮品品类（如茶饮和饮料），关键词涉及优惠券和促销（基于点击商品中的""优惠券""和""发券""），品牌包括古茗和农夫山泉，使用场景为日常饮品消费和即时优惠活动（如附近发券的茶饮购买）。

不喜欢：用户不喜欢洗衣液品类（特别是薰衣草洗衣液），品牌如麦谷优品，以及付邮购方式（基于未点击商品中的""10斤洗衣液""、""薰衣草洗衣液""、""麦谷优品""和""付邮购""，与点击行为中的饮品和优惠券特征相反）。",4,complete
1565708,"喜欢：用户偏好品类包括出行服务（如打车）和快餐消费；关键词如消费券、滴滴出行、麦当劳、支付宝；品牌涉及花小猪打车、滴滴出行、麦当劳；使用场景为日常出行（如通勤）、餐饮消费（如快餐优惠）和娱乐活动（如电影票务），基于点击行为如花小猪打车、滴滴出行、麦当劳优惠券和电影优惠券。

不喜欢：用户不喜欢汉堡王品牌及其冰淇淋产品（如华夫筒），基于未点击行为中与点击偏好相反的特征（如汉堡王实体词未触发点击，而点击行为集中于出行和快餐优惠）。",4,complete
1630619,"喜欢：用户偏好出行服务品类，尤其滴滴出行品牌，关键词包括消费券、立减、会场优惠，使用场景聚焦交通出行和优惠活动，基于点击行为（如滴滴出行消费券满减）及服务实体（打车网约车、交通出行）和搜索关键词（滴滴出行、顺风车）。

不喜欢：用户不喜欢其他打车品牌如哈啰打车，以及快餐食品如麦当劳薯条和特定饮料如李子园甜牛奶，基于未点击商品（如哈啰打车消费券、麦当劳薯条、李子园推广）与点击行为相反的特征。",4,complete
913361,"喜欢：用户偏好快餐和饮料品类（如麦当劳圆筒冰淇淋和中可），关键词包括麦当劳、支付宝、买一送一和优惠券（从搜索""消费券""、""红包""），品牌为麦当劳和支付宝，使用场景涉及快餐消费、支付优惠（如支付宝扫码支付）和电影相关活动（从交易""电影票""和服务""淘票票电影""）。

不喜欢：用户不喜欢电影票促销（如""满40减5""特征）、日用品特惠（如抽纸""特价付邮""、""实惠""特征）和出行券包（如滴滴出行""7折券包""），基于未点击商品中与点击行为（快餐优惠）相反的特征。",4,complete
144440,"喜欢：偏好品类为快餐食品，特别是汉堡、薯条、甜点（如新地、派）和双人套餐；关键词包括麦当劳、炸鸡、支付宝（用于支付和优惠）；品牌高度偏好麦当劳；使用场景涉及通过支付宝小程序进行在线点餐、外卖消费和快餐优惠活动。

不喜欢：基于未点击商品，用户不喜欢其他快餐品牌（如汉堡王）的食品（如华夫筒、小皇堡），以及非食品类日用品（如洗衣液、太阳镜、牛奶、拖鞋），反映出对非麦当劳品牌和非餐饮品类的低兴趣。",4,complete
140600,"喜欢：偏好快餐品类（如汉堡、薯条、甜点），关键词包括支付宝支付、优惠活动（如买一送一），品牌以麦当劳为主（如麦辣鸡腿堡、奥利奥麦旋风），使用场景为外卖点餐和在线消费（如支付宝交易）。

不喜欢：基于未点击行为，不喜欢滴滴出行相关服务（如消费券、立减优惠）、货运品类（如货拉拉物流），以及麦当劳特定套餐（如小食组合、无辣不欢双人餐）。",4,complete
721836,"### 用户兴趣偏好总结（场景4）
喜欢：该用户偏好中餐品类如卤味熟食（紫燕百味鸡），关键词包括出行、充值、话费和券包，品牌如紫燕百味鸡和高德，使用场景涉及打车服务（高德打车优惠券）和手机充值（话费权益）。  
不喜欢：该用户不喜欢西式快餐品类如汉堡套餐（汉堡王活动餐），关键词如活动餐、4件套和椒香鸡腿，品牌如汉堡王，使用场景为外卖或快餐促销（如外送活动餐）。",4,complete
1844640,"### 用户兴趣偏好总结（场景4）

喜欢：用户偏好快餐食品品类（如麦当劳的甜点和饮料），零食品类（如良品铺子的香辣味海带结），以及出行服务品类（如滴滴出行的优惠券）；关键词包括""优惠券""、""免费""、""香辣味""；品牌偏好麦当劳、良品铺子、支付宝、京东到家；使用场景涉及在线订餐（如通过支付宝获取麦当劳产品）和出行优惠（如搜索滴滴出行发券活动）。

不喜欢：用户不喜欢薯条类食品（如小薯条、大薯条），茶饮料（如果味乌龙茶），泡椒味零食（如笋节），以及周黑鸭和老乡鸡等品牌；基于未点击商品，与喜欢的香辣味和甜点相反，体现对非辣口味、特定品牌及茶饮的回避。",4,complete
2012195,"喜欢：该用户偏好电子产品品类（如充电线和芯片相关商品），关键词包括超级快充、外卖和网约车，品牌如米鲸优选和饿了么，使用场景涉及移动设备充电、交通出行和餐饮点餐。  
不喜欢：该用户不喜欢饮料品类（如矿泉水），基于未点击农夫山泉商品，与点击的科技产品特征相反。",4,complete
536374,"喜欢：用户偏好出行服务优惠（如滴滴出行、曹操出行和高德打车券包）、快餐餐饮（如麦当劳的板烧鸡腿堡两件套、大薯条和圆筒买一送一）、电影票折扣及咖啡充值（如瑞幸咖啡）；偏好品类包括交通出行、快餐食品和娱乐消费，关键词如优惠券、出行、麦当劳，品牌如滴滴、曹操出行、麦当劳、瑞幸，使用场景为日常通勤、快速餐饮和休闲娱乐。

不喜欢：基于未点击行为，用户不喜欢小份量食品（如麦当劳小薯条）、辣味套餐（如无辣不欢双人餐）、特定饮料（如汇源鲜果饮）及家庭用品（如维达纸巾），反映出对非核心出行或餐饮优惠的低兴趣。",4,complete
1430916,"喜欢：用户偏好食品品类，特别是熟食品牌如紫燕百味鸡，关键词涉及满减促销（如""满88-10""），使用场景为日常餐饮消费，基于点击行为显示对紫燕百味鸡优惠券的明确兴趣。

不喜欢：用户对未点击商品中较小优惠额度的食品（如紫燕满45-5）以及非食品服务如油卡支付、机票服务和话费充值表现出不感兴趣，这些特征与点击行为相反。",4,complete
1133709,"喜欢：用户偏好出行和娱乐相关的优惠券服务，如滴滴出行的消费券和嘿影电影的电影优惠券，偏好品类包括出行优惠券、电影娱乐和快递服务（如上门取件），关键词涉及消费券、立减、电影优惠券、上门收件，品牌主要为滴滴出行和嘿影电影，使用场景集中在出行支付、娱乐消费和快递服务。

不喜欢：用户对租车服务（如滴滴租车）和家居用品（如凉拖鞋和抽纸）不感兴趣，基于未点击商品中与点击行为相反的特征，如租车服务与出行优惠券冲突，家居用品与娱乐服务无关。",4,complete
24476,"喜欢：用户偏好实惠的日用品品类（如桂圆干、益生菌牙膏、薰衣草洗衣液和手帕纸），关键词包括""付邮""、""滴滴打车""、""健康""和""公益""，品牌倾向乐美优品、滴滴出行和蚂蚁相关服务，使用场景聚焦日常消费（如出行券和话费充值）、健康维护（如牙膏和健康金）及公益参与（如芭芭农场和蚂蚁庄园）。

不喜欢：用户不喜欢饮料类商品（如盐汽水和纯净水），小额优惠券（如话费券），其他出行服务（如高德打车），以及大规格或非偏好品牌日用品（如10斤洗衣液），这些特征与点击行为相反，体现对特定品类、品牌和场景的回避。",4,complete
143611,"喜欢：用户偏好出行服务品类，特别是网约车和打车场景，关键词集中于消费券、立减优惠和即时折扣，品牌偏好滴滴出行和花小猪打车，使用场景为日常通勤和省钱出行，体现在多次点击小额立减券（如立减6元）和特定品牌优惠。

不喜欢：用户不喜欢大额优惠券包（如100元券包）、满减优惠（如满减8元）和其他出行品牌（如高德打车），以及火车票服务、快递优惠和非出行商品（如洗衣液），基于未点击行为与点击偏好相反的特征。",4,complete
1530819,"喜欢：用户偏好出行服务品类，特别是滴滴出行和高德的打车、单车优惠券包（如100元券包、立减券），关键词包括""出行""、""立减""、""券包""；品牌集中于滴滴出行、高德、菜鸟裹裹；使用场景为日常通勤和省钱支付，涉及打车、单车骑行、话费充值及快递支付优惠。

不喜欢：用户对花小猪出行服务、生活日用品（如卷纸、洗衣液）、食品促销（如瓜子、汉堡）、电影票优惠及快递寄件服务不感兴趣，这些未点击商品的特征与点击行为相反，表现为非滴滴/高德品牌、非出行核心优惠及非支付相关场景。",4,complete
40918,"喜欢：该用户偏好交通出行服务（如火车票预订和滴滴打车）、生活必需品（如纸巾和抽纸）以及话费充值；关键词包括出行、消费券、付邮领；品牌涉及飞猪、滴滴出行、舒可乐；使用场景聚焦日常出行预订和通过优惠券省钱购物，体现对便捷出行和日常消费的强烈兴趣。

不喜欢：用户不喜欢其他出行服务（如花小猪打车和高德打车）、非必需品优惠（如电影票和快递寄件）以及特定品牌促销（如维达手帕纸和屈臣氏），这些特征与点击行为相反，表明对非核心优惠和竞争品牌的回避。",4,complete
1306928,"喜欢：用户偏好出行服务品类，如打车（滴滴出行、高德、曹操出行）、共享单车（青桔单车）和快递服务（申通快递、圆通快递、菜鸟裹裹），关键词包括出行、券、优惠、快递，品牌涉及滴滴出行、高德、曹操出行、菜鸟裹裹，使用场景为日常通勤、城市出行和快递寄送。

不喜欢：用户不喜欢电动车租赁（如哈啰电动车）、家居用品（如保鲜盒）、酒店预订和话费充值，关键词涉及电动车、保鲜盒、酒店、话费，品牌如哈啰电动车、乐扣乐扣，使用场景为电动车出行、家居存储和酒店住宿。",4,complete
1711503,"喜欢：该用户偏好食品饮料品类，特别是鲜牛奶品牌如悦鲜活，关键词包括运动、公益和消费券，使用场景涉及日常消费（如餐饮饭店和超市购物）、在线支付（如支付宝和微信）及参与公益运动活动（如芭芭农场和支付宝运动）。
不喜欢：基于未点击行为，用户不喜欢燃油支付相关服务，如油卡和商家券，尤其涉及特定地点如山西省运城市，与点击的鲜牛奶品类形成鲜明对比。",4,complete
1676742,"喜欢：用户偏好快餐品类，特别是麦当劳品牌，关键词包括支付宝、买一送一（促销），使用场景为通过支付宝平台进行优惠快餐消费，具体喜欢麦辣鸡腿汉堡、小食组合、圆筒冰淇淋和大薯条等食品。

不喜欢：用户不喜欢出行服务（如滴滴出行）、特定饮料（如三得利无糖乌龙茶）、快递服务、电影优惠券和日用品（如洗衣液、纸巾），基于未点击商品中与点击行为相反的特征，即非快餐类服务和商品。",4,complete
404739,"喜欢：偏好品类包括快餐小食和茶饮（如薯条、奶茶），关键词如小食组合、茶饮、麦当劳，品牌如麦当劳、古茗，使用场景为餐饮消费、外卖和休闲（如奶茶店、快餐店）。

不喜欢：偏好品类包括出行服务和日用品（如纸巾），关键词如消费券、立减、出行，品牌如滴滴出行、维达，使用场景为出行（如网约车）和促销优惠券（如折扣活动）。",4,complete
966755,"喜欢：用户偏好快餐品类（如汉堡和冰淇淋），关键词包括买一送一、7折券和支付宝支付，品牌涉及麦当劳和滴滴出行，使用场景为通过支付宝购买餐饮优惠券（如麦辣鸡腿汉堡组合和圆筒）以及出行服务折扣（如滴滴出行7折券包）。

不喜欢：用户不喜欢话费充值服务（如手机充值和充小侠），以及花小猪打车和滴滴出行的特定优惠形式（如立减券或会场消费券），基于未点击商品中与点击行为相反的特征。",4,complete
1233205,"喜欢：偏好品类包括话费充值、消费券和快餐；关键词涉及消费券、话费券、支付宝；品牌如麦当劳和支付宝；使用场景在支付优惠、话费充值和小额消费券应用。
不喜欢：基于未点击商品，不喜欢快递服务、零食（如瓜子）、打车服务、特定快餐优惠（如圆筒）、火车票、特定饮料（如东鹏）和汉堡王产品。",4,complete
1971269,"喜欢：用户偏好电影优惠券、加油卡充值等支付优惠品类，关键词涉及电影、支付宝和加油，品牌包括嘿影电影、车行易、团油和支付宝，使用场景为在线娱乐消费（如电影观看）和交通支付优惠（如加油充值）。

不喜欢：用户不喜欢家庭清洁用品（如卫生纸）、话费充值服务，以及特定电影票服务（如千猪电影票），这些特征与点击行为相反，基于未点击商品中的实体词如卫生纸、话费充值和电影票。",4,complete
101317,"喜欢：用户偏好电子产品品类如静音电风扇，关键词包括静音、火车、推广和日常，品牌如艾唯达、飞猪和B站，使用场景为日常便利和旅行推广活动，体现对实用小家电和在线旅行服务的兴趣。

不喜欢：用户不喜欢优惠券服务品类如消费券和代金券，关键词包括消费券、立减、代金券和洗衣液，品牌如滴滴出行、同程和几羊嗨购，使用场景为出行打车优惠和家庭清洁活动，反映对特定优惠形式和家居产品的回避。",4,complete
855737,"### 用户兴趣偏好总结（场景4）
喜欢：用户偏好高端电子产品品类（如智能手机），关键词包括分期付款和租赁服务，品牌偏好苹果（如苹果14 Pro Max），使用场景为科技产品租赁和分期消费（如""智小租""服务）。  
不喜欢：基于未点击商品，用户不喜欢日常家居用品（如抽纸、拖鞋）、食品（如汉堡王套餐）和非科技消费品（如纸巾、拖鞋），这些与点击的高科技租赁产品形成鲜明对比。",4,complete
761439,"喜欢：偏好品类包括话费充值、生活用品（如帆布袋、手帕纸）和饮料（如ad钙奶）；关键词涉及搜索、立减、发券、全国话费充值、付邮购和试用；品牌如滴滴出行、漫步者、维达和娃哈哈；使用场景集中于在线支付、优惠获取和日常消费（如充值、火车票代金券）。

不喜欢：基于未点击商品，用户对打车服务（如花小猪）、电影优惠、茶饮优惠和快递优惠不感兴趣；偏好品类相反于娱乐出行（如电影票、茶饮）；关键词如消费券用于特定服务（如打车立减）；品牌如花小猪、嘿影电影和古茗；使用场景涉及打车出行、电影娱乐和快递寄件。",4,complete
194144,"喜欢：偏好品类包括出行服务（如打车、顺风车）、优惠券（消费券）、话费相关和快餐；关键词如""出行""、""消费券""、""券包""；品牌如滴滴出行、麦当劳、盒马、海飞丝；使用场景涉及日常出行（打车、公交）、消费节省（优惠券使用）和餐饮（快餐消费）。

不喜欢：汉堡王的特定餐点，如华夫筒、椒香鸡腿、外送活动餐（如芝士4件套、炫辣4件套），与点击的狠霸王牛3件套等产品特征相反。",4,complete
1133750,"喜欢：该用户偏好清洁用品品类（如洗衣皂），关键词包括""去污""和""洗衣皂""，品牌偏好""麦谷优品""，使用场景涉及家庭日常清洁和洗衣需求，基于点击商品""84香皂，麦谷优品，去污洗衣皂4个""的实体词分析。

不喜欢：该用户不喜欢口腔护理产品（如益生菌牙膏）和纸巾类产品（如抽纸），品牌如""众鼎""、""乐美""和""俏牌""，关键词包括""益生""、""白色""、""特惠""和""实惠""，使用场景涉及口腔卫生和日常纸巾使用，基于未点击商品""4408-众鼎益生菌牙膏""和""T-繁星-俏牌3876-特价付邮，特惠好物，60大包亲肤柔软实惠抽纸""的实体词分析，与点击行为相反的特征。",4,complete
1004135,"喜欢：该用户偏好话费充值、电费缴纳等生活缴费服务，以及零售百货品类；关键词包括话费、充值、消费券、支付宝；品牌如煜鑫百货商行；使用场景涉及在线支付、日常消费和费用管理。

不喜欢：用户不喜欢个人护理产品（如洗手液）、特定商店促销（如沃尔玛）、日用品（如抽纸）和小额优惠券（如话费券）。",4,complete
230873,"喜欢：用户偏好快餐品类，特别是麦当劳品牌的早餐类产品（如火腿扒麦满分组合），使用支付宝支付，常见于早餐和外卖场景，关键词涉及现金红包、花呗等支付工具，以及饿了么等外卖服务。

不喜欢：用户不喜欢生活用品（如抽纸）、非早餐快餐（如板烧鸡腿堡套餐）和出行服务（如滴滴出行优惠），基于未点击商品中与点击行为相反的特征。",4,complete
1807489,"喜欢：用户偏好快餐食品品类如菠萝派和大薯条，关键词包括支付宝、火车和推广，品牌涉及麦当劳、Tims咖啡和飞猪，使用场景为日常餐饮消费和旅行预订（如火车票优惠）。

不喜欢：用户不偏好柠檬茶饮品（如丘大叔柠檬茶）、下午茶优惠、双人套餐（如双人欢享餐）、电影票以及CoCo都可茶饮，这些特征与点击行为中的快餐小吃和旅行服务相反。",4,complete
1042446,"喜欢：偏好品类为出行服务（如打车、公交）和快递服务，关键词包括滴滴出行、优惠券、立减和出行，品牌如滴滴出行和菜鸟裹裹，使用场景聚焦日常通勤和快递寄送，体现对滴滴平台优惠券的高频点击行为。

不喜欢：偏好品类为保健品、门票和酒店服务，关键词如高德、飞猪和汤臣倍健，品牌如高德打车、飞猪旅行和汤臣倍健，使用场景涉及旅游、健康管理和家庭购物，基于未点击商品中与出行服务相反的特征（如高德打车券、飞猪门票券和汤臣倍健产品）。",4,complete
889850,"喜欢：偏好品类为纸巾（纸抽），关键词包括消费券和付邮领，品牌偏好舒可乐纸，使用场景涉及在线优惠活动（如支付宝消费券）和家庭日常用品采购（基于点击商品实体词""软抽纸""、""付邮领""）。

不喜欢：基于未点击商品实体词（如话费券、10斤洗衣液、滴滴出行），不喜欢话费相关产品（如话费充值）、洗衣液品类及滴滴出行服务，与点击行为（纸巾和消费券）形成相反特征。",4,complete
1235206,"喜欢：用户偏好金融支付和话费相关服务，包括品类如话费券和消费券（基于点击商品实体词），关键词如支付宝、现金红包和笔笔攒（从搜索关键词和服务使用实体提取），品牌如支付宝和饿了么（服务使用实体中高频出现），使用场景如在线支付、话费充值和日常省钱活动（交易行为实体中的自动缴费、余额宝等支持）。

不喜欢：用户对旅行推广和视频平台相关产品不感兴趣，如火车、飞猪和B站（基于未点击商品实体词中与点击行为相反的旅行和推广特征）。",4,complete
1555523,"喜欢：用户偏好交通出行服务（如顺风车）、消费券、餐饮外卖、超市购物和钓鱼用品，关键词包括消费券、通用、外卖、免息额，品牌如哈啰、支付宝、中石化，使用场景涉及出行省钱、日常消费和在线缴费理财。

不喜欢：用户不喜欢滴滴出行品牌、方便面品类（如白象品牌）和纸巾产品（如舒可乐），基于未点击行为中与点击顺风车消费券相反的特征。",4,complete
1135327,"喜欢：用户偏好消费券相关的食品饮料（如金砖、东鹏特饮）和个人护理产品（如硫磺皂），关键词包括消费券、红包和出行优惠码，品牌如东鹏饮料和天雁，使用场景涉及餐饮消费（如零食、餐饮小吃）和理财服务（如银行、转账）。
不喜欢：用户不喜欢消费券与出行服务（如滴滴出行）结合的商品，基于未点击行为中与点击行为相反的特征（如立减折扣与出行服务关联）。",4,complete
290048,"喜欢：用户偏好出行服务消费券品类，关键词包括消费券、立减和出行，品牌如滴滴出行，使用场景为出行支付和优惠获取，基于点击商品和搜索关键词（如消费券、出行、支付宝）的关联。

不喜欢：用户不喜欢其他出行品牌（如飞猪）、非出行相关服务（如火车票、静音电风扇）以及非优惠消费券（如纸巾日用品），基于未点击商品中与点击行为相反的特征（如飞猪、火车票、纸巾付邮领）。",4,complete
426304,"喜欢：用户偏好出行服务品类，特别是单车租赁，关键词包括滴滴出行、青桔单车、周卡和折扣（如立减、发券），品牌偏好滴滴出行，使用场景为城市短途通勤和日常出行（基于点击的滴滴青桔单车周卡4折券，以及交易行为中的公共交通卡、公交、地铁等实体支持）。

不喜欢：用户不喜欢其他品牌的出行服务如哈啰和曹操出行，以及打车、顺风车、火车等非单车出行方式（基于未点击的哈啰打车、曹操出行、飞猪旅行火车券），同时避免非出行相关的消费券如麦当劳、电影票（基于未点击的麦当劳汉堡、大淘电影票等与点击行为相反的特征）。",4,complete
290573,"喜欢：用户偏好电影票服务（如淘电影票）和花小猪打车品牌，涉及娱乐消费和出行服务场景，关键词包括电影票和打车，偏好品类集中于票务和网约车，使用场景为日常出行和休闲娱乐。

不喜欢：用户不喜欢滴滴出行品牌以及与搜索、立减、发券相关的优惠活动（如品牌发券），反映出对特定打车服务替代品和促销方式的排斥。",4,complete
911227,"喜欢：用户偏好电子小家电品类（如静音电风扇），关键词包括运动、健身和公益（从服务使用实体如""运动""、""健身""、""公益""和搜索关键词如""运动""、""蚂蚁种树""），品牌为艾唯达（从点击商品标题""艾唯达优选""），使用场景涉及夏季（从交易实体""夏季""）和健康生活（从交易实体如""水果""、""生鲜蔬菜""和服务实体如""健身服务""）。

不喜欢：用户不喜欢快餐食品（如汉堡王的产品，基于未点击商品标题如""椒香鸡腿""、""狠霸王牛3件套""）、纸巾（如""亲肤抽纸""）和咖啡（如""Tims咖啡""），这些特征与点击的静音电风扇形成相反偏好。",4,complete
1301643,"喜欢：用户偏好快递服务（如菜鸟裹裹）和出行服务（如滴滴出行）品类，关键词包括支付券、立减和发券，品牌涉及菜鸟裹裹和滴滴出行，使用场景为在线寄快递、打车出行和优惠券获取活动。

不喜欢：用户不喜欢避孕套（如杰士邦）和纸巾等日用品品类，关键词包括试用和付邮，品牌涉及杰士邦，使用场景为个人护理和家庭清洁，基于未点击行为与点击偏好相反。",4,complete
830281,"喜欢：用户偏好小额优惠券（如话费券和消费券）以及娱乐内容（如三体），在品类上涉及优惠券、书籍/娱乐；关键词包括租赁、理财、回收；品牌如支付宝、淘宝；使用场景包括小额支付、公益参与（如蚂蚁庄园）和游戏化服务（如芭芭农场）。

不喜欢：用户不喜欢大额话费充值、手机充值服务和权益充值产品（如100元话费充值或充小侠），这与点击行为中偏好小额优惠券而非直接充值相反。",4,complete
1808728,"喜欢：用户偏好充值服务（如全国话费充值）和纸巾产品（如纸抽），品牌包括舒可乐纸和煜鑫百货商行，使用场景涉及消费券优惠和付邮领活动；关键词如话费、纸巾、消费券；品类覆盖日用品和支付服务，体现对实用、优惠型消费的倾向。

不喜欢：用户对时尚拖鞋（如宇航员踩屎感拖鞋）不感兴趣，与点击的实用品（如话费充值、纸巾）相反，体现对非实用或休闲类商品的回避。",4,complete
1846160,"### 用户兴趣偏好总结（场景4）
喜欢：用户偏好食品类商品如紫燕百味鸡（品牌），家居用品如防滑踩屎感凉拖鞋（品类），以及回收服务如爱裹旧衣服回收（使用场景），关键词包括防滑、舒适（踩屎感）和环保（回收），品牌集中于紫燕百味鸡，使用场景涉及日常家居消费和环保活动。

不喜欢：用户不喜欢话费相关服务如话费券和充值（品类），牛奶产品如特仑苏（品牌），洗衣产品如大桶洗衣液（品类），以及出行服务如滴滴出行（使用场景），这些特征与点击行为相反，体现在未点击商品中。",4,complete
1275925,"喜欢：用户偏好餐饮品类如快餐（麦当劳小薯条），出行服务（滴滴出行、火车），支付平台（支付宝），关键词包括消费券、立减、推广，品牌如麦当劳、支付宝、飞猪，使用场景为日常消费、出行优惠和在线支付活动。

不喜欢：用户不喜欢涉及搜索的品牌发券活动，尽管对滴滴出行和立减优惠感兴趣，但未点击该类型商品表明对搜索导向的品牌推广缺乏兴趣。",4,complete
465115,"喜欢：偏好快餐食品（如汉堡、咖啡、茶饮）和日用品（如卫生巾、纸巾），关键词包括折扣、优惠、买一送一、特价、付邮购，品牌倾向汉堡王、麦当劳、古茗、Tims咖啡、苏菲、维达、CoCo都可、哈啰，使用场景涉及下午茶、日常消费和出行服务（如顺风车）。

不喜欢：避免大套餐食品（如双人餐、4件套）、特定日用品（如护垫）和无折扣商品（如农夫山泉），关键词如活动餐、双人餐、无显式促销，品牌特征包括汉堡王部分产品（如椒香鸡腿）、屈臣氏支付后优惠，以及服务如话费充值、快递寄件、电影票。",4,complete
378107,"喜欢：用户偏好交通出行品类，关键词包括滴滴出行、飞猪、消费券和火车，品牌集中于滴滴出行和飞猪，使用场景涉及日常出行优惠、推广活动和火车票预订。

不喜欢：用户不喜欢其他出行品牌如曹操出行和花小猪打车，以及非出行相关产品如纸巾、饮料（乌龙茶）、电影票和快递服务，基于未点击商品中与点击行为相反的特征。",4,complete
1718345,"喜欢：偏好家居清洁品类（如大桶洗衣液），关键词包括消费券、薰衣草、付邮，品牌如几羊嗨购，使用场景为在线购物和家庭日常清洁。
不喜欢：出行服务如滴滴出行。",4,complete
1701488,"喜欢：用户偏好出行服务（如滴滴出行和高德打车的优惠券）和家用工具（如厨房剪刀），关键词包括消费券、立减、券包，品牌涉及滴滴出行、高德打车和米鲸优选，使用场景主要为出行（打车）和家庭厨房。

不喜欢：用户对电单车出行、纸巾产品（如手帕纸）、食品优惠（如菠萝派）、快递服务、代驾服务、电影票优惠、话费充值、家电（如电风扇）和拖鞋等不感兴趣。",4,complete
511607,"喜欢：用户偏好快餐品类如麦当劳的小食组合和经典安格斯套餐，关键词包括“无糖乌龙茶”和“支付优惠”，品牌如麦当劳、良品铺子、三得利和屈臣氏，使用场景涉及日常餐饮消费（如七夕节日或高铁出行时的便捷支付）。

不喜欢：用户不喜欢旅行服务品类如飞猪的门票和火车票，关键词如“果味茶饮料”和“双人欢享餐”，品牌如茶派、益禾堂和京东到家，使用场景涉及长途出行或果味饮料消费（基于未点击商品与点击行为相反的特征，如偏好无糖茶却避开果味茶）。",4,complete
634414,"喜欢：该用户偏好快餐品类（如麦当劳汉堡组合和板烧鸡腿堡）、出行服务（如滴滴出行和曹操出行的打车、代驾及单车服务）、电影娱乐（如低价电影票优惠券）和快递服务（如圆通快递上门寄件）；关键词包括麦当劳、滴滴出行、电影、优惠券和充电；品牌偏好麦当劳、滴滴出行、飞猪和碧浪；使用场景集中于餐饮消费（早餐类）、出行打车、看电影和在线支付（支付宝相关）。

不喜欢：基于未点击行为，用户不喜欢花小猪打车服务（多次未点击其券包）、特定小食（如麦当劳小薯条）、高价电影优惠券（如9.99元或16.5元券）和日用品（如抽纸、矿泉水或洗衣液）；关键词如花小猪、小薯条、高价电影券和日用品；品牌如花小猪、麦好物或星图；使用场景涉及特定出行方式（如高德打车）、低价小食消费和日常杂货采购。",4,complete
980064,"喜欢：用户偏好出行服务（如滴滴出行）和食品（如麦当劳菠萝派、洽洽五香味瓜子），关键词集中于优惠券（如立减5元、消费券），品牌包括麦当劳、支付宝、京东到家，使用场景涉及在线支付优惠（如券包领取）、外卖点餐及日用品购买（如洗衣液、硫磺皂）。  
不喜欢：用户不喜欢高折扣率优惠（如7折券包）和特定食品组合（如雪菜鸡肉粥油条），偏好固定金额优惠和熟悉食品类别。",4,complete
369673,"喜欢：偏好出行服务品类（如打车、网约车），关键词包括出行、立减、消费券、支付宝专享，品牌如滴滴出行、曹操出行、阳光出行、紫燕百味鸡，使用场景涵盖日常通勤出行和餐饮消费优惠。

不喜欢：基于未点击行为，偏好相反品类如乳制品、快递服务、通讯服务，关键词包括新鲜、包邮、官方旗舰，品牌如悦鲜活、君乐宝、圆通快递、麦当劳，使用场景涉及家庭用品购买、快递寄送和话费充值。",4,complete
606821,"喜欢：用户偏好手机配件品类（如发光数据线、硅胶数据线），关键词包括充值、权益和付邮购，品牌涉及蓝思，使用场景集中于在线支付和手机相关消费（如话费券、充值服务），体现对实用电子产品的兴趣。

不喜欢：用户不喜欢餐饮外卖服务（如老乡鸡、汉堡王的牛堡）、打车服务（如哈啰打车、滴滴出行）以及特定食品（如德克士的鸡腿、哈根达斯的甜蛋糕），这些未点击商品特征与点击行为相反，反映对非手机相关消费的回避。",4,complete
831074,"喜欢：用户偏好个人护理品类如硫磺皂（基于点击商品），关注健康关键词如健康卡、健康码和疫情（基于搜索关键词），品牌倾向天雁（基于点击商品），使用场景涉及个人卫生和健康维护（如硫磺皂的清洁用途）。

不喜欢：用户不喜欢纸巾类产品如亲肤抽纸（基于未点击商品），避免特价促销关键词（如特价），对品牌如严选好物不感兴趣（基于未点击实体词），使用场景偏向日常消耗品而非健康护理（与点击行为相反）。",4,complete
1347790,"喜欢：用户偏好快餐食品（如薯条、汉堡）和茶饮（如奶茶），关键词包括麦当劳、沪上阿姨、滴滴出行，品牌偏好麦当劳、沪上阿姨、支付宝，使用场景涉及日常餐饮消费（如麦当劳点餐）、出行打车（如滴滴出行）和酒店预订（如同程国内酒店）。

不喜欢：用户不喜欢其他快餐品牌（如德克士、汉堡王）和特定茶饮（如呷哺呷哺），关键词如德克士、花小猪打车、租机，品牌避免德克士、汉堡王、花小猪打车，使用场景不偏好会员堂食、租机服务（如美搜租机）和话费充值（如三体话费券）。",4,complete
1553418,"喜欢：该用户偏好出行服务品类中的滴滴出行品牌优惠券（如100元券包、7折券包），关键词包括出行、消费券、立减，使用场景为日常打车；同时偏好快餐食品品类中的麦当劳品牌套餐（如麦辣鸡腿汉堡组合、板烧鸡腿堡），关键词包括支付宝、小食组合，使用场景为快餐消费。

不喜欢：该用户不喜欢其他出行品牌如高德打车和花小猪打车，以及麦当劳的非核心产品如雪菜鸡肉粥、薯条和甜点；同时避免家居用品（如洁厕灵、卷尺）、饮料（如脉动）和娱乐服务（如电影票、门票）等无关品类。",4,complete
493900,"喜欢：偏好品类包括家用电器（如迷你静音电风扇）、个人护理（如充电式水洗迷你胡须刀）和家居用品（如抽绳垃圾袋），关键词如""0元付邮""、""首月1元""、""充电""、""水洗""、""静音""、""迷你""表明对低成本、便捷、安静和便携产品的兴趣，品牌涉及艾唯达、租租鸭、倔倔熊的厨房和米鲸优选，使用场景聚焦家庭日常使用、个人护理和省钱租赁服务（如数码产品租赁）。

不喜欢：基于未点击商品，不喜欢快餐食品品类（如汉堡王椒香鸡腿、小皇堡鸡条套餐），关键词如""外送""、""活动餐""、""单人餐""、""下午茶""反映对高热量餐饮、促销套餐和饮料（如农夫山泉）的回避，使用场景为外送餐饮消费和休闲餐饮活动。",4,complete
644619,"喜欢：用户偏好交通出行品类（如打车服务和电动车租赁），关键词包括出行、优惠券、油卡充值和支付宝专享，品牌如曹操出行、滴滴出行、哈啰打车和车行易，使用场景为日常通勤节省和在线支付优惠，基于点击行为体现对出行相关折扣的强烈兴趣。

不喜欢：用户不喜欢电影娱乐和餐饮品类（如电影票和快餐早餐），关键词如电影票、麦当劳和农夫山泉，品牌如麦当劳、千猪电影票和飞猪旅行，使用场景涉及娱乐观影和快餐消费，基于未点击商品中与点击偏好相反的实体特征推断。",4,complete
1023225,"喜欢：该用户偏好快餐食品品类（如汉堡、鸡腿、薯条和芝士挞），关键词包括""支付宝""、""优惠""、""会员日""和""消费券""，品牌偏好麦当劳、德克士、必胜客和古茗，使用场景主要为餐饮消费、外卖点餐和休闲娱乐（如电影优惠）。

不喜欢：基于未点击行为，用户不喜欢维生素饮料品类（如脉动），付费电影票（对比点击的电影优惠券），出行服务（如滴滴），以及非偏好品牌的快餐产品（如汉堡王的华夫筒）。",4,complete
1792985,"喜欢：用户偏好餐饮品类（如汉堡王全牛肉堡3人餐），关键词包括运动健康、支付宝支付和停车，品牌如汉堡王，使用场景涉及日常消费（如支付宝交易）、运动（如支付宝运动）、公益（如芭芭农场捐赠）和理财（如余额宝资产管理）。

不喜欢：用户不喜欢出行服务相关的消费券，如滴滴出行的立减优惠，与点击的餐饮行为形成对比。",4,complete
1285137,"喜欢：用户偏好早餐类食品（如原味板烧鸡腿麦满分组合），关键词包括早餐、外卖和支付宝；品牌方面青睐麦当劳和饿了么；使用场景集中于早餐时段的外卖点餐，通过支付宝便捷支付（基于点击商品、交易行为和服务使用中的早饭、外卖订单、支付宝实体）。

不喜欢：用户不喜欢其他快餐品牌（如德克士、汉堡王）和非早餐食品（如冷藏蛋糕），同时对打车服务消费券（如哈啰打车、花小猪打车）及家居用品（如玻璃双耳碗）不感兴趣（基于未点击商品中与点击行为相反的特征，如未点击德克士鸡腿、哈根达斯蛋糕、打车券）。",4,complete
694984,"喜欢：用户偏好日用品品类（如纸巾和家庭清洁用品），关键词包括纸抽、洗衣液和外卖，品牌如维达和洁柔，使用场景涉及家庭生活、生鲜超市购物和外卖点餐，基于点击维达纸巾商品及交易行为中的卫生纸、生鲜超市等实体。

不喜欢：用户不喜欢支付宝服务、快餐品牌（如麦当劳）、小家电（如静音电风扇）和竞争纸巾品牌（如舒可乐），基于未点击商品中支付宝、麦当劳、电风扇和舒可乐纸等实体，与点击维达纸巾行为相反。",4,complete
1440548,"喜欢：用户偏好快餐品类（如麦当劳的圆筒冰淇淋和可口可乐产品），关键词包括支付宝、消费券、哈啰打车和买一送一，品牌涉及麦当劳、支付宝和哈啰打车，使用场景集中于消费优惠（如0元或买一送一促销）和出行服务（如打车优惠券）。

不喜欢：用户不喜欢电影票服务（如千猪或大淘电影票）、滴滴出行相关产品、盒马通用券，以及薯条等特定食品（如小薯条和大薯条），这些特征与点击行为中的出行偏好和麦当劳特定产品形成反差。",4,complete
1329194,"喜欢：用户偏好出行服务品类（如打车、火车票），关键词包括消费券、立减优惠、滴滴出行和火车，品牌集中于滴滴出行和飞猪，使用场景为日常通勤和优惠消费，体现对出行便利和折扣的强烈兴趣。

不喜欢：用户不喜欢其他打车服务品类（如花小猪打车），以及非出行相关品类如快餐食品（麦当劳）、日用品（抽纸）和娱乐票务（电影票），关键词和品牌与点击行为相反，反映对竞争品牌和无关消费场景的回避。",4,complete
116376,"### 用户兴趣偏好总结（场景4）
喜欢：用户偏好出行服务（如滴滴出行、哈啰打车）、快递服务（如圆通快递上门寄件）和个人护理（如欧莱雅男士洁面膏）等品类，关键词包括消费券、优惠券、立减券和无门槛券，品牌涉及滴滴出行、哈啰、圆通快递和欧莱雅，使用场景主要为日常出行（如电单车骑行、打车）、快递寄件（如上门寄件）和家居舒适（如踩屎感拖鞋）。

不喜欢：用户不喜欢花小猪打车品牌、火车票服务（如火车票预订）和控油洁面产品（如欧莱雅男士控油洁面膏）等特征，这些基于未点击商品中与点击行为相反的出行方式（如花小猪打车 vs 滴滴出行）、娱乐服务（如电影优惠券 vs 出行优惠）和品牌变体（如妮维雅 vs 欧莱雅）。",4,complete
121119,"喜欢：该用户偏好话费券和消费券等优惠品类（如点击5元话费券），关键词包括签到、红包、现金、消费券、话费充值（从搜索和点击行为突出）；品牌涉及中国移动（交易实体）和蚂蚁庄园相关服务（服务实体）；使用场景集中在话费充值、生活缴费（如电费、手机费）以及通过日常任务（如签到、打卡、集步）获取奖励的互动活动。

不喜欢：基于未点击商品，用户不喜欢小额优惠券（如0.5元话费券，与点击的5元话费券形成对比）以及非话费相关产品如纸巾（如舒可乐纸巾的付邮领商品），表明其对高价值优惠和特定品类（如话费）的排斥。",4,complete
754639,"喜欢：用户偏好出行服务品类，特别是打车和网约车，关键词包括出行、优惠券、券包，品牌如滴滴出行、高德和京东到家，使用场景涉及出行优惠（如顺风车、打车券包）和电商平台优惠（如全场券、平台券），体现对出行便利和在线购物折扣的强烈兴趣。

不喜欢：用户不喜欢快递服务品类（如上门寄件、快递优惠），关键词如快递、寄件，品牌如圆通快递、花小猪打车，以及零食食品（如鱼豆腐、保鲜盒）和快餐（如麦当劳），使用场景涉及快递寄送、食品消费和非偏好打车服务，与点击行为形成鲜明对比。",4,complete
1040092,"喜欢：偏好出行服务品类（如打车和单车），关键词包括折扣、通勤和支付宝支付，品牌如滴滴出行、花小猪打车和青桔单车，使用场景为日常通勤和省钱出行（基于点击商品中的折扣券和单车周卡，以及交易行为中的出行费用、搜索关键词中的出行和地铁）。

不喜欢：基于未点击商品中与点击行为相反的特征，不喜欢零食品类（如瓜子）和加油服务（如团油），这些与出行折扣偏好不符（未点击商品包括五香味瓜子和团油，而点击行为聚焦出行优惠）。",4,complete
979554,"喜欢：该用户偏好交通出行服务（如打车、单车）的优惠券，关键词包括出行、券包、立减、优惠和充值，品牌如滴滴出行、高德、京东到家、卡诗，使用场景为日常通勤和省钱购物，同时涉及个人护理产品（如卡诗洗发水）和家电（如静音电风扇）。
不喜欢：用户不喜欢花小猪打车服务、卡诗折扣券、电影票和家居清洁产品（如洁厕灵），关键词如花小猪、折扣、电影票、洁厕灵，品牌如花小猪打车，使用场景为非核心出行优惠或非直接产品购买（如电影娱乐或家居清洁）。",4,complete
438920,"喜欢：用户偏好出行服务（如代驾、打车）和外卖餐饮品类，关键词包括消费券、优惠和出行相关词汇（如滴滴代驾、大牌优惠），品牌如高德、乐惠、支付宝（从服务使用如蚂蚁财富、花呗），使用场景涉及日常消费、数字支付和外卖点餐（基于交易行为中的代驾服务费、外卖订单和服务使用中的饿了么、支付宝运动）。

不喜欢：基于未点击商品（雅漾泉水补水喷雾和滴滴代驾），用户不喜欢美容护肤品类（如补水喷雾），品牌如雅漾avene，对滴滴代驾服务兴趣较低（与点击的高德出行优惠形成对比）。",4,complete
12880,"喜欢：偏好品类包括家居用品（如抽纸）和厨房用品（如玻璃杯），关键词如特价和0元领取（表明对优惠和免费物品的兴趣），品牌如俏牌和米鲸优选，使用场景为日常消费和家居生活，结合交易行为中的食品（如水果、糕点）和美容（如护理化妆品），显示对实惠实用品的偏好。

不喜欢：基于未点击商品（如滴滴出行和消费券），用户不喜欢出行服务（如打车或公交相关）和折扣券类优惠（如立减），与点击行为中实物消费特征相反。",4,complete
1944473,"喜欢：用户偏好出行服务优惠券品类，品牌包括滴滴出行和曹操出行，关键词如""立减""、""消费券""、""无门槛券""和""出行""，使用场景聚焦于打车和网约车优惠活动。
不喜欢：用户不感兴趣于生鲜电商（如盒马）、食品优惠（如紫燕百味鸡）、手机充值及快餐（如麦当劳）等服务，关键词如""通用""、""精选""和""话费券""，使用场景涉及生鲜购物、食品消费和话费充值。",4,complete
242473,"喜欢：用户偏好出行服务品类，特别是滴滴出行的消费券和立减券（如6元、2元优惠），关键词包括""立减""、""消费券""和""电单车骑行""，使用场景聚焦日常通勤和节省出行成本，品牌以滴滴出行为主。

不喜欢：用户不喜欢券包形式的出行优惠，如立减5元券包，以及""聚惠""相关的促销活动，这与点击行为中偏好具体小额优惠券的特征相反。",4,complete
690101,"喜欢：用户偏好品类包括纸巾（如无芯卷纸）、早餐食品（如麦当劳早餐组合）、饮料（如农夫山泉）和支付服务；关键词涉及红包、支付宝、芭芭农场和优惠活动；品牌倾向清风、麦当劳、农夫山泉和滴滴出行；使用场景主要为早餐消费、在线支付、促销活动（如夏促）和公益游戏（如芭芭农场浇水）。

不喜欢：用户不喜欢俏牌品牌的抽纸产品，基于未点击行为中与点击的清风纸巾相反的特征。",4,complete
1160899,"喜欢：用户偏好出行交通类商品，特别是火车票相关品类，关键词包括代金券和火车票，品牌如同程，使用场景为火车票预订和优惠券应用，基于点击行为（如""满4减3代金券，同程火车票""）和搜索关键词（如出行优惠券）推断。

不喜欢：用户对打车服务（如滴滴出行、花小猪打车）、饮料（如农夫山泉）、快餐（如麦当劳）以及娱乐优惠（如B站）不感兴趣，这些特征从未点击商品（如滴滴出行、农夫山泉、麦当劳相关标题）中与点击行为相反推断。",4,complete
86094,"喜欢：用户偏好交通出行（如滴滴出行）、话费充值（如三网话费券）和洗衣用品（如薰衣草洗衣液），关键词包括消费券、立减、付邮购，品牌涉及滴滴出行和麦谷优品，使用场景为省钱优惠（如立减券）和日常消费（如话费充值、洗衣液购买）。

不喜欢：基于未点击商品，用户不喜欢运动耳机（如挂脖式蓝牙耳机）、纸巾（如舒可乐品牌）、小额度话费券（如0.5元话费券）和特定充值权益（如feeds充值），反映出对非核心品类和低价值优惠的回避。",4,complete
369873,"喜欢：用户偏好家居清洁品类如抽纸和洗衣液（基于点击商品标题和实体词），关键词包括特价、消费券、付邮（从点击商品实体词和搜索关键词），品牌如俏牌（从点击商品实体词），使用场景涉及日常购物优惠和在线支付（结合服务使用实体如支付宝、收款服务）。

不喜欢：用户不喜欢珠宝品类如手串（从未点击商品标题和实体词），关键词如话费充值、滴滴出行（从未点击商品实体词），品牌如古名（从未点击商品实体词），使用场景包括奢侈品消费和通信充值服务（基于未点击商品与点击行为相反特征）。",4,complete
89207,"喜欢：用户偏好实用家居用品（如静音电风扇和舒适拖鞋）和日用品（如纸巾），关键词包括消费券（在搜索和点击中高频出现），品牌倾向艾唯达、乐美优品和舒可乐，使用场景集中于家居生活（如降温、舒适穿着）和优惠购物（通过付邮领活动获取）。

不喜欢：用户对快餐餐饮（如汉堡王套餐、咖啡和下午茶活动）不感兴趣，尤其避免外送服务、活动餐和鸡腿类食品，这与点击行为中家居用品的偏好形成鲜明对比。",4,complete
688146,"喜欢：用户偏好旅行相关品类（如火车票），关键词包括火车、飞猪、推广，品牌如B站、飞猪，使用场景为日常推广和旅行预订，体现对特定交通优惠的兴趣。

不喜欢：用户不喜欢通用消费券、话费相关产品（如话费券），以及非旅行相关内容（如三体），基于未点击商品中与点击行为相反的特征。",4,complete
1473871,"喜欢：偏好高端手机租赁品类（如华为、vivo品牌），关注首月1元优惠关键词，常用租租鸭平台，使用场景集中于科技产品试用和出行服务（如花小猪打车）；同时涉及金融管理（支付宝、理财）和品牌如荣耀honor。

不喜欢：基于未点击商品，不喜欢快餐食品（如麦当劳早餐）、零食（如洽洽瓜子）和手机充值服务（如1元话费券），与点击的科技租赁和出行偏好相反。",4,complete
962164,"喜欢：偏好出行服务品类（如打车券包），关键词包括出行、券包、打车、手帕纸，品牌如滴滴出行、高德打车、花小猪、良布纸品，使用场景为日常通勤优惠和家庭日用清洁，体现在点击的打车券和纸巾商品上。

不喜欢：基于未点击行为，不喜欢大型日用品（如10斤洗衣液）、零食（如瓜子）、特定茶饮品牌（如CoCo都可）和生鲜食品（如冬枣），这些特征与点击的出行券和纸巾形成鲜明对比。",4,complete
1483579,"喜欢：用户偏好快餐食品品类，特别是薯条类；关键词包括""大薯条""、""麦当劳""、""支付宝""；品牌偏好麦当劳；使用场景涉及在线点餐和支付宝支付场景，如外卖订单和消费券使用。

不喜欢：用户不喜欢其他快餐品牌（如汉堡王）的食品、非食品类商品（如除湿袋）以及服务券（如滴滴出行），这些特征与点击的麦当劳薯条在品类、品牌和场景上相反。",4,complete
1417455,"喜欢：偏好品类包括话费充值和纸巾（如全国话费充值、软抽纸），关键词如消费券、付邮领（源自点击商品标题和实体词），品牌如舒可乐、煜鑫百货（基于点击商品实体词），使用场景涉及日常通信（如话费充值）和居家清洁（如纸巾使用）。

不喜欢：偏好品类如快餐食品（如汉堡、鸡腿），关键词如外送、活动餐（从未点击商品实体词），品牌如汉堡王、Tims咖啡（基于未点击商品标题），使用场景如外卖快餐（与点击行为相反，未点击商品多为汉堡王套餐）。",4,complete
651625,"### 用户兴趣偏好总结（场景4）
喜欢：偏好出行服务（如滴滴出行）、饮料品类（如果味茶饮料、蜜桃乌龙茶）、品牌如良品铺子和茶派，以及电影优惠券；使用场景集中于购物优惠（如盒马云超通用券）和娱乐折扣（如电影推广），关键词包括消费券、立减、满减和通用。

不喜欢：基于未点击行为，反感火车票相关服务（如飞猪、B站推广）、特定茶饮品牌（如古茗）、非通用商品（如粮油）、硬件产品（如手机支架）和话费充值推广，关键词涉及火车、立减（特定类型）、代金券和权益。",4,complete
999653,"喜欢：用户偏好咖啡和茶饮品类（如Tims咖啡和古茗茶饮），品牌包括汉堡王、农夫山泉，关键词涉及外送、活动餐、4件套和优惠券，使用场景为下午茶和外送服务。
不喜欢：用户不喜欢汉堡王的椒香鸡腿、芝士相关套餐、双人餐、薯条和华夫筒等商品，这些特征与点击行为相反，表现为特定口味（如椒香）和类型（如薯条、华夫筒）。",4,complete
1855322,"喜欢：该用户偏好小份快餐品类（如小食组合），关键词包括""小食""和""喜欢""，品牌偏好麦当劳，使用场景为外卖点餐或快餐消费（基于服务使用实体如外卖平台、快餐小吃）。
不喜欢：该用户不喜欢大份量套餐（如双人欢享餐）、辣味食物（如无辣不欢）以及特定汉堡类型（如牛肉汉堡和安格斯），这些特征与点击的小食组合形成反差。",4,complete
1395443,"喜欢：该用户偏好快餐食品品类（如麦当劳早餐），关键词包括消费券、立减优惠，品牌如麦当劳和滴滴出行，使用场景涉及早餐消费和出行服务优惠。

不喜欢：基于未点击商品，用户不喜欢个人护理用品（如力士沐浴露）、特定零食（如周黑鸭）、快递服务、电影票务等。",4,complete
1480229,"### 用户兴趣偏好总结（场景4）
喜欢：用户偏好快餐品类，特别是冰淇淋、小食组合和饮料（如麦旋风、草莓新地、中可）；关键词集中于麦当劳和支付宝；品牌高度倾向麦当劳；使用场景为通过支付宝移动支付进行快餐消费（如休闲零食或便捷餐饮）。

不喜欢：用户不喜欢其他零食品牌（如良品铺子）、日用品（如洁柔卷纸）、其他快餐（如老乡鸡）以及非快餐饮料（如蒙牛纯牛奶），这些特征与点击的麦当劳快餐形成鲜明对比，体现对非核心快餐品类的回避。",4,complete
173548,"喜欢：用户偏好出行服务品类（如打车），关键词包括消费券、折扣、玉米相关（玉米渣、玉米糁），品牌涉及花小猪打车、滴滴出行和支付宝，使用场景为日常出行（如打车）和支付（通过支付宝消费券）。

不喜欢：用户不喜欢话费相关品类（如话费券）、单车服务（如青桔单车周卡）、其他打车品牌（如高德打车）、日用品（如洗衣液）和快餐（如麦当劳），关键词包括话费券、单车卡，品牌如高德和麦当劳，使用场景为话费充值、单车出行和洗衣消费。",4,complete
1304667,"喜欢：用户偏好日用品品类如洗衣液和纸巾（特别是加厚、实惠型），品牌包括爱家达、蓝漂和俏牌，关键词涉及优惠券、特价、付邮和消费券，使用场景为家庭日常消费和节省开支（如话费充值、洗衣清洁）。

不喜欢：用户不喜欢时尚配饰如帆布袋和防晒帽、交通服务如汽车票和打车券、以及特定食品如纯牛奶，这些特征与点击的实用优惠商品相反（例如非折扣、非必需品）。",4,complete
1456717,"喜欢：用户偏好交通出行服务（如顺风车），关键词包括消费券、红包和通用优惠，品牌如哈啰，使用场景涉及出行优惠和日常消费，基于点击行为（顺风车消费券）及搜索关键词（消费券、红包）和交易意图（消费|INTENT_TARGET）。

不喜欢：用户对快餐食品（如汉堡、鸡腿）不感兴趣，品牌如汉堡王，关键词如椒香鸡腿和活动餐，使用场景在餐饮外卖，基于未点击商品（汉堡王套餐）与点击行为（出行服务）相反的特征。",4,complete
1196595,"喜欢：用户偏好家居清洁用品（如抽纸、纸巾），享受特价优惠（如满减活动），青睐品牌俏牌，使用场景聚焦日常消费（如厕纸、洗衣液）和休闲娱乐（如电影票），同时涉及公益和理财服务（如公益捐步、攒现金），关键词包括特价、好物优选。

不喜欢：用户对旅行相关服务（如火车票、飞猪平台）和视频平台推广（如B站券）不感兴趣，回避关键词推广和日常推广内容，使用场景排除旅行预订和在线视频消费。",4,complete
1604259,"喜欢：该用户偏好出行服务品类（如滴滴出行打车券、飞猪火车票）、食品饮料优惠（如麦当劳圆筒买一送一）、日用品（如维达抽纸）和电商通用券（如盒马云超通用），关键词包括出行、券包、立减、消费券，品牌涉及滴滴出行、盒马、麦当劳、维达、飞猪，使用场景主要为出行打车、火车预订、超市购物和快餐消费。

不喜欢：基于未点击商品特征，用户不喜欢粮油调味品（如盒马云超粮油调味券）和麦当劳的薯条、菠萝派等特定食品。",4,complete
723080,"喜欢：偏好家居清洁品类如洗衣液（品牌麦谷优品），饮料品牌可口可乐和快餐品牌麦当劳；关键词涉及支付宝、红包、消费券；使用场景包括在线支付（如支付宝交易）和电商购物（如付邮购洗衣液）。
不喜欢：基于未点击行为，不喜欢纸制品如纸巾（品牌心相印、舒可乐）和出行优惠券（如滴滴出行电动车骑行）。",4,complete
111537,"喜欢：用户偏好品类为快餐食品（如薯条）和出行服务（如打车优惠），关键词包括消费券、立减券，品牌偏好麦当劳和滴滴出行，使用场景涉及支付宝消费和出行优惠（如电单车骑行、会场消费券）。  
不喜欢：用户不喜欢小食组合和买一送一促销形式（如圆筒冰淇淋），基于未点击商品特征与点击行为相反。",4,complete
1012636,"喜欢：该用户偏好交通票务品类（如火车票），关键词包括火车、推广、日常，品牌涉及B站和飞猪，使用场景为旅行和日常出行（基于点击商品实体词和标题）。

不喜欢：该用户不喜欢日用品品类（如纸巾和洗衣液），关键词包括特价包邮、付邮，品牌如麦好物和几羊嗨购，使用场景为家庭清洁（基于未点击商品实体词和标题，与点击行为相反特征）。",4,complete
1507080,"喜欢：偏好出行服务品类（如打车、网约车），关键词包括""出行""、""滴滴出行""、""高德""和""低碳出行""，品牌倾向滴滴出行和高德，使用场景聚焦于出行优惠券包（如7折券、立减券）和日常通勤需求。  
不喜欢：不喜欢纸巾、洗衣液和饮料等日常消费品品类，关键词如""手帕纸""、""洗衣液""和""中可""，品牌涉及维达、得宝和麦谷优品，使用场景为付邮试用或基础生活消耗。",4,complete
1964168,"喜欢：该用户偏好快餐品类（如汉堡、薯条、鸡块和饮料），关键词包括支付宝和消费券，品牌以麦当劳和汉堡王为主，使用场景涉及外卖点餐和支付宝支付优惠消费。
不喜欢：该用户不喜欢大型套餐（如4件套或双人餐）、电影娱乐产品（如优惠券和票务），以及非快餐类商品（如调味品、凉茶和顺风车服务）。",4,complete
530251,"喜欢：用户偏好话费充值品类（如手机充值、充小侠），关键词包括""充值""、""特价""、""权益""和""抽纸""，品牌倾向俏牌，使用场景涉及在线服务消费（如支付宝、芭芭农场游戏化任务赚现金）和日常用品购买（如超市购物、抽纸特价商品）。

不喜欢：用户不喜欢肥皂类产品（如雕牌透明皂），避免优惠券形式（如话费券、消费券），品牌如舒可乐，使用场景涉及付邮费或额外费用商品（如付邮领纸巾）。",4,complete
903563,"喜欢：该用户偏好出行服务品类（如滴滴出行的打车和单车优惠），关键词包括消费券、滴滴出行、立减和出行，品牌为滴滴出行和舒可乐纸，使用场景涉及日常出行折扣（如打车券包）和日用品购买（如纸巾付邮领）。

不喜欢：基于未点击商品，用户不喜欢其他出行品牌（如高德打车和哈啰打车）、食品促销（如麦当劳）、其他日用品（如特价付邮抽纸）及无关电器（如电风扇）。",4,complete
1466106,"喜欢：偏好家庭清洁用品如洗洁精和洗衣液，关键词包括付邮购、特价、艾草、增香、冷水去油和立减券，品牌如邦宝露、仁潮居、天雁优选、爱家达人，使用场景为家庭日常清洁和城市出行（如电单车骑行），尤其关注滴滴出行的相关服务。

不喜欢：不喜欢大桶装洗洁精、抽纸、花生、拖鞋、电风扇等品类，关键词如消费券、0元付邮、工厂价，品牌如米鲸优选、心相印、洽洽、哈啰，以及顺风车和电动车出租服务，反映出对纸巾类、零食、鞋履和特定出行形式的回避。",4,complete
1255160,"喜欢：用户偏好通过支付宝平台消费麦当劳的汉堡、圆筒等快餐食品，以及滴滴出行的单车周卡服务，关键词包括优惠活动（如买一送一、立减、发券），品牌集中于麦当劳、支付宝、滴滴出行，使用场景主要为餐饮小吃和出行折扣。

不喜欢：用户不喜欢牛奶制品（如认养一头牛的纯牛奶和酸奶）、咖啡券（如星爸爸）、电影优惠券、打车服务（如高德打车和滴滴代驾），以及麦当劳的非核心产品（如薯条、菠萝派、草莓新地），关键词涉及牛奶、咖啡、电影、打车等。",4,complete
5894,"喜欢：该用户偏好交通出行品类，特别是火车票和网约车服务；关键词包括推广、日常和立减（如折扣优惠）；品牌偏好滴滴出行、飞猪和B站；使用场景涉及日常通勤、旅行优惠和在线消费券使用。

不喜欢：该用户不喜欢其他品牌的火车票服务（如同程、纵航）以及满减形式的代金券（如满4减3），这些特征与点击行为中的特定品牌和直接立减优惠相反。",4,complete
1820461,"喜欢：用户偏好消费券（如商家券、优惠节）、公益相关活动（如捐赠、慈善基金会）和出行服务（如哈啰打车）；关键词包括消费券、公益、生活缴费（如水费、电费）；品牌涉及哈啰打车和支付宝；使用场景主要为支付优惠（如消费券使用）、公益捐赠（如支持慈善组织）和日常出行（如打车服务），同时体现对生活缴费（水电费）和支付宝服务（如蚂蚁森林）的兴趣。

不喜欢：用户不喜欢快餐食品品类（如汉堡王相关产品，包括椒香鸡腿、芝士套餐），以及相关优惠券（如农夫山泉、古茗茶饮的满减活动），这些未点击行为与点击的消费券和出行服务形成鲜明对比，表明对快餐外卖和餐饮促销缺乏兴趣。",4,complete
105698,"喜欢：偏好良品铺子品牌的零食品类，特别是咸味小吃如香辣味海带结、卤煮花生和虎皮凤爪，关键词聚焦于香辣味和肉类零食，使用场景为日常休闲零食消费，结合支付宝平台进行交易。

不喜欢：基于未点击商品中与点击行为相反的特征，不喜欢泡椒味零食（如笋节）、甜味果冻饮料（如蜜桔果肉果冻）、快餐套餐（如麦当劳汉堡）、优惠券（如京东到家券）及日用品（如洗衣液），反映出对非咸味零食、饮料类及非食品类商品的低兴趣。",4,complete
1728180,"喜欢：用户偏好品类包括出行服务（如滴滴打车、代驾）、快餐餐饮（汉堡王、老乡鸡）、话费充值（如0.5元话费券）和日用品（抽纸）；关键词如优惠、红包、省钱卡；品牌倾向滴滴出行、汉堡王、洽洽；使用场景涉及日常出行（打车、代驾）、餐饮消费（汉堡王套餐、老乡鸡优惠）和家庭采购（抽纸付邮领）。

不喜欢：基于未点击商品，用户不喜欢汉堡王的椒香鸡腿、芝士套餐（如2层芝士4件套）、薯条（薯霸王）、华夫筒以及农夫山泉等产品，这些特征与点击行为中的偏好相反。",4,complete
740463,"喜欢：用户偏好高端护肤品，品类包括眼霜和修护产品，关键词如修护和体验装，品牌如海蓝之谜，使用场景为个人美容护理。
不喜欢：用户对出行服务如打车应用（花小猪打车、滴滴出行）及相关优惠不感兴趣，关键词如出行和优惠。",4,complete
1109575,"喜欢：用户偏好食品饮料品类（如东鹏饮料和东鹏特饮），关键词包括消费券、红包码和饿了么（从搜索数据），品牌涉及东鹏和支付宝相关（如ali|BRAND），使用场景集中于购物促销（如消费券使用）和日常消费（如超市交易）。

不喜欢：用户对成人用品（如杰士邦试用）、出行服务优惠（如高德券包）、家居用品（如踩屎感拖鞋）和日用品（如纸巾付邮领）不感兴趣，这些特征与点击的食品饮料促销形成鲜明对比。",4,complete
262898,"喜欢：该用户偏好交通票务品类（如火车票和机票）和快餐食品（如汉堡王套餐），关键词包括推广券、优惠券、双人餐和加速，品牌如汉堡王、飞猪和纵航火车票，使用场景集中在旅行预订（如火车票加速服务）和快餐消费（如双人餐组合）。

不喜欢：基于未点击商品，用户不喜欢快递服务（如顺丰运费）、性健康产品（如杰士邦）、饮料品牌（如CoCo都可）、其他快餐（如必胜客比萨）和家庭清洁用品（如奥妙洗衣液），关键词和品牌如顺丰、杰士邦、CoCo都可、必胜客、奥妙，使用场景涉及快递寄送、个人护理购物和家庭日常消费。",4,complete
1604143,"喜欢：该用户偏好品类包括出行服务和快递服务，关键词如优惠券、立减、加速、支付券，品牌涉及飞猪、滴滴出行、高德、菜鸟裹裹，使用场景主要为旅行预订、日常出行和快递寄送。  
不喜欢：该用户不喜欢品类包括服装购物、话费服务和食品饮料，关键词如付邮购、话费券，品牌如邮惠购、三体、麦当劳，使用场景涉及服装购买、话费充值和快餐消费。",4,complete
203689,"喜欢：用户偏好出行服务（如滴滴出行）、话费充值（特别是100元高额优惠）和家庭清洁用品（如艾草洗衣液），关键词集中于出行、话费、消费券和洗衣液，品牌倾向滴滴出行、煜鑫百货商行和爱家达，使用场景涉及日常通勤、手机通信和家庭洗涤需求。

不喜欢：用户不喜欢其他出行品牌（如高德、哈啰出行）、较小额话费优惠（如50元）和特定洗衣液类型（如薰衣草），并避免非相关品类如帽子、纸巾、寄快递服务、火车票、加油卡、家居装饰品（冰川杯、帆布袋）、矿泉水、电影票及电风扇。",4,complete
1404023,"喜欢：该用户偏好出行服务品类（如打车、公交），关键词包括出行和优惠券，品牌倾向滴滴出行和高德，使用场景集中在出行优惠和打车服务，这从点击的滴滴出行7折券包和高德立减5元券包等商品中体现。

不喜欢：该用户不喜欢话费服务品类（如话费券）和日用品（如纸巾），关键词包括话费券和非出行消费券，品牌如哈啰顺风车，使用场景涉及话费充值、日常购物，这从未点击的0.5元话费券、舒可乐纸巾和哈啰顺风车等商品中推断。",4,complete
1898698,"喜欢：用户偏好出行服务品类，如滴滴出行和花小猪打车的优惠券（消费券、立减活动），关键词包括出行、立减、消费券；品牌偏好滴滴出行、花小猪打车、支付宝和麦当劳（在促销上下文中）；使用场景为出行节省（如打车券）和消费优惠（如支付宝支付）。

不喜欢：用户不喜欢具体的快餐食品如麦当劳薯条和汉堡，以及电单车骑行服务；对非核心优惠如宇航员拖鞋不感兴趣，基于未点击行为与点击的出行优惠券特征相反。",4,complete
720661,"喜欢：用户偏好纸巾品类（纸抽），品牌为舒可乐纸，关键词包括消费券和付邮领，使用场景涉及日常在线购物和促销活动，体现对省钱、便捷消费的需求。

不喜欢：基于未点击商品，用户不喜欢饮料品类（如茶饮、矿泉水）、拖鞋、旅行票务，以及特定品牌如古茗、农夫山泉、俏牌，反映出对非必需品或无关促销的回避。",4,complete
184288,"喜欢：偏好食品品类如瓜子、花生和矿泉水，关键词涉及消费券、支付宝和快递，品牌包括洽洽、百岁山和麦当劳，使用场景为日常零食消费、在线支付优惠和快递服务。  
不喜欢：基于未点击商品，用户不喜欢家居清洁用品（如纸巾、洗衣液）、电子产品配件（如数据线）和话费充值服务。",4,complete
1129821,"喜欢：用户偏好交通出行服务（如曹操出行）和娱乐消费（如淘电影票），关键词包括支付宝、曹操出行、淘电影票，品牌偏好支付宝和曹操出行，使用场景涉及日常出行支付和电影票购买优惠。

不喜欢：用户对高德打车、花小猪打车和滴滴打车的优惠券包不感兴趣，关键词包括高德打车、花小猪打车、100元券包，品牌不偏好高德、花小猪、滴滴，使用场景中避免这些出行服务的促销形式。",4,complete
34174,"### 用户兴趣偏好总结（场景4）
喜欢：该用户偏好出行服务（如打车）和快递服务品类，关键词包括出行、寄件、优惠，品牌如花小猪打车，使用场景涉及日常通勤出行和包裹寄送需求。  
不喜欢：该用户不喜欢清洁用品（如抽纸、洗衣液）、饮料（如乌龙茶、牛奶）和娱乐消费（如电影票）品类，关键词如油卡、抽纸、洗衣液，品牌如洁柔、奥妙，使用场景包括家庭清洁、加油和休闲娱乐。",4,complete
869186,"喜欢：偏好品类为话费券和消费券等小额数字优惠产品，关键词包括话费、消费券（从点击行为体现），品牌无显著偏好（点击商品未涉及明确品牌），使用场景聚焦手机充值、支付宝公益服务（如公益捐步）和运动相关活动（如支付宝运动）。

不喜欢：基于未点击商品，不喜欢高额话费充值（如100元话费）、瓜子等零食（如洽洽香瓜子）、拖鞋等家居用品（如踩屎感拖鞋）、电风扇等小家电以及抽纸等日用品，这些特征与点击的小额话费券和娱乐产品形成反差。",4,complete
1864641,"喜欢：该用户偏好家居舒适品类（如踩屎感拖鞋）、运动健身服务（如支付宝运动和健身）、公益慈善活动（如捐步和种树），关键词包括宇航员、付邮购和公益，品牌如乐美优品，使用场景涉及支付宝平台优惠购买和健康生活。

不喜欢：该用户不喜欢日常消耗品（如纸巾）和消费券相关产品，基于未点击行为中与点击家居舒适品相反的特征。",4,complete
533620,"喜欢：偏好品类为清洁用品（如手帕纸、湿巾）和日常消费品（如洗衣液、鲜鸡蛋），关键词包括试用、0元付邮、消费、优惠券和红包，品牌涉及维达、支付宝和花呗，使用场景集中于家庭生活、试用新产品和消费优惠活动。

不喜欢：基于未点击的打车券包，不喜欢出行服务（如滴滴打车）和出行相关优惠（如100元券包）。",4,complete
274505,"喜欢：该用户偏好出行服务品类（如打车、租车和火车票），关键词包括出行、券包、立减和优惠券，品牌偏好滴滴出行、高德和飞猪（尤其在出行领域），使用场景涉及交通出行（如打车、租车）和优惠消费（如券包使用）。

不喜欢：该用户不喜欢门票、汽车票、酒店优惠和饮料等品类（基于未点击商品），关键词如门票优惠券和饮料特价，品牌如飞猪和同程在门票或酒店领域（与点击行为相反），使用场景如旅游门票预订和餐饮消费（与出行服务不相关）。",4,complete
1469217,"喜欢：该用户偏好生活日用品品类（如加厚抽纸、纸巾，品牌如舒可乐和农夫山泉），支付服务相关关键词（如话费券、充值、消费券），科技产品品牌（如华为P60），文创产品（如中国航天文创），以及出行便利使用场景（如滴滴出行券）；同时，关键词涉及消费券、话费、充值，品牌包括舒可乐、杰士邦、华为，使用场景涵盖在线支付（从交易行为如支付宝、移动支付）、健康管理（搜索关键词如医保电子凭证、核酸）、公益参与（服务使用如公益捐步、神奇海洋）。

不喜欢：基于未点击商品特征，用户不喜欢娱乐票务品类（如电影票）、大容量清洁产品（如10斤薰衣草洗衣液），以及非偏好出行服务（如滴滴打车出行100元券包），这些与点击行为中偏好的生活日用品、特定出行券和支付服务形成相反特征。",4,complete
1209330,"喜欢：偏好快餐食品品类如汉堡王套餐（外送狠牛活动餐、华夫筒）和饮料如农夫山泉，关键词包括外送、活动餐、消费券，品牌倾向汉堡王和农夫山泉，使用场景涉及外卖点餐、日常消费优惠（如小额话费券）以及公益理财服务（如芭芭农场、蚂蚁庄园）。

不喜欢：基于未点击商品，不喜欢高额话费券（如5元、2元）、咖啡（Tims）、洗衣液、特定汉堡王套餐（如椒香鸡腿、2层芝士4件套）、滴滴出行优惠和古茗茶饮优惠。",4,complete
1286704,"喜欢：用户偏好品类包括出行服务和快餐餐饮（如滴滴出行、乐乐茶、麦当劳），关键词涉及立减、消费券、0元、发券和搜索，品牌集中于滴滴出行、乐乐茶、麦当劳、支付宝，使用场景为优惠券获取、折扣活动和免费试用。
不喜欢：用户不喜欢品类如纸巾产品、特定茶饮和快递服务（基于未点击商品），关键词包括会场、大牌、试用和快递，品牌如德克士、CoCo都可、维达，使用场景为产品试用、快递寄件和火车票相关活动。",4,complete
156134,"喜欢：用户偏好食品品类如东北大米和美酒，关键词包括东北、长粒香、美酒和推荐券，品牌偏好盒马，使用场景涉及支付后推荐和在线购物专享服务（如盒马云超指定美酒专享）。
不喜欢：基于未点击行为，用户不喜欢通用优惠券（如盒马云超通用）、零食（如掌心脆）、其他大米品牌（如五常大米）、日用品（洗衣液、拖鞋）以及话费券等数字服务。",4,complete
1372253,"喜欢：偏好出行服务品类，特别是滴滴出行品牌，关键词如消费券、立减和发券，使用场景涉及打车优惠活动（基于点击商品标题和实体词中滴滴出行、消费券、立减的重复出现，以及交易行为和服务使用中的网约车相关实体）。

不喜欢：花小猪打车品牌，以及零食和快餐品类（如良品铺子和麦当劳），基于未点击商品中与点击行为相反的特征（用户点击滴滴出行优惠但未点击花小猪打车类似服务，也未点击良品铺子营销推广和麦当劳小食组合）。",4,complete
1715636,"喜欢：用户偏好出行服务（如打车、网约车）和快餐品类，关键词集中于优惠券、券包、买一送一，品牌涉及滴滴出行、高德、麦当劳和支付宝，使用场景为交通出行（如使用打车券）和日常餐饮消费（如快餐优惠）。

不喜欢：用户不喜欢特定快餐产品（如麦当劳小薯条、大薯条、圆筒）以及咖啡礼品卡（如瑞幸）和电影娱乐服务，表明对非优惠快餐和休闲娱乐不感兴趣。",4,complete
804380,"喜欢：用户偏好饮品品类（如茶饮、咖啡），关键词涉及餐饮优惠（如满减、品牌名），品牌如古茗（点击商品），使用场景包括日常消费、外卖订单（交易行为实体如外卖订单、饮品）和搜索关键词（如古茗、星巴克、麦当劳），体现对休闲餐饮的强烈兴趣。

不喜欢：用户不喜欢出行服务（如滴滴出行）和通用消费券（如立减优惠），基于未点击商品实体词（滴滴出行、消费券、立减），与点击的餐饮优惠形成鲜明对比。",4,complete
302373,"喜欢：用户偏好优惠促销的食品品类（如冰淇淋、饮料和抽纸），关键词包括""特价""、""买一送一""和""实惠""，品牌涉及麦当劳、汉堡王（特定产品如华夫筒）、盒马和农夫山泉，使用场景涵盖日常消费（支付宝通用服务）、公益捐赠（慈善基金会相关）和交通出行（滴滴出行优惠）。

不喜欢：用户不喜欢大型餐饮套餐品类（如汉堡王的外送活动餐和4件套），关键词避免""外送""、""活动餐""和""4件套""，品牌上对tims咖啡和汉堡王套餐产品无兴趣，使用场景排斥外卖和多人聚餐。",4,complete
70131,"喜欢：该用户偏好出行服务品类（如网约车），关键词包括消费券、滴滴出行、立减，品牌集中于滴滴出行，使用场景涉及日常打车和优惠券活动（如小额立减）。

不喜欢：用户不喜欢高德品牌、7折折扣券和大额券包（如100元），反映出对非滴滴出行品牌和复杂优惠形式的不偏好。",4,complete
751325,"喜欢：该用户偏好家庭清洁用品品类，如洗衣液（大桶装、薰衣草味）、卫生纸和硫磺皂，关键词包括付邮购和消费券，品牌倾向麦谷优品、几羊嗨购和天雁，使用场景为在线购物和日常清洁需求。

不喜欢：基于未点击行为，用户不喜欢出行服务优惠券，如滴滴出行、京东到家、火车票等平台券，与实物商品偏好相反。",4,complete
158997,"### 用户兴趣偏好总结（场景4）
喜欢：用户偏好快餐食品品类（如汉堡、薯条、鸡块和套餐），关键词集中于支付宝、麦当劳、汉堡王、德克士和必胜客，品牌包括麦当劳、汉堡王、德克士、必胜客、支付宝和滴滴出行，使用场景涉及日常餐饮消费（如快餐外卖和优惠券使用）、出行服务（如打车和单车）及娱乐观影（如电影票和套餐）。  
不喜欢：用户不喜欢日用品品类（如纸巾和洗衣液）及电子产品（如耳机），这些特征与点击行为相反，体现在未点击商品如维达抽纸、薰衣草洗衣液和卡龙蓝牙耳机上。",4,complete
984611,"喜欢：偏好品类为快餐（汉堡、小食组合）和茶饮（奶茶），关键词包括麦当劳、古茗、飞猪旅行、同程机票，品牌偏好麦当劳、古茗、同程旅行、滴滴出行，使用场景集中于餐饮消费（如早餐、快餐）和旅行预订（酒店、机票、火车票）。
不喜欢：偏好品类避免德克士快餐（鸡腿桶、鸡块）和碳酸饮料（芬达、雪碧），关键词如德克士、可口可乐、搬家，品牌避免德克士、可口可乐，使用场景不涉及搬家服务或特定快餐促销活动。",4,complete
1805156,"喜欢：偏好快餐餐饮品类（如汉堡王单人餐）和交通服务（如顺风车），关键词包括消费券、通用、单人餐，品牌涉及汉堡王和哈啰，使用场景为日常个人消费和出行优惠，基于点击行为（狠霸王牛3件套单人餐和哈啰顺风车消费券）及交易数据（餐饮小吃、哈啰出行）和服务使用（顺风车、支付宝）。

不喜欢：偏好相反特征如多人份餐饮（双人餐、4件套）、外送活动餐及甜点（华夫筒），关键词为外送、活动餐、4件套、双人餐，使用场景涉及外卖促销，基于未点击商品（汉堡王外送活动餐、双人餐等）与点击行为（单人餐）的对比。",4,complete
1306218,"喜欢：用户偏好充值服务（如话费充值和手机充值）、数字支付（如支付宝和公交支付）、以及日常实用场景（如公交出行和话费管理），关键词包括红包、流量卡和乘车码，品牌涉及支付宝、充小侠和中国移动，使用场景集中于便捷的线上充值和生活缴费。

不喜欢：用户不喜欢营销推广（如全场促销和发券活动）、低价值优惠（如0.5元话费券和消费券）、以及非实用品类（如零食良品铺子、饮料茶派柚子绿茶、书籍三体和出行服务滴滴出行），基于未点击商品中与充值行为相反的特征。",4,complete
758687,"喜欢：用户偏好出行服务品类，如打车和租车，关键词包括租赁和支付券，品牌涉及支付宝、高德、曹操出行和滴滴，使用场景聚焦日常出行优惠和支付券节省费用，体现在点击商品如曹操出行券包和滴滴租车服务。

不喜欢：用户不喜欢哈啰打车品牌和商家券或feeds相关的消费券类型，与点击行为中偏好曹操出行和滴滴出行的特征相反，体现在未点击商品如哈啰打车券包。",4,complete
1607285,"喜欢：用户偏好出行服务（如滴滴出行）和消费券优惠，关键词集中于消费券、支付宝、饿了么等支付与生活服务，品牌倾向滴滴出行，使用场景为日常出行（打车）和消费支付（如外卖点餐）。

不喜欢：用户不喜欢洗衣液等清洁品类、火车票相关服务（如长途交通）、门票娱乐活动以及高德打车等竞争出行服务，基于未点击商品中与点击行为相反的特征。",4,complete
1610391,"### 用户兴趣偏好总结（场景4）

喜欢：偏好出行服务品类，关键词包括出行、消费券、立减，品牌如滴滴出行和高德，使用场景为交通出行优惠券使用（如打车订单和共享单车优惠）。

不喜欢：基于未点击行为，不喜欢餐饮食品品类，关键词如咖啡、汉堡、外送，品牌如Tims咖啡和汉堡王，使用场景为外送活动餐和快餐套餐。",4,complete
1183445,"喜欢：用户偏好快餐品类，特别是汉堡王品牌的小皇堡和鸡条产品（如霸王鸡条），关键词涉及学生相关（如点击商品标题中的""学生频道""），使用场景为个人消费或学生生活，包括饮料如农夫山泉。

不喜欢：用户不喜欢椒香鸡腿、外送服务、活动餐和多人餐（如双人餐或全牛肉堡），这些特征与点击行为相反，体现对特定口味和消费规模的排斥。",4,complete
850348,"喜欢：用户偏好清洁用品品类，特别是洗衣液（如桶装大容量），关键词包括""洗衣液""和""桶装""，品牌如麦谷优品，使用场景为家庭清洁（基于点击商品和交易行为中的洗涤剂、洗洁精等实体）。

不喜欢：用户不喜欢非清洁用品如凉拖鞋和电风扇，以及特定品牌洗衣液如薰衣草洗衣液（基于未点击商品中与点击行为相反的特征，如踩屎感凉拖鞋、静音电风扇和薰衣草洗衣液）。",4,complete
574911,"喜欢：偏好品类包括快餐食品（如麦当劳）、日常消耗品（如抽纸和大米）和出行服务（如打车），关键词如买一送一、消费券和特价促销，品牌如麦当劳、十月稻田和哈啰打车，使用场景涉及餐饮消费（圆筒和小薯条）、家庭生活（抽纸和大米）和低碳出行（打车消费券）。

不喜欢：基于未点击商品，不喜欢特定食品变体（如草莓新地）、其他品牌日用品（如薰衣草洗衣液和竹浆抽纸）、顺风车出行服务（如哈啰顺风车），以及非促销或非核心兴趣物品（如宇航员拖鞋和保鲜盒）。",4,complete
337926,"### 用户兴趣偏好总结（场景4）

喜欢：该用户偏好饮料品类（如无糖乌龙茶、可乐和果缤纷），关键词包括推广、日常、付邮、特价和夏日，品牌倾向飞猪旅行、可口可乐、百事可乐、良品铺子和康师傅，使用场景集中于日常消费（如特价饮品购买）和旅行票务预订（如火车、汽车票及酒店加速服务）。

不喜欢：基于未点击行为，用户不喜欢机票、租车和滴滴出行服务，避免芬达橙味及含糖饮料（如雪碧含糖），对满减券、红包促销和试用活动不感兴趣，品牌如同程、滴滴、京东到家和芬达，场景涉及出行打车（如高德券包）、国际旅行及食品促销（如麦当劳买一送一）。",4,complete
717330,"喜欢：用户偏好快餐品类中的小食组合（如麦当劳小食），关键词包括小食、火车、消费券和满减，品牌如麦当劳、滴滴出行和飞猪，使用场景为日常消费和出行优惠（如火车票购买）。

不喜欢：用户不喜欢品牌发券（如立减优惠）、可乐相关套餐（如经典鸡堡或安格斯套餐）、门票服务以及早餐类食品（如火腿扒麦满分），基于未点击行为与点击偏好相反的特征。",4,complete
408216,"喜欢：该用户偏好交通出行服务（如打车券、网约车）、快餐餐饮（如麦当劳汉堡、咖啡饮品）和电影娱乐；关键词包括优惠券、出行券、下午茶；品牌涉及花小猪打车、滴滴出行、麦当劳、Tims咖啡、古茗；使用场景为日常通勤、外卖点餐和休闲活动。

不喜欢：基于未点击洗衣液商品，推断不喜欢家庭清洁用品（如大件洗衣液），与点击行为中高频的出行、餐饮和娱乐特征相反。",4,complete
1137334,"喜欢：用户偏好鞋类（如凉拖鞋）和回收服务（如旧衣服回收），关键词包括""防滑""、""踩屎感""和""旧衣服回收""，品牌涉及""爱裹""，使用场景聚焦家居舒适（如夏季穿着）和环保回收（如衣物处理）；同时，交易行为显示对零食（如饱腹零食）和餐饮（如手工酸辣粉）的兴趣，服务使用体现公益（如公益慈善）和回收相关活动（如旧衣服回收），搜索关键词强化回收需求（如回收旧手机）。

不喜欢：用户不感兴趣于厨房工具（如家用厨房剪）、防晒用品（如遮阳帽）、雨具（如雨伞）、清洁用品（如洗衣液和毛巾）、纸制品（如抽纸和卫生卷纸）、服装（如莫代尔短袖T恤）及家居用品（如冰川纹玻璃杯），这些基于未点击商品中与点击行为相反的特征（如未点击宇航员踩屎感拖鞋而偏好普通凉拖鞋），品牌包括米鲸优选、几羊嗨购和洁丽雅等，使用场景涉及厨房操作、户外防护和日常清洁。",4,complete
683576,"喜欢：偏好食品品类如方便面（尤其白象品牌的汤好喝和辣牛肉口味）、火鸡面，以及家居用品如电风扇、T恤和拖鞋（品牌包括艾唯达、乐美优品）；关键词涉及消费券、付邮购、汤好喝；使用场景集中于促销活动（如消费券会场）和付邮费购买日常用品。  
不喜欢：基于未点击商品，不喜欢饮料如AD钙奶、纸品如卫生纸、洗发水如海飞丝、牙膏如益生菌类型、加油卡服务，以及特定洗衣液类型如艾草（对比点击的薰衣草洗衣液）。",4,complete
811257,"喜欢：用户偏好咖啡饮品品类，关键词包括咖啡和支付方式（如支付宝），品牌如Tims咖啡和星巴克，使用场景涉及餐饮支付和日常消费，具体体现在点击Tims咖啡商品及交易行为中的咖啡品牌和支付实体。

不喜欢：用户不喜欢水果、运动相关商品和麦当劳快餐，基于未点击行为中鲜丰水果、运动好物和麦当劳实体，与咖啡偏好形成鲜明对比。",4,complete
68340,"喜欢：用户偏好食品品类如乳制品（光明优倍、风味酸奶、明治醇壹牛乳）和水果（富士苹果），关键词包括消费券、租赁和公益，品牌倾向盒马、Apple和光明，使用场景涉及超市购物（盒马云超通用）、公益捐赠（海洋保护、蚂蚁庄园）和生活缴费（电力、水费）。  
不喜欢：用户不喜欢快递服务（上门收件、寄快递）和出行相关优惠（滴滴出行券包、立减消费券），反映出对物流和交通服务的低兴趣。",4,complete
458063,"喜欢：偏好品类包括纸巾类产品（如抽纸）、饮料（如农夫山泉）和出行服务（如顺风车）；关键词涉及消费券、优惠和电影票；品牌偏好维达、俏牌和屈臣氏；使用场景主要为日常购物、在线消费和生活缴费相关，如通过电商平台获取折扣和支付水电费。  
不喜欢：基于未点击商品，用户不喜欢快餐食品，特别是汉堡王品牌的外送套餐，如狠霸王牛3件套和椒香鸡腿，与点击行为中偏好生活用品和出行服务形成反差。",4,complete
569075,"喜欢：偏好品类为旅行交通（如火车票）和在线服务（如外卖支付），关键词涉及推广、优惠券、代金券等优惠相关，品牌偏好纵航、同程、滴滴出行、飞猪，使用场景集中在旅行预订（如火车票代金券）和日常消费（如京东到家外卖）。
不喜欢：基于未点击商品特征，不喜欢汽车票（与火车票相反）、花小猪打车服务（与滴滴出行相反）、电影票、快餐食品（如老乡鸡、麦当劳）和快递服务。",4,complete
657736,"喜欢：偏好出行服务（如滴滴出行、花小猪打车）、快餐品牌（麦当劳、汉堡王）及饮料（农夫山泉），关键词包括消费券、支付宝、出行优惠，使用场景涉及通勤打车、快餐消费（如单人餐或甜点）和在线支付优惠。  
不喜欢：基于未点击行为，对汉堡王的多人套餐（如3人餐、双人餐）、外送活动餐及特定口味菜品（如椒香鸡腿）不感兴趣。",4,complete
352511,"喜欢：该用户偏好电影和出行品类，关键词包括电影优惠券和出行优惠券，品牌如嘿影电影和高德，使用场景涉及看电影和打车出行，具体表现为点击了嘿影电影优惠券和高德出行券包，结合交易行为中的电影票和服务使用中的电影购票、铁路12306搜索，强化了其对娱乐和交通服务的兴趣。

不喜欢：该用户不喜欢大淘电影票、曹操出行、花小猪打车和滴滴出行等品牌或服务，基于未点击商品中与点击行为相反的特征（如未点击大淘电影票而点击了嘿影电影，未点击曹操出行等而点击了高德出行），反映出对替代品牌或特定出行方式的排斥。",4,complete
980968,"喜欢：偏好出行服务（如打车、火车）和快餐品类，关键词包括立减、券包、出行，品牌如麦当劳、滴滴出行、高德、支付宝，使用场景为日常通勤和餐饮消费，体现对优惠券和移动支付的依赖。  
不喜欢：基于未点击商品，不喜欢花小猪打车品牌、非火车出行服务（如门票、汽车票）、非快餐餐饮（如咖啡）以及无关产品如除湿袋，与点击行为形成反差。",4,complete
1945176,"喜欢：用户偏好快餐品类，特别是汉堡王品牌的套餐（如狠霸王牛3件套），关键词包括单人餐和外卖点餐相关服务（如饿了么、美团），使用场景集中于外卖消费和便捷餐饮。

不喜欢：用户不喜欢家电类产品，如静音电风扇，与点击的餐饮商品特征相反。",4,complete
548872,"喜欢：用户偏好餐饮品类，特别是快餐和饮料，关键词包括支付宝、麦当劳、中可（可口可乐），品牌如麦当劳和可口可乐，使用场景涉及优惠活动（如0元中可）和支付相关服务，从点击行为、交易实体（如冰淇淋、纯牛奶、咖啡）和搜索关键词（如麦当劳、消费券）中体现。

不喜欢：用户不喜欢水果相关产品（如鲜丰水果）、其他快餐品牌（如汉堡王）、特定饮料（如暴风阿华田）以及会员等级权益等特征，基于未点击商品中与点击行为（偏好麦当劳和可口可乐）相反的特征。",4,complete
758109,"喜欢：用户偏好快餐食品品类（如麦当劳圆筒），关键词包括买一送一和麦当劳，品牌涉及麦当劳和支付宝，使用场景为在线餐饮优惠和移动支付促销活动。

不喜欢：用户不喜欢出行服务品类（如滴滴出行），关键词包括消费券和立减，品牌涉及滴滴出行，使用场景为出行消费券优惠。",4,complete
1120741,"喜欢：用户偏好饮料品类，特别是功能饮料（如东鹏特饮），关键词集中于消费券和促销活动，品牌倾向东鹏，使用场景涉及在线购物、邮购和消费券优惠。

不喜欢：基于未点击商品，用户不喜欢卫生纸品类（如清风无芯卷纸）、可乐饮料（如中可）和服装配件（如浪莎运动袜）。",4,complete
60423,"喜欢：该用户偏好早餐类快餐食品，如麦当劳的汉堡组合（如火腿扒麦满分和原味板烧鸡腿麦满分），关键词包括麦当劳、肯德基、外卖和蛋糕，品牌以麦当劳为主，使用场景为早餐时间、餐饮消费和支付宝支付，同时涉及零食和饱腹食品品类。

不喜欢：该用户不喜欢茶饮类产品（如古茗）和快递服务（如寄快递），基于未点击商品与点击早餐食品行为相反的特征。",4,complete
1980869,"喜欢：用户偏好清洁用品品类，特别是洗衣液产品；关键词包括艾草（如点击商品中的""艾草增香""）；品牌如爱家达（基于点击实体词）；使用场景为家庭日常洗涤（如衣物清洁，从点击商品标题推断）。

不喜欢：用户不感兴趣于食品品类（如未点击的酸奶）、鞋类（如未点击的踩屎感凉拖鞋）以及回收服务（如未点击的爱裹旧衣服回收），这些特征与点击的清洁用品相反。",4,complete
249681,"喜欢：用户偏好方便面食品品类，特别是康师傅和白象品牌的辣牛肉口味产品，关键词包括""辣牛肉""、""发券""和""付邮购""，使用场景聚焦于家庭日常消费和在线购物（如付邮购优惠）。

不喜欢：用户不喜欢交通票务（如火车票、汽车票）、生活清洁用品（如薰衣草洗衣液）、出行服务（如滴滴出行、顺风车）、特定优惠券（如代金券、话费券）以及家电（如静音电风扇），这些特征与点击的方便面食品形成鲜明对比。",4,complete
135151,"### 用户兴趣偏好总结（场景4）
喜欢：用户偏好快餐品类（如麦当劳套餐、星巴克咖啡），关键词包括电影票优惠、出行服务券和支付宝专享，品牌如麦当劳、星巴克、支付宝、曹操出行和飞猪旅行，使用场景涉及点餐消费（如早餐组合）、娱乐观影（电影票特价预订）和交通出行（打车、火车票加速）。  
不喜欢：用户不喜欢家居清洁品类（如卷纸），基于未点击行为，与偏好餐饮娱乐相反。",4,complete
1947369,"### 用户兴趣偏好总结（场景4）
喜欢：用户偏好交通出行品类（如火车、公交、地铁），关键词如出行、推广、红包、消费券，品牌如飞猪、支付宝、顺丰速运，使用场景在日常通勤、旅行预订及线上推广活动中，体现对便捷出行和数字优惠的强烈兴趣。  
不喜欢：用户不喜欢快餐食品品类（如汉堡、鸡腿），关键词如外送、活动餐、优惠券，品牌如汉堡王、古茗，使用场景在外送餐饮及线下促销中，反映对快餐类商品和即时餐饮优惠的回避倾向。  

（字数：198）",4,complete
268514,"喜欢：用户偏好电影票和出行服务（如滴滴出行）的优惠活动，关键词包括消费券、立减和支付宝，品牌涉及支付宝和滴滴出行，使用场景为在线娱乐购票和交通出行折扣，基于点击商品（如电影票优惠券）和搜索关键词（如滴滴出行、交通乘车码）的频繁出现。

不喜欢：用户不喜欢话费券、洗衣液和花小猪打车服务，关键词如花小猪和高德，品牌包括花小猪和高德，使用场景为话费充值、洗衣清洁和非滴滴出行打车，基于未点击商品（如话费券、洗衣液优惠和花小猪打车券）与点击行为（偏好滴滴出行）的相反特征。",4,complete
505387,"喜欢：偏好品类为移动出行服务（如打车、顺风车、共享单车），关键词包括哈啰打车、哈啰顺风车、消费券、骑行，品牌偏好哈啰出行，使用场景涉及本地出行节省费用的消费券使用和日常通勤。

不喜欢：偏好品类为快餐食品和饮料（如汉堡、咖啡、下午茶），关键词如椒香鸡腿、芝士、华夫筒，品牌如汉堡王、Tims咖啡、古茗，使用场景为餐饮外送和优惠券消费，基于未点击行为与点击的出行服务相反。",4,complete
314606,"喜欢：该用户偏好快餐品类，特别是麦当劳品牌的汉堡（如麦辣鸡腿汉堡）、薯条、可乐和粥类食品（如雪菜鸡肉粥），关键词包括""麦当劳""、""汉堡""和""支付宝""，使用场景为餐厅用餐和支付宝支付的双人餐组合。  
不喜欢：该用户不喜欢板烧鸡腿堡、香芋派等特定食品，以及汉堡王品牌的产品，基于未点击行为中与点击偏好相反的汉堡类型和品牌特征。",4,complete
1002729,"喜欢：用户偏好交通出行服务，特别是网约车和顺风车，关注滴滴出行、高德、曹操出行等品牌，常使用消费券、立减优惠（如5元券包），使用场景包括日常打车和优惠券应用，关键词涉及出行、消费券、支付宝专享。

不喜欢：用户对快餐食品（如汉堡王套餐）、咖啡饮品（如Tims咖啡）以及代驾服务（如滴滴代驾）不感兴趣，未点击商品特征包括单人餐、双人餐、下午茶和支付券相关活动。",4,complete
442981,"喜欢：用户偏好滴滴出行的出行服务（如立减5元券包），注重品牌官方旗舰店（如君乐宝悦鲜活牛奶）和新鲜食品（如牛奶），关键词包括新鲜、包邮、立减和无门槛券；使用场景涉及日常出行（打车）和网购快递服务（如风火递寄快递），同时关注优惠券和品牌活动。

不喜欢：用户不喜欢其他出行平台（如哈啰打车、曹操出行和哈啰顺风车），对火车票服务（飞猪推广）、水果优惠（京东到家鲜丰水果）、快餐（麦当劳）、电动车骑行（电单车立减券）和单车订单（青桔5折券）不感兴趣，关键词包括消费券feeds、通用和推广。",4,complete
1880115,"喜欢：偏好优惠券和快餐品类，关键词集中于免费、中奖和消费券，品牌倾向麦当劳和支付宝，使用场景为在线支付促销活动（如通过支付宝获取0元优惠）。

不喜欢：基于未点击行为，不喜欢具体的快餐项目（如薯条、汉堡）和运动相关商品（如线上赛推荐的运动好物）。",4,complete
1921921,"喜欢：该用户偏好服饰品类，如防晒帽和拖鞋，关键词包括""付邮""和""夏季""，品牌涉及几羊嗨购和乐美优品，使用场景为夏季户外遮阳和居家舒适。

不喜欢：该用户不喜欢家居用品（如保鲜盒）、服务（如加油卡充值）、食品（如冬枣）和娱乐（如电影票），这些与点击商品的服饰品类、付邮特征及夏季主题相反。",4,complete
751023,"喜欢：该用户偏好饮料品类（如东鹏特饮），关键词包括红包、优惠券和消费节，品牌倾向东鹏，使用场景涉及消费购物（如外卖订单和优惠券获取）。  
不喜欢：该用户不喜欢出行服务（如滴滴出行）以及搜索品牌发券等与点击行为相反的特征。",4,complete
776065,"喜欢：用户偏好快餐品类（如麦当劳），关键词如支付宝、消费券、红包，品牌如麦当劳、支付宝，使用场景涉及在线支付、外卖点餐和优惠活动（如0元促销），基于点击行为和服务使用（如支付宝、饿了么）及搜索（麦当劳、消费券）数据。

不喜欢：用户不喜欢生鲜超市品牌（如盒马）和通用服务（如电影票），基于未点击商品（盒马、通用电影票）与点击行为（偏好快餐和支付服务）相反的特征。",4,complete
878870,"### 用户兴趣偏好总结（场景4）
喜欢：该用户偏好快餐食品品类，如汉堡、鸡块和薯条，关键词集中于促销活动（如""买一送一""、""学生频道""），品牌倾向麦当劳和汉堡王，使用场景多为休闲餐饮或外卖订单，体现对便捷、高性价比快餐的需求。

不喜欢：基于未点击商品与点击行为相反的特征，该用户不喜欢咖啡饮品（如美式咖啡）、非食品服务（如出行消费券、话费充值）以及其他快餐品牌（如德克士），反映出对非核心餐饮类促销和复杂服务的低兴趣。",4,complete
1525713,"喜欢：该用户偏好餐饮品类如紫燕百味鸡（熟食快餐），关键词如消费券、话费券和满减优惠，品牌包括紫燕百味鸡和滴滴出行，使用场景涉及在线支付服务（支付宝、余额宝）和交通出行优惠（如话费充值）。

不喜欢：基于未点击商品，用户不喜欢麦当劳品牌，以及滴滴出行的满减消费券形式（与点击行为相反，用户偏好话费券而非满减促销）。",4,complete
407729,"### 用户兴趣偏好总结（场景4）

喜欢：该用户偏好快餐品类（如汉堡、薯条和冰淇淋），关键词包括支付宝、优惠券和买一送一，品牌如麦当劳、Tims咖啡和曹操出行，使用场景集中于下午茶、出行打车和电影娱乐。

不喜欢：基于未点击商品，用户不喜欢小份食品（如小薯条）、早餐类产品（如板烧鸡腿麦满分）和粥类组合，关键词如折扣和货运，品牌如盒马和千猪电影票，使用场景涉及粮油调味和物流服务。",4,complete
26346,"喜欢：该用户偏好纸巾品类（如抽纸），关键词包括特价、付邮、特惠好物、亲肤和邮购，品牌倾向T-常态，使用场景为日常家庭清洁和个人卫生用品，体现出对优惠、便捷邮购和高性价比日常消耗品的兴趣。

不喜欢：用户对洗衣液品类不感兴趣，尤其避免薰衣草香味和大桶装特征，这与点击行为中偏好纸巾的轻便、亲肤特性形成鲜明对比。",4,complete
1634615,"喜欢：用户偏好打车服务优惠券，尤其滴滴出行和花小猪品牌的小额立减优惠（如立减2元和6元），通过搜索或会场获取，使用场景为出行打车，关键词包括""立减""、""搜索""、""发券""和""消费券""。

不喜欢：用户不喜欢大额优惠券（如100元券包）、高折扣券（如7折）、其他打车品牌（如高德打车）以及非打车相关服务（如盒马云超精选或火车票预订），基于未点击商品中金额更大、折扣不同或品牌偏离的特征。",4,complete
136779,"### 用户兴趣偏好总结（场景4）

喜欢：用户偏好日用品品类（如抽纸、雨伞），关键词包括特价、付邮、消费券、立减，品牌如维达和滴滴出行，使用场景涉及日常消费（如购买纸巾）、出行服务（如打车）和优惠活动参与（如使用消费券）。

不喜欢：用户不喜欢茶饮品类和古茗品牌，基于未点击相关优惠券商品。",4,complete
1986555,"喜欢：该用户偏好话费充值品类，关键词包括充值话费、手机费和生活缴费，品牌涉及煜鑫百货商行和中国移动，使用场景为日常手机缴费和基础生活服务（如水电费缴纳）。

不喜欢：基于未点击商品特征，用户不喜欢话费充值中带有附加权益、消费券、游戏元素（如三体）或特定促销服务（如feeds和充小侠）。",4,complete
1655730,"喜欢：用户偏好优惠券类（如消费券）和交通服务（如打车），关键词涉及消费、出行和金融（如股票、公交），品牌如哈啰打车，使用场景包括出行支付和优惠活动（基于点击商品""商家券消费券feeds7-9月，哈啰打车""及交易行为中的火车票、公交，服务使用中的支付宝、理财，搜索关键词中的乘车码、股票）。
不喜欢：用户不偏好食品（如纯净水）、日用品（如洗衣液）、服装配饰（如棒球帽）和低价值优惠券（如话费券），基于未点击商品实体词如食品、怡宝纯净水、adidas/阿迪达斯、棒球帽、薰衣草洗衣液、话费券，与点击行为中的消费券和交通服务形成反差。",4,complete
1147181,"喜欢：用户偏好手机充值、话费充值等数字服务品类，关键词包括""立减""、""充值""、""权益""和""滴滴出行""，品牌如滴滴出行和支付宝（基于服务使用和搜索数据），使用场景涉及移动支付、出行优惠和省钱活动（如消费券和红包）。

不喜欢：基于未点击商品与点击行为相反的特征，用户不喜欢食品（如华夫筒、汉堡王）、日用品（如雨伞、纸巾）和电器（如电风扇）等实体商品品类。",4,complete
1236562,"喜欢：用户偏好出行打车服务（如滴滴出行）和日用品（如抽纸），关键词集中于优惠、实惠、特价，品牌涉及俏牌（纸巾品牌），使用场景包括出行消费（如打车优惠券）和家庭日常购物（如实惠大包装纸巾）。

不喜欢：用户不喜欢旧书回收、大米产品（如盘锦大米）、其他打车服务（如花小猪、哈啰打车）、快餐小食（如麦当劳组合）和矿泉水（如百岁山），这些特征与点击行为相反，体现在未点击商品中。",4,complete
305435,"喜欢：该用户偏好零食品类（如瓜子），关键词为五香味瓜子，品牌为洽洽，使用场景为休闲消费和日常零食，基于点击商品中的洽洽五香味瓜子，结合交易行为中的餐饮饭店、点心等实体。

不喜欢：该用户不喜欢旅行交通服务品类（如火车票），关键词为代金券和消费券，品牌为b站、飞猪、滴滴出行，使用场景为出行优惠，基于未点击商品中的火车代金券和滴滴出行优惠券，与点击行为形成对比。",4,complete
1917982,"喜欢：该用户偏好出行服务品类（如火车票、机票、酒店预订和打车优惠），关键词包括优惠券、出行、消费节省和推广活动，品牌倾向飞猪、同程、滴滴出行和高德，使用场景涉及旅行规划（如预订车票、酒店）和日常消费优惠（如券包使用）。

不喜欢：基于未点击商品特征，用户不喜欢快递寄件服务（如圆通快递券）和小额立减优惠（如5元券包），以及租车服务（如滴滴租车），这些与点击行为中偏好的出行服务和大额优惠券形成反差。",4,complete
212095,"喜欢：用户偏好出行相关品类如单车和火车票，关键词包括支付宝、滴滴出行、青桔、折扣券、火车票券，品牌涉及支付宝、滴滴出行、同程、农夫山泉，使用场景集中于交通出行优惠获取（如折扣券使用和票务预订）。

不喜欢：用户不喜欢其他出行品牌如曹操出行和哈啰打车，以及非出行相关商品如纸巾、水果（芒果）和特定餐饮券（德克士），这些特征与点击行为中的出行偏好相反。",4,complete
154236,"喜欢：用户偏好手机充值服务（如100元话费充值），尤其通过支付宝和充小侠平台，涉及关键词""充值话费""、""权益""和""充值""，品牌包括支付宝和中国移动，使用场景为在线支付和话费管理，体现对金融服务（如余额宝、花呗）的日常依赖。

不喜欢：用户不喜欢小额话费充值（如50元面额）和618促销活动相关的充值服务，基于未点击商品中50元话费充值与618活动的特征差异。",4,complete
611998,"### 用户兴趣偏好总结（场景4）
喜欢：偏好高科技电子产品（如华为MateX3订阅服务）、品牌试用活动（如杰士邦黄金持久0元试用），关键词包括""试用""、""订阅""、""黄金概念""；品牌涉及华为、杰士邦、支付宝；使用场景聚焦在线支付（支付宝、花呗）、外卖服务（饿了么、美团）、游戏化应用（芭芭农场、蚂蚁庄园）及公益互动（如种果树、喂小鸡）。

不喜欢：基于未点击行为，用户不偏好消费券促销（如滴滴出行消费券）、日用品（如舒可乐纸巾），关键词如""消费券""、""付邮领""；品牌如舒可乐；使用场景涉及出行优惠（滴滴出行）或基础生活用品（纸抽）。",4,complete
1001006,"喜欢：用户偏好出行服务品类，特别是打车优惠，关键词如滴滴出行、花小猪打车、立减券包和消费券，品牌包括滴滴出行和花小猪打车，使用场景涉及日常通勤、优惠券使用和网约车服务，基于点击商品和搜索关键词（如滴滴出行、花小猪打车、顺风车）的频繁出现。

不喜欢：用户不喜欢食品礼品品类，如月饼礼盒，关键词如美心、流心奶黄月饼和礼盒，品牌如美心，使用场景为礼品赠送或非出行相关消费，基于未点击商品（如美心流心奶黄月饼礼盒）与点击行为（出行优惠）相反的特征。",4,complete
280690,"喜欢：偏好纸巾品类（如手帕纸），关键词包括0元付邮、试用和立减优惠，品牌涉及维达、得宝tempo、麦当劳和支付宝，使用场景聚焦日常消费、出行服务（如滴滴出行）和免费试用活动。

不喜欢：基于未点击行为，用户不喜欢买一送一的促销方式（如圆筒冰淇淋）和特定出行券包（如悦享7折优惠），尽管对相关品牌（麦当劳、滴滴出行）有兴趣。",4,complete
498264,"喜欢：用户偏好出行服务（如打车、汽车票、火车票）和消费券优惠活动，关键词包括消费券、立减、出行、推广，品牌涉及高德、滴滴、飞猪、B站，使用场景为日常通勤、旅行及平台推广优惠。

不喜欢：用户不喜欢非出行相关的商品，如电子产品（三星）、娱乐会员（喜马拉雅）、日用品（洗衣液、纸巾、拖鞋），关键词如专属优惠、电影优惠券、付邮购，使用场景为娱乐消费、家居生活及专属促销。",4,complete
362260,"### 用户兴趣偏好总结（场景4）
喜欢：用户偏好快餐食品品类（如汉堡、饮料和小吃），关键词包括麦当劳、汉堡王和消费券，品牌偏好麦当劳和汉堡王，使用场景为外卖点餐和日常消费（基于点击商品和搜索关键词中的外卖平台、套餐类实体）。  
不喜欢：用户不喜欢运动饮料和纸巾类产品（如蓝莓味佳得乐和实惠抽纸），与点击的快食特征相反（基于未点击商品的运动饮、抽纸实体）。  

（字数：98字）",4,complete
455411,"喜欢：该用户偏好快餐品类如麦当劳的麦辣鸡腿汉堡和中可饮料，关键词包括支付宝、团油和话费充值，品牌倾向麦当劳和支付宝，使用场景集中于餐饮消费和在线充值服务（如话费、加油优惠）。

不喜欢：基于未点击行为，用户不喜欢甜点促销（如麦当劳圆筒买一送一）、小面额优惠券（如话费券）、以及非核心服务如家政用品（薰衣草洗衣液）和交通违章代办。",4,complete
276171,"喜欢：偏好品类包括出行服务（如滴滴出行）、快递优惠、食品（紫燕百味鸡）、家居用品（踩屎感拖鞋、实惠抽纸）和饮品（百岁山矿泉水），关键词涉及优惠、立减、付邮购、特价、实惠，品牌涵盖滴滴出行、乐美优品、百岁山、俏牌、紫燕，使用场景集中于出行通勤、快递寄送和家庭日常消费。

不喜欢：不偏好其他快递品牌（申通、圆通）、大额出行券包、电影票、咖啡券、话费券和快餐餐券，基于未点击商品中与点击行为相反的特征如“白菜”、“超值双人餐”、“加厚抽纸”和“单人餐”。",4,complete
286539,"喜欢：偏好品类包括话费充值和小额消费券（如0.5元话费券），关键词涉及红包、消费券和任务型活动（如做任务），品牌主要为支付宝（从服务使用和搜索中高频出现），使用场景集中在手机支付、话费优惠和日常消费任务（如签到、兑好礼），同时表现出对书籍类内容（如三体）的兴趣。

不喜欢：基于未点击商品，不喜欢高额话费充值（如100元话费充值）和充值权益形式（如feeds充值权益），以及零食类商品（如五香味瓜子）和特定服务如滴滴出行消费券，反映出对非小额、非任务导向的消费形式及非必需品的回避。",4,complete
1763209,"喜欢：该用户偏好品类包括清洁用品（如洗衣皂）、话费服务、水果和拖鞋；关键词涉及话费券、充值、回收和水果；品牌倾向麦谷优品和鲜丰水果；使用场景集中在手机充值、日常清洁和旧物回收（如旧衣服回收相关商品）。

不喜欢：基于未点击商品与点击行为相反的特征，用户不喜欢盒马品牌、通用话费充值形式（与点击的小额话费券相反）、洗衣液（偏好固体清洁用品而非液体），以及零食快餐如牛奶、瓜子和汉堡王餐（与点击的必需品和水果形成对比）。",4,complete
1940736,"喜欢：该用户偏好品类包括出行服务和零食（如滴滴出行、良品铺子）；关键词涉及消费券、立减、促销；品牌偏好滴滴出行、良品铺子、麦当劳、支付宝；使用场景主要为在线支付（如支付宝消费券）和出行打车（如滴滴出行优惠）。

不喜欢：基于未点击商品（麦当劳薯条），用户不喜欢薯条产品，特别是小薯条和大薯条等具体零食品类。",4,complete
1881183,"喜欢：用户偏好生鲜超市品类（如盒马），关键词包括""盒马""和""通用""，品牌倾向盒马，使用场景涉及在线购物和支付服务（如支付宝），体现对便捷、日常消费的兴趣。

不喜欢：用户不喜欢快餐品类（如小食组合和麦当劳），以及出行服务（如滴滴出行）和优惠券相关商品（如消费券），基于未点击行为与点击特征相反。",4,complete
1471402,"喜欢：用户偏好旅行预订和在线娱乐品类（如火车票和B站优惠），关键词包括推广、日常、运动、理财，品牌如飞猪、华为、荣耀honor，使用场景涉及日常消费（如早饭和小吃）、健身活动（如健身俱乐部和集步任务）以及公益参与（如芭芭农场和蚂蚁森林）。

不喜欢：用户不喜欢农夫山泉品牌，基于未点击该饮料促销商品的行为，反映出对类似饮品或折扣活动的抵触。",4,complete
695457,"喜欢：该用户偏好餐饮品类中的茶饮和优惠活动，关键词如优惠券和发券，品牌如古茗，使用场景包括在线支付（如支付宝、花呗）和外卖服务（如美团、搜索关键词外卖），并涉及出行相关服务（如哈啰出行、骑行）。

不喜欢：该用户不喜欢汉堡王品牌及其鸡腿类快餐食品（如椒香鸡腿、全牛肉堡），基于未点击行为与点击的茶饮和优惠券形成鲜明对比。",4,complete
1077263,"喜欢：用户偏好消费券类优惠，特别是高立减金额（如立减6元）的滴滴出行服务，偏好品类为出行和餐饮（如滴滴出行、麦当劳），关键词包括消费券和立减，品牌如滴滴出行，使用场景在移动支付平台（如支付宝）获取即时优惠。

不喜欢：用户不喜欢搜索品牌发券（如立减金额较小的滴滴出行优惠）和0元中可类型的优惠（如麦当劳的），表明对低价值优惠或特定品牌推广不感兴趣。",4,complete
271963,"喜欢：偏好品类包括生活用品（如帆布袋）、食品（如零食、糕点）和鞋子（如运动鞋、休闲鞋）；关键词涉及支付宝、消费券和优惠券；品牌偏好漫步者、支付宝相关服务；使用场景聚焦在线购物、付邮购服务和数字支付（如生活缴费、理财）。

不喜欢：不喜欢话费充值（如手机充值、1元话费券）、特定优惠券（如消费券立减）和出行服务（如滴滴出行），基于未点击商品中的手机充值、话费券和滴滴出行实体特征。",4,complete
769513,"喜欢：用户偏好优惠券（如消费券、话费券）、生活日用品（纸巾、毛巾、牙刷）、电子产品（电风扇、手机支架）、食品饮料（咖啡、水果）和出行服务（打车、顺风车）；关键词包括消费、优惠、健康、出行；品牌如屈臣氏、京东到家、鲜丰水果、农夫山泉、Tims咖啡；使用场景涉及日常购物（便利店支付）、出行通勤（地铁、打车）、娱乐消费（电影票）和公益参与（蚂蚁庄园）。

不喜欢：用户不喜欢快餐食品，特别是汉堡王的外送活动餐套餐；关键词如汉堡王、外送、活动餐；品牌汉堡王；使用场景为外卖快餐消费（如双人餐、4件套）。",4,complete
1558755,"喜欢：用户偏好出行服务品类，关键词包括出行、滴滴出行、飞猪、酒店、机票、门票，品牌为滴滴出行和飞猪，使用场景涉及旅行交通优惠如打车券包和酒店预订。
不喜欢：用户不喜欢花小猪打车、食品优惠（如德克士）、话费券、电影票、货运服务（如货拉拉）、租车服务等与点击行为相反的特征。",4,complete
154,"喜欢：该用户偏好乳制品品类（特别是牛奶），关键词包括""悦鲜活""、""官方旗舰""和""牛奶""，品牌为悦鲜活，使用场景为日常健康饮品消费（如家庭饮用或营养补充），基于点击商品和搜索行为（如""悦鲜活鲜牛奶8瓶""、""有机奶""搜索）。

不喜欢：基于未点击商品与点击行为相反的特征，用户不喜欢快餐（如汉堡王鸡条、小皇堡）、零食（如五香味瓜子）、日用品（如抽纸、拖鞋）及娱乐产品（如电影票），这些商品在未点击列表中频繁出现（如汉堡王套餐、洽洽瓜子、纸巾类）。",4,complete
778015,"喜欢：用户偏好家居清洁用品（如抽纸品类，品牌俏牌）和饮用水（品牌农夫山泉），关注特价促销（如""好物优选""、""满50减6""关键词）和性价比，使用场景为日常必需品采购，体现对实用、低价生活用品的兴趣。

不喜欢：用户对快餐（汉堡王套餐）、咖啡（Tims咖啡）、茶饮（古茗）及顺风车服务（哈啰顺风车）不感兴趣，避免外出餐饮、休闲食品和优惠券活动（如""下午茶""、""活动餐""关键词），反映对非必需消费的排斥。",4,complete
1038602,"喜欢：该用户偏好食品类（如汉堡套餐、花生、矿泉水）、日用品（如纸巾、洗衣液、雨伞）、电子产品（如蓝牙耳机、迷你电风扇）和服装（如短袖T恤），关键词包括消费券、付邮购、支付宝和成功，品牌倾向麦当劳、汉堡王、农夫山泉、维达、海飞丝和昆仑山，使用场景涉及线上支付优惠、快递服务、话费充值及公益参与（如蚂蚁庄园）。

不喜欢：该用户不偏好控油蓬松洗发水（与点击的普通海飞丝套装相反）、纯棉材质服装（与点击的莫代尔短袖相反）、大型家用风扇（与点击的迷你风扇相反）、多人餐饮套餐（如双人汉堡餐与外送服务，与点击的单人餐相反），以及试用产品和特定支付券服务（如杰士邦试用和菜鸟裹裹支付券）。",4,complete
1931758,"喜欢：用户偏好在线充值服务（如话费充值和加油卡充值），品牌包括京东到家和车行易，关键词涉及权益、优惠和充值，使用场景为日常支付、出行消费和省钱平台优惠，体现对实用金融服务的兴趣。
不喜欢：用户不倾向通用消费券（如支付宝商家券）、特定出行服务（如滴滴出行）以及食品类产品（如牛奶），基于未点击行为中与点击的充值服务相反特征。",4,complete
1665188,"喜欢：用户偏好出行服务品类，特别是打车相关服务，关键词包括优惠券、立减、打车券包等折扣特征，品牌集中于花小猪打车和滴滴出行，使用场景为日常出行费用节省和便捷打车需求。

不喜欢：用户不喜欢阳光出行、高德等品牌的出行服务优惠券，以及顺风车、商家券等特征，基于未点击商品中与点击行为相反的品牌和折扣类型。",4,complete
314386,"喜欢：用户偏好出行服务品类（如交通出行），关键词包括出行、消费券、优惠券（从搜索关键词""出行""、""出行优惠券""、""消费券""等体现），品牌为滴滴出行（从点击商品实体词""滴滴出行""确认），使用场景涉及日常交通消费和优惠活动（交易行为中""滴滴出行""、""乘车码""等支持）。

不喜欢：用户不喜欢曹操出行品牌（从未点击商品实体词""曹操出行""体现），以及支付宝专享服务（从未点击商品实体词""支付宝""和标题""支付宝专享""推断），表明对替代出行品牌和特定支付平台优惠不感兴趣。",4,complete
487367,"喜欢：偏好清洁用品品类，特别是洗衣液；关键词如洗衣液；品牌如麦谷优品；使用场景如家庭清洁和日常洗涤。
不喜欢：基于未点击商品，不喜欢纸巾类产品（如抽纸）和电风扇类产品。",4,complete
1585627,"喜欢：该用户偏好出行服务品类（如打车、租车、单车），关键词包括优惠券、立减、支付券和出行，品牌涉及花小猪、滴滴出行、高德和曹操出行，使用场景为交通出行节省费用和日常通勤优惠。

不喜欢：该用户不喜欢家居用品（如厨房用具）、娱乐票务和快递服务品类，关键词包括硅胶锅、电影优惠券和寄件，品牌如炊大皇和维达，使用场景为家居购物和娱乐消费。",4,complete
1191642,"喜欢：偏好品类为电子产品（如运动蓝牙耳机），关键词包括付邮和消费券，品牌如几羊嗨购，使用场景涉及运动健身（基于点击商品和服务使用实体如支付宝运动、健身服务）。
不喜欢：偏好品类为出行服务和家电（如滴滴出行和静音电风扇），关键词如立减，品牌如滴滴出行和艾唯，使用场景包括出行和家庭生活（基于未点击商品与点击行为相反的特征）。",4,complete
132833,"喜欢：该用户偏好电子产品（如智能手机、耳机、电风扇）、日用品（洗衣液、抽纸、洗手液）和出行服务（火车票、汽车票），关键词包括消费券、付邮、特价、推广和日常，品牌如华为、飞猪、几羊嗨购、好物优选和乐美优品，使用场景涉及出行预订、日常购物和优惠促销活动。

不喜欢：基于未点击商品，用户不喜欢特定品牌如海飞丝、乐扣乐扣和米鲸优选，产品如垃圾袋、保鲜盒、空气循环扇、伞和玻璃杯，以及服务如滴滴出行，这些特征与点击行为中偏好的飞猪出行、几羊嗨购日用品和优惠方式相反。",4,complete
939139,"喜欢：用户偏好出行服务（如滴滴出行），关键词包括打车、公交、骑行，品牌如滴滴出行，使用场景为日常通勤和优惠消费，偏好优惠券品类（消费券、立减），体现节省开支需求。

不喜欢：用户不喜欢折扣幅度较小的优惠券（如立减5元），或特定促销包装（如聚惠、悦享），基于未点击商品与点击行为（立减6元）的对比。",4,complete
223659,"喜欢：该用户偏好旅游预订品类（如火车票加速服务），关键词包括火车、加速、租赁和免押金，品牌如B站和飞猪，使用场景为日常推广活动和出行预订，基于点击行为（火车票预订加速）及搜索（租手机平台、铁路）和服务使用（火车票、租赁服务）数据。

不喜欢：基于未点击商品（如通用券、矿泉水、麦当劳优惠），用户不喜欢通用优惠券（如5元通用券）、日常消费品（如百岁山矿泉水）以及特定餐饮优惠（如老乡鸡发券），这些特征与点击的特定服务推广（火车加速）相反。",4,complete
166196,"喜欢：偏好出行服务品类（如打车、油卡支付），关键词包括立减、出行、油卡，品牌如滴滴出行、中国石油、高德，使用场景涉及日常通勤和支付优惠（如消费券立减、油卡充值）。
不喜欢：基于未点击商品，不喜欢非出行相关品类（如火车票、食品优惠、试用产品），关键词如火车、酒店、食品，品牌如飞猪、麦当劳，使用场景偏离核心出行需求（如火车旅行、快餐消费）。",4,complete
1887953,"喜欢：用户偏好零食品类（特别是瓜子如五香味瓜子、焦糖瓜子），关键词包括芭芭农场、消费券和租赁服务（如免押租机），品牌如洽洽，使用场景涉及休闲零食消费（如在家享用）、生活缴费（如电费、燃气费）和公益参与（如芭芭农场种树、捐步）。

不喜欢：用户不喜欢快餐食品品类（特别是汉堡王品牌的鸡腿、汉堡和薯条），这与点击的休闲零食特征相反，表明对快餐外送、活动餐和多人套餐缺乏兴趣。",4,complete
1452792,"喜欢：该用户偏好食品饮料（如茶饮料、冰红茶、汉堡、薯条）、零食和粮油调味品类，关键词包括支付宝专享、优惠券、满减和买一送一，品牌如康师傅、麦当劳、盒马和百联到家，使用场景涉及在线购物、外卖点餐、移动支付优惠和家庭日常消费。

不喜欢：基于未点击商品，用户不喜欢特价付邮商品（如抽纸）、公域推广的电影优惠券以及直接粮油调味商品（而非优惠券形式），表明对非优惠券促销、特定推广方式和直接日常用品购买不感兴趣。",4,complete
774726,"喜欢：用户偏好快餐小吃品类（如薯条和新地）、无糖饮料（如乌龙茶），关键词涉及""支付宝""支付和""无糖""，品牌包括麦当劳、三得利和良品铺子，使用场景为通过支付宝在快餐店进行简单即时消费。

不喜欢：用户不喜欢运动饮料（如脉动）、麦当劳组合套餐（如鸡腿堡和麦旋风）、促销活动（如买一送一）以及纸巾等家居用品，基于未点击商品中与点击行为相反的特征。",4,complete
791134,"喜欢：用户偏好日用品品类如洗衣液（薰衣草和艾草类型，品牌包括麦谷优品、爱家达人、持家达人、几羊嗨购）和纸巾（软抽纸，品牌如舒可乐），小家电如静音电风扇（品牌艾唯达），以及电子产品如骨传导耳机（品牌持家达人）；关键词涉及""付邮领""、""消费券""、""付邮购""等优惠活动；使用场景聚焦家庭清洁（洗衣液）、个人卫生（纸巾）和降温需求（电风扇），同时快餐如麦当劳0元中可产品也受青睐。

不喜欢：用户不感兴趣出行服务如火车票（品牌纵航、同程）和打车/顺风车（品牌哈啰），食品如粽子（品牌五芳斋）和小杨生煎超值餐，数字服务如话费券，会员服务（品牌优品租），以及特定快餐如麦当劳麦辣鸡腿汉堡和圆筒，电影票（品牌大淘）；这些特征与点击行为相反，体现对出行、特定餐饮和数字优惠的回避。",4,complete
1051246,"喜欢：该用户偏好餐饮小吃品类（如老乡鸡），关键词包括优惠券和红包（从搜索""红包""和点击""发券""体现），品牌偏好老乡鸡（点击商品实体词），使用场景为日常消费和促销活动（点击标题""日常A""和""发券""相关）。

不喜欢：用户不喜欢凉拖鞋、旧衣回收服务和电风扇等品类（从未点击商品实体词""踩屎感凉拖鞋""、""爱裹旧衣服回收""和""静音电风扇""推断），这些特征与点击的餐饮优惠行为相反。",4,complete
87524,"喜欢：用户偏好纸巾品类（如纸抽），关键词包括付邮领和消费券，品牌如舒可乐，使用场景涉及日常家庭清洁和消耗品购买，基于点击的舒可乐纸巾商品及交易行为中的清洁剂、洁厕灵等实体。

不喜欢：用户不喜欢出行服务（如滴滴出行）、话费券以及娱乐内容（如三体），这些特征与未点击商品中的实体相反，区别于点击的纸巾促销行为。",4,complete
652390,"喜欢：用户偏好话费充值服务（如手机充值、充值话费），日常家居用品如抽纸（品牌如俏牌），以及速食食品如方便面（品牌如白象），关键词包括特价、好物优选、汤好喝和权益，使用场景涉及在线消费、权益活动和速食需求。

不喜欢：用户对消费券促销（如滴滴出行消费券）、非核心品类如拖鞋（宇航员踩屎感拖鞋），以及付邮购方式的商品（如付邮领纸巾）表现出不感兴趣。",4,complete
1632659,"喜欢：用户偏好出行服务品类（如打车），关键词包括优惠券、立减和红包，品牌如滴滴出行，使用场景涉及使用优惠券进行支付和交通出行优惠活动。

不喜欢：用户不喜欢食品品牌如周黑鸭，以及话费相关优惠券，基于未点击行为中与点击出行优惠相反的特征。",4,complete
316591,"喜欢：该用户偏好旅行服务品类如火车票和机票，关键词包括火车、推广、代金券和全国话费充值，品牌如B站、飞猪、同程和煜鑫百货商行，使用场景集中于日常消费推广、旅行预订和在线话费充值。

不喜欢：该用户对打车服务品类如打车券、盒马超市商品如通用和精选、特定品牌火车票如纵航，以及小金额话费券如0.5元不感兴趣。",4,complete
1229517,"喜欢：用户偏好出行相关服务品类（如火车票、滴滴出行），关键词包括消费券、火车票、纯牛奶，品牌如蒙牛、滴滴出行、飞猪，使用场景涉及交通出行优惠和日常食品消费。
不喜欢：用户对个人护理产品（如避孕套）和纸巾类产品（如纸抽）不感兴趣，尤其避免试用和付邮领的此类商品。",4,complete
1841052,"喜欢：偏好出行服务品类如打车（花小猪打车、滴滴出行），快餐品牌如麦当劳（尤其小薯条和饮料），使用场景涉及消费券优惠（如满减、折扣）和支付宝支付，关键词包括红包、消费款，品牌还包括支付宝，场景聚焦于日常通勤和快餐消费。

不喜欢：不喜欢哈啰打车品牌，麦当劳的汉堡和薯条产品（如麦辣鸡腿汉堡、大薯条），以及滴滴出行的特定优惠形式（如搜索品牌发券、立减），偏好更低的折扣而非95折或买一送一形式。",4,complete
658012,"### 用户兴趣偏好总结（场景4）
喜欢：用户偏好话费充值（如小额2-3元券）、纸巾（如抽纸、毛巾）和雨伞等日常用品品类，关键词包括特价、繁星、公益和门槛，品牌如三体、麦当劳、心相印和中国石油，使用场景涉及支付宝消费券、油卡支付、公益捐赠（如捐步）和理财服务。

不喜欢：用户不喜欢饮料品牌（如益禾堂和东鹏特饮）、大桶洗衣液、电影票和宇航员拖鞋等商品，尤其对0.5元和5元话费券（与点击的2-3元小额券相反）以及特定服务如违章代办不感兴趣。",4,complete
985488,"### 用户兴趣偏好总结（场景4）
喜欢：用户偏好饮品（如三得利无糖乌龙茶）、零食（如良品铺子）、生鲜食品（如叮咚买菜、盒马阳光玫瑰青提）、出行服务（如滴滴出行、飞猪旅行）、外卖餐饮（如麦当劳）、快递服务（如申通快递）和鲜花（如花晴伊），关键词集中于消费券、优惠券和立减折扣，品牌包括三得利、良品铺子、滴滴出行、京东到家、盒马和花晴伊，使用场景涵盖购物（京东到家）、出行（打车、酒店预订）、餐饮（早餐、外卖）和生活服务（快递、缴费）。

不喜欢：用户不喜欢特定快递服务（如顺丰速运、圆通快递）、出行优惠（如滴滴出行立减5元券包）、票务服务（如汽车票、火车票、电影票）、零食（如菠菜小麻花、燕麦巧克力酥）、健康产品（如N95口罩）以及活动类商品（如蛋糕活动、民宿券），这些特征与点击行为相反，表现为避免非偏好品牌（如港伯零食）和特定折扣形式（如寄递有礼满减）。",4,complete
1291967,"喜欢：用户偏好出行服务（如滴滴出行消费券）、美容护肤（蜜丝婷防晒喷雾）和快递支付优惠（菜鸟裹裹支付券），关键词包括消费券、防晒、出行；品牌倾向滴滴出行、蜜丝婷、菜鸟裹裹；使用场景涉及夏季防晒、日常通勤和在线快递服务，基于点击行为和交易实体中的夏季、滴滴出行等特征。

不喜欢：用户不喜欢纸巾产品（如手帕纸）、电影票优惠、食品一人食套餐（如必胜客）、家居用品（如电风扇、卷纸）和话费券，这些未点击商品特征与点击行为相反，表明对非出行相关优惠、娱乐消费及特定日用品缺乏兴趣。",4,complete
16180,"喜欢：用户偏好快餐小吃品类，特别是麦当劳品牌的小食组合；关键词包括""麦当劳""和""小食""；使用场景涉及外卖点餐和快餐消费，支持数据包括交易行为中的""外卖订单""、服务使用中的""外卖平台""和""饿了么""，以及搜索关键词中的""麦当劳""和""叮咚买菜""。

不喜欢：用户不喜欢日用品（如牙膏、洗衣液）和非快餐类产品（如生煎、牛奶），以及非小食类的麦当劳产品（如小薯条、圆筒）；基于未点击商品中与点击行为相反的特征，避免品牌如""舒适达""、""奥妙""、""小杨生煎""、""盒马""和服务类如""滴滴出行""、""快递""。",4,complete
112423,"喜欢：用户偏好出行服务品类（如打车、寄快递），关键词包括消费券、支付宝和聚合优惠，品牌如哈啰和支付宝，使用场景涉及出行便利（如使用打车服务）和优惠券应用（如消费券核销）。

不喜欢：用户不喜欢生鲜电商品类（如叮咚买菜）、食品折扣（如菠萝派）、话费相关（如话费券）及家居用品（如拖鞋），这些特征与点击行为中的出行和优惠券偏好相反。",4,complete
858566,"喜欢：用户偏好金融类产品如消费券和话费券（基于点击行为），饮料品牌如东鹏特饮（点击东鹏饮料），以及文化娱乐内容如""三体""（可能指书籍或IP）；在服务使用中，频繁涉及支付宝相关功能（如公益种树、蚂蚁庄园、支付宝运动），偏好公益慈善（捐赠、捐步）和家庭生活场景（从交易行为可见纸巾、沐浴露、保鲜膜等日用品）；搜索关键词显示兴趣在理财、外卖和家居设备（脱排油烟机），品牌包括支付宝和中国移动，使用场景覆盖日常支付、在线消费和家庭维护。

不喜欢：基于未点击商品，用户对快餐餐饮如汉堡王的鸡腿、汉堡套餐（椒香鸡腿、狠霸王牛3件套）和咖啡（Tims）不感兴趣，回避活动餐、4件套等快餐组合，反映出对快餐品类、咖啡品牌及外送服务的低偏好。",4,complete
1622952,"### 用户兴趣偏好总结（场景4）
喜欢：用户偏好优惠券驱动的消费，如满减、立减消费券（关键词），尤其针对出行服务（滴滴出行）和日用品（维达、俏牌抽纸），品牌包括屈臣氏、东鹏饮料（东鹏特饮），使用场景聚焦日常实惠购物（如纸巾采购）和出行支付（如滴滴打车优惠）。  
不喜欢：用户不倾向于快餐食品（汉堡王的鸡腿、双人餐等品类），以及非偏好品牌的优惠（农夫山泉、古茗茶饮），关键词如活动餐、话费充值，使用场景避开餐饮外卖和特定服务（如高德出行券）。",4,complete
1979339,"喜欢：用户偏好出行服务品类，特别是滴滴出行品牌，关键词包括出行、券包、立减和发券，使用场景为日常打车优惠和通勤需求，基于点击的滴滴打车券包行为（如100元券包和7折券包），并得到交易实体（如滴滴专车、停车费用）和搜索关键词（如交通违章查询、代驾）的支持。

不喜欢：用户不喜欢通用消费券（如满减消费券）、家庭清洁用品（如洗衣液）以及火车旅行相关产品（如火车票），基于未点击商品（如消费券满减版、艾草洗衣液、火车推广券）中与点击行为相反的特征（即非滴滴出行专属优惠或非出行核心品类）。",4,complete
149345,"喜欢：用户偏好快餐小吃品类（如麦当劳的汉堡和饮品），出行服务（如曹操出行和滴滴出行的打车服务），关键词包括消费券、支付宝专享和立减优惠，品牌涉及麦当劳、曹操出行、滴滴出行、支付宝和沪上阿姨，使用场景为通过支付宝平台获取餐饮优惠和日常通勤出行折扣。  
不喜欢：基于未点击商品，用户避免出行服务如哈啰打车和高德打车，不偏好汉堡王食品（如华夫筒和小薯条），不感兴趣快递服务、租车服务或特定优惠如滴滴租车和快递寄件。",4,complete
1600091,"喜欢：用户偏好日常消费类产品，特别是纸巾品类如手帕纸，青睐品牌维达和得宝，对关键词如试用、0元付邮和消费促销活动感兴趣，使用场景集中于日常用品优惠体验和线上试用活动。

不喜欢：用户对电影票相关商品不感兴趣，如淘电影票服务，基于未点击行为与点击偏好相反的特征。",4,complete
930666,"### 用户兴趣偏好总结（场景4）

喜欢：偏好品类为出行服务（如打车）和快餐食品，关键词包括消费券、立减优惠和品牌专属活动，品牌如滴滴出行、花小猪打车和麦当劳（尤其板烧鸡腿堡套餐），使用场景集中于日常通勤和快餐消费，常用支付宝支付并搜索相关优惠。

不喜欢：基于未点击行为，不偏好百分比折扣券包（如7折或100元券包）、电影票务、快递服务，以及麦当劳小食（如薯条和圆筒），对高德打车、京东到家和屈臣氏等品牌兴趣较低。",4,complete
677507,"喜欢：用户偏好生鲜食品品类（如叮咚买菜服务），关键词包括消费券、旧衣服回收和胡姬花花生油，品牌方面青睐胡姬花，使用场景集中于家庭购物优惠（消费券）、环保回收（旧衣服回收）和日常烹饪（食用油），基于点击行为体现对优惠券、生鲜配送及环保活动的兴趣。

不喜欢：用户对出行服务（如滴滴出行）、快餐品牌（如麦当劳和小杨生煎）、电影娱乐（如电影票）及家电产品（如电风扇）不感兴趣，基于未点击商品中与点击行为相反的特征，即未选择出行券、快餐套餐或娱乐优惠。",4,complete
392463,"喜欢：该用户偏好出行服务品类（如打车），关键词包括出行、优惠券、立减，品牌如滴滴出行和高德打车，使用场景为日常通勤省钱优惠，体现对打车券包的强烈兴趣。

不喜欢：基于未点击商品特征，用户不喜欢电单车骑行和麦当劳相关优惠，表明对骑行工具及快餐品类缺乏兴趣。",4,complete
993147,"喜欢：用户偏好家居清洁品类，特别是大桶洗衣液（如薰衣草洗衣液），关键词包括消费券和付邮优惠，品牌如几羊嗨购和哈啰顺风车，使用场景涉及日常清洁和出行服务优惠。

不喜欢：用户不喜欢其他品牌的清洁产品（如雕牌透明皂和舒肤佳香皂），以及出行服务（如花小猪打车和滴滴出行），同时避免电子产品（如静音电风扇）和纸巾（如纸抽），这些特征与点击行为相反。",4,complete
491942,"### 用户兴趣偏好总结（场景4）
喜欢：用户偏好优惠券和茶饮品类，特别是古茗品牌；关键词集中于消费券、红包和本地促销；使用场景涉及附近消费和即时优惠，如""附近发券""的本地化活动。

不喜欢：用户不喜欢快餐套餐品类（如汉堡王的椒香鸡腿、双人餐和活动餐），以及农夫山泉饮料和话费券；品牌上回避汉堡王，使用场景上排斥外送套餐和话费相关优惠。",4,complete
1137227,"喜欢：用户偏好洗衣液品类（如薰衣草洗衣液和大桶洗衣液），关键词包括消费券和付邮（暗示优惠和免邮），品牌如几羊嗨购，使用场景涉及家庭清洁和洗涤衣物，基于点击商品和交易行为中的洗衣服、洗碗布等实体。

不喜欢：用户不喜欢调味品（如芝麻油）、快餐食品（如火腿扒麦满分组合）和家电（如静音电风扇），这些特征与未点击商品中的金龙鱼、麦当劳、艾唯达等品牌形成对比，且与点击的清洁用品兴趣相反。",4,complete
1036387,"### 用户兴趣偏好总结（场景4）
喜欢：用户偏好出行服务品类，关键词包括滴滴出行、消费券、满减，品牌为滴滴出行，使用场景涉及出行优惠和折扣券使用（如点击滴滴出行7折券包）。  
不喜欢：用户不喜欢快餐食品和饮料品类，关键词如汉堡王、农夫山泉，品牌为汉堡王、农夫山泉，使用场景为外卖餐食和日常消费（如未点击汉堡王餐食和农夫山泉商品）。",4,complete
272929,"喜欢：用户偏好快餐品类，特别是麦当劳品牌的产品（如大薯条和饮料），关键词包括支付宝（用于支付或优惠活动），使用场景为餐饮消费和即时优惠（如0元促销），基于点击行为中反复出现的麦当劳实体和支付宝关联。

不喜欢：用户不喜欢其他快餐品牌（如汉堡王和全家）及非偏好品类（如牛奶、乌龙茶或甜点），也不喜欢小份产品（如小薯条）或特定麦当劳变体（如汉堡或菠萝派），基于未点击商品中与点击行为相反的特征（如未点击小薯条、汉堡王薯条或悦鲜活牛奶）。",4,complete
888651,"喜欢：用户偏好使用支付宝平台获取快递服务和快餐优惠，如菜鸟裹裹上门取件和麦当劳优惠券；偏好品类包括在线服务（快递寄送）和快餐，关键词如优惠、支付券、上门取件，品牌如支付宝、菜鸟裹裹、麦当劳，使用场景为在线消费优惠获取和快递便捷寄送。

不喜欢：用户不喜欢便利店优惠（如全家干面荟）、婴儿护理产品（如手口湿巾）、纸巾类商品（如抽纸）、特定饮料（如怡宝纯净水、麒麟红茶）、家居用品（如凉水壶）以及其他快递服务（如申通、圆通），这些特征与点击行为中偏好的快递优惠和麦当劳优惠形成鲜明对比。",4,complete
1318293,"喜欢：用户偏好品类包括出行服务（如打车、汽车票）、快餐食品（如薯条、圆筒）和饮品（如咖啡、茶饮）；关键词如优惠券、出行；品牌如麦当劳、花小猪、CoCo都可；使用场景涉及日常通勤、餐饮消费和家庭清洁（如洗衣液）。

不喜欢：用户不喜欢麦当劳的小食组合，对花小猪打车的特定折扣（如30-4或50-8）不感兴趣。",4,complete
1441371,"喜欢：偏好品类为出行服务（如打车、单车）和快餐小食（如薯条、粥油条组合），关键词包括支付宝专享、优惠券、出行，品牌涉及曹操出行、滴滴出行、阳光出行、麦当劳，使用场景为日常通勤和快餐消费通过支付宝平台获取即时优惠。

不喜欢：基于未点击商品中与点击行为相反的特征，不喜欢电影娱乐服务（如电影优惠券）、火车出行（如飞猪火车券）以及麦当劳的双人餐食和特定促销（如圆筒买一送一），反映出对娱乐消费、长途交通和共享餐食的缺乏兴趣。",4,complete
1863315,"喜欢：用户偏好火车票品类，关键词包括火车、推广、券，品牌如纵航、飞猪、同程，使用场景涉及旅行和日常交通（如点击火车票推广券和代金券商品）。
不喜欢：用户不喜欢汽车票品类，基于未点击汽车票相关商品（如汽车票券和汽车票标题），反映出对汽车交通服务的低兴趣。",4,complete
394798,"喜欢：用户偏好快餐食品品类，特别是汉堡、薯条、甜点和零食组合，关键词包括麦当劳、支付宝、双人餐和买一送一，品牌以麦当劳为主（如麦辣鸡腿堡、香芋派），使用场景为点餐消费（通过支付宝）和零食时间，还涉及出行服务如滴滴单车周卡。

不喜欢：用户不喜欢家用日用品品类如纸巾、洗发水和保鲜盒，关键词如消费券、付邮购用于纸品或饮料但未点击，品牌如维达、良品铺子（如乌龙茶、小鱼仔），使用场景为家庭清洁（如抽纸、湿巾）和出行服务如火车票或酒店预订，与点击的快餐和零食行为相反。",4,complete
1549231,"喜欢：该用户偏好纸巾品类（如纸抽），关键词包括付邮领和消费券，品牌倾向舒可乐，使用场景聚焦日常生活优惠获取（如通过免费或低价方式获取日用品）。

不喜欢：该用户不喜欢维达品牌的超韧抽纸品类，以及夏促促销方式（如夏季折扣活动）。",4,complete
1230726,"喜欢：用户偏好出行服务品类，特别是打车和网约车（如滴滴出行、花小猪打车），关键词包括优惠券、消费券、立减券和红包，品牌涉及滴滴出行、京东到家，使用场景为日常出行优惠消费和积分兑换活动。

不喜欢：基于未点击商品，用户不喜欢家居清洁品类（如洗衣液），关键词如付邮购、薰衣草洗衣液，品牌如麦谷优品，使用场景为家庭清洁和邮购促销。",4,complete
1666659,"喜欢：用户偏好家居用品品类（如宇航员踩屎感拖鞋和软抽纸巾），关键词包括宇航员、消费券、付邮购，品牌涉及乐美优品、沃尔玛和舒可乐，使用场景集中于京东到家在线购物、沃尔玛专享优惠和消费券付邮领促销活动。

不喜欢：用户不喜欢快餐食品品类（如麦当劳小食组合）和出行服务（如滴滴出行消费券），尽管有消费券和立减优惠，但未点击这些商品，反映出对特定食品和服务的回避倾向。",4,complete
118386,"喜欢：偏好品类包括厨房用品（如菜刀）和出行服务（如滴滴出行），关键词涉及出行、交通和优惠活动（如消费券、付邮），品牌偏好为几羊嗨购，使用场景集中于家用厨房和日常交通出行。

不喜欢：基于未点击商品特征，用户不偏好纸巾产品（如维达抽纸）、鞋类（如拖鞋）和清洁用品（如洗衣液），这些与点击的厨房和出行主题形成明显反差。",4,complete
478826,"喜欢：用户偏好出行服务品类（如打车、火车票预订和门票），关键词包括消费券、加速和立减券，品牌如花小猪打车、飞猪和滴滴出行，使用场景主要为旅行票务预订和城市短途出行（基于点击商品标题如花小猪打车优惠券、飞猪火车票加速，以及搜索关键词打车券、火车票）。

不喜欢：用户不喜欢小额出行优惠（如3元火车优惠）和顺风车服务（如哈啰顺风车），基于未点击商品标题如火车3元优惠和顺风车通用券，与点击行为中偏好大额折扣和特定出行类型相反。",4,complete
1289858,"喜欢：用户偏好出行服务品类（如打车和网约车），关键词包括消费券、平台券、滴滴出行和京东到家，品牌如滴滴、京东和飞猪，使用场景为日常出行优惠和在线购物消费。

不喜欢：用户不喜欢租车服务、快递服务和电影娱乐品类（基于未点击商品与点击行为相反），关键词如租车、快递和电影优惠，品牌如舒肤佳、麦当劳和花小猪，使用场景包括租车、寄件和电影观看。",4,complete
1594196,"喜欢：用户偏好品类包括交通出行（如打车、火车票）、娱乐（如电影票）、餐饮（如咖啡、快餐）和快递服务；关键词涉及优惠券、折扣、打车、火车票、电影票；品牌偏好花小猪、飞猪、同程、Tims、汉堡王、高德；使用场景为日常出行（如通勤、旅游）、在线娱乐（如观影）、餐饮消费（如下午茶）和快递寄送（如上门取件）。

不喜欢：基于未点击行为，用户不喜欢高门槛优惠券（如满120减15元电影票）和特定折扣率的服务（如89折打车），偏好更直接或低门槛的优惠。",4,complete
361613,"喜欢：偏好快餐食品和奶茶饮料品类，关键词如支付宝优惠券、学生折扣和买一送一，品牌包括麦当劳和沪上阿姨，使用场景为餐饮外卖和数字支付消费（如通过支付宝点餐和领取优惠）。

不喜欢：对非餐饮类商品如纸巾、电影票和打车服务品类不感兴趣，关键词如付邮试用和通用券包，品牌如维达和汉堡王，使用场景涉及生活服务（如快递寄件）和出行促销（如火车票和打车券）。",4,complete
1200446,"喜欢：用户偏好饮料品类（如冰红茶和可乐），关键词包括免费（如""0元中可""）和促销（如""付邮购""），品牌如康师傅和麦当劳，使用场景为通过支付宝平台参与限时消费活动（如支付宝红包和促销商品）。

不喜欢：用户不喜欢早餐类产品（如麦当劳的火腿扒麦满分和原味板烧鸡腿麦满分组合），基于未点击商品中与点击饮料行为相反的早餐特征。",4,complete
900381,"喜欢：用户偏好出行服务品类，特别是打车优惠；关键词包括出行、打车、券包、立减；品牌偏好滴滴出行和高德打车；使用场景涉及日常通勤和优惠出行，如通过券包节省出行成本。

不喜欢：基于未点击行为，用户不喜欢租车服务（如滴滴租车）、在线购物配送（如京东到家）、电影娱乐（如大淘电影票）、大件家居清洁用品（如10斤洗衣液）和通信话费券。",4,complete
982742,"喜欢：该用户偏好优惠券（如消费券、电影优惠券）、出行服务（滴滴出行）、快餐（麦当劳）和话费充值；关键词包括消费券、麦当劳、电影优惠；品牌如麦当劳、滴滴出行、支付宝；使用场景涉及日常消费（如早餐、外卖）、移动支付（红包、公交）和娱乐（电影）。

不喜欢：基于未点击商品，用户不喜欢火车票相关服务（如同程、飞猪）、特定出行服务（如花小猪打车、高德）、直接电影票购买（如千猪电影票）以及纸巾类商品（如舒可乐纸巾）。",4,complete
1616145,"喜欢：用户偏好优惠券（如消费券）和打车服务（如滴滴出行），关键词包括现金、消费券、滴滴出行，品牌如滴滴出行和支付宝，使用场景涉及出行支付和即时减免优惠（如立减活动），基于点击行为、搜索关键词（滴滴出行、消费券）及交易实体（打车券、支付宝）体现。

不喜欢：用户不喜欢火车票相关的代金券优惠（如满减形式）及特定旅行平台如同程，与点击的打车服务形成对比，基于未点击商品（同程火车票、代金券）及实体词（火车票、同程）推断。",4,complete
905322,"喜欢：该用户偏好家居用品品类（如保鲜盒），关键词包括付邮送、春季促销、运动、公益和理财（基于点击商品标题和搜索关键词），品牌倾向乐扣乐扣和支付宝相关服务（如余额宝），使用场景涉及日常存储、健康生活管理（如支付宝运动）和公益参与（如公益捐步）。
不喜欢：基于未点击商品，用户不喜欢拖鞋类产品、出行服务券和零食品类（如瓜子），关键词如付邮购、立减券和出行优惠，品牌如乐美优品和洽洽，反映出对非实用家居或非金融公益类产品的低兴趣。",4,complete
570630,"喜欢：偏好品类包括纸巾和茶饮，关键词如茶语、手帕纸、古茗，品牌如心相印、古茗，使用场景涉及日常清洁和饮品消费（如从点击商品中的手帕纸和古茗茶饮推断）。
不喜欢：基于未点击商品，不喜欢快餐和咖啡相关品类，关键词如汉堡王、Tims咖啡，品牌如汉堡王、Tims，使用场景如快餐消费和外送活动餐（从未点击的汉堡王套餐和Tims咖啡商品中与点击行为相反的特征推断）。",4,complete
1259797,"喜欢：用户偏好支付宝相关的促销活动，如麦当劳的麦辣鸡腿汉堡组合和0元中可（可乐），以及乐扣乐扣保鲜盒的付邮送优惠；偏好品类包括快餐汉堡、饮料和家居保鲜盒，品牌集中于麦当劳和乐扣乐扣，关键词涉及支付宝和付邮送，使用场景主要为在线购物、外卖和支付宝支付促销。

不喜欢：用户不喜欢与点击行为相反的特征，如汉堡王的华夫筒（甜点）、舒肤佳香皂（个人护理品）、实惠抽纸（纸品）和麦当劳圆筒买一送一（冰淇淋），表明对甜点、个人护理品、纸品及类似促销形式缺乏兴趣。",4,complete
204089,"喜欢：偏好品类包括快餐（如麦当劳小食组合）、打车服务（如花小猪打车）和电影票优惠，关键词如""优惠券""、""买一送一""和""立减""，品牌如麦当劳、支付宝、花小猪打车和滴滴出行，使用场景涉及小额餐饮消费、便捷出行和娱乐观影。

不喜欢：基于未点击行为，不喜欢高门槛满减优惠（如满80减10电影票）、特定打车服务（如哈啰打车）和粥类食品组合（如雪菜鸡肉粥），使用场景涉及大额消费和特定服务品牌。",4,complete
1616819,"喜欢：用户偏好日常用品品类如纸巾（基于点击商品""舒可乐纸巾""），关键词包括消费券、付邮领（从点击实体词和搜索关键词""消费券""、""红包""、""优惠券""），品牌如舒可乐（点击商品标题），使用场景为通过优惠方式获取低价商品（如付邮领）。

不喜欢：用户不喜欢避孕套和拖鞋等品类（基于未点击商品""杰士邦黄金持久0元试用""和""宇航员踩屎感拖鞋""），与点击行为中日常用品特征相反。",4,complete
1396834,"喜欢：用户偏好出行服务品类，如滴滴出行和花小猪打车的折扣券包（如立减5元、7折优惠），关键词包括消费券、立减和特定折扣（如89折），品牌涉及滴滴出行、花小猪打车、高德和飞猪，使用场景为日常打车、网约车出行和酒店预订（如特色酒店券）。

不喜欢：用户不感兴趣于电单车骑行、火车票代金券及高额券包（如50元或100元），关键词如通用券或话费券，避免骑行、火车出行和话费充值场景（如同程火车票、三体话费券）。",4,complete
147528,"喜欢：偏好品类包括话费充值、消费券和洗衣液（特别是薰衣草类型）；关键词如话费、充值、权益；品牌如麦谷优品（洗衣液）和充小侠（话费服务）；使用场景涉及在线支付、生活用品采购和移动服务消费。

不喜欢：基于未点击商品，用户对健康护理产品（如防蓝光老花镜）、纸巾、饮料（如农夫山泉）和服装（如莫代尔短袖T恤）缺乏兴趣，反映出对非必需日用品和特定品牌（如舒可乐、爱家达）的回避。",4,complete
31348,"喜欢：该用户偏好特价促销的日常家居用品（如抽纸和拖鞋）和食品（如咸鸭蛋），关键词包括""特价""、""流油""和""付邮购""，品牌涉及俏牌、乐美优品、米鲸优选和浪莎，使用场景集中于家庭消费和休闲穿着，基于点击商品和交易行为中的内衣、夏季服装等实体。

不喜欢：该用户对快餐食品（如汉堡王套餐和农夫山泉矿泉水）不感兴趣，表现为未点击商品中与点击行为相反的特征，包括椒香鸡腿、双人餐、全明星套餐等实体。",4,complete
511379,"喜欢：偏好食品品类如牛奶、茶饮、瓜子和日用品如保鲜盒、卷纸，关键词涉及""付邮送""、""立减""、""券包""等促销，品牌包括良品铺子、洽洽、海飞丝和麦当劳，使用场景为日常饮食消费、出行服务（如打车和寄快递）以及支付宝任务互动（如签到和集券）。  
不喜欢：基于未点击商品特征，不偏好某些日用品如洗衣液和透明皂、特定食品如果味茶饮料和盘锦大米，以及出行服务中的火车票和部分快递品牌（如圆通），反映出对家电（如电风扇）和低吸引力促销（如""繁星投放""）的缺乏兴趣。",4,complete
102041,"喜欢：用户偏好洗衣液品类（如10斤装），关键词薰衣草（香型），品牌麦谷优品，使用场景为付邮购在线优惠购物，体现对家居清洁日用品的高性价比需求。  
不喜欢：用户不喜欢抽纸品类和拖鞋品类（如踩屎感拖鞋），尤其排斥""踩屎感""等舒适性特征，以及俏牌、乐美等品牌，反映对纸制品和鞋类产品的低兴趣。",4,complete
1099394,"喜欢：偏好品类为交通出行服务和话费充值，关键词包括话费券、消费券、立减、滴滴出行、顺风车，品牌如滴滴出行、哈啰，使用场景涉及出行优惠（如网约车、单车周卡）和话费节省（如三网话费券）。
不喜欢：偏好品类为电影娱乐、家居清洁和食品，关键词如电影票、洗衣液、拖鞋，品牌如良品铺子、麦当劳，使用场景包括电影消费（如电影优惠券）、家居购物（如付邮购洗衣液）和食品购买（如圆筒买一送一）。",4,complete
355539,"### 用户兴趣偏好总结（场景4）
喜欢：偏好食品饮料品类如纯牛奶和快餐（品牌如特仑苏、麦当劳），出行服务如打车（品牌如曹操出行），娱乐如电影票，以及个人护理如防晒霜；关键词包括支付宝、麦当劳、曹操出行、防晒；使用场景涉及购物支付、餐饮消费、出行打车和防晒护理。

不喜欢：基于未点击行为，不喜欢特定出行服务如滴滴出行（相比曹操出行）、咖啡品牌如Tims咖啡、日用品如抽纸，以及下午茶场景；关键词如滴滴出行、Tims咖啡、抽纸。",4,complete
1219131,"喜欢：用户偏好麦当劳品牌的快餐品类，如大薯条和中杯可乐，关键词包括支付宝（支付方式）和麦当劳（品牌），使用场景为通过支付宝平台购买快餐零食，强调大份量和标准口味。

不喜欢：用户不喜欢小份薯条（如小薯条）、特定口味饮料（如草莓味可乐）和早餐类产品（如麦满分组合），这些特征与点击的大薯条和普通中可形成鲜明对比。",4,complete
1590759,"喜欢：该用户偏好零食品类如瓜子和花生（如洽洽品牌），关键词包括消费券和满减，品牌倾向洽洽、汉堡王和农夫山泉，使用场景为在线购物时利用优惠券购买快餐套餐（如汉堡王狠霸王牛单人餐）和饮料。

不喜欢：该用户不喜欢汉堡王的椒香鸡腿、全牛肉堡、华夫筒等套餐，以及咖啡和茶饮类商品（如Tims咖啡、古茗），表现为未点击这些与点击行为相反的特征（如鸡腿口味、芝士元素、下午茶场景）。",4,complete
1033017,"喜欢：偏好品类包括出行服务和优惠券；关键词涉及搜索、发券、立减；品牌偏好滴滴出行；使用场景为在线搜索优惠和出行省钱，基于点击行为中对滴滴出行优惠券的积极互动。

不喜欢：基于未点击商品，不喜欢其他打车品牌如高德打车和花猪打车、顺风车服务、长途出行如汽车票和火车票、快递服务、以及非相关商品如宇航员拖鞋，这些特征与点击行为中的滴滴出行优惠券形成鲜明对比。",4,complete
818693,"喜欢：用户偏好快餐品类如小食组合和小份薯条，关键词包括支付宝支付和优惠券（如立减），品牌如麦当劳和Tims咖啡，使用场景涉及使用支付宝点外卖或享受出行服务优惠（如滴滴出行券包）。

不喜欢：用户不喜欢较大的食品份量（如大薯条）和特定快餐品类（如菠萝派或麦辣鸡腿汉堡），关键词如通用优惠券，品牌如沪上阿姨的通用服务，使用场景如快递寄件或非特定出行优惠（如滴滴出行消费券）。",4,complete
1744146,"喜欢：用户偏好石油支付服务（如油卡支付）和旅游相关品类，关键词包括""油卡""、""免押租赁""和""上门服务""，品牌涉及中国石油、支付宝和携程，使用场景集中于出行支付（如机场、酒店）和日常缴费（如电费、手机费）。

不喜欢：用户不喜欢快餐食品（如汉堡、鸡腿）和饮料优惠品类，关键词如""活动餐""和""优惠券""，品牌包括汉堡王、Tims咖啡和古茗，使用场景为快餐消费和饮料购买。",4,complete
404627,"喜欢：用户偏好麦当劳品牌的快餐食品，包括汉堡（如麦辣鸡腿汉堡）、薯条（如大薯条）和早餐粥类组合（如雪菜鸡肉粥油条组合），关键词涉及支付宝支付，使用场景集中于餐饮消费和早餐时段，支持品类为快餐小吃。

不喜欢：用户不喜欢汉堡王品牌的快餐（如全牛肉堡套餐或椒香鸡腿）、咖啡（如Tims）、茶饮（如古茗）以及打车服务（如花小猪或滴滴出行），这些特征与点击行为相反，体现对非麦当劳快餐及出行服务的回避。",4,complete
1398001,"喜欢：用户偏好餐饮品类如麦当劳的快餐（如中薯条买一送一、无辣不欢双人餐），出行服务如滴滴出行的消费券和立减优惠，以及快递服务如顺丰速运的运费；关键词包括消费券、立减、买一送一；品牌涉及麦当劳、滴滴出行、支付宝；使用场景集中在日常消费、出行通勤和快递寄送。

不喜欢：用户不喜欢电影票相关的内容，如千猪电影票和大淘电影票，这与点击的餐饮和出行服务形成鲜明对比。",4,complete
791689,"喜欢：偏好快餐品类的老乡鸡品牌优惠券（特别是低额日常券如满10-2元），关键词包括“发券”、“日常”和“平台券”，以及超市购物平台的京东到家和沃尔玛券；使用场景为日常餐饮消费和超市购物。

不喜欢：基于未点击行为，不喜欢高门槛优惠券（如满30-3元）、其他快餐品牌如麦当劳和汉堡王、出行服务如滴滴出行、零食品牌良品铺子，以及非食品商品如拖鞋。",4,complete
329311,"喜欢：该用户偏好出行服务品类，尤其关注滴滴出行品牌，关键词包括出行、立减、消费券、券包，使用场景为日常打车优惠消费，如通过滴滴出行获取立减券和消费券包来降低出行成本。

不喜欢：用户不喜欢其他打车品牌如高德和花小猪，以及非出行相关品类如视频娱乐（芒果TV）、生活日用品（抽纸）和食品（麦当劳），关键词包括高德、花小猪、芒果会员、抽纸，使用场景为娱乐消费或生活购物，与点击行为中专注滴滴出行的特征相反。",4,complete
877651,"喜欢：用户偏好出行服务（如滴滴出行）、消费券和立减优惠，品牌包括支付宝，使用场景涉及在线支付、出行消费和理财管理，关键词如消费券、红包、理财，偏好品类集中于金融优惠和数字服务。

不喜欢：用户不喜欢快餐、饮料和餐饮套餐（如汉堡王、Tims咖啡、农夫山泉），与点击行为相反的特征是餐饮相关优惠，包括下午茶、鸡腿套餐和饮品促销。",4,complete
496346,"喜欢：用户偏好打车出行服务（如滴滴出行、花小猪打车、T3出行）和快餐消费（如麦当劳），关键词包括""买一送一""、""券包""和""出行""，品牌涉及麦当劳、滴滴出行、花小猪打车，使用场景集中于出行打车和快餐优惠消费（如通过支付宝获取促销）。

不喜欢：用户不喜欢立减券形式的打车优惠（如滴滴出行立减券）、飞猪旅行相关服务（如酒店、火车票）、麦当劳早餐类商品（如火腿扒麦满分），以及其他品类如日用品（维达抽纸）和快餐品牌（汉堡王、良品铺子），基于未点击商品中与点击行为相反的特征（如偏好券包而非立减、偏好麦当劳零食而非早餐）。",4,complete
1142828,"喜欢：用户偏好优惠券品类（如消费券、话费券），关键词包括消费券、红包、电子消费券，品牌如三体，使用场景为支付宝生态中的在线支付、优惠获取和娱乐活动（如游戏玩乐、抽奖），基于点击商品和搜索关键词的消费券、话费券、三体实体词，以及服务使用实体中的红包、支付宝运动等。  
不喜欢：用户不喜欢品牌特定发券（如立减优惠）和出行服务（如滴滴出行），基于未点击商品中的品牌、立减、发券实体词，与点击行为中偏好通用优惠券而非品牌相关优惠的特征相反。",4,complete
761999,"喜欢：用户偏好出行服务品类，特别是滴滴出行品牌，关键词如出行优惠券、公交、地铁和立减优惠，使用场景聚焦于打车、公共交通和优惠券消费，支持日常通勤和旅行需求。

不喜欢：用户不喜欢电影相关优惠券和高德打车品牌，基于未点击行为中电影优惠券、嘿影电影和高德打车券包的回避，表明对娱乐观影和竞品出行服务缺乏兴趣。",4,complete
632069,"喜欢：用户偏好快餐汉堡品类，关键词""狠霸王牛""，品牌""汉堡王""，使用场景为单人外卖餐（基于点击的狠霸王牛3件套单人餐）。
不喜欢：用户不喜欢椒香鸡腿、芝士产品、双人餐、薯条等特征（基于未点击商品如椒香鸡腿、芝士4件套、双人餐、薯霸王）。",4,complete
1580655,"喜欢：用户偏好交通出行品类，如滴滴出行和哈啰的打车服务，关键词集中于消费券、立减和优惠券，品牌包括滴滴出行、哈啰和必胜客，使用场景为个人出行和快餐消费（如""丰盛一人食""）。

不喜欢：基于未点击商品，用户不喜欢洗衣用品品类（如奥妙洗衣液），关键词如电影券和租车券，品牌如汉堡王和麦当劳的特定优惠，使用场景涉及家庭清洁、娱乐观影和长期租赁。",4,complete
252711,"喜欢：该用户偏好话费充值、消费券和付邮购活动，具体喜欢品类包括纸巾（如舒可乐品牌软抽纸）、花生（洽洽品牌椒盐花生）和洗衣液（麦谷优品薰衣草洗衣液），关键词涉及""充值""、""付邮领""和""权益""，品牌如充小侠、煜鑫百货商行，使用场景为日常推广、支付成功页权益活动及生活必需品购买。

不喜欢：基于未点击商品，用户不喜欢个人护理用品（如干发帽、毛巾、洗发水）、食品（如金典纯牛奶）、服装（如鸭舌帽、T恤）及电子产品（如运动蓝牙耳机、华为手机），避免品牌如心相印、海飞丝、俏牌，以及节日礼品（端午礼盒）和高端产品（如高端抽纸）。",4,complete
1477661,"喜欢：偏好交通品类如火车票，关键词包括推广、代金券和日常优惠，品牌如飞猪、同程和B站，使用场景在日常推广和旅行优惠中（基于点击商品标题和实体词，如""B站券-日常推广-火车3元""和""飞猪旅行""）。

不喜欢：基于未点击商品，用户不喜欢泛化推广如全城推广券或不熟悉品牌如纵航火车票（基于未点击商品标题""火车票全城推广券""和实体词""全城推广券""、""纵航火车票""，与点击行为中偏好特定平台和日常优惠相反）。",4,complete
1148328,"喜欢：用户偏好快餐食品品类，如小食组合和饮料（中可）；关键词包括麦当劳、支付宝和高德；品牌偏好麦当劳和高德；使用场景涉及餐饮消费（如麦当劳小食）和出行优惠（如高德立减券包），体现出对便捷快餐和出行折扣的强烈兴趣。

不喜欢：基于未点击商品，用户不喜欢其他快餐品牌如德克士和必胜客，不喜欢买一送一促销（如圆筒），不喜欢滴滴出行服务，以及非食品类商品如纸巾（加厚抽纸），反映出对特定品牌、促销形式和家居用品的回避倾向。",4,complete
710944,"喜欢：该用户偏好出行服务品类（如打车、顺风车），关键词包括出行、券包、优惠和打车，品牌倾向滴滴出行、高德和特仑苏，使用场景涉及交通出行优惠活动（如券包使用）和日常用品购物（如雨伞、保鲜盒）。

不喜欢：该用户不喜欢食品类（如麦当劳早餐）、个人卫生用品（如护垫）、娱乐票务（如电影票）和家居清洁用品（如洗衣液），这些特征与点击行为相反，体现在未点击商品中。",4,complete
995408,"喜欢：该用户偏好出行服务品类如火车票、机票和单车租赁，关键词包括优惠券、折扣和推广，品牌倾向飞猪、滴滴出行、古茗和沪上阿姨，使用场景为交通预订（如火车票加速）和日常餐饮消费（如茶饮满减）。
不喜欢：基于未点击商品与点击行为相反的特征，用户不喜欢花小猪打车服务、电影票优惠、以及日用品如男士内裤和食品如瓜子，这些与偏好的出行品牌（如曹操出行而非花小猪）和餐饮场景相冲突。",4,complete
725496,"### 用户兴趣偏好总结（场景4）
喜欢：用户偏好餐饮优惠（如麦当劳、老乡鸡、仟吉的满减代金券）、交通出行折扣（滴滴出行、哈啰出行的单车/打车券、火车票/机票红包）、酒店预订服务（同程、飞猪的酒店券）以及快递优惠（菜鸟裹裹支付券），关键词集中于红包、代金券、折扣，品牌涉及支付宝、麦当劳、滴滴出行、飞猪，使用场景为日常消费（快餐、茶饮）和出行便利（打车、骑行、火车）。

不喜欢：用户对日用品优惠（如维达、清风的洗衣液/抽纸）以及特定电影票折扣（千猪、大淘的满减券）不感兴趣，这些未点击商品的特征（日用品类别、非核心消费品牌）与点击行为中的餐饮/出行偏好形成反差。",4,complete
1035904,"喜欢：用户偏好洗衣液品类（特别是大桶装），关键词如消费券和付邮，品牌如几羊嗨购，使用场景为家庭清洁和日常洗涤，基于点击行为（如薰衣草洗衣液）和搜索关键词（洗衣液）的支持。

不喜欢：用户不喜欢咖啡相关商品（如意式咖啡和冻干咖啡）、出行服务（如顺风车和滴滴出行）以及休闲鞋类（如宇航员踩屎感拖鞋），基于未点击商品中与点击行为相反的特征（如咖啡组合、顺风车消费券和拖鞋）。",4,complete
1611040,"喜欢：用户偏好食品品类，特别是大米（如盘锦大米、黑米、糯米）和杂粮（如三色糙米、紫糯米），关键词包括厨房用品、农贸市场、支付相关（如红包、消费券），品牌如稻蟹天下（从点击商品体现），使用场景涉及食品购买（如超级市场、厨房）和旧书回收服务。

不喜欢：用户不喜欢电子产品（如静音电风扇）、话费服务（如话费券）、书籍（如三体）和消费券相关商品，基于未点击行为与点击的食品偏好相反。",4,complete
394850,"喜欢：用户偏好出行服务品类，特别是滴滴出行品牌，关键词如消费券和立减，使用场景为搜索优惠券和出行消费（基于点击的滴滴出行消费券及交易、服务、搜索数据中的网约车、打车相关实体）。

不喜欢：用户不喜欢餐饮品类，如汉堡王和Tims咖啡品牌，关键词如下午茶和活动餐，使用场景为外卖餐饮消费（基于未点击的汉堡王餐点、Tims咖啡优惠及农夫山泉等实体，与点击的出行优惠特征相反）。",4,complete
1025794,"喜欢：该用户偏好快餐食品品类如汉堡、薯条和冰淇淋，关键词包括支付宝（高频出现于支付场景）、麦当劳（主导搜索和点击），品牌如麦当劳、滴滴出行（含花小猪和曹操出行）及蓝月亮，使用场景集中于移动支付（支付宝主导）和城市出行（打车、单车服务）。  
不喜欢：基于未点击商品特征，用户不喜欢其他快餐品牌如老乡鸡（与点击麦当劳相反）、电商平台如京东到家（与出行服务偏好冲突），以及火车票服务（与打车/单车出行形成对比）。",4,complete
1397574,"喜欢：用户偏好出行服务品类（如滴滴出行品牌），关键词包括搜索、立减、发券，使用场景涉及出行优惠和消费券活动；同时偏好饮料品牌农夫山泉，体现对日常消费和出行需求的兴趣。

不喜欢：基于未点击行为，用户不偏好其他出行服务（如哈啰顺风车品牌），以及餐饮品牌（如麦当劳、Tims咖啡），关键词如支付宝、下午茶未被点击，表明对类似优惠形式或特定餐饮场景缺乏兴趣。",4,complete
1138947,"喜欢：该用户偏好家居鞋类产品，特别是带有""踩屎感""舒适设计的拖鞋，关键词包括""踩屎感""、""宇航员""和""付邮购""，品牌倾向""乐美优品""，使用场景为日常家居舒适穿着；从交易行为数据看，也涉及家居用品（如脚垫、地毯）和租赁服务（如产品租赁），搜索关键词中租赁相关（如免押租赁）显示潜在兴趣。

不喜欢：基于未点击商品中与点击行为相反的特征，用户不喜欢家居清洁用品（如平板拖把、洗衣液）、食品相关（如特仑苏牛奶、小杨生煎券）、出行服务（如火车票）、以及普通凉拖鞋（与点击的踩屎感拖鞋形成对比），反映出对非舒适鞋类、日常消耗品和出行票务的低兴趣。",4,complete
1873245,"### 用户兴趣偏好总结（场景4）
喜欢：用户偏好家居清洁品类（如抽纸、洗衣液），关键词包括""特价""、""付邮""、""优惠券""和""试用""，品牌如维达、洁丽雅、滴滴出行和乐扣乐扣，使用场景聚焦日常消费、出行便利及支付宝平台健康生活（如公益捐步、运动打卡），体现对性价比和健康清洁的高度兴趣。

不喜欢：基于未点击商品，用户不喜欢饮料（如脉动）、婴儿用品（如纸尿裤）、快餐（如麦当劳早餐）、特定家居品类（如手帕纸）、其他出行服务（如花小猪、高德打车）、电子产品订阅（如iPhone）及电影相关产品，反映对非必需品、非偏好品牌或重复服务的低兴趣。",4,complete
1189300,"喜欢：用户偏好品类包括出行服务（如顺风车）和饮料，关键词如消费券、通用、顺风车，品牌如哈啰和农夫山泉，使用场景涉及日常出行（如使用顺风车服务）和消费优惠（如利用通用券节省开支）。

不喜欢：用户不喜欢快餐品类，特别是汉堡王品牌的活动餐和套餐（如芝士4件套、薯霸王），关键词如优惠券（在未点击中表现为无效吸引）、活动餐，使用场景涉及外卖餐饮消费。",4,complete
1101232,"喜欢：用户偏好食品饮料品类（如矿泉水、牛奶、零食），品牌如百岁山，关键词包括消费金、付邮购和公益相关（如捐赠、种树），使用场景涉及健康饮用和参与公益活动（如蚂蚁庄园、公益捐步）。

不喜欢：用户不喜欢纸巾类产品（如软抽纸），基于未点击行为与点击饮料商品特征相反。",4,complete
1143344,"喜欢：用户偏好快餐食品品类，特别是麦当劳品牌的板烧鸡腿堡等关键词，使用场景包括通过支付宝进行餐饮消费，如外卖或套餐购买，同时涉及汉堡、鸡腿堡等关键词，品牌以麦当劳为主，支付方式偏好支付宝。

不喜欢：用户不喜欢其他快餐品牌如汉堡王，以及非食品服务如滴滴出行、优惠券（如消费券、话费券）和日用品（如抽纸、矿泉水），这些特征与点击行为相反，表现为未点击汉堡王鸡堡套餐、滴滴出行服务及优惠类商品。",4,complete
750925,"### 用户兴趣偏好总结（场景4）

喜欢：用户偏好零食品类（如瓜子），关键词包括现金、红包、电影，品牌如洽洽、支付宝和美团，使用场景涉及夏季休闲、理财游戏和公益服务（基于点击商品洽洽瓜子、交易行为中的夏季和余额宝、服务使用中的蚂蚁庄园和公益慈善、搜索关键词中的现金和电影）。

不喜欢：用户不喜欢出行服务和消费券类促销（基于未点击商品滴滴出行和消费券，与点击行为中零食偏好相反）。",4,complete
1668184,"喜欢：偏好家居清洁品类（如洗衣液、透明皂）和个人护理用品（如拖鞋），关键词包括消费券、付邮、大桶，品牌如雕牌、超能、麦谷优品，使用场景涉及家庭清洁、出行优惠（如滴滴代驾、高德券）和日常穿着。
不喜欢：避免饮料（如脉动）、洗发水（如海飞丝）、纸巾、矿泉水、电子产品（如华为手机）、家电（如电风扇）、服装（如T恤）等品类，关键词如维生素、控油、抽纸，品牌如脉动、海飞丝、百岁山，使用场景如饮料饮用、头发护理、纸质消耗和电子设备租赁。",4,complete
969169,"喜欢：该用户偏好通过支付宝平台获取麦当劳的甜点和小食优惠（如草莓新地、奥利奥麦旋风、小食组合），以及滴滴出行的立减券包；偏好品类包括快餐食品（甜点类）和出行服务优惠；关键词如支付宝、麦当劳、滴滴出行、立减、买一送一；品牌倾向麦当劳、滴滴出行、德克士、乐扣乐扣；使用场景集中于餐饮消费（如快餐优惠）和出行打车（如立减券使用）。

不喜欢：基于未点击商品，用户不喜欢麦当劳的咸味或主食类食品（如板烧鸡腿堡、薯条、菠萝派）、滴滴出行的折扣券（如7折券包）而非直接立减、个人护理用品（如护垫、洗衣液），以及某些食品组合（如双人餐），反映出对咸味餐饮、折扣优惠形式及护理品类的回避。",4,complete
1295063,"喜欢：用户偏好出行服务品类，特别是滴滴出行品牌，关键词包括消费券、立减优惠和会场活动，使用场景聚焦交通出行（如打车、公交）和支付优惠（如立减券节省费用）。

不喜欢：用户不喜欢防晒产品（如高倍防晒霜）、饮料（如农夫山泉）、代驾服务（如滴滴代驾）、折扣券包形式（如7折券包）以及家居用品（如拖鞋），基于未点击行为中与出行优惠无关的特征。",4,complete
1416483,"喜欢：该用户偏好出行服务品类，关键词包括优惠券、立减和消费券，品牌如滴滴出行、高德和花小猪打车，使用场景为移动出行和交通优惠，具体表现为对打车券包的频繁点击。

不喜欢：基于未点击商品特征，用户不喜欢快递服务（如申通、圆通快递）、代驾服务以及日常消费品如抽纸，这些与出行优惠行为相反。",4,complete
664510,"喜欢：用户偏好话费充值品类，关键词包括充值、话费、权益，品牌如充小侠，使用场景为手机话费支付服务，体现对直接大额充值（如100元）的需求。

不喜欢：用户不喜欢话费券、消费券和小额充值形式（如0.5元、2元、5元），基于未点击商品中与点击行为相反的特征，包括特定品牌如三体。",4,complete
987985,"喜欢：偏好出行服务品类（如打车、顺风车），关键词包括出行、券包、优惠、电影票，品牌如滴滴出行、高德打车、花小猪、曹操出行、麦当劳、盒马，使用场景涉及日常通勤、娱乐观影和快餐消费。  
不喜欢：基于未点击行为，不喜欢生鲜配送品类（如叮咚买菜）、货运物流（如货拉拉）、快递服务、日用品（如抽纸、湿巾），以及特定消费券如话费券、咖啡券和门票优惠。",4,complete
1114081,"喜欢：偏好纸巾品类，特别是维达品牌的超韧加厚抽纸，关键词包括""维达超韧""、""0元付邮""、""消费""，使用场景为家庭日常清洁和付邮试用活动。
不喜欢：基于未点击行为，不喜欢其他品牌的卫生纸（如臻优汇、舒可乐），以及非纸巾类商品如加油卡充值、静音电风扇、踩屎感拖鞋、话费充值，关键词如""舒可乐""、""加油卡""、""话费充值""，使用场景不匹配。",4,complete
1105956,"喜欢：用户偏好快餐品类中的大份套餐（如麦辣鸡腿汉堡、板烧鸡腿堡两件套/三件套），关键词包括支付宝、麦当劳、滴滴出行，品牌涉及麦当劳、汉堡王、曹操出行，使用场景主要为餐饮消费（通过支付宝支付）和出行服务（如滴滴出行消费券、曹操出行专享）。

不喜欢：用户不喜欢小份小食（如小薯条、草莓新地、菠萝派）和某些出行券包（如高德立减5元券包），偏好与点击行为相反的特征，包括非核心快餐品类（如甜点）和非偏好出行服务（如高德）。",4,complete
1331605,"喜欢：用户偏好健康饮品如矿泉水（品牌：农夫山泉），关注健康食品品类如全麦面包、饱腹食品和调味料（关键词：健康计划、番茄红素胶囊），使用场景涉及日常消费和公益捐赠（交易实体：慈善基金会、公益项目；服务实体：公益种树、捐步），品牌倾向农夫山泉和公益相关（如壹基金）。

不喜欢：用户对快餐食品如汉堡王鸡腿、芝士汉堡和薯条等不感兴趣（未点击实体：椒香鸡腿、汉堡王、芝士），避免高热量垃圾食品和快餐促销活动（未点击标题：活动餐、双人餐）。",4,complete
1928697,"喜欢：用户偏好出行服务和消费优惠品类，关键词包括消费券、立减、滴滴出行，品牌如滴滴出行和家化福利星球，使用场景涉及打车优惠和立减活动。

不喜欢：用户不喜欢家居用品、雨具、电子产品租赁、话费充值、时尚配件等特征，基于未点击商品如纸巾、伞、手机租赁、话费充值、拖鞋、耳机。",4,complete
1156602,"### 用户兴趣偏好总结（场景4）
喜欢：用户偏好出行服务品类（如打车和网约车），关键词包括出行、券包、消费券和优惠券，品牌如滴滴出行和惠出行，使用场景在日常通勤和省钱购物中，尤其关注高价值优惠券（如100元券包）和实用电子产品（如充电宝），支持数据包括点击商品中的滴滴出行券包和充电宝优惠券，以及交易行为中的打车券和服务使用中的网约车。

不喜欢：用户不喜欢低价值优惠券品类（如立减5元），关键词包括火车、酒店和电影票，品牌如聚惠出行和飞猪，使用场景在长途旅行（如火车票加速）和娱乐消费（如酒店预订和电影票）中，基于未点击商品中与点击行为相反的特征（如未点击立减5元券包而偏好高额券，未点击火车/酒店相关商品而偏好日常出行）。",4,complete
1284681,"### 用户兴趣偏好总结（场景4）
喜欢：用户偏好出行服务品类（如滴滴出行），关键词包括消费券、免押租赁和交通出行，品牌如滴滴出行，使用场景为出行优惠和消费折扣（基于点击商品和搜索关键词）。

不喜欢：用户不喜欢快餐和饮料品类（如汉堡王套餐），关键词如下午茶、咖啡和汉堡，品牌如汉堡王和Tims咖啡，使用场景为餐饮优惠和下午茶活动（基于未点击商品与点击行为相反的特征）。",4,complete
746092,"### 用户兴趣偏好总结（场景4）
喜欢：该用户偏好快餐食品品类（如薯条和可乐），关键词集中于消费券、满减和立减，品牌倾向麦当劳、滴滴出行和支付宝，使用场景涉及利用消费券优惠进行出行服务和快餐购买。

不喜欢：基于未点击商品，用户不喜欢普通消费券（如无特定金额或条件）、非滴滴出行的出行服务（如快果出行），以及家居清洁品类（如洗衣液）。",4,complete
1988733,"喜欢：用户偏好出行服务品类，特别是打车服务（如滴滴出行和花小猪打车）；关键词包括出行、打车、券包、消费券、立减；品牌偏好滴滴出行；使用场景涉及日常通勤和优惠券使用（如滴滴打车券包和消费券满减）。

不喜欢：用户不喜欢物流货运品类（如货拉拉）；关键词如货运、顺风车、电动车骑行；品牌如花猪打车；使用场景如货运运输和电单车出行（基于未点击的货运和电单车商品）。",4,complete
1574634,"喜欢：用户偏好纸巾品类（特别是手帕纸），关键词包括试用、付邮和消费，品牌如心相印，使用场景为付邮试用促销活动（如在线消费优惠）。

不喜欢：用户不喜欢洗衣液品类（如薰衣草洗衣液）、快递服务（如顺丰速运），以及品牌如舒可乐和几羊嗨购，基于未点击行为中与纸巾偏好相反的特征。",4,complete
1368840,"喜欢：偏好快餐、咖啡、生鲜食品和饮料品类，关键词包括支付宝支付、优惠券和满减活动，品牌如麦当劳、Tims咖啡、盒马和京东到家，使用场景涉及在线点餐、外卖服务和超市购物（基于点击商品如麦辣鸡腿汉堡组合、Tims咖啡优惠券、盒马云超券和阳光玫瑰青提）。

不喜欢：偏好非食品品类如货运和纸巾，关键词如7折券和小份食品，品牌如星巴克、汉堡王和货拉拉，使用场景包括货运服务和非餐饮活动（基于未点击商品如滴滴出行7折券包、星冰乐买一赠一、小薯条和货拉拉货运）。",4,complete
1098594,"喜欢：用户偏好品类包括话费充值、出行服务（如租车和打车）、快递支付及生活日用品（如纸巾和饮用水）；关键词涉及优惠券、充值、支付券；品牌如维达、百岁山、滴滴、高德、支付宝、菜鸟裹裹；使用场景聚焦日常移动支付、出行便利和必需品采购，体现对小额、具体优惠的倾向。

不喜欢：基于未点击商品中与点击行为相反的特征，用户不喜欢大额出行券（如100元打车券）、代驾服务、电影优惠券及洗衣液等，显示出回避泛泛大额优惠、非核心出行服务及非必需日用品的特点。",4,complete
1709770,"喜欢：用户偏好出行服务品类，关键词如消费券、出行、优惠券，品牌包括滴滴出行、花小猪打车、哈啰顺风车，使用场景为日常通勤优惠和省钱消费。
不喜欢：用户不喜欢曹操出行品牌，以及生活日用品（如清洁用品）和娱乐服务（如电影）品类，基于未点击行为中与点击出行优惠相反的特征。",4,complete
142692,"喜欢：偏好品类为生鲜食品（如水果、零食和粮油调味品）和出行服务（如打车、单车），关键词包括""京东到家""、""滴滴出行""、""盒马""和""火车""，品牌如盒马、京东到家、滴滴出行和麦当劳，使用场景集中于在线购物优惠（如平台券和通用券）、出行打车（如青桔单车订单）及食品购买（如阳光玫瑰青提和挂面）。  
不喜欢：基于未点击商品与点击行为相反的特征，不喜欢高德打车服务（未点击高德打车券包）、华润万家等大卖场购物（未点击京津华北大卖场优惠）、麦当劳的具体零食（如薯条和圆筒，未点击相关食品）、电影票或门票预订（未点击大淘电影票和飞猪门票），以及某些快递服务（如上门寄件，未点击快递优惠寄）。",4,complete
1219386,"喜欢：偏好出行服务（如曹操出行打车券、飞猪火车票预订）、电商购物（盒马通用券、京东到家全场优惠）、餐饮优惠（乐乐茶满减券），关键词包括支付宝专享、优惠券、日常推广，品牌涉及曹操出行、飞猪、盒马、京东到家、叮咚买菜、乐乐茶，使用场景为日常出行（打车、火车）、在线购物（生鲜、日用品）及轻餐饮消费。

不喜欢：基于未点击行为，不喜欢汽车票（如飞猪汽车票券）、特定生鲜食品（如盒马阳光玫瑰青提）、国内机票（如同程机票券）、花猪打车服务、麦当劳食品（如奥利奥麦旋风、小薯条）及部分电影优惠券，关键词如汽车票、麦当劳、快递优惠，品牌如花猪打车、麦当劳，使用场景涉及汽车出行、快餐消费及快递寄件。",4,complete
2002888,"喜欢：用户偏好话费券和消费券等电信优惠产品（如0.5元话费券），关键词涉及手机、租赁（如租手机平台、apple iphone），品牌包括apple和华为（从搜索关键词推断），使用场景聚焦手机扫码支付、电话费充值及科幻内容（如三体）。

不喜欢：用户不喜欢纸巾类日用品（如舒可乐纸）、官方店铺推广、付邮领活动、以及大额话费充值服务（如100元话费充值），基于未点击商品中与点击行为相反的特征，如软抽纸、手机充值权益和feeds充值。",4,complete
1126786,"喜欢：用户偏好餐饮类优惠，特别是小杨生煎品牌的超值双人餐和特价券（偏好品类为餐饮，品牌包括小杨生煎），以及汽车服务如加油卡充值（偏好品类为汽车服务，品牌涉及车行易），使用场景集中于餐饮消费和汽车加油，关键词包括推广、满减券包和好食期。

不喜欢：基于未点击商品，用户不喜欢打车服务如滴滴出行的消费券和立减券（与点击的汽车服务相反），以及出行平台优惠如高德立减券包和飞猪火车券（与餐饮偏好相反），还包括话费券等电信相关优惠（与点击的餐饮和汽车服务特征相异）。",4,complete
1030438,"喜欢：用户偏好优惠券和抵用券（如消费券、立减券），大容量日用品（如大桶洗衣液），以及出行服务（如滴滴出行）；关键词包括消费券、付邮、大桶；品牌涉及百联、几羊嗨购；使用场景集中于线上购物（如i百联平台）、支付优惠和日常生活消费（如洗衣清洁）。

不喜欢：基于未点击商品，用户不喜欢凉拖鞋、防晒帽等服饰配件，话费券等小额优惠，以及香皂等个人护理小件；关键词如踩屎感凉拖鞋、遮阳帽未被接受；品牌如舒肤佳未被选择；使用场景相反于点击行为，如回收服务（旧衣服回收）未被关注。",4,complete
891386,"喜欢：该用户偏好出行服务品类，关键词包括滴滴出行、优惠券和消费券满减，品牌偏好滴滴出行，使用场景为日常打车出行（如通勤、网约车服务），具体表现为对固定金额优惠券（如50元券）的强烈兴趣。

不喜欢：该用户不喜欢折扣券（如7折券）和小额立减券（如3元、5元券），以及花小猪打车品牌，这些特征与点击行为中的满减和固定金额券形成鲜明对比。",4,complete
1227468,"喜欢：用户偏好出行服务（如滴滴出行）、优惠券（如立减、发券）、支付工具（支付宝、花呗），以及健康公益场景（如芭芭农场、支付宝运动），关键词涉及消费券、现金红包，品牌包括滴滴出行和支付宝，使用场景聚焦日常支付、出行和公益互动。

不喜欢：用户不喜欢快餐食品，特别是汉堡王的鸡腿、芝士餐、双人餐等产品，与点击行为中出行优惠券形成鲜明对比。",4,complete
1037378,"喜欢：用户偏好家居用品（如宇航员踩屎感拖鞋）和饮料（如怡宝纯净水），品牌包括乐美和怡宝，关键词涉及宇航员、踩屎感拖鞋、付邮购，使用场景为网购（付邮购）和日常生活消费。
不喜欢：用户不喜欢快餐食品（如椒香鸡腿和汉堡套餐），品牌如汉堡王，使用场景包括外送服务和活动餐，基于未点击商品与点击行为相反的特征（家居/饮料 vs 快餐）。",4,complete
356369,"喜欢：用户偏好新鲜食品品类（如咸鸭蛋、鸡蛋、果蔬），租赁服务关键词（如租手机、免押租机），品牌如飞猪、米鲸优选，使用场景包括在线特价促销、旅行预订（火车票）及支付宝游戏（如芭芭农场、红包活动）。

不喜欢：用户不感兴趣于日用品品类（如卫生纸、洗衣液、洗发水），非促销关键词（如付邮、家居清洁），品牌如海飞丝、金龙鱼，使用场景涉及家居清洁、非旅行相关消费（如电风扇、快餐）。",4,complete
312808,"喜欢：偏好婴儿护理品类（如点击Babycare会员卡），关键词如支付宝、红包（搜索中高频出现），品牌如Babycare、支付宝（交易和服务中多次涉及），使用场景包括健康管理（搜索电子献血证、核酸）、支付服务（交易行为如扫码支付、生活缴费）和理财（服务使用如余额宝、花呗）。

不喜欢：基于未点击商品（如农夫山泉饮料、古茗茶饮、舒可乐纸巾），不喜欢饮料、茶饮、纸巾等日常消费品类，以及优惠券服务（如全场优惠券、支付宝商家券）和加油相关（如团油）。",4,complete
1681053,"喜欢：用户偏好出行服务品类，特别是滴滴出行的优惠券包（如50元、100元券包），关键词包括""滴滴出行""、""出行""、""券包""、""立减""和""惠出行""，品牌集中于滴滴出行，使用场景为打车出行和优惠券兑换，基于点击行为中高频选择滴滴出行高额优惠券。

不喜欢：用户不喜欢小额优惠券（如3元券）、其他打车服务品牌（如高德打车、花小猪打车）以及食品类优惠（如小杨生煎、汉堡王），基于未点击商品中与点击行为相反的特征，如小额滴滴出行券包、非滴滴打车服务及食品折扣。",4,complete
1244711,"喜欢：用户偏好优惠券和食品品类（如代金券、面包），关键词包括现金、优惠券和会场，品牌如湖南仟吉，使用场景涉及活动会场和支付相关（如条码支付、收款码），基于点击行为（5元代金券、湖南仟吉）及搜索关键词（现金、消费券）支持。

不喜欢：用户不喜欢汉堡王品牌、咖啡及快餐套餐（如椒香鸡腿、华夫筒），基于未点击商品（Tims咖啡、汉堡王产品）中与点击行为相反的特征（如外送、活动餐）。",4,complete
987743,"喜欢：用户偏好出行服务品类（如打车、单车、顺风车）和快餐小食品类（如麦当劳小食），关键词包括支付宝、滴滴出行、阳光出行、曹操出行、高德、麦当劳，品牌偏好支付宝、滴滴出行、阳光出行、曹操出行、高德、麦当劳，使用场景为通过支付宝平台获取出行优惠券（如立减券、折扣券）和麦当劳单品（如小薯条、菠萝派），用于日常通勤和快餐消费。

不喜欢：用户不喜欢花小猪打车服务、柠檬茶饮品、咖啡券、电影票、大型麦当劳套餐（如双人欢享餐）、电动车出租、盒马购物、下午茶、火车票和话费券等，这些未点击商品特征（与点击的出行和快餐小食相反）表明对非核心出行服务、非快餐饮品和大型餐饮组合的回避。",4,complete
643502,"喜欢：该用户偏好食品品类，尤其是洽洽品牌的瓜子（包括毛嗑、五香、焦糖和海盐奶盖等口味）和麦当劳快餐；关键词涉及发券、支付宝和实惠装；品牌集中于洽洽和麦当劳；使用场景为消费券优惠活动，如零食购买和快餐促销。
不喜欢：基于未点击商品，用户不喜欢出行服务（如滴滴出行、高德打车券包）和日用品（如薰衣草洗衣液），这些特征与点击的食品优惠行为相反。",4,complete
123841,"喜欢：该用户偏好出行打车服务（如滴滴出行、高德打车）的消费券和立减优惠，餐饮类如麦当劳早餐，娱乐类如电影优惠券，以及支付优惠如支付宝商家券；偏好品牌包括滴滴出行、高德、麦当劳、团油；使用场景涉及日常出行、早餐消费、电影娱乐和加油支付。  
不喜欢：该用户不喜欢花小猪打车服务、曹操出行、飞猪旅行的酒店/火车/门票券，Tims咖啡的满减优惠，快递寄件服务，话费充值，以及生活用品如抽纸和电风扇；避免品牌如花小猪、曹操出行、飞猪、Tims、同程；使用场景包括花小猪打车、咖啡下午茶、旅行预订、快递服务和日常用品购买。",4,complete
1948722,"喜欢：用户偏好快餐品类如麦当劳的薯条、圆筒和粥油条组合，关键词包括消费券、立减和推广活动，品牌如麦当劳、滴滴出行、支付宝和盒马，使用场景为通过支付宝进行在线点餐、出行优惠（如打车和火车票）及电商购物（如京东到家和盒马精选）。
不喜欢：用户不喜欢特定快餐品类如麦当劳的板烧鸡腿堡、菠萝派和草莓新地，关键词如电影票和瑞幸咖啡，品牌如瑞幸咖啡和必胜客，使用场景为电影票购买和某些餐饮组合（如套餐或新地）。",4,complete
484221,"喜欢：用户偏好快递服务品类，关键词包括菜鸟裹裹、支付券和寄快递，品牌为菜鸟裹裹，使用场景涉及在线寄快递和支付优惠券应用。

不喜欢：基于未点击商品，用户不喜欢餐饮、个人护理和出行服务品类，关键词如麦当劳、纸巾和滴滴打车，品牌如麦当劳、维达和滴滴，使用场景包括食品消费、清洁用品和交通出行。",4,complete
1018928,"喜欢：用户偏好运动饮料品类，特别是蓝莓味产品，对特价商品感兴趣，品牌如佳得乐和天福，使用场景为日常饮料消费或运动补充，关键词包括""特价""和""蓝莓饮料""。

不喜欢：用户对洗衣液、消费券相关产品及出行服务不感兴趣，如薰衣草洗衣液、滴滴出行和立减优惠，关键词包括""付邮""和""消费券""。",4,complete
260001,"喜欢：该用户偏好出行服务品类，特别是滴滴出行和花小猪打车品牌，关键词包括消费券、立减和折扣优惠，使用场景聚焦日常出行省钱和便捷打车。
不喜欢：基于未点击商品特征，用户不喜欢仅涉及滴滴出行和消费券的普通优惠，而不包含花小猪打车或特定折扣元素。",4,complete
1273117,"喜欢：该用户偏好快递服务（如圆通快递上门寄件）、优惠券（如减券和无门槛券）及日常用品（如抽纸和农夫山泉），关键词包括快递、优惠和理财（从搜索""快递""、""消费券""和""理财直播""体现），品牌倾向圆通和农夫山泉，使用场景涉及日常消费（如早饭用品和纸巾）、寄件服务以及理财管理（通过支付宝和余额宝交易）。

不喜欢：基于未点击商品，用户不喜欢某些快递替代服务（如风火递寄快递）、旅行相关（如火车和飞猪）、娱乐平台（如b站推广），以及特定产品如大桶洗衣液和薰衣草清洁用品（与点击的日常用品相反）。",4,complete
879449,"喜欢：用户偏好服装品类（如拖鞋和T恤），关键词包括""付邮购""（多次出现），品牌如""乐美优品""，使用场景为日常休闲穿着，基于点击商品""宇航员踩屎感拖鞋""和""莫代尔短袖T恤""的特征。

不喜欢：用户不喜欢家庭清洁用品（如纸巾）和个人护理产品（如洗发水），基于未点击商品""舒可乐纸巾""和""海飞丝洗发露""的特征，与点击行为中的服装品类相反。",4,complete
1641548,"喜欢：用户偏好内衣品类（如女士冰丝内裤），关键词包括冰丝、夏促、无门槛券，品牌如猫人Miiow，使用场景为促销购物（利用优惠券）和日常穿着；同时偏好快递服务，关键词如寄快递，品牌如风火递，使用场景涉及日常寄件需求。

不喜欢：用户不喜欢快餐食品（如麦当劳的薯条、香芋派、板烧鸡腿堡），关键词如小薯条、大薯条；也不喜欢出行打车服务（如花小猪打车），电影票（如大淘电影票），以及纸巾类产品（如维达手帕纸），基于未点击行为中与点击偏好相反的特征。",4,complete
787711,"喜欢：用户偏好出行服务品类，特别是打车和网约车，关键词包括""出行""、""打车""和""滴滴出行""，品牌为滴滴出行，使用场景涉及日常通勤和APP优惠券使用（如7折券包），基于点击行为和交易实体（如滴滴出行、用车费用）及搜索关键词（如滴滴出行、乘车码）的支持。

不喜欢：用户不喜欢其他出行品牌如花小猪打车和高德的优惠券（如立减5元券包），以及非出行相关服务如快递（顺丰速运）和纸巾产品（加厚抽纸），基于未点击商品中与点击行为相反的特征（如未点击花小猪、高德等实体）。",4,complete
1929771,"喜欢：用户偏好消费券相关品类，如汉堡王的狠牛和全牛肉套餐、飞猪旅行的火车票加速券、话费充值券及低价电影优惠券；关键词包括消费券、支付券、火车票、话费和电影优惠券；品牌涉及汉堡王（特定套餐）、飞猪旅行、滴滴出行；使用场景集中于在线优惠消费、餐饮外卖、旅行预订和娱乐活动。

不喜欢：基于未点击行为，用户不喜欢汉堡王的椒香鸡腿和芝士套餐、薯霸王及华夫筒；不偏好付邮购品类如T恤、拖鞋和洗衣液；关键词如椒香鸡腿、付邮购、滴滴代驾；品牌包括汉堡王（部分变体）、书亦烧仙草；使用场景涉及特定餐饮选项、服装购物和代驾服务。",4,complete
312483,"喜欢：用户偏好快餐食品品类（如麦当劳的草莓新地、菠萝派），关键词包括特价、折扣券和支付宝相关优惠，品牌涉及麦当劳、心相印、奥妙和钱大妈，使用场景集中于便利店购物（如全家便利店的百饮指定商品）和家庭清洁（如奥妙洗衣液除菌除螨）。

不喜欢：用户不喜欢特定口味如蓝莓饮料（佳得乐蓝莓味），零食品牌如良品铺子（脆爽笋节、虎皮凤爪），旅行票务服务（火车票、汽车票、门票），电影票优惠，以及快递服务（申通快递立减券），这些特征与点击行为相反，避免早餐类麦当劳产品（火腿扒麦满分）和某些特价商品（如便当袋、水桶包）。",4,complete
1312068,"喜欢：偏好品类包括数字优惠券（如话费券、支付券）、出行服务（如租车、打车）和休闲食品（如瓜子）；关键词如话费、充值、券、出行、高德、滴滴；品牌如高德、滴滴、洽洽、乐美优品；使用场景涉及在线充值、出行预订和休闲购物。
不喜欢：基于未点击商品，不喜欢日用品（如纸巾、洗衣液）和个人护理（如避孕套）品类；关键词如付邮领、试用、洗衣液；品牌如舒可乐、杰士邦、爱家达；使用场景如免费试用活动和付邮领促销。",4,complete
378851,"喜欢：用户偏好家居用品品类（如抽纸），关键词包括特价、好物优选和严选好物，品牌涉及俏牌和甄臻，使用场景为日常家庭清洁和手机话费充值服务，基于点击行为（如抽纸商品和话费充值商品）及交易实体（卫生纸、马桶等）支持。

不喜欢：用户不喜欢小额优惠券品类（如话费券），关键词包括消费券和三体，基于未点击商品（如话费券和三体相关商品）与点击行为相反的特征（用户点击话费充值但未点击话费券）。",4,complete
1039836,"喜欢：该用户偏好食品品类（如番茄鸡蛋、干面荟等方便食品），关键词包括罗森、会场、优惠券，品牌涉及罗森和康师傅，使用场景为便利店购物优惠和生活服务支付（如支付宝相关缴费）。
不喜欢：用户不喜欢话费券和消费券相关优惠，基于未点击商品中与点击行为相反的特征（如话费券而非食品优惠）。",4,complete
1923604,"喜欢：用户偏好家居用品品类（如无痕衣架），关键词包括优惠、日常和理财（从搜索关键词和点击行为体现），品牌涉及趣收吧、支付宝相关服务（如蚂蚁庄园、余额宝），使用场景为日常购物、优惠消费和理财管理（基于交易行为中的食品、饮品购买和服务使用中的理财服务）。

不喜欢：用户不喜欢快餐食品品类（如汉堡、冷藏蛋糕），关键词包括冷藏和小食组合，品牌涉及汉堡王、麦当劳（基于未点击商品中的相反特征，如冷藏蛋糕和汉堡）。",4,complete
1114683,"喜欢：用户偏好饮料品类（如东鹏特饮、脉动青柠味维生素饮料），小家电品类（如迷你静音电风扇），支付优惠服务（如团油加油、支付宝商家券），关键词包括""静音""、""青柠味""、""消费券""，品牌涉及艾唯达、团油、东鹏饮料、脉动，使用场景为夏季降温和日常消费优惠（基于点击商品标题和实体词，如""迷你静音电风扇""、""脉动维生素c青柠味饮料""、""团油""）。

不喜欢：用户不喜欢补水相关产品（如东鹏补水啦饮料）、海景房相关商品、以及滴滴出行服务（基于未点击商品标题和实体词，如""东鹏补水啦8瓶""、""海景房""、""滴滴出行""，与点击的饮料和支付服务特征相反）。",4,complete
1550483,"喜欢：用户偏好快餐食品品类，特别是麦当劳品牌的雪菜鸡肉粥和油条；关键词包括麦当劳、消费券和支付宝相关服务；使用场景集中于餐饮消费（如点击麦当劳组合）和数字服务（如芭芭农场、蚂蚁庄园）；此外，对公益慈善（如公益种树、捐赠）和日常购物（如蔬菜、纸巾）有积极兴趣。

不喜欢：基于未点击行为，用户对出行服务（如高德打车、滴滴出行券包）、话费相关商品（如0.5元话费券）、家居用品（如洗衣液、抽纸）和非食品类商品（如踩屎感拖鞋）表现出不感兴趣。",4,complete
868428,"喜欢：用户偏好出行服务品类（如打车、公交），关键词包括消费券、立减和红包，品牌如滴滴出行和支付宝，使用场景集中在出行支付和日常消费优惠（如通过支付宝获取立减券）。

不喜欢：用户不喜欢快餐品类（如汉堡、圆筒），关键词如买一送一，品牌如麦当劳和汉堡王，使用场景在快餐促销和单人餐优惠。",4,complete
1867292,"喜欢：用户偏好品类包括家居用品（如防滑踩屎感凉拖鞋）和清洁用品（如薰衣草洗衣液），关键词涉及消费券、红包、洗衣液、理财（基于搜索），品牌如几羊嗨购、b站、飞猪，使用场景聚焦支付优惠（支付宝、余额宝）和日常购物活动（如回收服务）。
不喜欢：基于未点击商品，用户对票务（如火车票）、纸巾（如抽纸）和小家电（如电风扇）不感兴趣，品牌如同程、俏牌，特征为具体票务购买和特价商品。",4,complete
1934884,"喜欢：用户偏好出行服务品类，如滴滴出行相关的消费券，关键词包括消费券、立减优惠和红包，品牌如滴滴出行，使用场景涉及出行消费节省、校园生活（基于校园卡和校园服务实体）及日常消费优惠。

不喜欢：用户不喜欢家庭清洁用品（如卷纸）、娱乐服务（如电影优惠券）和快递服务，这些特征与点击的出行消费券相反，体现在未点击商品如卷纸和电影优惠券上。",4,complete
1825288,"喜欢：偏好鞋类产品，特别是舒适拖鞋（如宇航员踩屎感拖鞋），关键词包括宇航员和踩屎感（强调舒适性），品牌偏好乐美优品，使用场景为在线邮购（付邮购），基于点击商品实体词和标题。

不喜欢：不喜欢清洁用品（如薰衣草洗衣液和大桶洗衣液）、家电（如静音电风扇）和纸制品（如纸抽），基于未点击商品实体词中与点击行为相反的品类特征。",4,complete
1528915,"喜欢：用户偏好日常用品品类（如抽纸），关键词包括特价、好物优选和红包，品牌如俏牌，使用场景涉及家庭消费（如早餐准备）、金融理财（如余额宝）和游戏互动（如蚂蚁庄园），基于点击商品（抽纸特价）和服务使用（红包、理财服务）等数据。

不喜欢：用户对出行服务（如滴滴出行）和消费券类优惠（如立减）不感兴趣，表现出与点击行为相反的偏好，即避免服务类优惠而非实物特价商品，基于未点击商品（滴滴出行消费券）数据。",4,complete
1035785,"喜欢：偏好交通出行（如火车、打车服务）和娱乐（如视频平台）品类，关键词包括火车、滴滴出行、飞猪、B站、推广、立减、发券，品牌偏好滴滴出行、飞猪旅行、B站，使用场景为日常搜索优惠券和出行服务（如火车票预订、打车优惠）。
不喜欢：基于未点击商品，不喜欢日用品（如抽纸、洗衣液）、话费充值、电影票以及特定出行平台（如纵航火车票、花小猪打车），与点击的交通出行优惠特征相反。",4,complete
727228,"喜欢：该用户偏好优惠券和话费相关服务，关键词包括消费券、话费券和红包，品牌如支付宝（从服务使用和搜索中高频出现），使用场景涉及移动支付、话费充值及公益慈善活动（如蚂蚁庄园），偏好品类集中于数字优惠和话费节省。

不喜欢：基于未点击商品，用户对食品零售（如百果园、紫燕百味鸡）、快餐（如麦当劳）以及直接话费充值服务（如手机充值）不感兴趣，反映出对实体消费和全额充值的回避。",4,complete
658292,"喜欢：用户偏好日用品品类如纸巾和帆布袋，关键词包括付邮领和消费券，品牌涉及舒可乐和漫步者，使用场景集中于免费或低价获取商品（如付邮购活动）。
不喜欢：用户不喜欢优惠券促销和茶饮品牌如古茗，基于未点击行为中与点击实物商品相反的特征。",4,complete
513003,"喜欢：用户偏好饮料品类，特别是农夫山泉品牌，涉及促销活动如满减优惠；关键词包括消费券、红包和免密支付；使用场景为日常饮用和优惠购物，体现对实惠型水饮的青睐。

不喜欢：用户不喜欢快餐和咖啡茶饮品类，如汉堡王、Tims咖啡和古茗茶饮；避免活动餐、双人餐、起司和椒香鸡腿等特征，反映对高热量快餐和连锁咖啡的排斥。",4,complete
1196834,"喜欢：该用户偏好食品品类（如菠萝派、圆筒和中可）和旅行门票品类，关键词包括推广、日常、优惠（如买一送一和0元），品牌涉及支付宝、麦当劳、飞猪和B站，使用场景为日常餐饮消费和旅行预订。

不喜欢：基于未点击行为，用户不喜欢酒店相关的优惠券品类（如5元酒店券），关键词和品牌（如酒店和b站推广）与点击行为相反。",4,complete
1059357,"喜欢：该用户偏好旅行预订品类，特别是火车票和特色酒店相关优惠，关键词包括推广、日常、B站、飞猪，品牌涉及B站和飞猪平台，使用场景为在线获取旅行折扣券。
不喜欢：基于未点击商品，用户不喜欢汽车票、机票、通用券、滴滴出行服务等特征，与点击的火车和酒店优惠形成相反偏好。",4,complete
1248105,"喜欢：用户偏好手机话费充值品类，关键词包括推广、日常、话费券、消费券和权益，品牌涉及充小侠和高德，使用场景集中于日常推广活动、权益充值及话费优惠服务。  
不喜欢：用户不喜欢饮料、茶饮、打车服务及日用品等品类，关键词如优惠券（用于非话费场景）、发券和通用，品牌如农夫山泉、古茗和维达，使用场景涉及购物优惠、出行服务及家居清洁。  

（字数：198）",4,complete
1601782,"喜欢：用户偏好电影票、话费券和消费券等在线优惠品类，关键词包括公益、缴费和理财（如搜索公益、支付宝、电费），品牌如支付宝相关服务（从服务使用实体），使用场景涉及娱乐消费（如点击大淘电影票）、生活缴费（如交易中的燃气费用、服务中的水费缴纳）和中式餐饮（如交易中的牛肉、鸭血粉丝、金陵烧鹅）。

不喜欢：用户不喜欢汉堡王品牌的快餐套餐品类（如未点击的椒香鸡腿、薯霸王），关键词包括外送和活动餐（从未点击实体词），使用场景为西式快餐外送消费（如未点击标题中的外送活动餐、双人餐）。",4,complete
863523,"喜欢：偏好品类包括家电（如静音电风扇）、清洁用品（如柠檬清新洗洁精和薰衣草洗衣液）及食品（如特仑苏纯牛奶）；关键词涉及静音、清新、纯牛奶、薰衣草、大桶和消费券；品牌偏好艾唯达、天雁、特仑苏和几羊嗨购；使用场景主要为家庭日常清洁和食品消费，基于点击商品中的实体词和标题推断。

不喜欢：基于未点击商品中与点击行为相反的特征，不喜欢品类如普通洗洁精（无特色香味）、纸巾和拖鞋；关键词如无清新香味或特定优惠（如普通包装）；品牌如米鲸优选和俏牌；使用场景如旅行服务（火车票）和寄快递，从未点击实体词和标题推断。",4,complete
158960,"喜欢：偏好快餐食品品类如麦当劳的汉堡、薯条和派（如麦辣鸡腿汉堡、板烧鸡腿堡、菠萝派），关键词包括支付宝、出行和电影，品牌如麦当劳、滴滴出行和农夫山泉，使用场景涉及餐饮消费（如快餐点单）、出行打车（如滴滴券包）和娱乐观影（如电影优惠券）。

不喜欢：基于未点击商品，不喜欢汉堡王的椒香鸡腿、双人餐如全明星双人餐和外送活动餐（如2层芝士4件套），偏好单人份快餐而非双人份或外送服务。",4,complete
449942,"喜欢：该用户偏好品类包括交通票务（如火车票）、娱乐票务（如电影票）、便携工具（如LED手电筒）和支付优惠服务（如支付宝商家券、团油）；关键词涉及推广、日常、付邮购；品牌如飞猪、b站、耀联胜、团油；使用场景为日常消费、旅行出行和工具携带，基于点击商品和服务使用数据（如电力缴费、转账）。

不喜欢：该用户不喜欢品类如家居清洁用品（如洗衣皂、洗衣液）、回收服务（如旧衣服回收）；品牌如雕牌、立白；使用场景为家庭清洁和回收活动，基于未点击商品中与点击行为相反的特征（如未点击雕牌透明皂、洗衣液付邮，而点击了类似付邮购的LED手电筒）。",4,complete
471432,"喜欢：用户偏好出行服务品类（如打车和公交），关键词包括滴滴出行、消费券和红包，品牌如滴滴出行和支付宝，使用场景为日常通勤和消费节省（基于点击滴滴出行和消费券，以及搜索滴滴出行、出行、红包等关键词）。

不喜欢：用户不喜欢快递服务品类（如寄件和快递优惠），以及火车票推广活动（如飞猪和B站券），基于未点击快递上门、寄件、火车等实体词，与点击出行和消费券行为相反。",4,complete
1275508,"喜欢：用户偏好交通出行服务品类，特别是打车和网约车场景，关键词包括消费券、立减和出行，品牌集中于支付宝、高德、滴滴出行和曹操出行，体现对日常通勤优惠的强烈兴趣。  
不喜欢：用户不喜欢快餐食品（如麦当劳薯条和汉堡）、快递服务及火车票相关推广，基于未点击行为中与点击的出行券相反特征。",4,complete
1084669,"喜欢：用户偏好咖啡和快餐品类，关键词包括优惠券、立减和搜索，品牌如Tims咖啡、麦当劳和支付宝，使用场景为下午茶和日常出行服务（基于点击的Tims咖啡优惠、麦当劳活动和滴滴出行优惠）。

不喜欢：用户不喜欢火车票服务、特定餐饮品牌如老乡鸡、家居清洁产品如洗衣液、奶茶品牌如CoCo都可（基于未点击的B站火车券、老乡鸡发券、洗衣液和CoCo都可优惠，与点击的咖啡和快餐偏好相反）。",4,complete
910502,"喜欢：偏好出行服务和快递服务品类，关键词包括滴滴出行、高德、消费券、立减、出行、快递和火车，品牌如滴滴出行、高德、哈啰顺风车和飞猪旅行，使用场景为日常打车出行、寄快递和火车票预订。  
不喜欢：基于未点击商品，不喜欢娱乐服务（如电影票和视频会员）、小额优惠券（如立减3元）、电动车骑行以及特定快递优惠，表现为对电影、芒果TV会员、小额折扣和电单车出行缺乏兴趣。",4,complete
1358935,"喜欢：用户偏好纸巾等日常用品品类（如抽纸），关注特价促销关键词（如""特价""），青睐俏牌品牌，使用场景涉及家庭消费（从交易行为中的食品如鸡胸肉、柠檬和支付如余额宝、转账推断）和金融支付（从服务使用中的现金红包、支付宝和搜索中的信用卡、理财推断）。

不喜欢：用户不感兴趣于家电如电风扇和保鲜盒等品类（从未点击商品实体词推断），避免付邮送促销关键词（如""付邮送""），对乐扣乐扣品牌无兴趣，使用场景如降温设备或食品存储不吸引（与点击的日常用品相反）。",4,complete
1572028,"喜欢：该用户偏好洗衣用品品类（如奥妙洗衣液），关键词包括除螨、杀菌、消费券和支付宝，品牌倾向奥妙、麦当劳和滴滴出行，使用场景涉及家庭清洁（如除菌洗衣）、快餐消费（如麦当劳食品）和出行打车（如滴滴服务）。

不喜欢：基于未点击商品特征，用户不喜欢其他出行品牌（如曹操出行）、快递服务（如菜鸟裹裹）和火车票服务，与点击的滴滴出行和消费券偏好相反。",4,complete
554723,"喜欢：偏好出行服务品类（如打车和顺风车，关键词包括打车券、出行优惠），品牌如花小猪、滴滴出行和哈啰出行；食品品类（如食用油，关键词花生油，品牌胡姬花）；日用品品类（如抽纸和洗衣液，关键词维达超韧抽纸、薰衣草洗衣液，品牌维达）；以及小家电品类（如电风扇，关键词扬子空气循环扇）；使用场景集中于日常出行、家庭消费和在线购物。

不喜欢：基于未点击商品，对饮料品类（如矿泉水，关键词百岁山矿泉水）、娱乐服务（如电影票，关键词支付宝扭扭节）、特定出行方式（如电动车租赁，关键词哈啰电动车）、代驾服务（关键词滴滴代驾）、家居用品（如拖鞋，关键词宇航员踩屎感拖鞋）和快餐饮料（关键词麦当劳中可）不感兴趣。",4,complete
1915605,"喜欢：该用户偏好快餐品类（如麦当劳圆筒）、时尚配饰（如大容量毛毡手提包）和出行服务（如滴滴出行），关键词包括买一送一、粉丝福利、消费券和立减，品牌涉及麦当劳、绣榆枝、滴滴出行和支付宝，使用场景集中在优惠消费、日常购物和出行支付。

不喜欢：基于未点击商品，用户不喜欢话费券（与消费券相反）、三体相关商品、上门取件服务以及特定饮料如中可。",4,complete
87197,"喜欢：用户偏好家居清洁品类如洗衣液（特别是薰衣草香味），关键词包括""付邮购""（在线邮购方式）和""麦谷优品""（品牌），使用场景涉及日常清洁和便捷购物；从服务使用可见对公益（如芭芭农场、蚂蚁庄园）、理财（如余额宝、基金）及运动（如支付宝运动）感兴趣，搜索关键词显示对金融（如紫金矿业、兴业银行）、家电（如美的、格力电器）和陕西地区（如西安市）有偏好。

不喜欢：基于未点击商品，用户不喜欢服装品类如莫代尔短袖T恤和鞋类如宇航员踩屎感拖鞋，避免相关关键词如""莫代尔""材质、""宇航员""主题及品牌如""乐美优品""，与点击的洗衣液形成鲜明对比。",4,complete
563117,"喜欢：该用户偏好优惠券类（如消费券）、出行服务（如滴滴出行）和饮料品牌（如农夫山泉），关键词包括""消费券""、""立减""和""滴滴出行""，品牌涉及农夫山泉和苹果（从搜索""苹果耳机""、""苹果 iphone 14""推断），使用场景聚焦日常消费、数字支付（如支付宝、花呗）和支付宝生态内的公益游戏（如芭芭农场、蚂蚁庄园）。

不喜欢：基于未点击商品，用户不喜欢快餐套餐（如汉堡王的活动餐和4件套）、宠物服务（如宠物绝育）和咖啡品牌（如Tims咖啡），关键词包括""活动餐""、""宠物绝育""和""下午茶""，品牌涉及汉堡王和Tims，使用场景避免快餐外卖和宠物相关推广。",4,complete
339339,"喜欢：用户偏好餐饮品类如老乡鸡，关键词如发券、推广和日常，品牌如B站和飞猪，使用场景包括在线优惠券活动（如30-3折扣）和特定商品门票推广，具体表现为点击老乡鸡30-3券及B站、飞猪门票。
不喜欢：用户不喜欢老乡鸡的50-5和10-2折扣券，表明对较高消费门槛或较低折扣价值的优惠不感兴趣，与点击行为中偏好30-3折扣和跨品类推广相反。",4,complete
136878,"喜欢：偏好品类包括食品（如酸奶和洗衣液）和家居用品（如拖鞋），关键词涉及促销优惠（如618、消费券、付邮）和省钱，品牌如君乐宝（酸奶）、乐美（拖鞋）和几羊嗨购（洗衣液），使用场景为日常健康饮食（如早餐酸奶）和家居清洁舒适（如夏季拖鞋和洗衣）。

不喜欢：基于未点击商品与点击行为相反的特征，用户对零食（如青豌豆）、特定个人护理产品（如控油洗发露）、出行服务（如打车券、火车票）和娱乐优惠（如电影券）表现出较低兴趣，与喜欢的食品和家居用品形成对比。",4,complete
250475,"喜欢：用户偏好家居用品（如宇航员踩屎感拖鞋）、物流货运服务（如货拉拉）、饮料品牌（如农夫山泉和古茗茶饮），关键词包括优惠券、付邮购和货运，使用场景涉及日常购物（如拖鞋购买）和货运需求（如货拉拉服务），品牌倾向乐美优品、货拉拉、古茗和农夫山泉。

不喜欢：用户对快餐套餐（如汉堡王的椒香鸡腿、芝士4件套等）、咖啡品牌（如Tims咖啡）以及顺风车服务（如哈啰顺风车）不感兴趣，这些未点击商品特征与点击行为中的家居、物流和饮料偏好相反。",4,complete
201826,"喜欢：该用户偏好快餐食品品类，特别是麦当劳品牌的产品（如麦辣鸡腿汉堡、大薯条和小食组合），关键词涉及消费福利（如红包、福利日、消费节），使用场景为通过支付宝平台进行移动支付消费，体现对便捷餐饮和促销活动的兴趣。

不喜欢：该用户不喜欢打车服务，如花小猪打车，与食品消费行为相反，体现对出行服务的低兴趣。",4,complete
510519,"喜欢：该用户偏好交通出行服务品类，关键词包括出行、打车、券包、立减和消费券，品牌如滴滴出行、花小猪打车、高德和曹操出行，使用场景为日常通勤和节省交通费用。  
不喜欢：该用户不喜欢食品饮料、日用品和服饰等品类，关键词如下午茶、外送、活动餐和话费充值，品牌如Tims咖啡、汉堡王和农夫山泉，使用场景涉及餐饮消费和个人购物。",4,complete
1660693,"喜欢：该用户偏好话费充值品类（如手机充值、全国话费充值），关注特价、优惠、权益和立减等关键词，青睐俏牌品牌（纸巾相关）和滴滴出行品牌（服务类），使用场景集中于手机话费支付（如充值、缴费）和日常家用清洁（如抽纸消费）。  
不喜欢：用户对出行服务（如花小猪打车、哈啰顺风车）、家电（如静音电风扇）以及鞋类（如踩屎感拖鞋）表现出不感兴趣，这些特征与点击行为中的话费充值和纸巾偏好相反。",4,complete
1052025,"喜欢：该用户偏好出行服务品类如打车和租车，关键词包括出行、消费券、话费券、支付宝，品牌涉及滴滴出行、高德、曹操出行，使用场景为日常通勤和在线支付优惠。
不喜欢：基于未点击商品，用户不喜欢日用品品类如抽纸和洗衣液，关键词如大桶、付邮，品牌如花小猪，使用场景如大额话费充值服务。",4,complete
1352009,"喜欢：该用户偏好快餐外卖品类（如汉堡王套餐），关键词包括汉堡王、东鹏、菜鸟裹裹，品牌涉及汉堡王、东鹏饮料、洽洽，使用场景为外卖点餐、饮料消费和快递服务。
不喜欢：基于未点击商品，用户不喜欢汉堡王的芝士口味、薯条和甜点（如华夫筒），以及顺风车服务。",4,complete
1866830,"喜欢：用户偏好快餐品类（如薯条、汉堡）、咖啡茶饮（如星巴克、古茗），关键词包括买一送一、5元券、支付宝，品牌如麦当劳、星巴克、CoCo都可，使用场景为外卖点餐和日常餐饮消费（如在线点餐、代买单）。
不喜欢：基于未点击商品，用户不喜欢粥类食品（如雪菜鸡肉粥）、出行服务（如打车）、电影娱乐（如淘电影票）。",4,complete
432983,"喜欢：用户偏好话费充值服务（如消费券、话费券）、饮料品类可口可乐、快递服务（如快递上门、寄件优惠）、清洁用品品牌奥妙洗衣液（强调除菌除螨功能），使用场景涉及在线支付、家庭清洁和物流服务，关键词包括消费券和快递优惠。

不喜欢：用户不喜欢快餐食品（如汉堡王套餐）、咖啡品类Tims、饮料品牌农夫山泉和出行服务哈啰顺风车，这些未点击商品的特征与点击行为相反，表明对快餐、咖啡和出行服务缺乏兴趣。",4,complete
1644571,"喜欢：偏好品类包括旅行预订（机票、火车票、酒店）、出行服务（打车、租车）和在线购物（粮油零食），关键词如消费券、优惠券、机票、火车票，品牌偏好飞猪、同程、滴滴出行、盒马、京东到家，使用场景为旅行规划（如度假、接机）和日常出行（如通勤、购物优惠）。

不喜欢：基于未点击商品中与点击行为相反的特征，不喜欢食品类（如鸭翅、甜甜圈）、日用品（如纸品清洁、百货）和单车服务，关键词如电影票、鸭翅，品牌如周黑鸭、味多美，使用场景为日常消费（如食品购买、单车出行）。",4,complete
22280,"喜欢：该用户偏好出行打车服务品类（如滴滴打车），关键词如交通乘车码、出行和优惠券（如100元券包），品牌如滴滴出行，使用场景涉及城市交通支付（如乘车码、地铁）和优惠获取（如立减、发券）。

不喜欢：该用户不喜欢火车票、汽车票、门票等出行方式（如火车、汽车票券），以及B站券、飞猪旅行等平台，和麦当劳早餐等食品相关商品（如火腿扒麦满分）。",4,complete
490114,"喜欢：用户偏好电影票优惠券（如千猪、嘿影品牌）、出行服务如滴滴出行和哈啰顺风车的消费券，关键词包括推广和日常，使用场景聚焦娱乐消费（看电影）和日常出行（打车/顺风车），品类涉及电影票和网约车服务。

不喜欢：用户不喜欢花小猪打车品牌、火车票相关服务（如飞猪旅行）、以及家居用品如抽纸和拖鞋，这些特征与点击行为相反，体现在未点击商品中。",4,complete
45683,"喜欢：用户偏好交通出行服务如花小猪打车，关注支付优惠如消费券、支付宝红包和加油立减券，品牌倾向支付宝相关服务（如蚂蚁庄园），使用场景涉及在线支付、生活消费和获取优惠活动，关键词包括现金、优惠加油和消费金。

不喜欢：用户不感兴趣于会员卡服务如全租、其他打车平台如滴滴出行，以及乳制品如纯牛奶，特征包括会员卡、滴滴出行和纯牛奶实体，与点击行为相反。",4,complete
1281445,"喜欢：用户偏好快餐品类如华夫筒和粥油条组合，关键词包括现金、消费券和红包（从搜索和服务使用数据体现），品牌如麦当劳和汉堡王（基于点击行为和搜索关键词），使用场景涉及到店支付和消费活动（从搜索关键词""到店支付""和交易行为中的支付宝、付款码等推断）。

不喜欢：用户不喜欢试用产品（如0元付邮的纸巾）和非食品类商品（如电风扇），关键词如0元付邮和消费（从未点击商品实体词提取），品牌如维达（从未点击商品标题和实体词），使用场景包括在线试用和非核心消费（基于未点击商品中与点击快餐行为相反的特征）。",4,complete
325073,"喜欢：用户偏好出行服务（如高德打车）和日常用品（如抽纸），关键词包括现金、红包、出行，品牌涉及高德和俏牌，使用场景涵盖出行优惠（如打车券包）和日常消费（如纸巾购买）。

不喜欢：用户不喜欢滴滴出行相关的优惠券，如满减消费券和7折券包。",4,complete
1234830,"喜欢：用户偏好出行服务相关的消费券，关键词包括搜索、品牌、发券、立减和消费券，品牌偏好滴滴出行，使用场景聚焦于出行优惠和数字支付（如支付宝、余额宝）。

不喜欢：用户不喜欢饮料（如凉茶、茶饮）、零食（如良品铺子）、其他出行服务品牌（如高德打车）以及话费优惠券。",4,complete
928158,"喜欢：该用户偏好出行服务品类，关键词包括搜索、发券、立减，品牌如滴滴出行，使用场景为通过优惠券获取出行折扣，结合交易行为中的支付相关实体（如条码支付、余额宝）和服务使用中的租赁与红包元素，体现对便捷优惠服务的兴趣。

不喜欢：基于未点击商品中与点击行为相反的特征，用户不喜欢电子产品租赁（如苹果iPhone 14 Pro）、家居用品（如宇航员踩屎感拖鞋和薰衣草洗衣液）、纸巾、话费充值服务以及其他打车服务（如高德打车），反映出对非出行类租赁、日常消耗品及竞品优惠的回避。",4,complete
1999790,"喜欢：用户偏好快餐食品品类（如汉堡、薯条和冰淇淋），关键词包括麦当劳、滴滴出行和支付宝，品牌偏好麦当劳和滴滴出行（包括花小猪打车），使用场景为外卖订单和打车出行服务，基于频繁点击麦当劳食品和滴滴出行优惠券行为。
不喜欢：用户不喜欢德克士品牌产品、电影票服务以及花小猪打车的特定折扣券（如fs流券），基于未点击德克士食品、电影票相关商品和花小猪打车折扣券行为。",4,complete
836348,"喜欢：偏好交通出行、餐饮和娱乐品类，关键词如出行优惠券、代驾、火车票和消费券，品牌如麦当劳、滴滴出行、飞猪旅行和支付宝相关服务，使用场景包括日常通勤、餐饮消费、旅行预订和在线娱乐，具体体现在点击滴滴打车券、麦当劳汉堡组合、电影优惠券和火车票加速服务等行为上。

不喜欢：偏好与点击行为相反的特征，如高德打车服务、薯条食品和日用品品类，关键词如顺风车、付邮购，品牌如高德打车和农夫山泉，使用场景如顺风车出行和日常用品购买，基于未点击高德打车券包、麦当劳薯条和洗衣液等商品。",4,complete
979050,"喜欢：偏好品类为出行服务和移动支付优惠，关键词包括滴滴出行、消费券、立减，品牌如滴滴出行，使用场景涉及日常出行省钱和在线支付活动。
不喜欢：基于未点击商品，不喜欢纸巾品类（如软抽纸）和付邮领促销方式。",4,complete
1699771,"喜欢：该用户偏好家居清洁用品（如抽纸）和厨房用品（如不锈钢汤盆、洗菜盆）品类，关键词包括特价、好物优选和公益（如公益捐赠、种果树），品牌倾向俏牌、支付宝和天猫，使用场景涉及家庭日常消费、在线支付（如手机扫码支付、收款码）和公益参与（如芭芭农场、蚂蚁庄园）。

不喜欢：该用户不喜欢快餐食品（如汉堡、鸡腿）和咖啡品类，关键词如下午茶、外送活动餐和双人餐，品牌如汉堡王和Tims咖啡，使用场景为快餐消费和外卖餐饮（如活动餐、外送服务）。",4,complete
1220655,"喜欢：偏好交通出行品类（如滴滴出行），关键词如消费券和立减（从点击商品体现），品牌如滴滴出行（从点击商品实体词），使用场景为日常通勤和节省开支（基于交易行为中的乘车扣款、公交等实体，以及搜索关键词中的交通乘车码、滴滴出行）。

不喜欢：基于未点击商品中与点击行为相反的特征，对生鲜食品（如盒马、鲜丰水果）、水果（如鲜丰水果）、娱乐（如电影优惠券）、其他交通服务（如单车周卡、火车票）以及金融支付（如支付券）等品类不感兴趣（从未点击商品实体词如盒马、粮油、电影优惠券、单车、火车票等推断）。",4,complete
1062430,"喜欢：偏好日用品品类如纸巾（包括舒适抽纸、软抽纸），关键词涉及消费券、付邮领和红包，品牌如舒可乐、俏牌和支付宝，使用场景包括在线优惠领取、公益理财（如芭芭农场、蚂蚁庄园）和生活缴费（如电费、话费）。
不喜欢：基于未点击商品，用户不喜欢茶饮（如古茗）、眼镜（如防蓝光老花镜）、饮料（如农夫山泉）、话费相关服务（如话费券、充值）、打车服务（如哈啰打车、曹操出行）和家电产品（如静音电风扇）。",4,complete
1697717,"喜欢：该用户偏好出行服务品类（如网约车），关键词包括滴滴出行、消费券和立减，品牌集中于滴滴出行，使用场景为日常通勤和节省出行成本（基于点击滴滴出行优惠券行为，并得到交易实体如公交、地铁和服务实体如打车网约车支持）。  
不喜欢：该用户不喜欢花小猪打车和高德等出行服务品牌（基于未点击花小猪打车和高德优惠券行为，与点击滴滴出行形成相反特征）。",4,complete
730197,"喜欢：偏好品类包括出行服务（如打车券包）、生活便利品（如亲肤抽纸）和食品优惠（如麦当劳），关键词涉及特价、立减、优惠券和免费，品牌偏好滴滴出行、麦当劳和支付宝，使用场景覆盖通勤出行、在线消费和快递服务（如上门取件）。  
不喜欢：基于未点击商品，不喜欢付邮费的试用产品（如维达手帕纸）、特定折扣券（如7折出行券包）和话费充值服务，避免关键词如付邮购、买一送一，品牌如维达和高德，使用场景包括付邮购物和出行优惠。",4,complete
1225670,"喜欢：偏好出行服务品类（如打车、租车），关键词包括出行、优惠券和消费券，品牌如滴滴、花小猪、哈啰出行；个人护理品类如抽纸、护发素，品牌如心相印、潘婷；使用场景为日常通勤优惠和家庭消费。
不喜欢：基于未点击商品，不喜欢火车旅行相关服务，关键词如火车票、快递；品牌如飞猪、铄雅优品；使用场景包括长途交通、邮寄物品和特定购物如包包、电影票。",4,complete
1581178,"喜欢：偏好品类为出行打车服务（如滴滴出行、花小猪、高德打车）、快餐食品（麦当劳特定餐点如麦辣鸡腿汉堡和奥利奥麦旋风）以及火车票和酒店预订；关键词包括麦当劳、出行、消费券、支付宝和酒店；品牌偏好麦当劳、滴滴出行、高德和飞猪；使用场景涉及日常通勤、快餐消费和旅行安排。

不喜欢：基于未点击商品，不喜欢机票服务（如同程国内机票）、租车服务（如滴滴租车）、特定麦当劳餐点（如雪菜鸡肉粥油条组合）、日用品（如薰衣草洗衣液和维达抽纸）以及门票预订（如飞猪旅行门票），表明对非核心出行方式、特定食品和日常杂货缺乏兴趣。",4,complete
1564504,"### 用户兴趣偏好总结（场景4）
喜欢：该用户偏好生活用品品类（如帆布袋），关键词包括付邮购（低成本获取），品牌如漫步者（官方旗舰），使用场景为通过邮购方式获取实用实用物品，体现对品牌周边和便捷消费的兴趣。  
不喜欢：用户不喜欢优惠券促销和饮品相关产品（如古茗茶饮和农夫山泉），与点击的实用物品形成鲜明对比，反映出对折扣券和饮料类商品的回避。",4,complete
1457338,"喜欢：用户偏好出行打车服务（如滴滴出行、花小猪打车）、消费优惠券（如立减优惠）和茶饮品牌古茗，关键词包括优惠券、立减、打车和自由出行，使用场景聚焦日常通勤和消费节省，基于点击行为中的优惠券、打车服务和古茗茶饮实体词。

不喜欢：用户不喜欢快餐品牌汉堡王、咖啡品牌Tims、大型套餐（如双人餐、4件套）以及饮料品牌农夫山泉，基于未点击商品中与点击行为相反的特征，如汉堡王活动餐、Tims下午茶和农夫山泉优惠。",4,complete
915291,"喜欢：该用户偏好个人护理品类（如抽纸、面霜），关键词包括特价、立减、0元付邮（折扣相关）和草莓（口味），品牌如蒙牛和俏牌，使用场景涉及日常购物（如纸巾消费）、出行服务（如滴滴出行）和数码租赁（如手机租赁）。

不喜欢：该用户不喜欢火车票相关服务（如火车、火车票），以及B站推广和飞猪旅行平台，基于未点击商品中与点击行为相反的出行特征（如推广火车票而非滴滴出行）。",4,complete
1402901,"喜欢：用户偏好出行服务（如滴滴出行）、优惠券（如消费券、立减），品牌包括滴滴出行和支付宝，使用场景涉及出行（如地铁、火车票）和金融优惠活动（如红包、转账），关键词如滴滴出行、红包、火车票，品类覆盖交通和折扣服务。

不喜欢：用户不喜欢食品类商品（如汉堡王狠霸王牛堡）和手机充值服务（如1元话费券），基于未点击行为中与点击出行优惠相反的特征。",4,complete
1373098,"喜欢：用户偏好数码产品租赁（如苹果平板电脑）、家居用品（如宇航员踩屎感拖鞋），品牌包括租掌柜和乐美优品，关键词涉及付邮购和首月优惠，使用场景为在线购物、租赁服务和支付相关活动（基于点击商品和搜索关键词如免押金租赁、apple、平板）。

不喜欢：用户不感兴趣的内容包括食品类（如东北五常大米、香瓜子）、日用品（如洗衣液、抽纸）、以及服务券（如滴滴出行券、麦当劳快餐），这些特征与点击行为相反（基于未点击商品实体词如大米、瓜子、洗衣液、抽纸、滴滴出行）。",4,complete
1952290,"喜欢：该用户偏好出行服务品类（如网约车和顺风车），关键词包括消费券、立减和支付宝专享，品牌如支付宝、曹操出行和滴滴出行，使用场景涉及出行支付优惠活动（如会场消费券立减）。

不喜欢：基于未点击商品，用户不喜欢电动车骑行品类（如电单车骑行券）、古茗茶饮等餐饮品牌、花小猪和高德打车品牌，以及骑行券、茶饮优惠和抽纸等关键词。",4,complete
1078045,"### 用户兴趣偏好总结（场景4）
喜欢：用户偏好手机话费充值品类，关键词包括话费、充值、手机服务和支付积分（基于搜索关键词如""话费充值""、""支付宝""和点击商品如""全国话费充值""），品牌涉及中国移动、支付宝和煜鑫百货商行（从交易行为""手机费""、""支付宝""和服务使用""话费充值""推断），使用场景为日常通信管理和移动支付（如服务使用""话费充值""和交易行为""手机扫码支付""）。

不喜欢：用户不喜欢纸巾、旅行加速、雨具、打车和快餐品类，关键词如抽纸、火车、雨伞、打车和麦当劳（基于未点击商品实体如""维达超韧抽纸""、""火车票预订加速""），品牌包括维达、飞猪、花小猪和麦当劳（从未点击实体词""维达""、""飞猪""、""花小猪打车""推断），使用场景涉及家庭清洁、旅行预订、出行工具和快餐消费（如未点击标题""维达抽纸""、""火车加速""）。",4,complete
306325,"喜欢：该用户偏好快餐品类如汉堡王的牛肉堡套餐（点击了全牛肉堡3人餐），品牌包括汉堡王和舒可乐纸巾（点击了舒可乐纸巾官方店），关键词涉及消费券和付邮领优惠（点击商品包含消费券|s-5223和付邮领），使用场景包括优惠购物（如消费金搜索）和生活必需品采购（纸巾服务使用），同时从服务实体可见对公益理财如蚂蚁庄园、芭芭农场的兴趣（服务使用包含蚂蚁庄园、芭芭农场、理财服务）。

不喜欢：基于未点击行为，用户不喜欢汉堡王的其他口味套餐（如椒香鸡腿、芝士4件套等未点击），以及咖啡和水等商品（未点击Tims咖啡和农夫山泉），反映出对非牛肉快餐和饮品缺乏兴趣。",4,complete
398794,"喜欢：用户偏好加油卡充值服务和服装类商品（如莫代尔短袖T恤），涉及品牌车行易和邮惠购；关键词包括加油、支付（如支付宝、花呗）；使用场景为在线支付、购物和加油相关消费。

不喜欢：用户不喜欢纸巾类产品（如软抽纸）和消费券相关商品，基于未点击行为与点击偏好相反。",4,complete
1994746,"### 用户兴趣偏好总结（场景4）

喜欢：用户偏好出行服务（如滴滴出行、曹操出行、高德打车）、快递服务（申通快递、圆通快递）、电影票优惠券及食品饮料（怡宝矿泉水、瑞幸咖啡、麦当劳）；关键词集中于消费券、支付宝相关活动；品牌倾向滴滴、曹操出行、高德、飞猪旅行；使用场景为日常出行（打车、租车）、在线购物（快递寄件）和娱乐消费（电影票），尤其青睐小额即时折扣（如立减3-5元券）。

不喜欢：用户不偏好大额满减优惠（如满80减10电影票、7折出行券包）、特定平台服务（京东到家、飞猪平台通用券）、非核心品牌（同程、风火递）及部分品类（百果园水果、洽洽瓜子、汽车票推广券），反映出对高门槛或非即时折扣的回避。",4,complete
1417987,"喜欢：偏好快餐品牌如麦当劳和汉堡王（尤其优惠活动如买一送一甜点），支付宝相关服务（如曹操出行），以及实惠日用品（如付邮购洗衣液）；关键词包括买一送一、付邮购；使用场景涉及线上支付优惠、出行服务和家庭清洁，支持品类如生鲜和日用品中的实惠选择。

不喜欢：避免汉堡王的主餐套餐（如薯霸王、椒香鸡腿）、常规饮料（如农夫山泉、东鹏特饮）和非优惠日用品（如抽纸、热敷眼罩），与点击行为相反的特征是缺乏支付宝关联或明显折扣。",4,complete
1919880,"喜欢：用户偏好盒马品牌的粮油调味品类（如粮油调味券），关键词包括支付券和租车，品牌涉及盒马和滴滴，使用场景聚焦在线购物优惠（如支付券）和出行服务（如租车），基于点击行为如盒马云超粮油调味券和滴滴租车。

不喜欢：用户不喜欢京东到家品牌的平台券和农夫山泉产品（如水类），反映出对特定品牌优惠（如平台券）和饮用水品类的不偏好，基于未点击行为如京东到家平台券和农夫山泉标题。",4,complete
1462297,"喜欢：在场景4下，用户偏好快餐品类（如麦当劳的圆筒和鸡腿堡）、出行服务（如曹操出行和滴滴出行），关键词包括支付宝、消费券、话费券；品牌涉及麦当劳、曹操出行、滴滴出行、菜鸟裹裹；使用场景为通过支付宝平台进行消费券兑换、快餐消费、出行打车和快递服务。

不喜欢：用户不喜欢家居用品品类（如水槽过滤网和防滑拖鞋）、货运服务（如货拉拉）、特定零食（如薯条和奥利奥麦旋风），关键词如货拉拉、花小猪打车、会员卡；品牌如奥妙、哈啰电动车；使用场景为货运物流、会员卡购买和家居消费，基于未点击商品与点击行为相反的特征（如点击麦当劳产品但未点击薯条，点击出行服务但未点击货运）。",4,complete
323801,"喜欢：用户偏好话费充值类服务（如手机费、100元话费充值），关键词包括充值、运动、便携、大容量和付邮；品牌涉及支付宝、中国移动等支付平台；使用场景聚焦支付（如手机费充值）和运动（如运动水杯使用），体现对实用、便捷消费品的兴趣。

不喜欢：用户不喜欢家居用品如拖鞋（特别是宇航员主题或踩屎感特征），关键词包括宇航员、踩屎感和付邮购，与点击行为中的运动用品和支付服务形成反差。",4,complete
138009,"喜欢：用户偏好实用品类如帆布包（从点击商品实体词），关注优惠关键词如消费券和立减（体现对折扣的敏感），青睐品牌如漫步者（官方旗舰店），使用场景包括付邮购在线购物和滴滴出行出行服务（结合点击行为）。

不喜欢：基于未点击商品中与点击行为相反的特征，用户不喜欢其他打车服务品牌（如哈啰打车、花小猪打车，与滴滴出行形成对比）、快餐食品（如汉堡王，与实用物品帆布包差异大）以及话费相关优惠券（如1元话费券，与消费券类型不符）。",4,complete
823487,"喜欢：用户偏好出行服务品类，特别是打车券包和优惠券，关键词如""出行""、""立减""、""券包""和""优惠""，品牌如高德打车和滴滴出行，使用场景为日常交通出行（如打车、网约车）和节省费用（如立减券、消费券），基于点击商品如高德打车100元券包和滴滴出行7折券包。

不喜欢：用户不喜欢其他出行品牌如T3出行和花小猪，以及非出行相关商品如洗衣液、麦当劳优惠和话费券，基于未点击商品如T3出行88折券包、花小猪50元打车券包和付邮购10斤洗衣液，体现对非偏好品牌和品类的回避。",4,complete
460223,"喜欢：该用户偏好充值服务品类（如话费充值），关键词包括电话费、消费券和优惠券，品牌涉及支付宝、充小侠和花呗，使用场景为在线支付和手机充值服务。

不喜欢：该用户不喜欢个人护理产品（如迷你胡须刀、踩屎感拖鞋）、家居用品（如艾草洗衣液）和出行服务（如花小猪打车、滴滴出行），基于未点击商品中与点击充值行为相反的特征。",4,complete
323661,"喜欢：该用户偏好食品类商品（如咸鸭蛋、流油咸鸭蛋）和家电品类（如电风扇），品牌包括蒙牛、盒马和漫步者，关键词涉及特价、通用和定制，使用场景主要为会场活动和百货购物（如盒马云超百货通用）。
不喜欢：基于未点击商品，用户不喜欢纸品清洁、代金券和话费充值服务，品牌如飞猪和麦当劳，使用场景涉及出行服务（如打车红包、酒店预订）和话费管理（如话费券）。",4,complete
1587318,"喜欢：用户偏好品类如火车票和电影票（娱乐），关键词如""推广""和""日常""，品牌如B站、飞猪和千猪，使用场景为旅行（火车）和日常娱乐消费（电影票优惠券），基于点击行为中高频出现的实体词。

不喜欢：用户不喜欢品类如打车服务（滴滴出行）和其他火车票品牌（同程），品牌如嘿影电影和滴滴出行，以及关键词如""搜索""和""品牌发券""，基于未点击商品中与点击行为相反的特征（如未点击滴滴出行代金券或嘿影电影优惠券）。",4,complete
1294410,"喜欢：该用户偏好家居清洁品类（如大桶洗衣液），关键词包括消费券和付邮，品牌倾向几羊嗨购，使用场景涉及在线购物利用优惠券支付，体现对实用日用品和促销活动的兴趣。

不喜欢：基于未点击商品特征，用户不喜欢电子设备（如蓝牙耳机）、纸品（如抽纸）和鞋类（如踩屎感拖鞋），反映出对非必需品或非清洁类商品的低兴趣。",4,complete
1254345,"喜欢：用户偏好老乡鸡品牌的餐饮优惠券，关键词为""发券""，使用场景为本地附近消费，偏好金额较大的券（如30-3和50-5），反映对中式快餐的强烈兴趣。

不喜欢：用户不喜欢小额优惠券（如10-2），以及对咖啡品牌（如星爸爸）和打车服务（如滴滴出行）的优惠券不感兴趣，表明对非餐饮类小额优惠和出行服务的回避。",4,complete
501706,"喜欢：偏好品类包括出行服务（如打车、公交）、生鲜配送和外卖快餐；关键词涉及低碳出行、消费券、红包和外卖；品牌偏好花小猪打车、京东到家、叮咚买菜、麦当劳、汉堡王和曹操出行；使用场景为日常通勤（如公交、地铁）、在线购物（如京东到家生鲜配送）和快餐消费（如麦当劳早餐）。

不喜欢：基于未点击商品，用户不喜欢高德出行、乐惠出行和悦享出行等品牌服务，以及滴滴出行和花小猪打车的特定折扣形式（如消费券立减券包或低折扣优惠）。",4,complete
909598,"喜欢：该用户偏好交通服务（如打车应用），关键词包括花小猪打车、现金红包和租机租赁，品牌涉及花小猪打车，使用场景聚焦出行和数字支付（如支付宝红包服务）。
不喜欢：该用户对快递服务（如快递上门和寄件）不感兴趣。",4,complete
437310,"喜欢：用户偏好快递服务品类（如申通快递优惠券和上门寄件），关键词包括快递、优惠券、豆沙春卷，品牌涉及申通快递和思念，使用场景为在线寄件和速食食品购买（如豆沙春卷作为早餐或零食）。

不喜欢：用户对未点击商品如圆通快递、顺丰速运优惠、乐扣乐扣保鲜盒和麦当劳促销不感兴趣，表明不喜欢其他快递品牌、家居用品（保鲜盒）及快餐促销。",4,complete
1549762,"喜欢：用户偏好出行服务品类，关键词如滴滴出行、消费券、立减，品牌为滴滴出行，使用场景涉及出行支付和优惠获取（基于点击行为中滴滴出行相关消费券的多次选择）。

不喜欢：用户不喜欢其他品牌的出行服务（如高德、花小猪）以及非出行相关的商品（如饮料、个人护理），基于未点击商品中与点击行为相反的特征（如高德券包、花小猪打车、东鹏饮料、杰士邦产品）。",4,complete
339221,"喜欢：该用户偏好快餐小吃品类（如麦当劳的中薯条、草莓新地和小薯条），出行服务（如滴滴出行的消费券满减优惠），关键词包括买一送一、立减、会员专享和消费券，品牌涉及麦当劳、滴滴出行、支付宝、每日鲜语和花小猪打车，使用场景为通过支付宝平台进行小额优惠消费，例如快餐点单和出行支付。

不喜欢：基于未点击行为，用户不喜欢大份食品（如大薯条）、汉堡组合（如麦辣鸡腿汉堡）、双人餐或一人食（如必胜客的比萨）、家居用品（如维达纸巾和薰衣草洗衣液），以及滴滴出行的其他优惠形式（如立减5元券包或7折券包）。",4,complete
683581,"喜欢：该用户偏好出行服务（如滴滴出行、花小猪打车）、快餐食品（如麦当劳的圆筒、奥利奥麦旋风和小薯条）、饮料（如三得利无糖乌龙茶）和零食（如洽洽瓜子），关键词包括支付宝、发券、立减和消费券，品牌偏好集中于支付宝、麦当劳、滴滴出行、花小猪打车、三得利和良品铺子，使用场景涉及通过支付宝获取优惠券进行出行打车和快餐消费。

不喜欢：基于未点击商品与点击行为相反的特征，用户不喜欢日常优惠（如老乡鸡的日常A促销）、特定折扣金额（如花小猪打车的40-6元优惠）以及小食组合（如麦当劳的小食组合），表明对常规促销和特定食品类型不感兴趣。",4,complete
1462225,"喜欢：该用户偏好快餐和饮料品类，如汉堡、奶茶和冰淇淋，特别青睐品牌如麦当劳和CoCo都可，关键词包括支付宝、买一送一、折扣和大牌，使用场景集中于餐饮消费、优惠活动参与和早餐时段（基于点击商品标题和实体词，以及交易行为中的早饭、豆浆等）。

不喜欢：基于未点击商品中与点击行为相反的特征，用户不喜欢超市相关服务如盒马品牌和通用券，以及老乡鸡品牌或发券活动（对比点击的麦当劳和CoCo都可优惠，未点击的盒马云超通用和老乡鸡发券显示对非快餐通用服务的回避）。",4,complete
840111,"喜欢：该用户偏好茶饮品类（特别是柠檬茶、奶茶和咖啡），关键词包括葡萄柠檬茶、桃桃柠檬茶、优惠券和电影票，品牌如沪上阿姨、7分甜、古茗、乐乐茶和CoCo都可，使用场景涉及餐饮消费（如下午茶和休闲娱乐）及电影票购买。

不喜欢：该用户不喜欢快递服务（如上门寄件）、出行服务（如打车和火车票）、日用品（如抽纸和洗衣液）、非茶饮零食（如瓜子）以及话费充值，这些特征与点击的茶饮优惠券和电影票优惠券相反。",4,complete
1098085,"喜欢：用户偏好旅行服务（如火车票加速和套餐券）、日用品（如抽纸和拖鞋），关键词包括消费券、特价、付邮领，品牌涉及B站、飞猪、舒可乐、俏牌，使用场景为日常推广、优惠消费和付邮领活动。

不喜欢：用户不喜欢话费券（三体品牌）和快递寄件服务，基于未点击行为中与点击偏好相反的特征。",4,complete
1647563,"喜欢：用户偏好出行服务品类，关键词如支付宝、曹操出行、滴滴出行，品牌为曹操出行和滴滴出行，使用场景为通过支付宝平台获取打车优惠券（如立减券、专享优惠），用于日常出行支付和网约车服务。

不喜欢：用户不喜欢其他出行品牌如花小猪打车和风火递，以及快递服务如申通快递，基于未点击商品中与点击行为相反的特征（如花小猪打车优惠、快递立减券）。",4,complete
106924,"喜欢：用户偏好茶饮料品类（如康师傅冰红茶、绿茶），关键词包括优惠券、红包和消费券（从搜索和点击行为体现），品牌如康师傅（从点击商品标题和实体词提取），使用场景涉及日常便利店购物（如良友便利）和出行相关消费（如公交、地铁搜索关键词）。

不喜欢：用户不喜欢滴滴出行品牌或出行服务的优惠券（基于未点击商品实体词""滴滴出行""和""消费券""，与点击的茶饮料优惠券形成相反特征）。",4,complete
1207091,"喜欢：用户偏好出行服务品类，特别是网约车品牌如花小猪打车和滴滴出行，关键词涉及打车和优惠券（如立减、发券），使用场景为日常通勤时享受折扣优惠，基于点击行为（如花小猪打车89折券和滴滴出行立减券）及交易实体（用车费用、花小猪打车）和服务实体（打车网约车、滴滴出行）的频繁出现。

不喜欢：用户对火车票服务（如飞猪火车票）、快递寄件（如快递上门）、电影票购买（如大淘电影票）、话费充值（如0.5元话费券）以及其他打车平台如高德打车的优惠不感兴趣，基于未点击商品中与点击行为相反的特征（如未点击火车、快递、电影票、话费券和高德打车券包）。",4,complete
740450,"喜欢：用户偏好麦当劳品牌的快餐食品组合，如麦辣鸡腿汉堡、雪菜鸡肉粥和油条，通过支付宝支付方式，使用场景为在线餐饮消费，涉及优惠券（如标题中的日期和活动代码），偏好品类为快餐汉堡和粥类，关键词包括支付宝和麦当劳。

不喜欢：用户不喜欢其他麦当劳食品（如薯条、派和板烧鸡腿堡）以及日用品（如抽纸、维达手帕纸和宇航员拖鞋），这些商品未被点击，特征包括特惠好物、付邮购和试用类非食品。",4,complete
624760,"喜欢：用户偏好出行服务品类，关键词包括出行、打车、优惠券，品牌如滴滴出行和高德打车，使用场景为日常通勤和节省交通成本，体现在多次点击高额出行券包（如100元券包和7折券包），并结合交易行为（如公共交通卡、滴滴出行）和服务使用（如网约车、支付宝）强化出行需求。

不喜欢：用户不喜欢小额优惠券（如5元或6元）、非出行相关商品（如防晒霜或餐饮优惠），以及特定品牌如哈啰打车或物流货运服务（如货拉拉），基于未点击商品（如高德小额券、Mistine防晒、哈啰顺风车）与点击行为形成对比，突出对出行领域外或低价值优惠的回避。",4,complete
1681461,"喜欢：该用户偏好快餐小吃品类（如薯条、圆筒和小食组合），关键词聚焦优惠券、买一送一和0元，品牌倾向麦当劳、支付宝、滴滴出行和哈啰打车，使用场景涉及餐饮消费、交通出行和优惠活动。
不喜欢：基于未点击商品，用户不喜欢汉堡类食品（如麦辣鸡腿汉堡）、甜点（如草莓新地）、纸巾产品、运动饮料（如佳得乐）以及早餐组合（如粥油条），这些特征与点击行为中的优惠小食和打车服务相反。",4,complete
409211,"喜欢：用户偏好出行服务品类，关键词包括出行、券包、立减、消费券，品牌如滴滴出行、高德打车、哈啰顺风车，使用场景为日常交通出行（如打车、顺风车）和节省费用优惠。
不喜欢：用户不喜欢其他出行品牌如曹操出行和花小猪打车，以及非出行相关商品如食品（娃哈哈AD钙奶）、娱乐票务（电影票、火车票）和快餐（麦当劳）。",4,complete
1293864,"喜欢：用户偏好家居用品品类如保鲜盒和服装（包括衬衫、睡衣），关键词如付邮送和促销相关，品牌如乐扣乐扣，使用场景在日常家庭购物、超市消费和在线支付（支付宝、花呗），体现对实用、高性价比产品的兴趣。

不喜欢：用户不喜欢电信服务相关如话费券，以及纸品和清洁产品如抽纸和洗衣液，基于未点击行为与点击的家居用品特征相反。",4,complete
1297416,"喜欢：偏好快餐品类如汉堡和生煎包，关键词包括消费券、会员等级权益和特价优惠，品牌如汉堡王、麦当劳和小杨生煎，使用场景涉及餐饮外卖订单和优惠券消费（如支付宝推广活动）。

不喜欢：基于未点击行为，不喜欢汉堡王的套餐形式（如双人餐和4件套），以及特定口味如起司鸡堡或纯牛肉/鸡肉组合。",4,complete
579744,"喜欢：偏好品类为出行服务和消费券，关键词包括出行、消费券、立减、专享，品牌如滴滴出行、花小猪打车、曹操出行、瑞幸咖啡，使用场景为日常出行优惠和咖啡消费券使用。
不喜欢：基于未点击商品，不喜欢快餐食品和快递服务，关键词如麦当劳、快递、电影票，品牌如麦当劳、飞猪、京东到家，使用场景为快餐消费、寄件和娱乐票务。",4,complete
1288698,"### 用户兴趣偏好总结（场景4）
喜欢：用户偏好快餐品类（如汉堡、鸡腿堡和米汉堡），出行服务（如顺风车、网约车和公共交通），关键词包括支付宝、立减、买一送一和三件套，品牌涉及麦当劳、德克士、滴滴出行、高德和瑞幸咖啡，使用场景为日常消费优惠（如券包和充值）及出行需求（如火车和顺风车优惠）。  
不喜欢：用户不喜欢成人用品（如杰士邦试用）、货运服务（如货拉拉）、特定快餐（如麦当劳薯条和早餐组合）、电影票、饮料优惠（如东鹏特饮）以及花小猪打车服务。",4,complete
1972018,"喜欢：用户偏好家居用品（如拖鞋品类，关键词宇航员、踩屎感）、话费充值服务（关键词三网、全国话费）、会员卡（品牌乐美优品、莲一堂），使用场景为在线购物（付邮购）和通信服务（话费券），体现对实用、便捷消费的兴趣。

不喜欢：用户对洗衣清洁（薰衣草洗衣液品类）、饮料（农夫山泉品牌）、快餐（汉堡王品牌，关键词外送、活动餐）、咖啡（Tims咖啡品牌）及旅行票务（火车票品类，关键词火车、推广）不感兴趣，反映对日常消耗品和餐饮外送场景的回避。",4,complete
949195,"喜欢：用户偏好家电品类，特别是静音电风扇（关键词：静音），品牌如艾唯达；同时，基于服务使用实体（如芭芭农场、蚂蚁庄园、3c产品租赁），偏好游戏玩乐和租赁服务（关键词：租赁），使用场景涉及家庭娱乐（如虚拟农场任务）和实用降温需求。

不喜欢：用户不喜欢优惠券类产品（如消费券）和出行服务（如滴滴出行），基于未点击商品实体词（消费券、滴滴出行）与点击行为（静音电风扇）相反的特征，反映出对非实用家电和非个人娱乐服务的低兴趣。",4,complete
426754,"喜欢：用户偏好食品品类（如熟食、生鲜和零食），关键词包括现金、红包和支付宝，品牌如紫燕百味鸡（明确点击）和雕牌，使用场景涉及日常购物、外卖点餐和支付转账，基于点击行为、交易实体（如紫燕百味鸡、早饭、饱腹代餐食品）和服务使用（如支付宝、饿了么）。

不喜欢：用户不喜欢盒马超市的通用和精选商品，以及支付宝与麦当劳的优惠组合，表明对特定促销形式（如满减活动）和快餐品类不感兴趣，基于未点击商品实体（盒马、通用、精选、支付宝、麦当劳）与点击行为相反的特征。",4,complete
433309,"喜欢：用户偏好餐饮优惠券（如百果园全场券和汉堡王狠霸王牛3件套单人餐），关键词包括""优惠券""和""消费券""，品牌涉及百果园、汉堡王和古茗茶饮，使用场景聚焦线上优惠获取（如京东到家）和本地轻食消费（如单人餐）。

不喜欢：基于未点击行为，用户不喜欢大型多人套餐（如汉堡王双人餐或3人餐）、特定食品如椒香鸡腿和薯霸王，以及外送活动餐（如4件套），反映出对多人共享或非优惠导向产品的回避。",4,complete
1017963,"喜欢：用户偏好家居清洁品类（如洗衣液），关键词包括""除菌除螨""、""消费""和""官方店""，品牌为奥妙，使用场景为家庭日常消费和清洁需求，基于点击的奥妙洗衣液商品及交易行为中的家用盐巴、餐巾纸等实体。

不喜欢：用户不喜欢电子产品（如苹果手机）、服务充值类（如话费充值）、特定食品品牌（如伊利牛奶），以及非核心日用品（如洗碗布、拖鞋），基于未点击商品中与点击洗衣液特征相反的高价值、服务导向或非清洁类实体。",4,complete
186953,"喜欢：用户偏好食品品类（如牛奶）和日用品（如纸巾），关键词包括消费券和付邮领，品牌如特仑苏和舒可乐，使用场景涉及日常家庭消费和优惠活动（如包邮、减价促销）。

不喜欢：用户不喜欢清洁用品（如洗衣液）、家电（如电风扇）和鞋类（如拖鞋），基于未点击商品的特征，这些品类与点击行为中的食品和日用品形成对比。",4,complete
1459527,"### 用户兴趣偏好总结（场景4）
喜欢：用户偏好出行服务品类（如打车），关键词包括消费券和立减，品牌如滴滴出行，使用场景为出行优惠和消费场景（基于点击商品实体词""滴滴出行,会场,消费券,立减""及交易行为中的""滴滴出行""、服务使用中的""打车券""、搜索关键词中的""打车券""）。  
不喜欢：用户不喜欢手机充值品类（如话费服务），关键词如话费券和充值，品牌如花小猪打车，使用场景为手机充值场景（基于未点击商品实体词""手机充值,充小侠,权益,1元话费券,花小猪打车""及未点击标题中的手机充值相关特征）。",4,complete
1680700,"喜欢：偏好品类包括出行服务（如打车、火车）和消费券折扣活动；关键词涉及支付宝、立减、推广、日常、火车；品牌偏好曹操出行、滴滴出行、CoCo都可、飞猪、B站；使用场景为日常出行优惠和消费券领取，例如通过支付宝获取立减券用于打车或火车票预订。

不喜欢：基于未点击商品，偏好品类不包括电影娱乐、洗衣产品、食品优惠券和汽车出行；关键词如电影票、洗衣液、水果、麦当劳、汽车票；品牌如维达、麦当劳、鲜丰水果（因未点击相关商品）；使用场景避免电影观看、洗衣清洁、食品消费和汽车票购买，与点击行为中出行服务偏好相反。",4,complete
592619,"喜欢：用户偏好快递服务（如快递上门寄件）和茶饮品牌（如益禾堂），关键词包括快递、优惠、支付宝和充值话费，品牌涉及益禾堂和支付宝，使用场景为在线寄件、校园支付（如校园一卡通）和日常消费优惠。

不喜欢：用户不喜欢出行服务（如顺风车、打车）和特定优惠推广（如电影优惠券、付邮产品），关键词如打车、电影优惠券和付邮，品牌如滴滴出行和花小猪，使用场景为出行活动和推广营销。",4,complete
1509251,"### 用户兴趣偏好总结（场景4）

喜欢：用户偏好快餐餐饮品类（如麦当劳汉堡、套餐和饮料），关键词包括麦当劳、抽纸、牛奶和支付宝优惠；品牌倾向麦当劳、农夫山泉、特仑苏和屈臣氏；使用场景聚焦日常餐饮消费（早餐、快餐）和家庭日用品采购（如加厚抽纸），结合支付宝支付和出行优惠（如滴滴发券）。

不喜欢：用户不喜欢滴滴出行的高门槛消费券（如立减6元或满减优惠）、海飞丝洗发露套装、特定麦当劳套餐（如板烧鸡腿堡两件套或三件套），以及出行服务（如花小猪打车或高德打车券包），反映对复杂优惠、非偏好品牌及额外出行方式的抵触。",4,complete
416897,"喜欢：该用户偏好出行服务品类（如滴滴出行、高德打车、花小猪打车），关键词集中于消费券、立减、红包和出行相关，品牌倾向滴滴出行、高德、东鹏饮料（如东鹏特饮）和菜鸟裹裹，使用场景包括日常打车、代驾、电单车骑行以及快递寄送（如上门取件），同时关注支付优惠和饮料消费。

不喜欢：基于未点击商品中与点击行为相反的特征，用户不喜欢盐汽水饮料（如王老吉）、日用品如纸巾和垃圾袋、非能量饮料（如农夫山泉）、火车票加速服务、电影优惠券以及音频会员服务（如喜马拉雅），表明对盐汽水、特定日用品、非功能性饮料和娱乐类优惠缺乏兴趣。",4,complete
1722805,"喜欢：该用户偏好交通出行品类（如打车、火车），关键词包括消费券、立减、推广和日常，品牌倾向滴滴出行、哈啰打车和飞猪旅行，使用场景集中于日常出行优惠和消费券应用（如打车券、火车票预订）。

不喜欢：该用户不偏好娱乐和生活服务品类（如门票、酒店、快递），关键词包括门票、酒店、寄快递和茶饮料，使用场景涉及旅游住宿、快递服务和食品消费（如电影票、酒店券、茶饮料），基于未点击商品中与点击行为相反的休闲类特征。",4,complete
1910923,"喜欢：用户偏好速食食品品类（如方便面），关键词包括早饭、熟卤零食和午餐袋，品牌如康师傅，使用场景为日常快速餐饮和外出野餐（基于交易行为中的早饭、野餐盒等实体）。

不喜欢：用户不喜欢家电品类（如电风扇），基于未点击商品的特征与点击行为相反（点击食品 vs 未点击家电）。",4,complete
1968480,"喜欢：该用户偏好出行服务（如滴滴出行、曹操出行打车券）、食品饮料（如麦当劳快餐、良品铺子茶饮和零食）、电影娱乐；关键词集中于优惠券、满减、消费券；品牌倾向滴滴出行、曹操出行、麦当劳、良品铺子、仟吉；使用场景涉及日常出行（打车、电单车骑行）、餐饮消费（快餐、茶饮）和休闲娱乐（电影票优惠）。

不喜欢：基于未点击商品，用户不喜欢花小猪打车服务、泡椒味零食（如良品铺子笋节）、其他茶饮品牌（如古茗、CoCo都可）；避免关键词如""试用""、""付邮""；品牌回避花小猪、古茗、沪上阿姨；使用场景上不倾向试用活动（如维达手帕纸付邮）或特定促销（如老乡鸡发券）。",4,complete
1323262,"喜欢：用户偏好餐饮品类如快餐和小吃（基于点击的老乡鸡、良品铺子等），关键词包括日常、发券和无糖（如点击的""日常A/B""和""无糖乌龙茶""），品牌如老乡鸡、良品铺子、三得利和沪上阿姨（多次点击相关优惠券），使用场景为日常消费和饮料购买（如点餐支付和饮料优惠）。

不喜欢：用户不喜欢洗衣液、果汁饮料、牛奶、出行服务、健身器材、伞、话费充值和票务等品类（基于未点击的奥妙洗衣液、美汁源果汁、伊利牛奶、滴滴打车券、弹力带、自动伞、话费充值、火车/汽车票），关键词如付邮、会场和推广（如未点击的""付邮享""、""消费券会场""），品牌如奥妙、美汁源、伊利、滴滴、花小猪等（与点击的餐饮品牌相反）。",4,complete
370127,"喜欢：用户偏好饮品品类（如咖啡、凉茶和植物饮料），关键词包括支付宝、消费券、立减和下午茶，品牌如Tims咖啡、农夫山泉、滴滴出行和哈啰顺风车，使用场景涉及优惠消费（如满减活动）、日常饮品购买和出行服务（如打车和顺风车）。

不喜欢：用户不喜欢快餐品类（如汉堡套餐），关键词如椒香鸡腿、芝士和双人餐，品牌汉堡王，使用场景为外送大份餐食（如活动餐或多人套餐）。",4,complete
22887,"喜欢：该用户偏好出行服务（如滴滴出行）、电影票优惠券和食品饮料（如王老吉凉茶和麦当劳），关键词包括出行、电影、支付宝、京东到家，品牌涉及滴滴出行、王老吉、支付宝、京东、团油，使用场景涵盖日常通勤、娱乐观影和在线购物优惠。

不喜欢：基于未点击商品，用户不喜欢其他出行服务品牌（如高德和哈啰打车）以及特定推广形式的电影优惠券（如公域推广或高额券包），反映出对滴滴出行外的出行选项和非满减优惠的排斥。",4,complete
1937307,"喜欢：用户偏好出行服务品类（如高德打车、滴滴出行）、茶饮和快餐品牌（如古茗、麦当劳、老乡鸡），关键词包括优惠券、消费券、立减，使用场景涉及出行消费（如打车优惠）和餐饮消费（如茶饮和快餐折扣）。

不喜欢：用户不喜欢汉堡王品牌、外送服务、活动餐以及多人餐套餐（如双人餐、3人餐），这些特征在未点击商品中与点击行为相反。",4,complete
46214,"喜欢：用户偏好出行服务（如火车票、打车、租车）、快递服务（如菜鸟裹裹寄件）、家庭实用品（如保鲜盒、抽纸），关键词包括立减、优惠券、消费券、推广、日常、渠道，品牌涉及滴滴出行、飞猪旅行、哈啰电动车、乐扣乐扣、菜鸟裹裹、麦好物，使用场景为出行预订（火车、打车）、快递寄送、家庭收纳和优惠购物。

不喜欢：用户不喜欢折扣券（如7折）、电影票优惠、话费券、特定门票券，以及屈臣氏支付后优惠，偏好立减优惠而非折扣，避免特定商品如电影票和话费。",4,complete
1727988,"喜欢：用户偏好快递服务（如上门取件、寄快递）和电商平台（京东到家），偏好品类包括物流和在线购物，关键词如寄快递、优惠券，品牌倾向京东，使用场景为在线寄件和优惠购物，基于点击商品实体词""上门取件,寄快递|平台券,京东,到家""及搜索关键词""快递""、""菜鸟裹裹""等支持。

不喜欢：用户对纯平台券优惠或没有具体服务的电商促销不感兴趣，基于未点击商品实体词""京东到家,平台券""与点击行为相反的特征。",4,complete
345875,"喜欢：该用户偏好环保回收服务（如拾尚回收）、个人护理品牌（舒肤佳香皂），以及支付宝的公益种树、运动服务和充值功能；在交易中常涉及蔬菜购物（如有机蔬菜、精品特菜）、支付服务（如条码支付、余额宝），搜索关键词包括回收（如电脑回收、旧衣服回收）、租赁（如免押金租赁）和电子产品（如手机、电脑）。

不喜欢：该用户对快餐食品（如汉堡王套餐）、咖啡饮品（如Tims咖啡）和餐饮优惠券（如满减券、活动餐）不感兴趣，未点击相关商品，与点击的回收和个人护理行为形成对比。",4,complete
166971,"喜欢：用户偏好出行服务品类，特别是打车优惠券，关键词包括立减、消费券和出行，品牌偏好滴滴出行，使用场景为日常通勤或旅行中的打车优惠券包（如立减5元券包）。

不喜欢：用户不喜欢其他打车品牌（如哈啰打车、高德打车、花小猪打车、曹操出行）以及非出行的优惠（如麦当劳食品券），基于未点击商品中与点击行为相反的特征。",4,complete
154081,"喜欢：用户偏好出行服务（如滴滴出行）、消费券（如立减券）和手机充值相关品类，关键词包括滴滴出行、消费券、手机充值、话费券，品牌为滴滴出行，使用场景涉及打车出行和消费券应用。
不喜欢：用户对类似出行服务（如花小猪打车）、特定消费券（如话费券）、以及书籍（如三体）、快餐食品（如汉堡王）、日用品（如洗衣液、纯牛奶）等未表现出兴趣。",4,complete
1615390,"喜欢：用户偏好支付服务（如支付宝）、出行服务（如曹操出行）、快餐品牌（如麦当劳和可口可乐），使用场景包括在线支付、网约车出行和快餐消费，关键词涉及支付宝、曹操出行、麦当劳和中可（可口可乐），品牌偏好支付宝、曹操出行、麦当劳和可口可乐，品类集中于支付、出行和快餐饮料。

不喜欢：用户不喜欢汉堡王品牌及其产品（如薯霸王、椒香鸡腿），以及农夫山泉饮料和下午茶套餐（如Tims咖啡），反映出对特定快餐品牌、薯条类食品和饮料的回避，与点击行为中偏好麦当劳和可口可乐相反。",4,complete
1087549,"喜欢：该用户偏好出行服务（如滴滴出行）和餐饮优惠（如麦当劳），关键词包括消费券、支付宝、红包，品牌涉及滴滴出行、支付宝、麦当劳，使用场景为出行打车和点餐外卖时利用消费券进行折扣消费。
不喜欢：基于未点击商品特征，用户不喜欢纯出行优惠券（如悦享品牌），缺乏额外元素如支付宝集成或餐饮品牌联动。",4,complete
729096,"喜欢：用户偏好快餐食品品类，特别是薯条类产品；关键词如麦当劳、汉堡、薯条；品牌如麦当劳；使用场景为外卖点餐和快餐消费，体现在点击行为、搜索关键词（麦当劳、汉堡）、服务使用（外卖平台、快餐食品）和交易行为（麦当劳、薯条、外卖订单）中。

不喜欢：用户不喜欢非食品类产品如纸巾（抽纸），出行服务如花小猪打车，以及特定促销如免费饮料（中可），这些特征基于未点击商品（如抽纸、花小猪打车、0元中可）与点击的付费快餐薯条相反，体现为品类、关键词和场景的差异。",4,complete
1191627,"喜欢：用户偏好交通出行相关的优惠券品类，如滴滴出行、同程和飞猪品牌的消费券、立减红包和火车票券；关键词包括消费券、立减、火车和汽车票；使用场景集中在出行省钱（如打车、火车票预订）和家庭清洁（如洗衣液购买）。

不喜欢：用户对门票、机票、快递服务、货运和大额券包（如100元券包）相关的优惠不感兴趣，这些特征在未点击商品中突出，与点击的出行优惠形成对比。",4,complete
1011554,"喜欢：用户偏好交通出行服务，如滴滴出行打车和飞猪旅行火车票，关键词包括消费券、立减、推广和日常，品牌涉及滴滴出行和飞猪旅行，使用场景为日常出行和省钱消费。

不喜欢：用户对非交通相关服务不感兴趣，如快递寄件（风火递）、食品饮料优惠（麦当劳、三得利乌龙茶）、娱乐票务（电影票、特色酒店门票）和电商平台优惠（京东到家），这些与点击行为中的交通主题相反。",4,complete
1098609,"喜欢：用户偏好出行服务（如滴滴出行、花小猪打车）、金融服务（信用卡、花呗、转账收款）、游戏娱乐（蚂蚁庄园、答答星球）和公益活动（公益种树），关键词包括消费券、立减、优惠券和红包，品牌涉及滴滴出行、支付宝相关（如蚂蚁森林）和中信银行，使用场景涵盖日常出行、在线支付、娱乐休闲和金融管理。

不喜欢：用户对食品饮料类商品（如纯牛奶）不感兴趣，品牌如视界牧业，尽管有立减优惠和包邮特征，但未点击此类产品，表明偏好与出行和金融服务相反。",4,complete
659626,"喜欢：用户偏好纸巾类产品（品类：纸抽），品牌舒可乐纸，关键词消费券（从搜索和点击行为体现），使用场景包括付邮领（低价获取）和官方店购买（基于点击商品标题和实体词）。

不喜欢：用户对快餐餐饮不感兴趣（品类：汉堡、咖啡、薯条），品牌汉堡王和Tims咖啡（基于未点击商品中与点击纸巾和消费券相反的特征，如食品类实体词）。",4,complete
1180520,"喜欢：用户偏好出行服务品类（如打车和快递寄件），关键词包括滴滴出行、消费券、立减、出行和支付宝商家券，品牌如滴滴出行和团油，使用场景为出行节省费用和便捷服务（如打车券包和上门取件）。
不喜欢：用户不偏好日用品和家电品类（如抽纸和电风扇），关键词如特价、话费充值、电影优惠券和代金券，品牌如维达和艾唯，使用场景为家庭日常消费和娱乐服务（如电影票和话费充值）。",4,complete
1542657,"喜欢：用户偏好出行服务品类（如打车券包和交通优惠），关键词包括出行、券包、优惠、打车、吊坠，品牌涉及花小猪、滴滴出行、高德打车、曹操出行、周六福，使用场景为日常通勤省钱、在线优惠购物及个人饰品选购。

不喜欢：用户不喜欢快递服务、家居清洁和快餐优惠品类，关键词如寄件、洗衣液、麦当劳，品牌如T3出行、哈啰出行，使用场景为邮寄包裹、家庭清洁和快餐消费。",4,complete
455984,"喜欢：用户偏好茶饮品类（如古茗品牌），关键词包括消费券、立减、现金（从搜索和点击行为体现），品牌如古茗和滴滴出行，使用场景涉及使用优惠券进行茶饮消费或打车服务（基于点击商品标题和实体词）。

不喜欢：基于未点击商品行为，用户不喜欢哈啰打车和花小猪打车品牌，关键词如商家券和feeds（与点击的消费券和立减特征相反），表明对特定推广方式或打车服务品牌不感兴趣（基于未点击商品标题和实体词）。",4,complete
280056,"喜欢：偏好旅行预订品类（如火车票、酒店、门票），关键词包括推广、券、支付宝，品牌如飞猪、滴滴、麦当劳，使用场景为在线优惠消费和餐饮快餐；偏好电子产品（如充电宝）和食品（如大米、矿泉水），关键词涉及优惠券和付邮购，品牌如农夫山泉、德克士，使用场景聚焦日常购物和餐饮优惠。

不喜欢：基于未点击商品，不喜欢家居清洁用品（如洗衣液、纸巾）和话费服务，关键词如大桶、付邮领，品牌如同程、花小猪，使用场景为家居日常；避免机票、民宿和电风扇等非核心旅行服务，与点击行为相反的特征是规避非优惠类消费和低频需求。",4,complete
974648,"喜欢：该用户偏好通信服务品类（如话费充值），关键词包括充值、手机、公益和理财，品牌涉及支付宝和充小侠（基于点击商品和服务使用），使用场景为在线支付、移动充值和公益理财参与（如蚂蚁庄园、余额宝服务）。

不喜欢：该用户不喜欢快餐品类（如汉堡、咖啡），关键词如外送、活动餐，品牌如汉堡王，使用场景为外卖套餐消费（基于未点击商品相反特征）。",4,complete
1719516,"喜欢：用户偏好优惠促销的家居用品（如保鲜盒）、日用品（如除菌洗衣液）、食品饮料（如常温酸奶）和话费充值服务，品牌包括乐扣乐扣、伊利、奥妙，使用场景聚焦日常消费和在线支付（如支付宝相关优惠），关键词涉及消费券、红包和健康登记。

不喜欢：用户对快餐食品（如汉堡王餐食）、服装类商品（如运动袜）和旅行服务（如火车票）不感兴趣，基于未点击行为与点击的家居、日用品特征相反。",4,complete
878190,"喜欢：偏好出行服务品类如打车和单车，关键词包括折扣券、立减和无门槛优惠，品牌如滴滴出行、青桔单车和农夫山泉，使用场景涉及日常出行（如单车订单）和即时消费（如饮料购买）。  
不喜欢：基于未点击行为，不喜欢其他平台优惠品类如京东到家，关键词如试用或满减券，品牌如维达或麦当劳，使用场景如纸巾试用、食品优惠或非即时服务（如火车票预订）。",4,complete
1838133,"喜欢：该用户偏好快餐品类，特别是汉堡王品牌的汉堡套餐（如双层脆鸡堡、小皇堡），关键词包括汉堡、套餐、外卖和特惠，使用场景集中于餐饮消费和外卖服务，体现对高性价比快餐的强烈兴趣。  
不喜欢：基于未点击行为，用户不喜欢通信服务（如话费充值）和出行服务（如滴滴出行券包），关键词涉及充值、出行和早餐类，品牌如麦当劳，使用场景包括充值场景和出行消费，反映对非餐饮类服务的回避。",4,complete
921244,"喜欢：该用户偏好电影票务、打车服务和快递服务品类，关键词包括""电影票""、""滴滴""、""优惠券""、""特价""和""券包""，品牌如滴滴出行、圆通快递、高德和省票票，使用场景集中于在线娱乐消费、出行便利和快递寄送。

不喜欢：基于未点击商品特征，用户不喜欢生活日用品（如抽纸）、零售优惠（如屈臣氏）、特定旅游票务（如火车票、汽车票）和租车服务。",4,complete
780363,"喜欢：该用户偏好出行服务品类，关键词如打车券、消费券（从搜索关键词和点击商品体现），品牌包括滴滴出行和高德打车（基于点击商品实体词），使用场景涉及出行优惠和支付相关活动（从交易行为如加油站、充值话费和服务使用如红包、积分推断）。
不喜欢：该用户不喜欢低金额优惠券（如5元券，基于未点击商品中与点击的100元券包相反特征）和非主流出行品牌（如乐惠、聚惠，基于未点击商品实体词与点击的滴滴出行、高德打车相反）。",4,complete
19363,"### 用户兴趣偏好总结（场景4）
喜欢：偏好品类包括出行服务（如打车、快递）和娱乐消费（如电影票），关键词涉及优惠券、折扣、上门寄件和出行，品牌如滴滴出行、高德打车、花小猪打车和喜姐炸串，使用场景集中于交通出行（如网约车券包）、快递寄送（如上门寄件优惠）和快餐小吃消费（如锅巴土豆折扣）。

不喜欢：偏好品类包括餐饮优惠（如老乡鸡）和零食（如良品铺子），关键词如发券、日常推广和婴儿用品，品牌如老乡鸡、良品铺子和仟吉，使用场景在日常餐饮消费（如快餐券）和零食购买（如茶饮料推广），基于未点击商品中与点击行为相反的特征（如用户点击出行服务但未点击餐饮优惠）。",4,complete
803239,"喜欢：该用户偏好旅行票务（如火车票）和日用纸巾等品类，关键词包括消费券、推广、付邮，品牌如B站、飞猪、滴滴出行、舒可乐，使用场景为日常在线消费和推广活动（如代金券领取）。

不喜欢：基于未点击商品，用户不喜欢个人护理产品（如护手霜、洗发水）、服装（如短裤、T恤）、饮料（如牛奶、矿泉水）、电影娱乐等与点击偏好相反的特征。",4,complete
1020879,"喜欢：偏好品类包括食品（如咸鸭蛋）和家居清洁（如洗衣液），关键词如特价、流油、艾草（强调性价比和天然成分），品牌如米鲸优选和爱家达，使用场景为日常家庭消费和在线购物，体现对实惠、高品质食品及环保清洁产品的兴趣。

不喜欢：基于未点击商品，不喜欢运动饮料（如脉动）、维生素强化饮料、牛奶产品（如特仑苏），以及特定促销方式如支付宝专享配送服务，反映对非必需饮品和捆绑营销的回避。",4,complete
244224,"喜欢：用户偏好数码产品品类（如手机支架、手机、电脑），关键词包括租赁、回收、副业，品牌如天雁、Apple、华为，使用场景涉及骑行导航、运动（如支付宝运动、捐步）、支付收款（如收款码）和公益（如公益捐步）。
不喜欢：用户不喜欢优惠券品类（如话费券、消费券），关键词如话费券，品牌如舒可乐纸，使用场景为支付优惠（如消费券）和日常消耗（如纸巾）。",4,complete
538665,"喜欢：用户偏好快餐食品品类如汉堡、薯条和小食组合，关键词包括麦当劳、汉堡王和点餐优惠，品牌如麦当劳、滴滴出行和曹操出行，使用场景为点餐外卖和出行打车，尤其通过支付宝享受优惠券和折扣服务。

不喜欢：用户不喜欢茶饮品牌如古茗，快餐甜点如圆筒冰淇淋和香芋派，以及家居用品如抽纸和货运服务如货拉拉，基于未点击行为与点击偏好相反的特征。",4,complete
1008547,"喜欢：用户偏好茶饮品类（如古茗品牌），关键词包括优惠、立减、满减和消费券，品牌涉及古茗、滴滴出行和车行易，使用场景为日常茶饮消费（如通过优惠券购买）和出行服务（如打车违章代办优惠）。

不喜欢：基于未点击商品，用户不喜欢加油服务、代驾服务、设备租赁、电影娱乐、酒店住宿及特定茶饮品牌（如CoCo都可），关键词如加油卡、代驾、租机、电影票、酒店券，品牌如屈臣氏、飞猪、租租鸭、CoCo都可，使用场景为汽车维护、代驾服务、设备租赁、娱乐消费和旅游住宿。",4,complete
1116912,"喜欢：用户偏好品类包括话费券、洗衣液和方便面，关键词如消费券、洗衣液和汤好喝，品牌如麦谷优品、白象和京东，使用场景集中于付邮购、家庭清洁和在线购物（如京东到家平台券）。

不喜欢：用户不喜欢其他金额的话费券（如2元或5元）、其他品牌的洗衣液（如奥妙或艾草）、辣味食品（如辣牛肉方便面）、服装鞋帽（如布鞋或拖鞋）、太阳镜、大米、纸巾（如卷纸或抽纸）及交通服务（如顺风车或火车票）。",4,complete
1639533,"喜欢：用户偏好清洁用品品类，特别是洗衣液（如持久留香类型），关键词包括特惠、特价、消费券和立减（折扣优惠），品牌涉及卫慧花，使用场景为在线购物（邮购）和出行服务（滴滴出行），同时体现对家庭清洁和优惠活动的兴趣。

不喜欢：用户不感兴趣于洗衣皂（如舒肤佳品牌）、快餐食品（如汉堡王套餐）、咖啡（如tims）、零食（如洽洽瓜子）和纸巾产品，这些特征与点击的洗衣液和折扣优惠行为相反。",4,complete
764452,"喜欢：用户偏好清洁用品品类（如薰衣草洗衣液和大桶洗衣液），关注关键词如消费券、付邮和公益慈善（基于服务使用实体如公益捐步、蚂蚁庄园），品牌倾向几羊嗨购，使用场景包括家庭清洁（如洗衣液）和优惠购物（如消费券相关）；同时，从服务使用实体（如运动、健身服务）和搜索关键词（如运动、医保）可见，对健康、运动及公益场景有较高兴趣。

不喜欢：用户对交通服务（如顺风车，基于未点击商品实体词如哈啰顺风车）和特定家居用品（如踩屎感拖鞋，基于未点击商品实体词）不感兴趣，这与点击行为中偏好清洁用品和优惠的特征相反。",4,complete
138468,"喜欢：用户偏好出行服务品类，特别是打车应用和优惠券，关键词包括消费券、立减和大额券包（如100元），品牌倾向滴滴出行和高德打车，使用场景涉及日常出行、省钱优惠和便捷打车。

不喜欢：基于未点击商品，用户不喜欢小额优惠券（如5元券）和非偏好品牌如乐惠出行，反映出对低价值优惠和替代出行服务的排斥。",4,complete
626375,"喜欢：用户偏好火车票优惠券品类，关键词包括火车、火车票、推广、日常、消费渠道，品牌如B站、飞猪旅行、滴滴出行，使用场景为日常出行和消费渠道获取优惠。  
不喜欢：用户不喜欢汽车票推广券、门票推广券、食品类商品（如猕猴桃汁、瓜子）和快递服务，基于未点击商品中与点击行为相反的特征。",4,complete
592362,"喜欢：用户偏好快餐品类如汉堡、比萨和饮料（如茶饮和果汁），关键词包括麦当劳、支付宝、优惠券，品牌如麦当劳、必胜客、沪上阿姨和三得利，使用场景涉及餐饮消费（如早餐和快餐）及出行服务（如火车票预订和打车券包）。  
不喜欢：基于未点击商品，用户不喜欢机票和汽车票推广、花小猪打车服务、电影票，以及德克士和紫燕百味鸡等非偏好快餐品牌。",4,complete
1741748,"喜欢：偏好出行服务品类（如打车和网约车），关键词包括消费券和立减优惠，品牌偏好滴滴出行、曹操出行和支付宝，使用场景涉及交通出行和支付优惠。

不喜欢：基于未点击商品，用户不喜欢其他出行品牌（如哈啰打车和哈啰顺风车）以及非出行服务（如餐饮麦当劳、话费充值、洗衣液和火车票），与点击的出行优惠特征相反。",4,complete
756290,"喜欢：用户偏好品类包括家电（如破壁机、豆浆机）、电影票和出行服务；关键词涉及消费券、优惠、立减和推广；品牌偏好荣事达、乐扣乐扣、百岁山和滴滴出行；使用场景涵盖家庭娱乐（如家用电器）、省钱促销（如优惠券使用）和交通出行（如打车、加油服务）。  
不喜欢：基于未点击商品与点击行为相反的特征，用户不喜欢内容如食品相关优惠（如仟吉代金券）、厨房用品（如金龙鱼小麦粉）、健康护理产品（如防蓝光老花镜）以及家居小物（如静音电风扇和踩屎感拖鞋）。",4,complete
660704,"喜欢：用户偏好快餐品类，特别是汉堡王品牌的小皇堡4件套单人餐；关键词涉及外卖、汉堡和单人餐；使用场景为外卖点餐或快餐消费，体现在交易行为（如外卖订单、饿了么）和服务使用（如外卖平台、送餐）中。  
不喜欢：用户不喜欢甜点类（如华夫筒）、出行服务（如滴滴出行消费券）以及其他汉堡套餐类型（如狠霸王牛或双层脆鸡堡），基于未点击商品中与点击行为（快餐套餐）相反的特征。",4,complete
954837,"喜欢：该用户偏好餐饮品类（如快餐小吃，包括老乡鸡、黄焖鸡）、电影票务（如大淘电影票、嘿影电影）、出行服务（如火车票、租车），关键词涉及省钱、优惠、红包和满减活动，品牌包括老乡鸡、仟吉、古茗、同程、滴滴、喜马拉雅和团油，使用场景为日常消费（支付优惠）、娱乐活动（电影购票）和出行预订（火车、酒店）。

不喜欢：基于未点击商品，用户不喜欢""悦享""品牌的滴滴出行7折券包，表明对特定品牌或券包形式的出行优惠不感兴趣。",4,complete
702735,"喜欢：该用户偏好快餐品类（如汉堡王套餐）、出行服务（如滴滴出行券）、日用品（如抽纸和洗衣液）及电子产品租赁（如平板电脑和手机），关键词涉及消费券、理财和租赁，品牌包括汉堡王、滴滴出行、农夫山泉、力士和苹果等，使用场景主要为外卖点餐、日常购物和出行消费。
不喜欢：该用户不喜欢炫辣口味的快餐套餐，基于未点击的汉堡王炫辣4件套与点击的其他汉堡王套餐（如狠牛或芝士口味）形成对比。",4,complete
1259520,"喜欢：该用户偏好出行服务（如打车和快递）和日用品（如纸巾和保鲜盒），关键词包括打车优惠、消费券、快递寄件，品牌倾向花小猪打车、滴滴出行、维达、乐扣乐扣和支付宝，使用场景涉及日常出行、快递服务和家庭用品采购。

不喜欢：基于未点击行为，用户不喜欢电影娱乐（如电影票优惠）、食品早餐优惠（如麦当劳早餐）和话费服务，关键词如电影、早餐食品、话费券，品牌如高德打车（相对于滴滴）、麦当劳和古茗，使用场景包括娱乐观影、餐饮消费和通信充值。",4,complete
1659960,"喜欢：用户偏好交通出行服务（如滴滴出行）、消费券优惠（如6元消费券）、支付宝相关活动（如红包领取），使用场景集中于日常出行支付和优惠消费，关键词包括滴滴出行、消费券、交通乘车码，品牌涉及滴滴出行、支付宝，品类涵盖交通服务和金融优惠。

不喜欢：用户对租赁服务（如租来租往会员卡）、日用品（如大桶洗衣液）和付费邮寄商品（如付邮洗衣液）不感兴趣，基于未点击商品中与点击行为相反的租赁和日用品特征。",4,complete
1071975,"### 用户兴趣偏好总结（场景4）

喜欢：偏好出行服务品类（如打车和网约车优惠券），关键词包括出行、优惠券、立减、发券，品牌如阳光出行、高德、滴滴出行和良品铺子，使用场景为出行省钱和零食消费。

不喜欢：基于未点击商品，不喜欢其他出行品牌（如哈啰打车和曹操出行）以及麦当劳食品、快递服务等。",4,complete
49105,"喜欢：该用户偏好出行服务（如打车、租车）和餐饮优惠（如快餐），关键词包括消费券、立减、满减，品牌涉及滴滴出行、麦当劳、盒马和小杨生煎，使用场景为日常出行（如通勤、旅游）和餐饮消费（如外卖点餐）。

不喜欢：基于未点击行为，用户不喜欢零食（如溜溜梅）和快递服务（如寄快递），与点击的出行和餐饮优惠形成鲜明对比。",4,complete
1028247,"喜欢：用户偏好出行服务品类（如打车和共享单车），关键词包括消费券、立减、出行，品牌如曹操出行、滴滴出行、支付宝，使用场景涉及交通出行、移动支付优惠和消费券兑换，基于点击商品显示对出行优惠券的强烈兴趣。

不喜欢：用户不喜欢快餐品类（如汉堡和咖啡），关键词如下午茶、鸡腿、套餐，品牌如汉堡王、Tims咖啡，使用场景为餐饮外卖和下午茶聚会，基于未点击商品中与点击行为相反的汉堡王相关特征推断。",4,complete
996591,"喜欢：用户偏好食品品类，特别是花生等零食，关键词包括消费券和付邮购（体现优惠购物习惯），品牌如洽洽，使用场景为日常生鲜消费（如聚家乐生鲜超市）和支付宝平台任务（如芭芭农场领鸡蛋）。  
不喜欢：用户不喜欢出行服务（如滴滴出行、曹操出行）、电影娱乐（大淘电影票）、清洁用品（洗衣液、纸巾）和家电（电风扇），这些未点击商品特征与点击的食品类商品相反。",4,complete
758375,"喜欢：用户偏好出行服务品类（如打车、顺风车），关键词包括消费券、立减优惠，品牌如滴滴出行、哈啰顺风车，使用场景为日常交通优惠消费。
不喜欢：用户不感兴趣的内容包括代驾服务（滴滴代驾）、超市购物（盒马）、家庭清洁用品（洗衣液）和娱乐票务（电影票），基于未点击商品特征。",4,complete
290622,"喜欢：偏好出行服务品类如打车/网约车和快餐食品（汉堡、薯条），关键词包括""立减""、""消费券""、""支付宝""和""优惠""，品牌如高德、滴滴出行、花小猪打车、汉堡王、麦当劳，使用场景涉及出行优惠（如券包）和快餐消费（如早餐小份食品）。

不喜欢：基于未点击商品，不喜欢大份快餐（如大薯条）、单车服务（如青桔单车），以及非相关品类如话费充值、洗衣液、电影票。",4,complete
1701816,"### 用户兴趣偏好总结（场景4）
喜欢：用户偏好出行服务品类（如打车、租车），关键词包括支付宝专享、消费券和立减券，品牌如曹操出行、滴滴出行、Tims咖啡、麦当劳和飞猪，使用场景集中于日常出行（如网约车、电单车骑行）和休闲娱乐（如电影票、门票优惠），同时关注咖啡饮品和快递服务优惠。

不喜欢：用户对单车出行（如青桔单车）、火车票、汽车票等品类兴趣较低，关键词如通用券和低价值优惠（如3元券）吸引力不足，品牌如瑞幸咖啡、星爸爸咖啡和特定麦当劳产品（如中可、圆筒）未获青睐，使用场景如快递寄件和特色酒店优惠也未被选择。",4,complete
1545607,"喜欢：用户偏好快餐品类如汉堡王和麦当劳的汉堡套餐及优惠活动，关键词包括满减券、双人餐、快递上门，品牌涉及汉堡王、滴滴出行、圆通快递，使用场景主要为餐饮消费（如外卖点餐）、出行服务（如打车）和快递寄送（如上门取件）。

不喜欢：用户不喜欢申通快递服务、汉堡王的薯条小食、麦当劳的薯条和新地、电影优惠券及火车票服务，反映出对特定快递品牌、快餐小食和娱乐服务的回避。",4,complete
458629,"### 用户兴趣偏好总结（场景4）
喜欢：偏好出行服务（如火车票、酒店券）、快餐食品（如麦当劳的奥利奥麦旋风和香芋派）、电商优惠（如京东到家、菜鸟裹裹快递券），关键词包括优惠券、火车、推广，品牌涉及麦当劳、飞猪、哈啰，使用场景集中于在线预订出行、餐饮消费和快递服务。  
不喜欢：基于未点击行为，反感汽车加油相关（如油卡支付）、电影票、特定快餐选项（如薯条和新地）、茶饮（如CoCo都可），以及电动车租赁服务。",4,complete
923930,"喜欢：偏好品类包括快餐食品（如汉堡、饮料）、生鲜配送和出行服务；关键词涉及消费券、电影票和支付宝；品牌偏好麦当劳、京东到家和滴滴出行；使用场景为线上购物、外卖点餐和出行支付，尤其通过支付宝完成交易。

不喜欢：基于未点击行为，避免品类如纸巾类产品和特定快餐（如汉堡王鸡块）；关键词上不倾向超市通用券或打车服务；品牌上不选择汉堡王、花小猪打车和华润苏果；使用场景中较少涉及超市优惠券和纸巾清洁类消费。",4,complete
527509,"喜欢：用户偏好出行服务品类，特别是打车和网约车，关键词包括出行、打车、券包、立减，品牌如滴滴出行、花小猪打车、高德，使用场景涉及交通出行优惠券使用，如快车、顺风车和消费券节省费用。

不喜欢：用户不喜欢的内容包括单车服务（如青桔单车）、食品优惠（如麦当劳）、日用品（如纸巾）和快递服务，这些特征与点击的出行打车行为相反。",4,complete
1435527,"喜欢：该用户偏好家庭日用品品类如抽纸和洗衣液（特别是大桶薰衣草洗衣液），关键词包括特价、消费券、付邮领和官方店，品牌涉及俏牌、舒可乐纸、小杨生煎和几羊嗨购，使用场景集中于家庭清洁和餐饮优惠消费。

不喜欢：基于未点击商品中与点击行为相反的特征，用户不喜欢零食品类如旺旺小小酥、电子产品如手机和耳机，以及非特价日用品如硫磺皂和洗手液，这些商品缺乏特价或付邮领优惠。",4,complete
825022,"喜欢：该用户偏好纸巾品类（如舒可乐纸、心心相印品牌），茶饮（如古茗品牌），以及优惠券和消费券；关键词涉及支付服务（支付宝、花呗）、生活服务（生活缴费）、交通违章查询；使用场景包括日常消费（超市购物如生活用品超市）、公益参与（种果树、捐赠）和支付场景（手机扫码支付、收款码）。

不喜欢：基于未点击商品，用户不喜欢快餐品牌如汉堡王，不喜欢套餐（如3人餐、双人餐）、外送活动餐、以及特定食品如薯霸王、鸡条、农夫山泉饮料。",4,complete
827118,"喜欢：该用户偏好出行服务类小额优惠券，品类包括火车票加速和汽车票预订，关键词如立减、出行、推广、日常，品牌如滴滴出行、高德、飞猪、b站，使用场景为日常通勤和旅行省钱（基于点击的滴滴出行立减券包、高德立减5元券包、飞猪火车加速券等）。

不喜欢：用户不喜欢大额优惠券包、酒店预订、代驾服务、加油卡充值和洗衣液等，关键词如100元券包、酒店、代驾、加油卡、洗衣液，使用场景涉及大额消费、住宿和家庭清洁（基于未点击的滴滴打车100元券包、飞猪酒店券、滴滴代驾券、加油卡充值、洗衣液等）。",4,complete
776512,"喜欢：该用户偏好出行服务（如花小猪打车）、快餐品牌（如麦当劳）、支付平台（如支付宝）和饮料（如中可），使用场景集中于在线支付、打车出行和餐饮消费；关键词包括""花小猪打车""、""麦当劳""、""支付宝""和""红包""，品牌涉及支付宝、麦当劳和花小猪打车，品类涵盖打车服务、快餐和饮料。
不喜欢：基于未点击行为，该用户不喜欢滴滴出行打车服务和消费券优惠。",4,complete
1530060,"喜欢：用户偏好出行服务品类，尤其是滴滴出行品牌，关键词包括消费券、立减、满减等优惠相关词汇，使用场景涉及打车、公交等日常出行需求，基于点击商品和搜索关键词（如出行、出行优惠券、乘车卡）的频繁出现。
不喜欢：用户不喜欢纸巾类产品（如抽纸），以及对滴滴打车和花小猪打车等非滴滴出行品牌的出行服务不感兴趣，基于未点击商品（如加厚抽纸、滴滴打车出行券包）的相反特征。",4,complete
1160917,"喜欢：用户偏好电子产品（如华为手表GT2）、纸巾（如舒可乐品牌）和饮料（如农夫山泉），关键词集中于消费券和付邮领等促销方式，品牌涉及华为、舒可乐和农夫山泉，使用场景包括在线购物、支付宝支付服务和日常消费（如通过网商银行转账、生活缴费）。

不喜欢：用户对加厚抽纸（与点击的普通纸巾相反）、拖鞋类产品（如宇航员踩屎感拖鞋）、品牌如麦好物和乐美不感兴趣，避免付邮购促销的商品（与点击的付邮领行为相反）。",4,complete
833658,"喜欢：用户偏好小家电品类（如静音电风扇），关键词包括""静音""和""电风扇""，品牌如艾唯达优选，使用场景为个人舒适和家庭环境降温需求，同时交易行为中涉及美的、小米、戴森等品牌，搜索关键词如""苹果 iphone 12""和""电脑""显示对电子产品的潜在兴趣。  
不喜欢：用户不喜欢快餐食品品类（如活动餐和套餐），关键词包括""活动餐""和""套餐""，品牌如汉堡王，使用场景为外卖餐饮服务，基于未点击商品中与点击行为相反的特征（如食品服务 vs. 小家电）。",4,complete
1909075,"喜欢：用户偏好电商平台服务（如京东到家）和出行服务（如滴滴出行），关键词包括平台券、发券、立减等优惠形式，品牌涉及京东和滴滴出行，使用场景为在线购物和出行叫车时利用优惠券省钱。

不喜欢：用户对花小猪打车、哈啰打车等打车服务以及快递上门寄件服务不感兴趣，同时对商家券、消费券feeds等优惠形式缺乏点击意愿。",4,complete
53394,"喜欢：用户偏好快递服务（如上门寄件优惠）、餐饮品类（特别是早餐类快餐，如麦当劳的火腿扒和板烧鸡腿麦满分组合）、家居用品（如免费冰川纹玻璃杯），关键词包括""优惠""、""0元领取""、""早餐""和""麦当劳""，品牌涉及麦当劳和米鲸优选，使用场景为早餐时间通过支付宝平台进行消费和优惠领取。

不喜欢：用户不喜欢特定快递品牌（如滴滴出行和圆通快递的消费券或立减服务）、话费充值（如全国话费充值权益）、纸巾产品（如维达得宝手帕纸的付邮试用）、帆布袋（如漫步者官方付邮购）、零食（如洽洽五香味瓜子）以及快餐品牌（如汉堡王狠霸王牛套餐），这些特征与点击行为中的优惠快递、麦当劳早餐和免费家居用品形成相反偏好。",4,complete
1835208,"喜欢：该用户偏好快餐食品品类，特别是麦当劳的鸡肉汉堡套餐（如麦辣鸡腿堡、板烧鸡腿堡）、薯条和可乐，关键词包括支付宝支付、双人餐和下午茶；品牌上倾向麦当劳、Tims咖啡、飞猪旅行和滴滴出行；使用场景集中于下午茶时间、出行预订（机票、火车票、酒店券）和外卖点餐服务。

不喜欢：基于未点击商品特征，用户不喜欢牛肉汉堡（如牛堡套餐）、早餐粥类（如雪菜鸡肉粥）、茶饮（如CoCo都可茶色生香）和实用服务如汽车票、话费券或快递；关键词如菠萝派、瓜子未被点击，品牌如洽洽、汉堡王未被选择。",4,complete
1665863,"喜欢：用户偏好快餐品类如汉堡和冰淇淋（如麦当劳的麦辣鸡腿汉堡和圆筒买一送一）、旅行服务（如火车票预订加速）、日用品（如纸巾、雨伞和防晒帽），关键词包括支付宝、消费券、付邮、特价和买一送一，品牌涉及麦当劳、飞猪、B站、舒可乐、几羊嗨购和农夫山泉，使用场景集中于促销活动（如付邮体验和消费券优惠）及日常消费需求。

不喜欢：用户不喜欢汉堡王品牌的快餐套餐（如狠霸王牛3件套和华夫筒），与点击的麦当劳产品形成鲜明对比，表明对特定品牌或类似套餐缺乏兴趣。",4,complete
580758,"喜欢：用户偏好金融优惠券品类（如话费券和消费券），关键词包括""消费券""、""红包""和""借呗""，品牌涉及支付宝及其关联服务（如蚂蚁系列），使用场景聚焦在线支付、省钱优惠和娱乐活动（如基于点击的5元话费券和""三体""相关商品）。

不喜欢：用户不喜欢低金额优惠券（如2元和0.5元话费券），以及滴滴出行和会场消费券等额外服务实体（基于未点击商品中金额较低或包含无关特征如""滴滴出行""和""会场""的差异）。",4,complete
778619,"喜欢：该用户偏好品类包括纸制品（如卫生纸、抽纸、手帕纸）和乳制品（纯牛奶），品牌如维达、伊利和乐美优品，关键词涉及包邮、官方店铺、试用和付邮购，使用场景主要为家庭日常消耗和优惠购物活动（如限量试用和日常推广）。
不喜欢：用户不喜欢碳酸饮料（如可口可乐）、出行装备与服务（如啄木鸟背包和滴滴出行电动车骑行券）、其他清洁产品（如麦谷优品洗衣液）以及其他品牌的纸制品（如俏牌抽纸），这些特征基于未点击商品与点击行为相反。",4,complete
1817631,"喜欢：用户偏好快餐食品品类，如薯条、汉堡和冰淇淋，关键词包括""买一送一""、""消费券""和""支付宝专享""，品牌倾向麦当劳、汉堡王和滴滴出行，使用场景涉及餐饮优惠（如麦当劳促销）和出行服务（如打车券包）。  
不喜欢：用户不喜欢小份食品如小薯条、特定套餐如板烧鸡腿堡，以及非偏好品牌如哈啰打车，使用场景上避免非优惠出行（如电影票或洗衣液）和无关商品（如草莓新地或奥利奥麦旋风）。",4,complete
1832032,"喜欢：偏好快餐品类如麦当劳的小食（薯条、派、新地、麦乐鸡块）、茶饮（无糖乌龙茶、蜜桃乌龙茶），品牌包括麦当劳、良品铺子、必胜客、沪上阿姨，关键词如支付宝支付和学生优惠券，使用场景涉及早餐（火腿扒麦满分）和日常快餐消费。

不喜欢：不喜欢大份量套餐（如双人餐、汉堡组合、粥油条）、特定口味茶饮（如柚子绿茶）、非快餐类商品如出行票券（火车票、打车券）和生活用品（拖鞋），对通用优惠券或无明确折扣商品兴趣低。",4,complete
1285192,"喜欢：该用户偏好出行服务品类，关键词包括出行、券包、打车，品牌偏好滴滴打车（基于点击的滴滴打车出行100元券包），使用场景为日常打车出行（如交易行为中的打车券、滴滴出行，服务使用中的顺风车、打车，搜索关键词中的哈啰出行、单车）。

不喜欢：用户不喜欢折扣券包（如未点击的滴滴出行立减5元券包或7折券包，与点击的固定金额券包相反），以及非出行相关商品如矿泉水（百岁山天然矿泉水）、快递服务（上门取件寄快递）和快餐（汉堡王狠霸王牛3件套）。",4,complete
367621,"喜欢：该用户偏好电影票、话费充值、打车服务和快餐等品类，关键词包括电影优惠券、话费券（如2元、5元）、打车券（如花小猪）和支付宝促销（如扭扭节），品牌如千猪、影士电影、汉堡王和花小猪，使用场景涉及在线娱乐消费（如电影院购票）、通信充值、出行打车和快餐用餐（如汉堡王双人餐）。

不喜欢：该用户不喜欢流量充值、代驾服务、火车票、奶茶饮品、租赁服务（如绘本或相机）、快递、酒店和门票等品类，关键词如流量券、代驾、火车票和奶茶，品牌如屈臣氏、CoCo都可和沪上阿姨，使用场景包括流量管理、代驾出行、火车旅行和奶茶消费。",4,complete
1508488,"喜欢：用户偏好卫生纸品类，特别是维达品牌，注重包邮服务和官方店铺渠道，使用场景为家庭日常清洁，关键词包括""维达超韧""和""卫生纸""。
不喜欢：用户不喜欢爱家达品牌的卫生纸（与点击的维达品牌相反），以及涉及消费券、滴滴出行和立减促销的特征（基于未点击商品中的实体词）。",4,complete
337159,"喜欢：该用户偏好快餐食品（如薯条、汉堡）和出行服务（如滴滴出行券包），关键词包括买一送一、满减券、通用券和红包，品牌如麦当劳、飞猪、汉堡王和小杨生煎，使用场景为日常消费（通过支付宝平台获取优惠）和出行需求（如酒店预订和打车服务）。

不喜欢：基于未点击商品，用户不喜欢火车票相关服务（如火车票加速）和特定门票消费，关键词如火车、加速和特价券，品牌如曹操出行和高德，使用场景为火车出行和特定商品（如小份薯条）消费。",4,complete
1293891,"喜欢：用户偏好交通出行相关优惠，特别是火车票和顺风车品类，关键词包括火车、消费券、推广券，品牌涉及B站、飞猪、租博士、哈啰、同程，使用场景为出行预订和日常省钱消费（如点击火车票推广券、顺风车消费券）。

不喜欢：用户对汽车票（与火车票相反）、情趣用品（如避孕套、狼牙套）、家居清洁产品（如抽纸、洗衣液）以及其他出行服务（如滴滴出行）表现出不感兴趣（基于未点击汽车票推广券、避孕套试用、抽纸付邮等商品）。",4,complete
1234121,"喜欢：偏好出行服务（如滴滴出行、Tims咖啡）、生鲜电商（如叮咚买菜、盒马）和餐饮优惠（如麦当劳、星巴克），关键词包括优惠券、消费券、满减、立减，品牌涉及滴滴出行、Tims、京东到家、盒马、星巴克，使用场景为日常出行（打车、单车）、咖啡消费和在线购物折扣。

不喜欢：基于未点击行为，不偏好快递服务（如申通、圆通）、门票预订（如飞猪）和特定食品（如悦鲜活牛奶），关键词如加速券、特定门票，品牌如T3出行、高德打车、花小猪、曹操出行，使用场景为快递寄件和门票购买。",4,complete
251335,"喜欢：用户偏好租赁品类，特别是3C数码产品（如华为手机、电脑、相机），品牌如华为，关键词如""租""、""消费券""、""付邮领""，使用场景在免押金租赁、促销活动（如首月1元）和租物平台（如租租鸭）。
不喜欢：基于未点击洗衣液商品（如薰衣草洗衣液），用户不喜欢洗衣液类产品。",4,complete
894365,"喜欢：用户偏好快餐品类如麦当劳的牛肉汉堡和可乐套餐，饮料品牌如东鹏特饮，关键词如消费券和支付宝，使用场景涉及支付宝支付的餐饮消费优惠活动（如0元中可和消费券促销）。
不喜欢：用户不喜欢薯条、小食组合、麦辣鸡腿汉堡等快餐选项，以及非餐饮类商品如抽纸和特惠好物，基于未点击商品中与点击行为相反的实体特征。",4,complete
1476534,"喜欢：用户偏好交通出行服务（如火车票、地铁、铁路12306）、旅行平台（如飞猪、滴滴出行）、饮品品牌（如古茗），以及优惠券和折扣活动（如立减、发券），涉及在线消费、搜索品牌和出行场景，关键词包括火车、优惠券、消费渠道。  
不喜欢：用户不喜欢快餐食品，特别是汉堡王的产品（如椒香鸡腿、芝士套餐、狠霸王牛），涉及外送、活动餐和单人餐场景。",4,complete
915643,"喜欢：用户偏好饮品品类如茶饮料（品牌良品铺子、CoCo都可，关键词茶派、蜜桃乌龙茶），出行服务品类如打车券（品牌高德、滴滴，关键词消费券、优惠），个人护理工具如指甲刀套装和纸巾（品牌维达、南极人，关键词试用、0元付邮），以及娱乐票务如电影票（品牌支付宝），使用场景覆盖日常购物、出行交通和饮品消费；同时，从交易行为可见文具用品兴趣（如练字本、英语本），服务使用凸显金融服务（如支付宝、红包），搜索关键词支持优惠和出行需求。

不喜欢：用户不感兴趣于成人用品品类（如杰士邦试用，关键词黄金持久），能量饮料（如东鹏特饮），特定快餐组合（如汉堡王小皇堡、麦当劳中可），可乐饮品，以及运动耳机等试用产品（如挂脖蓝牙耳机付邮），这些未点击商品特征与点击行为相反，表明回避成人健康、能量补充及部分餐饮场景。",4,complete
707233,"### 用户兴趣偏好总结（场景4）
喜欢：偏好品类包括家居清洁（如洗衣液）和超市购物；关键词如消费券、全场券、付邮；品牌如农夫山泉、联华超市、几羊嗨购；使用场景为网络购物和使用优惠券进行线上消费，体现对实惠型家居用品及超市优惠活动的兴趣。

不喜欢：基于未点击商品，不喜欢食品类（如咸鸭蛋、芒果）、快餐（如麦当劳早餐）、非清洁类家居用品（如凉水壶、拖鞋），以及出行服务（如顺风车）和话费优惠，反映对非必需食品、特定家居及服务类商品的低兴趣。",4,complete
1363179,"喜欢：用户偏好快餐食品和饮料品类，尤其关注麦当劳、Tims咖啡、古茗茶饮和农夫山泉等品牌，关键词包括优惠券、下午茶和满减活动，使用场景集中在支付宝支付的餐饮消费和优惠促销。

不喜欢：基于未点击行为，用户不喜欢汉堡王品牌、纸巾等日用品、清洁用品以及非优惠饮料（如东鹏特饮），这些特征与点击的食品优惠相反。",4,complete
1214024,"### 用户兴趣偏好总结（场景4）
喜欢：用户偏好出行服务品类（如打车、网约车），关键词包括打车、出行、券、消费券、立减、京东到家、沃尔玛；品牌倾向花小猪、滴滴出行、高德、京东到家、沃尔玛；使用场景聚焦出行便利（如通勤、旅游）、在线购物（如京东到家平台折扣）和生活日常（如话费充值、洗衣液、抽纸）。

不喜欢：用户不感兴趣食品类商品（如花生油、运动饮料），关键词涉及花生油、电影票、百果园、代驾；品牌如胡姬花、麦当劳、飞猪；使用场景包括食品采购（如生鲜电商）、娱乐消费（如电影票）和非核心出行服务（如代驾、租车），基于未点击商品与点击行为相反特征（如点击出行服务但未点击代驾，点击生活用品但未点击食品）。",4,complete
30886,"喜欢：用户偏好餐饮品类如汉堡王的全牛肉堡3人餐，家居用品如宇航员踩屎感拖鞋，日用品如舒可乐软抽纸，饮料如东鹏特饮；关键词包括消费券、付邮领、付邮购、全牛肉、踩屎感拖鞋；品牌涉及汉堡王、乐美优品、舒可乐、东鹏饮料；使用场景聚焦在线促销活动和日常消费，体现对高性价比和实用商品的兴趣。

不喜欢：基于未点击商品，用户不喜欢汉堡王的外送活动餐、椒香口味、双人餐、单人餐、薯条、甜点等特征，与点击行为相反，表现为对特定口味（如椒香鸡腿）、外送服务、小份套餐（如双人餐或单人餐）以及非促销商品（如华夫筒）的回避。",4,complete
640239,"喜欢：用户偏好网约车服务（如滴滴出行、曹操出行），通过支付宝获取消费券、立减优惠，品牌包括支付宝、滴滴出行、曹操出行，使用场景为出行优惠和搜索品牌发券活动。

不喜欢：用户不喜欢火车票、电动车租赁、寄快递服务、电影票、特定品牌试用（如杰士邦）、食品优惠（如麦当劳）和话费券，这些特征与点击行为中的出行优惠相反。",4,complete
1075259,"喜欢：用户偏好物流货运品类，关键词包括租赁（如免押金、租机）、品牌货拉拉，使用场景为货运运输服务。
不喜欢：用户不喜欢顺风车服务，品牌如哈啰和滴滴，以及营销特征如消费券和feeds。",4,complete
1045784,"喜欢：偏好快餐品类，特别是汉堡套餐（如双人餐、3件套），关键词包括鸡腿堡、板烧鸡腿堡、鸡条，品牌为麦当劳和汉堡王，使用场景为外卖点餐（通过饿了么平台）并使用支付宝支付。
不喜欢：基于未点击商品，不喜欢甜点（如华夫筒、新地）、非食品（如话费充值、电风扇）、零食（如炸猪排）以及特定食品如菠萝皇堡。",4,complete
1825837,"喜欢：该用户偏好旅行服务品类（如火车票），关键词包括火车、推广、日常，品牌如b站和飞猪，使用场景在夏季出行和在线推广活动。

不喜欢：该用户不喜欢消费券和日常用品品类（如纸巾、话费券），关键词如消费券、立减、付邮领，品牌如舒可乐、俏牌，使用场景涉及特价促销和付邮领优惠。",4,complete
1209622,"喜欢：该用户偏好出行服务品类，特别是滴滴出行品牌，关键词如消费券、立减和会场，使用场景为获取出行优惠（如打车和网约车），基于点击行为中多次选择滴滴出行相关消费券商品。

不喜欢：该用户不喜欢其他品牌出行服务（如高德）和非出行相关商品，包括个人护理（如海飞丝洗发露）、日用品（如抽纸和洗衣液）、餐饮（如麦当劳食品）以及家电（如电风扇），基于未点击商品中与点击行为相反的特征。",4,complete
935728,"喜欢：该用户偏好出行服务品类（如打车券包和消费券），关键词包括出行、立减、券包、滴滴和高德，品牌偏好滴滴出行、高德、心相印和麦当劳，使用场景涉及日常打车出行和家庭日用品采购（如纸巾、厨房用纸）。

不喜欢：该用户不喜欢花小猪打车品牌和快递服务品类，基于未点击行为与点击偏好相反的特征（如花小猪打车券包和快递优惠寄）。",4,complete
1821854,"喜欢：该用户偏好交通票务品类（如火车票），关键词包括火车、推广、日常，品牌如B站和飞猪，使用场景为日常出行和省钱推广。

不喜欢：用户不喜欢滴滴出行和同程的品牌，以及食品饮料（如蒙牛果粒）和家电（如静音电风扇）品类，关键词如消费券（特定品牌）和代金券。",4,complete
2003659,"喜欢：用户偏好交通出行（如滴滴出行品牌）、金融理财（如余额宝、转账）、公益慈善（如捐赠、捐步）和健康服务（如医保、公积金），关键词包括滴滴出行、支付宝、公益、医保、租赁，品牌涉及滴滴出行和支付宝，使用场景涵盖出行打车优惠、支付转账管理、健康维护和公益参与。

不喜欢：用户不喜欢快餐食品（如汉堡王品牌产品），关键词如汉堡王、椒香鸡腿、薯霸王，品牌为汉堡王，使用场景为餐饮外送消费。",4,complete
63298,"喜欢：用户偏好电影相关优惠券（如电影优惠券、嘿影电影品牌）和话费券（如0.5元话费券），关键词包括""优惠券""、""电影""、""话费""，品类聚焦娱乐消费（如电影票）和通信节省，使用场景涉及在线娱乐和日常话费管理，基于点击商品如""9.99元电影优惠券""和""0.5元话费券""。

不喜欢：用户不喜欢高消费门槛的优惠券（如满80减10的电影票优惠），与点击的低门槛优惠（如满40减5）形成对比，基于未点击商品""满80减10，大淘电影票""的实体特征。",4,complete
1235463,"喜欢：用户偏好消费券和话费券等金融优惠品类，关键词如""消费""、""试用""和""0元付邮""，品牌包括维达、得宝和沃尔玛，使用场景集中于在线购物平台（如京东到家）的超市优惠和免费试用活动，涉及日用品如手帕纸。

不喜欢：用户不喜欢出行服务（如滴滴和花小猪打车）、电影票务（如淘电影票）以及快餐品牌（如麦当劳）的优惠，这些特征与点击行为相反，体现在未点击的打车券、电影票和早餐类商品上。",4,complete
1442927,"喜欢：用户偏好生活日用品品类如艾草洗衣液（品牌爱家达）、支付服务如手机充值和话费券（1元）、省钱优惠如会员卡（美搜租机）和权益，使用场景涉及家庭清洁和移动消费省钱，关键词包括洗衣液、充值、权益、省钱卡。

不喜欢：用户对科幻主题（如三体）和特定消费券形式（如5元话费券结合消费券）不感兴趣，与点击的实用生活服务特征相反。",4,complete
150211,"喜欢：该用户偏好家居清洁品类如纸巾和拖鞋，关键词包括消费券、立减折扣和宇航员主题，品牌倾向维达和滴滴出行，使用场景涉及在线付邮购和出行折扣服务（如打车优惠）。

不喜欢：基于未点击商品特征，用户不喜欢洗衣液等清洁用品、电风扇等家电品类，以及顺风车等出行服务形式（与点击的出行折扣相反）。",4,complete
1806477,"### 用户兴趣偏好总结（场景4）
喜欢：该用户偏好快餐食品品类（如麦当劳的圆筒冰淇淋和0元中可），关键词包括买一送一、消费券、立减、发券和优惠活动，品牌倾向麦当劳、滴滴出行、苏菲和支付宝，使用场景涉及支付宝支付优惠、出行服务（滴滴打车券）和日常女性日用品（苏菲弹力贴身纤巧日用产品）购买。

不喜欢：基于未点击商品中与点击行为相反的特征，用户不喜欢汉堡王食品（如华夫筒或椒香鸡腿）、纸巾类产品（如维达手帕纸或心相印抽纸）、话费充值服务、高德打车券包、电影票优惠和电风扇等，反映出对非偏好品牌（汉堡王 vs 麦当劳）、非优惠品类（纸巾 vs 日用品点击）及非核心服务（高德打车 vs 滴滴出行）的回避。",4,complete
802307,"喜欢：用户偏好出行服务品类（如打车、租车），关键词包括话费券、消费券和出行，品牌涉及滴滴、花小猪和高德打车，使用场景集中于在线出行优惠和手机话费充值，体现对便捷交通和通信消费的强烈兴趣。  
不喜欢：用户不喜欢餐饮、日用品、娱乐和服饰品类，基于未点击商品如麦当劳双人餐和抽纸，反映出对线下餐饮、生活用品及休闲消费的回避。",4,complete
1531215,"喜欢：偏好品类为家居清洁用品（如洗衣液），关键词包括""洗衣液""和""艾草""，品牌偏好""爱家达""，使用场景为家庭日常清洁，基于点击商品和搜索关键词""洗衣液""的匹配。

不喜欢：基于未点击商品中与点击行为相反的特征，用户不喜欢运动饮料、蓝莓味饮料、特价促销等食品饮料类产品，具体体现为未点击""佳得乐蓝莓饮料""等实体词。",4,complete
1697980,"喜欢：用户偏好舒适鞋类品类，如踩屎感拖鞋；关键词包括宇航员主题和休闲舒适性；品牌为乐美优品；使用场景涉及在线付邮购，适合家居或日常休闲穿着（基于点击商品""宇航员踩屎感拖鞋""的实体词分析）。

不喜欢：用户不喜欢日用品品类如纸巾，避免消费券促销和付邮领优惠；对官方店铺的软抽纸不感兴趣（基于未点击商品""舒可乐纸巾""的实体词，与点击行为相反特征如品类差异和促销方式）。",4,complete
912030,"喜欢：用户偏好电影票品类，关键词如""电影""、""优惠券""和""折扣""，品牌如""淘票票""和""嘿影""，使用场景为娱乐消费（如通过支付宝支付购买电影票优惠券）。

不喜欢：用户不喜欢旅行票务（如火车票）、视频平台券（如B站）、快餐优惠（如麦当劳圆筒）和出行服务（如滴滴出行），基于未点击商品中与电影票相反的旅行、视频娱乐和快餐特征。",4,complete
1483587,"### 用户兴趣偏好总结（场景4）
喜欢：偏好快餐品类（如汉堡、薯条、比萨），关键词包括消费券、点餐优惠和下午茶，品牌如麦当劳、必胜客、滴滴出行，使用场景涉及点餐、出行打车和咖啡消费。  
不喜欢：基于未点击商品，不喜欢个人护理品类（如防晒喷雾、牙线棒）、家居用品（如纸巾、拖鞋）、娱乐服务（如电影票）和饮料（如矿泉水）。",4,complete
236690,"喜欢：该用户偏好品类包括出行票务（如火车票）和日用品（如手帕纸），关键词涉及消费、付邮、试用，品牌倾向飞猪、B站、心相印、维达，使用场景主要为出行（火车、顺风车）和日常优惠获取（如代金券）。  
不喜欢：基于未点击商品，用户不喜欢抽纸和卷纸品类、电影娱乐服务、快递寄件、话费充值、零食（瓜子）及花小猪打车等特定优惠。",4,complete
399561,"喜欢：该用户偏好出行服务品类（如火车票预订和打车），关键词包括加速、推广和优惠券（如话费券），品牌涉及飞猪、花小猪打车和滴滴出行，使用场景主要为旅行交通优惠获取和日常省钱活动。

不喜欢：基于未点击商品，用户不喜欢日用品品类（如洗衣液），关键词艾草，品牌爱家达，使用场景家庭清洁；同时对高德品牌出行优惠券不感兴趣。",4,complete
351226,"### 用户兴趣偏好总结（场景4）

喜欢：用户偏好娱乐类优惠券（如电影优惠券）、茶饮料（如蜜桃乌龙茶）和出行服务（如电单车骑行），涉及品类包括电影票务、饮料和电动车出行，关键词如“优惠券”、“立减券”和“满减券”，品牌如嘿影电影、康师傅和滴滴出行，使用场景集中于观影、饮茶和骑行消费。

不喜欢：用户对快递服务（如顺丰速运）、可乐饮料（如百事可乐）和快餐套餐（如汉堡王）表现出较低兴趣，这些未点击商品的特征与点击行为相反，包括物流品类（快递费）、碳酸饮料关键词（百事可乐）和快餐品牌（汉堡王），使用场景涉及寄件、可乐饮用和快餐消费。",4,complete
1633108,"喜欢：用户偏好出行打车服务（如滴滴出行、花小猪打车）、快餐品牌（如麦当劳）和数字支付平台（支付宝），关键词包括消费券、立减优惠，使用场景涉及日常通勤、快餐消费和在线优惠获取，偏好品类集中于出行与餐饮，品牌忠诚度高。

不喜欢：用户不喜欢火车出行相关服务（如火车票、飞猪）和非打车出行优惠（如高德出行），基于未点击行为与点击的打车服务相反，关键词如推广和日常未吸引兴趣。",4,complete
638784,"喜欢：用户偏好出行服务（如滴滴出行、花小猪打车、顺风车）、快递服务（如菜鸟裹裹、韵达快递上门寄件）和快餐优惠（如麦当劳），关键词包括消费券、立减、优惠券，品牌涉及滴滴、花小猪、哈啰、麦当劳，使用场景为日常出行（如打车、顺风车）和快递需求（如上门寄件）。

不喜欢：用户不偏好单车服务（如青桔单车周卡）、特定食品品牌（如港荣蒸蛋糕、伊利纯牛奶）和零售优惠（如屈臣氏支付折扣），这些特征与点击行为相反，体现在未点击商品中。",4,complete
1208497,"喜欢：偏好快餐品牌如汉堡王和麦当劳的优惠套餐（如买一送一、消费券）、零食品类如洽洽瓜子和维达手帕纸试用、关键词如“优惠券”和“0元付邮”、使用场景包括下午茶（如Tims咖啡）、快递寄件服务和打车出行（如滴滴出行、花小猪打车），同时涉及公益参与如芭芭农场种果树和支付宝运动骑行。

不喜欢：基于未点击商品，不喜欢汉堡王的椒香口味产品（如椒香鸡腿）、外送活动餐形式（如芝士4件套或炫辣4件套）以及学生频道的特定套餐（如小皇堡鸡条组合），这些特征与点击行为中偏好的优惠试用和固定套餐相反。",4,complete
1373843,"喜欢：偏好饮料品类（如娃哈哈AD钙奶），关键词包括夏促（夏季促销），品牌以娃哈哈为主，使用场景涉及日常消费和促销活动，支持食品饮料相关消费（如牛肉面、椒麻鸡）。

不喜欢：不喜欢话费券相关电信服务和三体相关产品（如书籍或娱乐），表明对非食品饮料类如电信充值或科幻内容无兴趣。",4,complete
1494221,"喜欢：偏好品类包括交通服务（如顺风车）和数字支付（如支付宝、余额宝），关键词如消费券、顺风车、支付宝，品牌如哈啰，使用场景涉及出行（火车票）、理财（资产管理、花呗）和公益（芭芭农场、捐步），体现对优惠券、共享出行及金融服务的兴趣。

不喜欢：基于未点击商品与点击行为相反的特征，不喜欢快餐食品（如汉堡王套餐、椒香鸡腿）、外送餐饮活动（如双人餐、活动餐），与偏好的服务类优惠形成对比。",4,complete
321634,"喜欢：偏好饮品品类如茶饮，关键词包括优惠和发券，品牌如古茗，使用场景涉及本地优惠活动和休闲消费（基于点击商品""全场25-3元优惠券（附近发券）""和""古茗茶饮""，实体词优惠券、古茗、发券）。

不喜欢：基于未点击商品，不喜欢汉堡王品牌、快餐套餐品类如鸡腿和芝士4件套，关键词如活动餐和外送，使用场景涉及快餐消费（基于未点击汉堡王相关商品标题和实体词椒香鸡腿、汉堡王、活动餐、4件套）。",4,complete
1815102,"喜欢：偏好快餐品类如汉堡、薯条、华夫筒和鸡块等小吃，关键词包括支付宝、买一送一、学生套餐和双人餐，品牌主要为汉堡王和麦当劳，使用场景为支付宝优惠支付下的快餐消费和套餐活动。

不喜欢：不喜欢健康饮料如运动维生素概念产品（如脉动水蜜桃口味）和日常用品如纸巾类商品（如加厚抽纸），与点击的快餐高热量特征相反。",4,complete
1579439,"喜欢：用户偏好饮用水品类（如天然矿泉水），关键词包括消费金、支付宝和麦当劳，品牌倾向百岁山（小包装12瓶）和麦当劳，使用场景涉及支付优惠（如0元中可、付邮购）和日常消费（基于点击商品和搜索关键词）。

不喜欢：用户不喜欢大包装饮用水（如24瓶百岁山矿泉水）和非饮品类商品（如宇航员踩屎感拖鞋），基于未点击商品与点击行为相反的特征（小包装点击而大包装未点击，饮品点击而非饮品未点击）。",4,complete
1618390,"喜欢：该用户偏好快餐品类中的麦当劳小食（如薯条、圆筒冰淇淋和中可），关键词聚焦""买一送一""和""0元""等优惠活动，品牌倾向麦当劳和支付宝，使用场景为日常消费和移动支付（如通过支付宝获取优惠券）。

不喜欢：用户不喜欢麦当劳的套餐组合（如双人餐、鸡腿堡）、早餐食品（如麦满分组合），以及纸巾、火车票等非快餐类商品，反映出对复杂套餐和非优惠商品的回避。",4,complete
328966,"喜欢：用户偏好快餐品类，特别是麦当劳品牌的麦辣鸡翅产品，关键词包括麦当劳和麦辣鸡翅，使用场景为湖南地区的餐饮消费，如外卖或到店点餐。

不喜欢：用户不喜欢麦当劳的板烧汉堡和奥利奥麦旋风等非鸡翅食品，以及必胜客的比萨和滴滴出行服务优惠券。",4,complete
1560249,"### 用户兴趣偏好总结（场景4）
喜欢：用户偏好交通出行服务（如滴滴出行、火车票）和休闲食品品牌（如良品铺子、紫燕百味鸡），关键词集中于推广、优惠券和立减，使用场景包括日常出行折扣（如消费券立减）和零食购物优惠（如全场满减活动）。  
不喜欢：用户避免特定食品品类（如百果园水果、麦当劳早餐组合）和出行服务（如花小猪打车、哈啰出行），关键词和品牌相关度低（如茶派饮料、虎皮凤爪），使用场景涉及早餐类或高额券包（如滴滴100元券包）。",4,complete
1904688,"喜欢：用户偏好快餐食品品类，尤其是麦当劳品牌的产品，如鸡块、汉堡、油条和香芋派；关键词包括支付宝支付、买一送一优惠和早餐组合；使用场景集中于日常用餐和便捷小食消费，常见于支付宝平台交易。

不喜欢：基于未点击商品，用户不喜欢非食品品类如日用品（杰士邦避孕套、心相印纸巾）和工具（螺丝刀）；关键词如试用、付邮和消费券；品牌如汉堡王、脉动；使用场景涉及个人护理、工具使用或非麦当劳快餐。",4,complete
1051004,"喜欢：用户偏好饮料品类（如农夫山泉），关键词包括红包、支付宝、余额宝、收款码，品牌如农夫山泉，使用场景涉及日常支付（收款码）、理财（余额宝）和优惠活动（红包）。

不喜欢：用户不喜欢话费券、三体和消费券相关的内容，表明对电话服务、书籍娱乐和消费券缺乏兴趣。",4,complete
321984,"喜欢：偏好打车服务品类，关键词包括搜索、发券、立减，品牌如滴滴出行，使用场景为出行省钱和优惠券获取，支持网约车和红包相关活动。
不喜欢：基于未点击商品，不喜欢话费服务、流量服务、电影娱乐、食品杂货（如牛奶、花生）和日用品（如纸巾、洗衣液）等品类，关键词如消费券、付邮购，品牌如三体、悦鲜活，使用场景涉及话费充值、电影观看和日常购物。",4,complete
1992105,"喜欢：偏好出行服务品类，关键词包括出行、优惠、消费券、立减，品牌如滴滴出行、哈啰出行，使用场景为日常交通节省费用（基于点击商品实体词如哈啰顺风车、滴滴出行、消费券、出行、优惠等）。

不喜欢：基于未点击商品中与点击行为相反的特征，不喜欢非出行相关商品，如食品（粽子）、家居用品（保鲜盒）、电子产品（电风扇）和娱乐票务（电影票），具体表现为对五芳斋粽子、乐扣乐扣保鲜盒、艾唯达静音电风扇和千猪电影票等无兴趣（基于未点击商品实体词如五芳斋粽子、保鲜盒、静音电风扇、电影票等）。",4,complete
809049,"喜欢：用户偏好清洁用品品类，特别是薰衣草香味的洗衣液，品牌为麦谷优品，使用场景为家庭日常洗衣和在线付邮购促销方式。

不喜欢：用户不喜欢个人护理品类如洗发水（特征包括止痒控油蓬松）、纸制品如抽纸和纸巾、以及服装品类如T恤，基于未点击商品中与点击洗衣液相反的品类特征。",4,complete
