user_id,user_interest_summary,scene,data_type
1534157,"喜欢：偏好品类包括租赁服务（如手机、无人机）、电子产品（iPhone14）、健康医疗、电商培训；关键词涉及免押金、红包、开网店、证件照；品牌如人人租、大疆、苹果、1688；使用场景涵盖在线租赁、电商创业、健康保障和优惠活动。

不喜欢：基于未点击商品，不喜欢实体消费品如服装（短裤）、美容产品（洁面乳）和厨房用品（菜板），这些与点击行为中服务导向、租赁和数字特征相反。",2,complete
543403,"喜欢：用户偏好医疗健康品类（如种牙、医疗险）和购物优惠品类（如券包、黄金红包），关键词包括""医疗""、""黄金""、""打车""、""饿了么""和""苹果""，品牌涉及苏泊尔、雅诗兰黛、滴滴出行、饿了么和1688，使用场景集中于医疗咨询（如种牙公益）、在线购物（如电商优惠）和出行服务（如打车福利）。

不喜欢：用户不喜欢口腔门诊品类（如免手洗拖把）和特定租赁方式（如以租代买），关键词包括""广大""、""以租代买""和""免手洗拖把""，品牌如广大口腔门诊，使用场景涉及口腔医疗咨询（如缺牙重建）和家居清洁产品（如拖把申请），基于未点击商品与点击行为相反的特征推断。",2,complete
41844,"喜欢：偏好品类包括租车服务、医疗健康保险、黄金饰品、运动鞋和零食；关键词涉及租车、医疗险、黄金、积分和美妆；品牌如哈啰租车、周生生、中国黄金、银泰百货和海蓝之谜；使用场景主要为出行租车、健康保障、购物消费（如黄金和美妆产品）和公益捐赠（基于交易和服务实体中的公益基金会、慈善协会等）。

不喜欢：基于未点击商品中与点击行为相反的特征，不喜欢特定租车品牌（如光速超跑）、凉鞋和养生课程；关键词如冰丝、凉鞋和八段锦；品牌如光速超跑；使用场景包括家居凉鞋和养生训练（与点击的出行、健康保障场景相反）。",2,complete
1127419,"喜欢：用户偏好电商购物品类，特别是批发源头商品（如商品橱窗和源头货），关键词包括消费券、红包和理财（基于搜索词），品牌如1688，使用场景为线上采购和日常消费（如外卖和公交支付相关服务）。

不喜欢：用户不喜欢儿童教育品类，如阅读体验课和文具（如写字本和铅笔），品牌如叫叫，使用场景为教育学习（与点击的电商行为相反）。",2,complete
896854,"喜欢：用户偏好纸巾品类（如抽纸和湿厕纸，品牌植护为主）、现金红包和租赁服务（关键词包括免押租机、零押金，品牌涉及滴滴、淘宝、1688），使用场景集中于日常生活购物（如家庭用品采购）和金融理财（如余额宝、旧衣现金回收），同时关注酒类（国酱1935）、黄金饰品（周生生）及游戏娱乐（永恒世纪）。
不喜欢：基于未点击商品，用户对个人护理装备（如志高剃须刀、电动剃须刀）和安全防护产品（如有品电动车头盔）不感兴趣。",2,complete
787514,"喜欢：用户偏好个人护理品类如牙膏和香水，关键词包括美白、修复、淡香和低价，品牌涉及YAYASHI、coco、香奈儿和1688，使用场景主要为在线电商购物（如1688平台）和日常美容护理，体现对源头货和低价好物的兴趣。

不喜欢：用户不喜欢男士配饰品类如真皮皮带、家居清洁设备如超声波清洗机，以及高端寝具品牌如希尔顿乳胶枕，这些特征与点击行为中偏好的个人护理和电商购物相反。",2,complete
370198,"喜欢：用户偏好睡衣品类，特别是真丝材质和高品质产品，品牌如Camanda和惠选，使用场景包括夏季舒适家居，关键词如""舒适""和""商品橱窗""从点击行为中体现。

不喜欢：用户不喜欢书包品类，尤其是学生书包和护脊书包，品牌如赛尔娜，使用场景涉及学生相关功能，基于未点击商品的反向特征推断。",2,complete
806766,"喜欢：用户偏好租赁服务（如免押租手机和电子产品，涉及品类如手机租赁平台、租机优选）、优惠券（如公交乘车优惠券）、品牌购物（如雅诗兰黛、别克、雪佛兰），使用场景包括免押租赁（信用免押租iPhone）、交通优惠（公交券）和在线购物（饿了么）；关键词涵盖信用免押、公交、iPhone、别克、雪佛兰等。

不喜欢：用户不喜欢鞋类产品（如洞洞鞋和防滑凉鞋）、租车服务（如光速超跑租车礼券）、打车服务（如滴滴打车福利），以及特定手机型号（如iPhone13 Pro免押租赁）。",2,complete
290963,"喜欢：用户偏好手游品类（如光与魔法、永恒世纪、热血江湖）、电子产品（苹果手机）和电商平台（1688），关键词包括下载、红包、游戏和苹果，品牌涉及苹果、1688、恺英和九游，使用场景为下载游戏应用、领取现金红包、在线购物和租赁服务（如手机租赁）。  
不喜欢：用户不喜欢家居用品品类（如菜刀、乳胶枕），关键词如锋利、天然，品牌如雷兔、希尔顿，使用场景为厨房刀具或卧室寝具。",2,complete
460084,"喜欢：用户偏好金融优惠品类（如消费券、现金红包）、医疗健康品类（如看牙消费券、百万医疗），关键词包括现金、红包、消费券、医疗，品牌如滴滴出行、银泰百货、好医保、百威，使用场景涉及抢券活动、金融服务（赚现金、充值）和日常消费（打车、购物）。  
不喜欢：用户不喜欢美妆优惠券和特定医疗产品（如长期医疗），基于未点击行为与点击相反的特征，表现为对美妆品类和长期医疗形式的回避。",2,complete
1598213,"喜欢：用户偏好医疗健康保险品类（如好医保百万医疗险），关键词包括医疗险、打车优惠和现金红包，品牌涉及好医保、滴滴出行和资生堂，使用场景集中于在线保障购买、日常通勤和省钱活动（如通过蚂蚁保或滴滴出行获取优惠）。

不喜欢：用户对火车票和长途旅行服务（如飞猪旅行）不感兴趣，基于未点击行为与点击的日常出行（打车）形成对比。",2,complete
860091,"喜欢：用户偏好医疗健康品类（如好医保保险）和通信流量服务（如中国联通流量卡），关键词包括医疗、流量、联通，品牌涉及中国联通、蚂蚁保，使用场景为健康保障和移动上网需求。

不喜欢：用户对房地产租赁服务（如天猫好房租房）不感兴趣，基于未点击行为与点击的医疗和流量特征相反。",2,complete
523005,"喜欢：用户偏好浏览商品橱窗，偏好品类包括电子产品租赁（如手机、平板电脑、单反相机）、二手回收和维修服务；关键词如免押金租赁、公益、维修；品牌涉及Apple、华为、小米；使用场景为在线探索商品、支付宝支付工具（如花呗、余额宝）、公益项目（如蚂蚁庄园种树、公益捐步）和运动相关活动（如支付宝运动）。

不喜欢：用户不喜欢电动车头盔等安全装备，避免具体实用产品如防摔安全帽，与浏览行为相反的特征包括电动车配件和防护品类。",2,complete
418194,"喜欢：用户偏好交通出行（如打车、公交）和医疗健康（如医保、医疗险）品类，关键词包括打车、折扣、医疗险、医保和消费券，品牌如滴滴出行、蚂蚁保和Apple，使用场景涉及日常通勤、健康保障和在线支付服务，基于点击商品和服务使用数据。

不喜欢：用户不喜欢时尚配饰类产品，如眼镜，基于未点击商品与点击行为（实用服务导向）相反的特征。",2,complete
1529563,"喜欢：该用户偏好健康保险品类（如好医保、百万医疗）、益生菌饮品（如乳酸菌、味动力品牌）、电子产品（如iPhone14系列、苹果品牌）以及珠宝（如周生生兔黄金），关键词包括医疗、乳酸菌、iPhone和黄金，使用场景涉及健康管理、日常营养补充、科技消费和珠宝收藏。

不喜欢：基于未点击商品，用户对红包类优惠（如新人红包）、家居用品（如冰丝席、闻芳阁品牌）和鞋类产品（如休闲运动鞋、吱积分品牌）不感兴趣，这些特征与点击的健康和科技偏好相反。",2,complete
1044367,"喜欢：用户偏好金融产品（如现金红包、购物金、理财服务）、个人护理（如剃须刀品牌格卡诺和雷兔）、交通优惠（如打车券、火车票）及美妆（如雅诗兰黛），关键词包括红包、消费券、理财、公交，使用场景聚焦日常出行（如公交扫码支付）、在线支付（如支付宝）和健康管理（如医疗险）；同时，从交易和服务行为看，用户常消费水果、坚果等食品，并参与果园、公益等数字互动。

不喜欢：用户不喜欢家居清洁用品（如免手洗拖把）、健康课程（如养生课）、防护装备（如电动车头盔）、鞋类（如运动鞋）及床上用品（如乳胶枕），关键词如老花镜、养生课、头盔，品牌如欧珀拉、希尔顿，使用场景涉及家居维护（如拖地）或非数字健康产品（如老花镜），与点击行为中避免的家居和特定健康品类一致。",2,complete
1705316,"喜欢：该用户偏好通信服务（如流量卡）、美容护理产品（如美白洁面乳）、外卖平台（如饿了么）和汽车体验活动（如试驾），关键词涉及咖啡券、流量和在线消费，品牌包括中国联通、仁和、瑞幸，使用场景主要为在线购物、汽车试驾和日常实用服务。

不喜欢：基于未点击商品与点击行为相反的特征，用户不喜欢健康家居产品（如艾草组合枕）和高端电子设备租赁服务（如苹果手机免押租机）。",2,complete
1278398,"喜欢：用户偏好餐饮美食品类（如牛蛙、咖啡、外卖），关键词包括外卖、电影票、酒店，品牌如星巴克、茶百道、盒马，使用场景涉及点餐平台、超市购物和娱乐活动，基于交易行为中的美食实体（如美食|INTENT_TARGET、外卖订单）和服务使用中的外卖点餐、饿了么搜索。
不喜欢：用户不喜欢医疗险等保险产品，基于未点击商品中医疗险、好医保等实体与点击行为（商品橱窗浏览）相反的特征。",2,complete
1766840,"喜欢：该用户偏好金融产品（如现金红包、医疗险）、数码租赁服务（如苹果手机和单反相机免押租赁）、美妆优惠（如雅诗兰黛和阿玛尼购物券）、健康保障（如百万医疗险）、回收服务（如旧衣换现金）以及家居用品（如苏泊尔保温杯），关键词涉及现金、红包、消费券，品牌包括苹果、雅诗兰黛、苏泊尔、阿玛尼、银泰百货，使用场景涵盖在线理财、健康投资、数码消费、美妆购物和环保回收。

不喜欢：该用户不喜欢外卖服务（如饿了么新人券包）和咖啡券相关优惠（如星巴克），表明对餐饮配送和汽车试驾服务缺乏兴趣。",2,complete
1940271,"喜欢：用户偏好品类包括租赁服务（如手机租赁）、出行服务（滴滴打车）、美妆护肤（阿玛尼、雅诗兰黛）、健康医疗（好医保）、回收环保（旧衣服回收）、数码产品（苹果）和家居用品（舒柔枕）；关键词涉及手机、租机、滴滴出行、红包；品牌如滴滴、淘宝、植护、周生生；使用场景为在线消费（外卖点餐、淘宝购物）、出行（打车网约车）和日常服务（租赁、回收）。

不喜欢：基于未点击1688商品，用户不偏好批发平台或源头商品，与点击行为中品牌零售、优惠券活动和个性化服务（如打车福利、美妆券）相反。",2,complete
1754307,"喜欢：偏好品类包括食品（如鸡爪、糖类、白酒）、公益服务（如捐赠、慈善基金会）；关键词如公益、运动、绿色能量；品牌如支付宝、贵宾酒；使用场景涉及休闲娱乐（如互动小游戏、外卖点餐）、公益捐赠（如行走捐、公益种树）和日常消费（如零食、下午茶）。

不喜欢：基于未点击商品特征，不喜欢医疗相关（如种牙、医疗保障）和家居清洁产品（如免手洗拖把），与点击的食品和公益行为形成反差。",2,complete
275950,"喜欢：用户偏好游戏娱乐品类，关键词如""光与魔法""和""圣光剑骑北""，品牌涉及游戏相关实体（如点击商品中的""光与魔法""），使用场景为在线浏览商品橱窗和下载互动小游戏（基于点击商品标题和服务使用实体中的""互动小游戏""）。
不喜欢：用户不喜欢餐饮代金券相关特征，如生煎包食品（基于未点击商品实体词""咬不得高祖生煎""与点击行为中游戏娱乐特征的相反性）。",2,complete
1612938,"喜欢：用户偏好租赁服务（如手机、相机免押租赁）、教育产品（少儿美术课、趣味阅读包）、美妆优惠（口红券、面膜券）、电子产品折扣（苹果手机清仓）及医疗险免费体验，使用场景涉及抢促销券、免押租赁和在线学习；品牌包括银泰百货、苹果、人人租、苏泊尔、雅诗兰黛；关键词反映对现金、消费券、优惠节的兴趣；并延伸至游戏娱乐（如消除游戏、斗地主）。

不喜欢：用户不喜欢强调高保额或长期承诺的医疗险产品（如1个月体验或400万元保额推销），基于未点击商品特征与点击的免费体验形式相反。",2,complete
1451452,"喜欢：用户偏好健康保险品类（如好医保百万医疗险）、租赁服务（如滴滴租车、人人租免押租赁）、个人护理产品（牙膏、牙刷、抽纸）、食品饮料（洽洽零食、白酒）以及黄金和流量服务；关键词包括医疗险、租赁、副业、消费券；品牌倾向好医保、银泰百货、洽洽、植护、周生生；使用场景涉及健康管理（医疗保障）、出行便利（自驾租车）、日常消费（零食、抽纸使用）和金融红包（黄金红包）。

不喜欢：基于未点击商品（SP4美白清新益牙膏），用户不喜欢该特定美白或益生菌牙膏产品，与点击行为中偏好的健康保险和租赁服务特征相反，表现为对个人护理品类的低兴趣。",2,complete
1893190,"喜欢：用户偏好科技产品（如iPhone14和便携式剃须刀）、健康监测设备（如精准体重秤和电子秤）以及教育娱乐内容（如趣味阅读包和儿童阅读体验包），关键词包括消费券、手机和阅读，品牌如联想、夏新和叫叫，使用场景涉及数字购物（支付宝支付、百货店）、健康管理（量血压计相关交易）和理财服务（余额宝、理财）。

不喜欢：基于未点击商品，用户不喜欢高频超声波清洗机、眼镜首饰和优惠券相关特征，与点击行为中偏好的健康监测和教育娱乐形成对比。",2,complete
827283,"喜欢：该用户偏好电商购物平台（如1688），关键词包括低价、源头货和大牌平替，品牌涉及1688，使用场景为在线浏览商品橱窗和寻找实惠商品，具体品类如手机配件（手机壳），这反映了其对省钱消费和日常实用品的兴趣。

不喜欢：该用户不喜欢保险相关产品（如好医保），关键词保费和安心豆，这与点击的购物行为相反，表明其对金融保障类服务缺乏兴趣。",2,complete
472852,"喜欢：用户偏好骑行配件（如自行车坐垫、锁、工具）、游泳装备（如泳裤、泳镜）、家居用品（如凉席、工具）和电商平台商品（1688），关键词包括源头、新人红包、防蓝光老花镜和冰丝凉席，品牌涉及欧珀拉和1688相关产品，使用场景涵盖骑行、游泳、家居改善和在线购物，同时体现对生活缴费（燃气、电费）和公益的兴趣。

不喜欢：用户对个人护理产品如电动剃须刀不感兴趣，这与点击行为中缺乏类似美容或剃须工具一致。",2,complete
505204,"喜欢：用户偏好医疗健康保险（如好医保百万医疗险）、优惠券活动（如火车票抵用券、黄金红包）、电子产品（如苹果14ProMax、免押金租手机）、美妆品牌（如雅诗兰黛、阿玛尼）、以及家居用品（如舒柔枕），关键词涉及""医疗险""、""优惠""、""黄金""、""苹果""，品牌包括银泰百货、周生生、星巴克等，使用场景集中于在线购物、租赁服务、健康管理和娱乐活动（如支付宝红包、商品橱窗浏览）。

不喜欢：用户不喜欢保温杯等家居用品，表现为未点击苏泊尔保温杯优惠券，与点击行为中偏好医疗、电子和美妆产品的特征相反。",2,complete
701025,"喜欢：用户偏好阅读和教育内容，特别是趣味阅读和儿童阅读品类，关键词包括""趣味阅读包""和""商品橱窗""，品牌如""叫叫""，使用场景涉及在线学习和家庭娱乐（基于点击商品""领叫叫5日趣味阅读包|逛15秒商品橱窗""及其实体词""叫叫阅读""、""趣味阅读包""）。

不喜欢：用户不喜欢护肤美容内容，特别是芦荟胶品类，关键词包括""祛痘补水""和""修复肌肤""，品牌如""完美""，使用场景为个人护理（基于未点击商品""完美芦荟胶40g*1瓶""及其实体词""完美芦荟胶""，与点击行为相反）。",2,complete
395607,"喜欢：偏好美妆护肤品类（如面膜）和珠宝饰品（如转运珠），关键词包括面膜、红包、转运珠，品牌涉及御泥坊、星巴克，使用场景涵盖美容护理、购物（商品橱窗）和娱乐领红包；同时兴趣延伸至清洁工具（眼镜首饰清洗机）和汽车试驾。

不喜欢：基于未点击商品，反感个人护理品类（如洗发水、沐浴露）和防晒产品（如防晒喷雾），关键词包括洗发水、防晒喷雾、Excel课程，品牌如水木年华、娜丽丝，使用场景涉及个人清洁、防晒保护和办公教育学习。",2,complete
1701984,"喜欢：用户偏好旅游品类（如千年瑶寨、森林氧吧）、医疗健康服务（如牙齿种植、医疗险）、金融服务（如黄金回收、红包）、日用品（如内衣洗衣液、牙膏）、美容产品（如面膜）、酒类（如国酱1935）、汽车相关（如smart精灵试驾）、电商平台（如1688）和通信服务（如靓号）；关键词包括现金、红包、医疗、旅游、回收；品牌涉及smart、滴滴租车、银泰百货、植护、中国联通；使用场景涵盖旅行规划（火车票、租车优惠）、健康管理（医疗险体验、齿科诊疗）、家居维修（防渗水勘测）、日常消费（面膜券、洗衣液）和娱乐活动（游戏红包、商品橱窗）。

不喜欢：用户对运动鞋类产品（如透气运动鞋）表现出不感兴趣，与点击行为中缺乏服饰运动品类一致。",2,complete
838639,"喜欢：用户偏好公益援助品类，特别是口腔医疗领域的种牙服务，关键词包括公益种牙和进口种植牙，品牌涉及口腔医院，使用场景为在线公益活动和医疗咨询（基于点击商品标题和实体词如""公益种牙""、""口腔医院""）。

不喜欢：用户对汽车相关（如混动车型品牌广汽传祺）和服装类（如纯棉t恤）内容不感兴趣，这些特征在未点击商品中与点击的公益种牙行为相反（基于未点击商品实体词如""传祺智电混动""、""t恤""）。",2,complete
334811,"喜欢：用户偏好健康护理品类（如脚气水、牙膏）、美容化妆品（如雅诗兰黛）、家居用品（如陶瓷泡茶杯）和通信服务（如流量卡），关键词包括现金红包和优惠活动，品牌涉及同仁堂、卖瓷人和中国联通，使用场景主要为个人日常护理、家居生活和移动通信优惠。

不喜欢：用户不喜欢时尚配饰品类（如真皮皮带）和批发平价商品（如1688平台），关键词如巴迪克保罗和宝藏，使用场景为男士时尚和批发购物。",2,complete
1662108,"### 用户兴趣偏好总结（场景2）
喜欢：偏好品类包括医疗险和公益服务（如慈善捐赠、基金会活动），关键词如""医疗险""、""捐赠""和""公益""，品牌如蚂蚁保和支付宝，使用场景涉及在线保险体验、慈善捐赠及公益游戏（如蚂蚁庄园养小鸡）。

不喜欢：基于未点击商品，不喜欢游戏红包（如新人红包、现金红包）、厨房用品（如烤肉盘）及批发购物平台（如1688）。",2,complete
822476,"喜欢：偏好品类为儿童教育（如少儿美术课），关键词包括少儿美术和商品橱窗，品牌如小熊美术，使用场景涉及育儿活动和家庭学习，基于点击商品""逛15秒商品橱窗|29元领10节少儿美术课""及其实体词""小熊美术,少儿美术课|商品橱窗""。

不喜欢：偏好品类为珠宝饰品（如手链），关键词包括多宝手串和转运珠，品牌如绅雅士，使用场景可能为时尚配饰或迷信物品，基于未点击商品""绅雅士十八籽多宝手串*1条 万事顺遂""及其实体词""十八籽多宝手串,多宝手串,手链转运珠,绅雅士""，与点击行为的教育类兴趣相反。",2,complete
1225271,"喜欢：用户偏好电子产品（如手机、剃须刀）和生活用品（如洗衣液、茶杯），关键词包括免押租赁和信用免押，品牌如苹果、中国联通和卖瓷人，使用场景涉及日常消费（超市购物）、个人护理（剃须）、通讯（流量卡）和在线服务（心理咨询）。  
不喜欢：用户不喜欢酒类产品，如白酒和酱酒，这与点击行为中缺乏酒类消费的特征相反。",2,complete
196704,"喜欢：用户偏好1688平台的商品橱窗和大牌平替商品，偏好品类包括在线批发购物、日常用品（如凉拖鞋、发胶）和食品（如牛肉、油炸花生米），关键词如消费券、大牌平替，品牌如1688、支付宝，使用场景涉及在线浏览、支付交易（如支付宝、花呗）和理财服务（如余额宝）。
不喜欢：用户不感兴趣于服装类商品，如t恤和纯棉t恤，尤其是中国风风格，基于未点击行为中与点击商品（批发平台）相反的实体特征。",2,complete
572099,"喜欢：偏好品类为纸巾等日用品，关键词包括蝴蝶结（装饰元素），品牌如植护，使用场景涉及家庭清洁和日常消耗品（基于点击的抽纸商品）。

不喜欢：不喜欢口腔护理产品如牙膏，基于未点击的护齿牙膏商品与点击行为（日用品清洁）相反的特征。",2,complete
443394,"喜欢：该用户偏好服装品类如纯棉t恤（关键词包括中国风），健身器材品类如自动健腹轮（关键词为自动），以及外卖服务品牌饿了么；使用场景涵盖日常穿着、家庭健身和餐饮订购。

不喜欢：基于未点击行为，用户不喜欢安全装备品类如电动车头盔和防摔安全帽，以及批发平价商品特征如宝藏。",2,complete
197929,"喜欢：该用户偏好医疗健康品类（如百万医疗、长期医疗免费体验），通信服务中的个性化靓号（如生日号、爱情号），汽车相关产品（如BMW悦选、阿维塔试驾），以及在线购物体验（如商品橱窗）；关键词涉及租赁、回收和免押金；品牌包括蚂蚁保、好医保、中国联通、BMW；使用场景主要为免费医疗体验、通信服务选择、汽车试驾活动及在线浏览。

不喜欢：用户不喜欢酒类产品（如国酱1935）、日常家居用品（如抽纸、手撕面包）、特定清洗设备（如超声波清洗机），以及医疗和靓号服务的具体呈现（如好医保·长期医疗和送生日号码），这些未点击商品特征与点击行为中的医疗、靓号偏好相反。",2,complete
1927259,"喜欢：用户偏好教育类（如配音课程）、健康监测（如智能运动手环）和医疗公益（如种牙援助），关键词涉及现金红包、优惠券、外卖和支付宝相关服务，品牌包括婠偲（运动设备）和墨韵教育（教育平台），使用场景为副业发展、日常健康管理、公益参与及支付消费（如饿了么点餐、花呗支付）。  
不喜欢：用户对汽车相关（如新能源MPV、混动车型）、鲜花礼品、租车服务、时尚鞋类（如洞洞鞋）、个人护理（如牙膏）、家居用品（如夏凉被）和安全装备（如头盔）不感兴趣。",2,complete
387306,"喜欢：用户偏好电子产品品类（如移动电源），关键词包括万能、电源线、NASA；品牌偏好KKDDNN和NASA；使用场景涉及移动充电（如充电宝）、日常穿着（如短袖T恤）和在线浏览（如商品橱窗），同时从服务使用和交易行为中体现出对公益慈善（如芭芭农场、捐赠）和运动（如支付宝运动）的兴趣。  
不喜欢：用户不喜欢电子礼品卡（如Nike代金券），表明对虚拟代金券或礼品卡类商品不感兴趣。",2,complete
298715,"喜欢：该用户偏好个人护理品类（如剃须刀、牙膏）、母婴用品（如拉拉裤）、金融优惠（如现金红包、火车票优惠）、交通服务（如打车券、电单车）、健康保险（如好医保）、家居装修（如全屋整装）和厨具（如铁锅）；关键词包括租赁（如免押租机）、健康管理（如疫苗接种）、金融活动（如花呗）、交通便利（如公交）和教育（如书法课）；品牌倾向BBC、滴滴、联通、植护、1688、好医保、雷兔和格卡诺；使用场景聚焦在线互动（如芭芭农场、蚂蚁庄园）、健康保障（如医疗报销）、日常购物（如超市、便利店）和出行服务（如滴滴出行）。

不喜欢：基于未点击商品，用户不喜欢高容量流量卡（如2640G套餐）、1688电商的重复促销内容（如大牌同源好物）、新人红包（如66元权益）以及垃圾桶相关商品（如桌上垃圾桶），这些特征与点击行为中偏好小额流量、新鲜优惠和实用品类的倾向相反。",2,complete
28971,"喜欢：该用户偏好品类包括金融优惠（如新人红包）、线上购物（如商品橱窗）和房地产信息（如天猫好房），关键词涉及支付宝、转账和红包，品牌偏好支付宝和天猫，使用场景涵盖理财服务（如余额宝）、公益游戏（如蚂蚁庄园）和优惠获取（如新人权益）。
不喜欢：基于未点击商品，用户不喜欢安全装备（如电动车头盔）和特定电商平台下载（如1688）。",2,complete
1759239,"喜欢：用户偏好现金红包、黄金红包等金融奖励产品，偏好品类包括在线红包和购物橱窗，关键词如现金、红包和游戏化消费，品牌如支付宝和银泰百货，使用场景在游戏化消费（如芭芭农场、蚂蚁庄园）、公益活动和在线支付中活跃。

不喜欢：用户对男性时尚配饰如真皮皮带不感兴趣，品牌如巴迪克保罗，表明对实体奢侈品或特定男性产品缺乏偏好。",2,complete
1000886,"喜欢：用户偏好电子产品品类，特别是手机租赁服务，关键词如""iPhone""和""租赁""，品牌如苹果，使用场景为在线浏览商品橱窗和租赁手机。
不喜欢：用户不喜欢护肤品类，具体如芦荟胶产品，基于未点击行为。",2,complete
874507,"喜欢：该用户偏好电商购物（如1688平台）和娱乐内容（如优酷视频、热血江湖等游戏），关键词包括红包、源头货、电子礼品卡和消费券，品牌涉及1688、优酷、Nike和支付宝，使用场景涵盖在线交易、数字支付（如余额宝）、娱乐消费（如看视频、玩游戏）和公益服务（如支付宝运动、公益捐步）。

不喜欢：该用户不喜欢实体奢侈品如真皮皮带，品牌如巴迪克保罗，反映出对传统配饰和高端实体商品的缺乏兴趣。",2,complete
1786076,"喜欢：该用户偏好电子产品品类（如手机和蓝牙耳机），关键词涉及金融理财（基金、借呗、花呗）、支付工具（支付宝、余额宝）和出行服务（交通乘车码、地铁）；品牌包括苹果（iPhone）、爱音特酷和1688；使用场景主要为在线购物（如1688平台）、科技产品租赁（如心享租手机租赁）和日常消费支付（超市、餐饮）。

不喜欢：该用户不喜欢心理咨询服务品类和酒类产品（如酱香酒），基于未点击行为；关键词无直接体现，但相反于点击偏好；品牌如华祚酒业；使用场景涉及教育报名和酒类消费。",2,complete
1360506,"### 用户兴趣偏好总结（场景2）
喜欢：用户偏好健康保险品类（如好医保医疗保障金）、租赁服务品类（如免押租赁和电子产品租赁），关键词包括""医疗保障金""、""租赁特惠""和""免押""，品牌涉及莉莫尔（家居用品）、人人租（租赁平台）和银泰百货（商场），使用场景涵盖在线健康保障、潮流物品租赁（如iPhone14）和家居舒适改善（如舒柔枕）。  
不喜欢：用户对鲜花礼品类内容不感兴趣，如鲜花配送服务。",2,complete
80094,"喜欢：偏好品类包括出行服务（如打车、乘车码）、服装（如运动鞋、t恤）、家居清洁（如洗衣液）、医疗保健（如医疗保险）、酒类（如红酒）和购物；关键词涉及滴滴出行、优惠券、电影票、好医保；品牌偏好蓝漂、好医保、NASA、滴滴；使用场景集中于日常出行通勤、健康管理保障、休闲娱乐购物和在线消费支付。

不喜欢：基于未点击商品特征，与点击行为相反，不喜欢批发平台（如1688）相关的B2B购物模式。",2,complete
1430971,"喜欢：用户偏好医疗险品类（如百万医疗险），关键词包括""医疗险""、""植发""和""健康保障""，品牌倾向好医保和蚂蚁保，使用场景聚焦免费体验促销、健康保险覆盖和美容植发服务。
不喜欢：用户不喜欢长期医疗险升级版（与点击的短期免费体验相反），以及商品橱窗浏览（代表非特定兴趣商品）。",2,complete
1754376,"喜欢：偏好品类为在线游戏和红包领取活动，关键词包括""手游""、""下载""、""红包""和""商品橱窗""，品牌如""九游""、""1688""和""恺英""，使用场景集中在移动娱乐、游戏试玩和数字红包互动（如通过支付宝或1688平台参与下载任务和现金奖励）。
不喜欢：基于未点击商品特征，不喜欢服装配饰类商品，如皮带和短裤，品牌如""巴迪克保罗""和""卫鲨""，使用场景在日常穿着（如男士休闲短裤和真皮皮带）。",2,complete
476021,"喜欢：用户偏好品类包括家居清洁（如蓝月亮洗衣液）、个人护理（心相印纸巾、牙膏牙刷）、电子产品（蓝牙无线耳机）、酒类（领匠品鉴）和防护用品（电动车头盔）；关键词涉及现金红包、优惠（如免费领券）、回收（如旧物回收）；品牌如蓝月亮、心相印、五季、每日甄品；使用场景涵盖在线购物（浏览商品橱窗）、移动支付（手机扫码支付）、公益活动（捐赠、蚂蚁庄园）及日常通勤（公交、地铁）。

不喜欢：基于未点击饿了么瓜分现金奖池商品，用户不喜欢外卖服务或饿了么平台相关特征。",2,complete
754738,"喜欢：用户偏好出行服务（如滴滴打车）、电商平台（如1688低价购物）和手机配件（如防窥手机壳）；关键词涉及打车、租赁、低价好物；品牌包括滴滴和1688；使用场景为日常通勤、在线购物和手机保护，基于点击行为中滴滴出行、1688平台和手机壳实体词的偏好。

不喜欢：用户对服装品类如T恤和短裤不感兴趣，特别是品牌卫鲨的休闲服装，基于未点击行为中与点击特征相反（服务类 vs. 实物服装）。",2,complete
518883,"### 用户兴趣偏好总结（场景2）
喜欢：偏好品类为金融保险（如医疗险）和黄金珠宝，品牌包括好医保和龙凤呈祥，关键词涉及额度评估、优惠红包和在线购物（如商品橱窗），使用场景集中在在线金融管理、健康保障和投资购物。  
不喜欢：基于未点击行为，不喜欢品类如家居用品（如乳胶枕）和清洁设备，品牌如希尔顿，使用场景涉及个人护理和日常维护（如眼镜首饰清洗）。  

（字数：98字）",2,complete
222688,"喜欢：用户偏好电子产品租赁品类（如手机、电脑租赁），关键词包括租手机、免押金、红包和种树/养小鸡相关游戏，品牌涉及Apple、Huawei、Xiaomi，使用场景为在线浏览商品橱窗、租赁服务（如免押金租赁）、游戏玩乐（如蚂蚁庄园）以及支付管理（如花呗、信用卡还款）。

不喜欢：用户不喜欢健康养生或教育类内容，如健康养生课程，这与点击商品浏览行为相反，表明对非商品探索型服务缺乏兴趣。",2,complete
1447710,"喜欢：用户偏好服装品类如短袖t恤，关键词包括宝藏和平价，品牌如NASA，使用场景为在线商品橱窗浏览和日常休闲穿着。  
不喜欢：用户不喜欢鞋类产品如休闲运动鞋和运动鞋，品牌如吱积分，基于未点击商品中与点击行为相反的品类特征。",2,complete
561098,"喜欢：用户偏好在线购物平台（如1688批发）和数字商品下载（如""光与魔法""游戏应用），关键词包括源头、商品橱窗和下载，品牌涉及1688，使用场景为移动应用浏览、参与互动游戏服务（如芭芭农场种果树）及公益捐赠活动。
不喜欢：基于未点击商品，用户不喜欢实体服装鞋类（如洞洞鞋、防滑凉鞋）、电子礼品卡（如Nike代金券）和个人护理电器（如电动剃须刀），与点击的数字内容形成鲜明对比。",2,complete
447742,"喜欢：用户偏好健康保险品类（如好医保百万医疗险）、电子产品租赁服务（如苹果手机和大疆航拍机免押租赁）、通信流量卡、出行便利（如滴滴打车福利）和健康饮品（如味动力乳酸菌），关键词涉及医疗、租赁、流量、养生（如八段锦太极），品牌包括苹果、华为、滴滴、周生生、味动力，使用场景聚焦健康管理、设备租赁、日常出行和养生锻炼。

不喜欢：用户对时尚配饰品类（如太阳镜）不感兴趣，这与点击行为中缺乏类似美容或户外防护产品一致。",2,complete
851594,"喜欢：该用户偏好茶饮品类（如白茶、黑糖姜枣茶）、游戏下载（如光与魔法、永恒世纪）、健康设备（如筋膜枪、甩脂机）和家居用品（如置物架），关键词包括下载、红包、茶、按摩，品牌涉及1688、卢威森、博导狼、恺英，使用场景主要为休闲娱乐（玩游戏、喝茶）、健康保健（肌肉放松）和在线购物（app下载）。

不喜欢：基于未点击商品，用户不喜欢口腔护理产品（如美白鲨鱼牙膏）、某些电子产品（如蓝牙无线耳机）和特定红包，关键词如美白、蓝牙、新人红包，品牌如YAYASHI、每日甄品，使用场景涉及个人护理（牙齿清洁）和音频娱乐（耳机使用）。",2,complete
880637,"喜欢：用户偏好口腔护理品类，特别是美白牙膏产品，关键词包括小苏打和美白，品牌如高露洁，使用场景为在1688平台寻找平价商品进行日常购物。

不喜欢：用户不喜欢电信服务（如生日号码和专属流量）以及健康保险（如百万医疗），这些特征与点击的口腔护理行为相反。",2,complete
598032,"喜欢：偏好品类包括数码产品租赁（如手机、平板、电脑）、新车销售和红包促销；关键词涉及免押金、租赁服务、苹果产品和维修；品牌偏好如BMW、苹果和华为；使用场景涵盖支付宝生态（如运动、农场）、生活缴费、公益捐赠和车辆购买。
不喜欢：基于未点击行为，对真皮皮带等时尚配饰类产品不感兴趣。",2,complete
1990498,"喜欢：该用户偏好交通服务（如叫车券）、家居清洁用品（如洗衣液、卷纸）、厨房用品（如保温饭盒）和个人护理产品（如枕头），关键词包括快递、芭芭农场、花呗，品牌如货拉拉、蓝月亮、维达，使用场景涉及日常消费、出行优惠和家庭生活清洁。

不喜欢：该用户不喜欢健康保险、眼镜类产品（如老花镜）、剃须工具和安全防护设备（如电动车头盔），基于未点击商品中与点击行为相反的特征。",2,complete
699463,"喜欢：用户偏好通信品类如短期流量卡（中国联通品牌），健康保障服务（关键词：医疗保障），休闲食品如零食（百草味品牌），以及快速购物场景（商品橱窗）；使用场景涉及日常移动通信和即时消费。

不喜欢：用户对长期流量计划（如年享1620G）、长期医疗险（好医保品牌）、视频流量服务、共享单车（滴滴青桔）和小额优惠券不感兴趣，基于未点击商品与点击行为相反的特征。",2,complete
1120524,"喜欢：用户偏好品类包括家居装修（如全屋整装）、电商购物（如1688平台）、外卖服务（如饿了么）、手机数码（如华为、Apple品牌）、健康健身（如健身服务）和公益慈善（如公益种树）；关键词涉及宝藏、源头、优惠券、花呗；品牌涵盖饿了么、1688、华为、Apple；使用场景聚焦在线消费（如红包领取）、游戏娱乐（如三国吧兄弟）、健康管理（如健身）和支付服务（如花呗）。

不喜欢：用户不喜欢男士休闲鞋类（如洞洞鞋）和租车服务（如光速超跑），基于未点击商品与点击行为（家居、电商、游戏等）相反的特征。",2,complete
1031775,"喜欢：用户偏好平价商品（如1688平台的宝藏橱窗）、个人护理品类（如洁面皂、肥皂）、食品类（如牛肉胡辣汤、臊子面）、充值服务（如手机费、话费）；关键词涉及物流、政务服务、健康（如核酸检测、社会保障）；品牌包括1688、支付宝（从服务使用）；使用场景聚焦在线购物、公益参与（如蚂蚁森林、公益捐步）和健康管理（如运动、大健康搜索）。

不喜欢：基于未点击商品，用户不喜欢服装类（如纯棉T恤）和安全防护装备（如电动车头盔、防摔安全帽）。",2,complete
1013352,"喜欢：用户偏好科技产品品类（如手机租赁，特别是苹果品牌）、金融服务（如医疗险和购物金优惠）、美妆优惠（如面膜券和黄金券）、餐饮（如书亦烧仙草和饿了么外卖），关键词包括免押金、租赁和优惠券，品牌涉及苹果、书亦烧、饿了么、BMW和人人租，使用场景集中于在线购物、金融交易和外卖点餐。

不喜欢：用户对生日相关产品（如生日号码和专属流量）、潮玩租赁特惠以及电动车配件（如防摔头盔）不感兴趣，这些特征与点击行为中租赁服务和交通产品的偏好相反。",2,complete
1879307,"喜欢：该用户偏好健康美容品类（如芦荟胶、脚气水）和家居用品（如晴雨伞、冰丝席），关键词包括便捷、智能、家庭护理，品牌倾向优品佳、完美、同仁堂、好医保，使用场景涉及家庭护理（如爸妈常备老花镜）、户外携带（便于携带晴雨伞）和在线服务（如公司注册代办）。

不喜欢：基于未点击商品，用户不喜欢促销活动（如生日号码、新人红包）、免费试用产品（如百万医疗免费体验）、特定美容品类（如黄芪霜）、批发平台（如1688）以及高保额保险（如400万元医疗险）。",2,complete
785500,"喜欢：用户偏好保险品类（如医疗险、百万医疗险），科技品牌（苹果、苹果严选），美容关键词（面膜券、美妆券），旅行使用场景（火车票无门槛优惠、飞猪旅行），以及租赁服务（人人租）、餐饮外卖（饿了么）、健康健身（健身服务）和金融服务（红包、集金豆），具体体现在点击行为中涉及星巴克、周生生、好医保、中国联通等品牌，使用场景包括健康保障、美容消费、旅行预订和通信服务。

不喜欢：用户不喜欢租赁手机品类，特别是苹果14ProMax，基于未点击商品特征（人人租、手机、苹果）与点击行为中偏好保险、美容和旅行等相反。",2,complete
1651743,"喜欢：用户偏好品类包括宠物用品（如猫咪逗猫棒、猫草棒）、食品（如小蛋糕、零食）、交通服务（如滴滴出行）、金融产品（如余额宝、花呗）和娱乐服务（如芭芭农场）；关键词涉及消费券、vip会员和宝呗青年；品牌偏好滴滴出行、Apple和lea；使用场景涵盖日常消费（如外卖点餐）、休闲娱乐（如做任务、种果树）和公益活动（如公益捐步）。

不喜欢：用户不喜欢家居装修类内容，如装修宝典手册，这与未点击商品特征相反，表明对家居改善或相关服务缺乏兴趣。",2,complete
1774367,"喜欢：用户偏好日常消费品类如生鲜食品（鳄梨、草莓、土猪肉）、餐饮小吃（面馆、蒸饺、煎饼）和水果（红香酥梨、小西红柿）；关键词包括手机、公交、健康码（如苏康码、安康码）；品牌涉及绿篮子超市、老乡鸡、蒙牛；使用场景涵盖超市购物（如苏果生活超市）、生活缴费（电费、水费、燃气）和交通出行（公交、火车票）。

不喜欢：基于未点击商品，用户不喜欢眼镜类产品（如老花镜、防蓝光老花镜）、健康监测设备（如体脂秤、充电体脂秤）、厨房用具（如菜刀、抗菌防霉菜板）和安全装备（如电动车头盔、防摔安全帽）。",2,complete
1140823,"喜欢：用户偏好电商购物品类（如1688平台），关键词包括""1688""、""医疗险""、""冰葡萄酒""和""免押租赁""，品牌涉及1688、好医保和蚂蚁保金，使用场景涵盖在线交易（如商品橱窗浏览）、健康管理（如长期医疗险和种植牙服务）、休闲消费（如进口冰葡萄酒）以及设备租赁（如免押金租机）。

不喜欢：用户对房地产相关产品（如万科的新建住宅）不感兴趣，这与点击的消费性商品和服务（如电商购物、金融服务）形成鲜明对比。",2,complete
1279740,"喜欢：该用户偏好品类包括手游下载（如永恒世纪、全民江湖）和电商购物（通过1688平台），关键词涉及1688、下载、红包、低价、租赁和免押（从搜索和点击商品），品牌偏好1688（阿里巴巴）和苹果（从搜索关键词），使用场景主要为在线娱乐（玩游戏）和省钱购物（领红包、享低价好物）。
不喜欢：基于未点击商品，该用户不喜欢实体运动鞋（如休闲运动鞋）和积分相关产品（如吱积分），与点击的数字娱乐和电商行为相反。",2,complete
1827068,"喜欢：用户偏好个人护理品类（如剃须刀和洗面奶）、服装品类（如纯棉t恤和短袖）、厨房用品（如菜刀和烤肉盘），关键词包括平价商品和浏览行为（如""宝藏平价商品""和""逛商品橱窗""），品牌涉及雷兔（剃须刀、菜刀）、仁和（洗面奶）、NASA/drew doll（服装），使用场景聚焦夏季日常（如凉爽服饰和健康护理，从交易行为""夏季""、""冷风扇""等实体推断）。

不喜欢：基于未点击的仁和洗面奶2瓶商品（实体词相同但数量差异），用户不喜欢多瓶装洗面奶或批量购买形式，与点击的单瓶洗面奶行为相反。",2,complete
348178,"喜欢：用户偏好酒类（如贵宾酒）、教育课程（如易经实操讲解课）、文具（如学生书包）、日用品（如原生木浆抽纸）和珠宝（如珍珠项链），关键词包括贵宾酒、易经、书包、抽纸、珍珠，品牌涉及赛尔娜、卓白、SHIGEFUKU、京人，使用场景涵盖学习、日常生活、饮酒和装饰。

不喜欢：用户对医疗险产品（如百万医疗险、好医保）不感兴趣，表现为未点击相关商品，特征包括医疗、保险和金融属性。",2,complete
1434976,"喜欢：用户偏好实用、便捷的家居和个人护理用品，如懒人拖把、电动剃须刀、男士腰带和羽毛球拍，品牌倾向小小好物和惠选，使用场景包括日常清洁、个人修饰和休闲运动，关键词体现""实用""、""高颜值""和""自动扣""等特征。

不喜欢：用户对时尚配饰（如蛤蟆镜）、高端电子产品（如蓝牙无线耳机）以及1688平台的综合宝藏商品不感兴趣，这些特征与点击的实用家居和运动器材形成鲜明对比。",2,complete
970238,"喜欢：用户偏好医疗健康品类（如好医保长期医疗险和百万医疗险）、教育培训（如儿童硬笔书法写字课和少儿美术课）、交通出行（如滴滴打车福利和火车票优惠）及美妆护肤（如资生堂红水），关键词包括现金红包、优惠券和打车折扣，品牌涉及滴滴、资生堂、小熊美术和叫叫阅读，使用场景涵盖省钱租赁（如租手机）、健康保障、儿童学习提升和便捷出行。

不喜欢：基于未点击商品，用户不喜欢传统教育内容（如古诗词三字经成语故事阅读包，与点击的趣味阅读包偏好相反）和特定家居用品（如悬挂式抽纸，与点击的普通纸巾使用场景不符）。",2,complete
433873,"喜欢：用户偏好医疗健康品类（如医疗险、好医保），关键词包括流量卡、租手机、1688批发，品牌如中国联通、新希望、康佳和1688平台，使用场景涉及在线健康保障（如百万医疗险）、设备租赁（如租手机）和日常购物（如鲜牛乳、抽纸）。

不喜欢：用户不喜欢汽车相关品类（如别克购车）、高端酒类（如贵宾酒），关键词如电信、苹果手机，品牌如中国电信、钓台酒业和苹果，使用场景包括购车礼遇、高端饮酒和特定电子产品租赁，这些特征与点击行为相反（如未点击电信流量卡而点击了联通流量卡）。",2,complete
19692,"喜欢：用户偏好租赁服务（如手机、3C产品租赁）、保险产品（如医疗险）、优惠券（如红包、骑行券）和美妆用品（如补水喷雾），关键词包括租赁、优惠、医疗、美妆，品牌涉及颐莲、滴滴青桔、人人租、银泰百货，使用场景聚焦在线购物优惠、出行骑行、健康保障和美容护理。

不喜欢：用户对""路美好""相关特征和特定医疗险表述不感兴趣，基于未点击商品中与点击行为相反的特征，如滴滴青桔结合""路美好""的出行服务或重复医疗险优惠。",2,complete
970668,"喜欢：用户偏好美容护肤品类（如洗面奶和卸妆油），关键词包括""温和""、""水感""和""净肤""，品牌如BUV和德沃，使用场景为个人日常清洁和美容护理。

不喜欢：用户不喜欢平价批发商品（如烤肉盘和垃圾桶），关键词如""宝藏""和""源头""，品牌如1688，使用场景为家庭清洁或餐饮批发。",2,complete
1126408,"喜欢：偏好品类包括服装（如纯棉T恤）和厨房用具（如不粘锅炒锅），关键词涉及骑行（如骑行优惠券）和优惠活动，品牌如康佳（KONKA），使用场景覆盖日常穿着、家庭烹饪和骑行交通活动。

不喜欢：基于未点击商品，不喜欢租车服务或跑车相关特征（如光速超跑租车礼券），与点击行为中骑行优惠券的交通偏好相反。",2,complete
1873970,"喜欢：用户偏好浏览商品橱窗类互动内容，偏好品类包括广告推广和日常探索；关键词如""麦当劳""、""浙江""、""医保""显示对餐饮、地域和健康服务的兴趣；品牌涉及支付宝、芭芭农场等在线平台；使用场景集中于在线支付、日常消费和互动任务，如赚现金、种果树等。

不喜欢：用户不喜欢餐饮优惠（如生煎）、美容护肤产品（如防晒喷雾、芦荟胶）、健康保险（如百万医疗）和清洁设备（如眼镜首饰清洗），这些特征与点击行为相反，表明对具体商品购买和美容健康服务缺乏兴趣。",2,complete
1090578,"喜欢：该用户偏好户外服装品类（如防晒衣），关键词涉及现金、红包、省钱和租赁（免押金），品牌包括apple、华为和小米（基于搜索数据），使用场景主要为户外活动和健身服务（如乐动力），同时关注省钱活动和数字娱乐（如种树、养小鸡）。

不喜欢：基于未点击商品对比，用户不喜欢男性配饰（如皮带）和厨房工具（如菜刀），反映出对配饰品类和厨房用品的不感兴趣。",2,complete
660919,"喜欢：用户偏好教育类产品（如绘画启蒙课和趣味阅读包）、健康保险（如医疗保障金和百万医疗险）、以及平价购物平台（1688），涉及品牌如好医保、叫叫阅读和1688；关键词包括绘画、阅读、医疗和实惠商品；使用场景集中于儿童教育、在线健康管理和电商购物。

不喜欢：基于未点击""大牌同源好物""商品，用户可能不喜欢大牌或高端营销内容，偏好更实惠的平价选项。",2,complete
383933,"### 用户兴趣偏好总结（场景2）
喜欢：用户偏好金融理财品类（如现金红包、理财服务），关键词包括""现金""、""免费""、""租""和""平价""，品牌如SKⅡ、1688、洽洽和大疆，使用场景涉及省钱购物（1688平台）、在线赚钱（兼职和红包）、数码租赁（游戏电脑和无人机）及教育提升（美术课和证书）。  
不喜欢：用户不喜欢小额支付红包（如6元红包）、租手机服务、信用卡相关产品及快速浏览商品橱窗，这些特征与点击行为相反（如偏好大额现金红包而非小额、租赁高配设备而非手机、具体商品而非橱窗）。  

（字数：198）",2,complete
1477443,"### 用户兴趣偏好总结（场景2）

喜欢：用户偏好水果（如猕猴桃、桃子、无花果）和饮料（如青柠味、水蜜桃味）品类，关注交通出行（公交、地铁、违章查询）和租赁服务（免押租机、短期租机）关键词，青睐农夫果园、康师傅等品牌，使用场景集中于日常购物（超市消费、支付订单）和移动支付（花呗、收钱码）。

不喜欢：用户对美容护肤类产品（如芦荟胶）和批发平台（如1688）不感兴趣。",2,complete
1372209,"喜欢：该用户偏好公益慈善服务（如捐赠、公益基金会、芭芭农场）、支付工具（如收款码、扫码收款、支付宝）、食品类（如姜制品、孕妇零食、水果萝卜）和农产品（如蔬菜种子），关键词包括消费券、商家收款，品牌涉及支付宝、顺丰速运、中国移动，使用场景主要为在线交易、公益参与和健康零食消费。

不喜欢：基于未点击太阳镜商品，用户不喜欢时尚配饰类产品，如太阳镜。",2,complete
645394,"喜欢：该用户偏好流量卡、电风扇、手机租赁、阅读服务和洗衣液等品类，关键词包括流量、iPhone14、租赁、阅读、薰衣草和红包，品牌如中国联通、金正、人人租、叫叫和Beiericl尔，使用场景涉及通信（如流量卡）、家电（如电风扇）、科技产品租赁（如iPhone14）、教育（如阅读包）和清洁（如薰衣草洗衣液）。  
不喜欢：该用户不喜欢护肤喷雾、内衣洗衣液和芦荟胶等品类，关键词如活泉水喷雾、抑菌内衣裤和芦荟胶，品牌如Avene、艾蕲季和完美，使用场景在个人护理（如护肤喷雾）和专用清洁（如内衣洗衣液），这些特征与点击行为中的流量、租赁和红包等相反。",2,complete
1651723,"喜欢：用户偏好文具品类（如本子、练字帖、字帖）、儿童用品（如儿童拖鞋、儿童发箍）、食品（如秘制叉烧包、龙虾、汤粉）和日常用品（如书包、胶带、发箍）；关键词包括运动、支付宝和外卖；品牌如饿了么、支付宝和朴朴超市；使用场景涉及在线购物浏览（商品橱窗）、外卖点餐、运动健身（如支付宝运动）和公益游戏（如芭芭农场）。

不喜欢：用户不喜欢牙科服务品类（如种牙援助）、关键词如口腔医院、品牌如爱牙工程、使用场景如公益医疗和牙科治疗，基于未点击商品特征与点击行为相反。",2,complete
45705,"喜欢：用户偏好赚钱和奖励类活动，如现金红包、任务签到及互动小游戏；偏好品类包括金融小收益服务（如集分宝、消费款）；关键词涉及现金、红包、支付宝；品牌偏好支付宝（多次出现在服务使用和搜索中）；使用场景为日常赚小钱、任务完成和签到获取奖励（基于点击商品和服务使用实体）。

不喜欢：用户不喜欢医疗健康保险（如好医保、医疗险）、出行打车服务（如滴滴、打车券）、奢侈品消费（如黄金挂坠、美妆券）以及高端电子产品（如苹果严选），这些特征与点击的现金红包和简单任务活动相反（基于未点击商品实体）。",2,complete
1202506,"喜欢：用户偏好个人护理品类（如剃须刀），关键词包括租赁服务（免押租机、租手机平台）、维修（漏水检测、空调维修）和3C数码产品（电脑、无人机），品牌涉及南极人、apple、华为、小米，使用场景为日常生活便利（外卖、打车）、娱乐游戏（抽奖、养小鸡）及实用租赁（手机、电脑租赁）。

不喜欢：用户不喜欢音频设备（如蓝牙无线耳机）和安全防护装备（如电动车头盔），基于未点击商品特征与点击偏好（个人护理品类）相反。",2,complete
1235410,"喜欢：用户偏好教育类服务（如少儿美术课和趣味阅读包）、美容产品（如面膜券）、平价购物（如1688平台商品）和金融优惠（如黄金券），关键词包括""少儿美术""、""趣味阅读""、""面膜券""、""黄金券""、""宝藏平价商品""，品牌涉及小熊美术、叫叫、银泰百货、1688，使用场景涵盖在线学习、美容护理、网上购物和投资理财。

不喜欢：用户对体育用品如羽毛球拍不感兴趣。",2,complete
1344874,"喜欢：该用户偏好品类包括医疗保健（如医疗险）、金融优惠（如现金红包、黄金券）、交通服务（如打车优惠、火车票）和游戏娱乐（如手游下载）；关键词涉及医疗、现金、红包、火车票、滴滴和流量；品牌偏好好医保、滴滴、方块大作战、长安幻想、钓台酒业（酱酒）和中国联通；使用场景集中于在线支付（如付款码、手机扫码）、优惠活动（如领现金红包）、健康保障（如百万医疗险）和娱乐下载（如游戏试玩）。

不喜欢：基于未点击商品中与点击行为相反的特征，用户不喜欢生日号码相关产品（如专属流量）、特定品牌如周生生的兔黄金，以及短期免费体验的医疗险形式（如1个月体验版）。",2,complete
1507807,"喜欢：用户偏好浏览商品橱窗，涉及偏好品类如食品（香辣鸡腿、阳光玫瑰葡萄）、电子产品（经典耳机、智能手机）、生活用品（洗面奶、灭蚊灯）；关键词包括租赁服务（租手机平台、打车）和健康服务（医保、公积金）；品牌如荣耀honor、华为、伊利；使用场景涵盖日常消费（在线支付如扫码收款）、娱乐（电影票、淘票票电影）、理财（蚂蚁财富、余额宝）及公益（蚂蚁庄园、捐步）。

不喜欢：用户未点击办公效率课程和眼镜首饰清洗机，表明不喜欢教育工具（如Excel培训）和特定清洁设备（如超声波清洗机），与点击的休闲浏览行为相反。",2,complete
862416,"喜欢：用户偏好实用家居用品（如铁锅）和安全装备（如电动车头盔），关键词包括铁锅、头盔、电动车，品牌如甄心优选和小小好物，使用场景涉及家庭烹饪和电动车安全防护，同时关注商品橱窗浏览行为。

不喜欢：基于未点击商品特征，用户不喜欢大牌批发平台（如1688），涉及源头商品和批发属性，与点击的实用个人消费品形成反差。",2,complete
1664681,"喜欢：偏好服装品类如t恤、凉鞋和休闲运动套装，关键词包括省钱、红包和平价商品，品牌如YUIJENY和1688，使用场景为夏季日常休闲穿着和在线购物省钱（基于点击的纯棉t恤、防滑凉鞋、洞洞鞋、新人红包及1688平台商品）。

不喜欢：基于未点击商品，不喜欢健康养生类内容如太极课程和脊椎改善产品，以及特定服装如五分短裤、真皮皮带和休闲运动鞋，与点击的时尚休闲偏好相反（源于未点击的八段锦养生营、卫鲨短裤、巴迪克保罗皮带及吱积分运动鞋）。",2,complete
773453,"喜欢：该用户偏好品类包括3C数码产品租赁（如手机、苹果14系列）、生活便利服务（如宝宝起名、电子证件照）、优惠金融（如免押租赁、红包优惠）；关键词涉及免押、租赁、优惠、红包、提现；品牌如苹果、周生生、1688、人人租；使用场景为省钱消费（如免押租手机）、在线服务（如智能起名）、运动相关便利（如走路兑换优惠）。

不喜欢：基于未点击商品，用户不喜欢航拍设备（如大疆无人机）、商品被动浏览（如商品橱窗）、以及数码配件（如保护膜、充电套装）；关键词如航拍、橱窗；品牌如大疆；使用场景为航拍拍摄和随意浏览。",2,complete
350590,"喜欢：用户偏好医疗健康品类（如点击的好医保百万医疗险）、美妆护肤（如点击的小迷糊防晒乳）、金融优惠（如现金红包和免费领取活动）以及平价商品（如宝藏平价商品）；关键词包括现金红包、免费领取；品牌如小迷糊和好医保；使用场景涉及支付宝生态中的优惠活动（如芭芭农场互动）、健康管理和日常在线支付（如手机扫码支付）。

不喜欢：用户不喜欢完美品牌的芦荟胶产品，特别是那些强调修复肌肤和淡化痘印的护肤品类，基于未点击商品与点击优惠医疗美妆商品的对比，反映出对缺乏直接优惠或特定品牌的不感兴趣。",2,complete
1945511,"喜欢：该用户偏好出行服务（如滴滴打车优惠）、个人护理用品（如高露洁细毛牙刷）和美容产品（如资生堂红水），关键词包括打车折扣、珠宝回收和装修指南，品牌涉及滴滴、高露洁和资生堂，使用场景涵盖日常通勤、口腔卫生和护肤美容。

不喜欢：基于未点击行为，用户不喜欢护肤喷雾（如Avene活泉水）、休闲服装（如NASA短袖t恤）和家居服（如星选莫代尔胸垫套装）。",2,complete
1041310,"喜欢：该用户偏好医疗险（如好医保品牌）、艺术培训（如小熊美术少儿美术课）、美妆优惠（如雅诗兰黛和阿玛尼品牌）、黄金红包（如周生生品牌）、阅读包（如叫叫品牌）、摄影技巧和保温杯（如苏泊尔品牌），使用场景涉及健康保障、儿童教育、购物折扣和休闲学习；关键词包括医疗、美术、红包和券。

不喜欢：该用户不喜欢租赁苹果手机服务（如人人租品牌），与点击行为中偏好购买优惠和固定产品（如医疗险和美术课）相反。",2,complete
31222,"喜欢：用户偏好公益服务（如芭芭农场、蚂蚁庄园、公益捐款）、租赁服务（如免押租赁平台、手机租赁）、浏览类活动（如商品橱窗），关键词包括公益、租赁、维修，品牌涉及支付宝、蚂蚁相关，使用场景为捐赠、游戏互动和资产管理。
不喜欢：用户不喜欢服装类商品，特别是t恤，基于未点击惠选新疆中国风纯棉t恤的行为。",2,complete
395010,"喜欢：用户偏好红包优惠（如新人红包）、宝藏平价商品和1688平台购物；关键词包括""宝藏""、""新人红包""和""1688""；品牌涉及华为、瑞幸；使用场景为在线购物获取新人权益和试驾相关活动（如卷耳随行杯）。

不喜欢：用户不喜欢大牌同源商品，与点击行为中偏好平价宝藏商品的特征相反。",2,complete
1660440,"喜欢：用户偏好家居清洁品类（如抽纸和平板拖把），关键词包括""免手洗""、""大面板""和""书法入门课""，品牌涉及金莱雅和金雅，使用场景为家庭维护和个人技能发展（如浏览商品橱窗和学习课程）。

不喜欢：用户不喜欢懒人拖把，基于未点击行为中与点击的平板拖把特征相反（如""懒人""设计）。",2,complete
1157484,"喜欢：用户偏好医疗保健品类（如医疗险和牙科服务）、交通出行（如火车票）、育儿（如宝宝起名）、教育（如会计训练营）、服装（如运动鞋）及汽车（如新能源MPV）；关键词包括医疗险、种牙、火车票、租赁、新能源；品牌涉及好医保、传祺、吱积分、飞猪旅行；使用场景主要为健康保险免费体验、牙科公益援助、出行优惠、育儿服务、职业备考和购物体验。

不喜欢：基于未点击商品，用户不喜欢与院长亲诊实力保障相关的口腔门诊服务，具体表现为避免特定品牌如廣大口腔的牙科服务，与点击行为中偏好公益、特价体验的特征相反。",2,complete
1459372,"喜欢：用户偏好健康健身品类（如健腹轮、医疗险）、租赁服务（如免押金租手机）、家居用品（如冰丝席、颈椎枕头）、酒类（如酱香酒）和优惠券（如黄金红包、面膜券）；关键词包括免押金、医疗、打车、流量；品牌如雅诗兰黛、好医保、滴滴、银泰百货；使用场景涉及健康管理、设备租赁、出行优惠和家居舒适。

不喜欢：基于未点击商品，用户对新人专属红包（如新人黄金红包）不感兴趣，可能对垃圾桶类产品无偏好。",2,complete
1297262,"喜欢：用户偏好品类包括电信服务（如千兆宽带）、运动鞋、酒类（如酱酒、贵宾酒）、健康产品（如护颈枕、心理咨询）和会员服务；关键词如优惠、红包、外卖、福利；品牌如中国电信、QQ、优酷、宝马；使用场景涉及在线购物优惠活动、健康管理和交通出行（如打车服务）。
不喜欢：用户不喜欢珠宝饰品类产品，如情侣饰品和转运珠。",2,complete
838828,"喜欢：用户偏好个人护理用品（如智能剃须刀）、家用电器（如挂脖冷风扇）、酒类（如酱香老酒和品鉴装白酒）以及茶具（如紫砂陶瓷泡茶杯），关键词包括智能、静音、品鉴、酱香和超大流量，品牌涉及南极人、小翰、领匠酒业、国脉、卖瓷人和中国联通，使用场景聚焦日常便利（如支付理财通过支付宝、余额宝）、休闲娱乐（泡茶、喝酒）和通信需求（流量卡）。

不喜欢：用户对健身器材（如握力器和健腹轮）不感兴趣，基于未点击商品的特征与点击行为相反（点击商品涉及个人护理和休闲，未点击商品为健身类）。",2,complete
1579428,"### 用户兴趣偏好总结（场景2）
喜欢：偏好品类包括食品饮料（如快餐、奶茶、小吃）、日常用品（纸巾、医疗设备）、娱乐（直播、抖音）和理财服务（余额宝、花呗）；关键词涉及租赁（租手机、免押金）、苹果产品（耳机、电脑）、生日相关（蛋糕、鲜花）和消费券；品牌倾向支付宝、花呗、都可、伊利；使用场景集中于日常消费（超市购物、餐饮支付）、在线理财管理、公益参与（种树、喂小鸡）和搜索购物相关（同城配送、租赁平台）。

不喜欢：基于未点击商品，反感少儿教育（如美术课）、商业服务（商标注册、交易）、专业课程（营养师）、出行服务（滴滴打车）、家居用品（枕头）、金融红包（黄金红包）和美妆产品（口红），这些与点击的""商品橱窗""浏览行为形成对比。",2,complete
1069367,"喜欢：用户偏好医疗健康品类（如医疗险、好医保）、金融红包（如现金红包、黄金红包）、教育培训（如公共营养师、配音兼职）、美容护肤（如SKⅡ神仙水）和电子产品（如苹果严选），关键词包括""医疗险""、""红包""、""兼职""、""苹果""、""神仙水""，品牌涉及好医保、蚂蚁保、银泰百货、SKⅡ、墨韵教育、苹果，使用场景为在线健康保障、赚取现金、技能学习和购物优惠。

不喜欢：用户不喜欢无特定主题的商品浏览，如商品橱窗，与点击的医疗、红包、教育等具体主题内容相反。",2,complete
641454,"喜欢：偏好品类包括金融服务（如医疗险、理财）、租赁服务（如手机、电脑）、回收服务（如旧衣服回收）和优惠活动（如红包、优惠券）；关键词如租手机、回收、理财、兼职；品牌如好医保、蚂蚁保、苹果、中国电信；使用场景涉及健康保障（医疗险）、省钱消费（租赁、回收）、数字服务（流量卡、证件照）和日常便利（火车票、话费充值）。

不喜欢：基于未点击商品特征，用户不喜欢一般平价商品平台（如1688）、新人红包活动以及家居用品（如垃圾桶、烤肉盘），这些与点击的金融和租赁服务形成鲜明对比。",2,complete
1834010,"喜欢：用户偏好搬家服务（如搬家无忧、蚂蚁搬宝）、租赁平台（如1688）、维修家电（如洗衣机维修）、支付红包（如支付宝现金红包）、游戏化公益（如种树、养小鸡），涉及品类零售电商、3c数码产品，品牌如支付宝、1688，使用场景在线购物、日常服务支付和租赁维修。
不喜欢：用户对易学等教育类内容不感兴趣，基于未点击商品特征与点击行为（实用服务、电商租赁）相反。",2,complete
1065311,"喜欢：该用户偏好游戏下载（如三国吧兄弟、仙凡幻想）、生活实用品（如保温饭盒）、健康保险（如医疗险）和个人护理（如高露洁酵素牙膏），关键词涉及回收、租赁和消费券（从搜索如""回收手机""、""免押金租赁""），品牌包括高露洁、Apple和华为（从点击和搜索数据），使用场景涵盖娱乐（如芭芭农场游戏）、日常消费（如支付宝支付、生活缴费）和健康保障（如保险购买）。

不喜欢：基于未点击商品（御泥坊男士控油洁面乳），用户不喜欢男士护肤品，特别是控油洁面乳等洁面产品，与点击行为中偏好游戏、生活用品和健康类商品的特征相反。",2,complete
1368955,"### 用户兴趣偏好总结（场景2）

喜欢：用户偏好汽车试驾相关活动（如电动车品牌阿维塔）、咖啡券（瑞幸品牌）和在线商品浏览场景，关键词包括试驾、咖啡券、商品橱窗，品类涉及汽车、咖啡和一般购物，品牌以瑞幸和阿维塔为主，使用场景聚焦于领取优惠券和探索商品。

不喜欢：用户对未点击的外卖服务（饿了么品牌）、皮带（巴迪克保罗品牌）和运动鞋（吱积分品牌）不感兴趣，表明对时尚配饰、鞋类及外卖服务缺乏偏好，特征包括真皮皮带、休闲运动鞋和券包类促销。",2,complete
1044413,"喜欢：用户偏好口腔护理品类（如益生菌牙膏），关键词包括""益生菌""和健康相关（如医保、门诊险），品牌如碧素堂、农夫山泉和星巴克，使用场景涉及日常健康维护、电商购物（如1688、抖音电商）和数字支付服务（如支付宝、充值话费），同时从交易行为中体现对食品饮料（如水果、牛奶）的兴趣。
不喜欢：基于未点击商品，用户不喜欢家居收纳品类（如厨房置物架）、电子产品（如充电宝）、健康辅助产品（如老花镜）、服饰鞋类（如防滑凉鞋）和安全装备（如电动车头盔），这些特征与点击的口腔护理和健康主题相反。",2,complete
1944154,"喜欢：该用户偏好家居用品和服装配饰品类（如装修宝典、真皮皮带），关键词包括现金、红包、宝藏和装修，品牌如巴迪克保罗、盒马和银泰百货，使用场景集中于线上购物、优惠券领取和家居装修咨询。

不喜欢：该用户不喜欢医疗保健产品和眼镜相关商品（如老花镜和百万医疗），与点击行为中家居和优惠特征相反。",2,complete
1074476,"喜欢：用户偏好租赁服务（如手机和电脑租赁）、苹果品牌产品（如iPhone14系列）、金融工具（如转账红包、花呗）以及健康与美容品类（如维生素d3、柔肤乳）；关键词涉及理财、租赁和苹果；品牌包括苹果、周生生、雪玲妃；使用场景涵盖数字产品租赁、健康管理及日常家居（如超市购物、冬季夏季用品）。

不喜欢：用户对信用卡相关产品（如招行信用卡红包）表现出不感兴趣。",2,complete
1651877,"喜欢：用户偏好日用品品类（如口腔护理），关键词包括美白牙膏和酵素牙膏，品牌倾向高露洁，使用场景涉及商品橱窗浏览和个人日常护理。

不喜欢：用户对护肤品（如活泉水喷雾）、清洗设备（如眼镜首饰清洗机）、办公效率课程以及高端电子产品（如iPhone14 Pro手机）不感兴趣，这些特征与点击的日用品低价、个人护理属性相反。",2,complete
1561993,"喜欢：用户偏好游戏娱乐（如九游、光遇、蛋仔派对等关键词）和电商购物（1688平台，关键词如源头货），品牌包括1688、恺英和九游，使用场景涉及在线娱乐试玩、汽车查询（车况）及低价购物；偏好品类涵盖手机游戏、电商平台和汽车服务，从交易行为（如跑步鞋、快餐店）和服务使用（支付宝运动、芭芭农场）可见健康休闲场景关联。

不喜欢：用户不喜欢办公效率课程（如Excel培训，关键词秒可）和服装类产品（如短裤，关键词卫鲨），基于未点击行为与点击的娱乐购物特征相反。",2,complete
1114653,"喜欢：用户偏好电商平台购物（品类如1688相关商品和手机配件，包括手机壳和防窥手机壳），关键词涉及红包、低价好物和优惠节，品牌主要为1688，使用场景包括在线省钱购物、学生用品（如书包、文具盒）和日常消费（如食品、出行服务）。

不喜欢：用户不喜欢智能穿戴设备（如智能手环和通话手环）和个人护理产品（如剃须刀），与点击行为相反的特征表明对健身追踪和个人护理场景不感兴趣。",2,complete
1703859,"喜欢：用户偏好医疗险品类，特别是好医保品牌的短期促销产品（如免费体验和抵扣保费），关键词包括医疗保障和医疗险，使用场景涉及健康保障和财务节省，基于点击行为中的免费体验和好医保实体词。

不喜欢：用户不喜欢长期医疗险产品（如好医保·长期医疗），或与蚂蚁保品牌相关的医疗险，基于未点击行为中与点击相反的特征（点击偏好短期促销，未点击强调长期承诺和蚂蚁保实体词）。",2,complete
889507,"喜欢：用户偏好教育阅读类内容，品类包括趣味阅读包和商品橱窗，关键词如""本子""和""旧书""（来自搜索关键词），品牌如""叫叫""和""叫叫阅读""，使用场景为休闲学习或在线教育互动（基于点击商品标题和实体词）。

不喜欢：用户对家居床上用品类内容不感兴趣，品类如乳胶枕，品牌如""希尔顿""，使用场景为睡眠舒适（基于未点击商品标题和实体词，与点击的阅读类特征相反）。",2,complete
439462,"喜欢：用户偏好教育类产品（如魔方培训、趣味阅读包、儿童写字课、美术课、营养师证和易经训练营）、健康保险（如百万医疗险和好医保）、现金红包活动、购物平台（如1688大牌平替）、旅游景点（如仙门奇峡森林氧吧）和个人护理（如美白牙膏和汉蒸泡脚桶），关键词包括现金红包、医疗险、教育课程和旅游，品牌涉及小天鹅、阿玛尼、好医保、BMW和1688，使用场景涵盖学习提升、健康保障、省钱消费和家庭生活。

不喜欢：用户不喜欢汽车试驾促销或咖啡券相关商品，基于未点击阿维塔11试驾领瑞幸咖啡券的行为，与点击偏好中无咖啡或试驾特征相反。",2,complete
1043557,"喜欢：该用户偏好健康保险品类（如好医保百万医疗险），关键词包括医疗、洗衣液、起名、黄金，品牌倾向植护、蚂蚁保、中国联通，使用场景涉及健康保障（如住院报销）、家庭清洁（如内衣洗衣液）、在线金融娱乐（如黄金红包、智能起名）和个人护理（如益生菌牙膏）。

不喜欢：基于未点击商品特征，用户对健康饮食训练营（如营养学知识）和黄金挂坠类实物不感兴趣，与点击的医疗险和金融红包特征相反。",2,complete
934818,"喜欢：用户偏好美容品类（如面膜），关键词包括面膜券和商品橱窗，品牌涉及银泰百货，使用场景聚焦购物优惠和生鲜食品消费（如生鲜、小米椒、香葱等交易实体）。
不喜欢：用户对运动鞋类商品不感兴趣（如休闲运动鞋），与点击行为的美容偏好相反。",2,complete
1244341,"### 用户兴趣偏好总结（场景2）

喜欢：该用户偏好金融保险品类（如医疗险、现金红包），关键词包括现金、租赁、健康、免费和源头，品牌如蚂蚁保、1688、好医保和中国联通，使用场景涉及金融投资（理财、红包领取）、健康管理（医疗险体验、健康课程）、休闲租赁（潮玩好物、免押租赁）和日常消费（电商购物、旧衣回收）。

不喜欢：该用户不喜欢时尚配饰类产品（如太阳镜）和出行打车服务，基于未点击商品的特征与点击行为相反。",2,complete
1355505,"喜欢：偏好医疗健康、通信服务和电商购物品类，关键词包括医疗险、靓号、1688和饿了么，品牌如好医保、中国联通和植护，使用场景涉及健康保障（如长期医疗险）、通信便利（如生日号码靓号）和在线购物（如1688平台宝藏商品）。  
不喜欢：基于未点击商品，用户对流量卡（如超大流量卡）、运动装备（如休闲运动鞋）、个人护理工具（如剃须刀）和安全防护用品（如电动车头盔）不感兴趣。",2,complete
1768458,"喜欢：该用户偏好教育类产品（如少儿美术课程和绘画工具）、电商购物平台（如1688）、汽车相关活动（如阿维塔11试驾）和餐饮优惠（如瑞幸券），品牌涉及小熊美术、1688、阿维塔和瑞幸，使用场景包括在线学习、休闲消费和优惠获取，基于点击商品如少儿美术课和瑞幸券，以及交易行为中的教育、电商和餐饮实体。

不喜欢：该用户对美容护肤产品（如补水喷雾）不感兴趣，基于未点击商品颐莲补水喷雾，与点击行为中教育、电商和汽车等偏好相反。",2,complete
53300,"喜欢：用户偏好休闲家居服品类，关键词包括纯棉、短袖、薄款，品牌如南极人，使用场景为居家休闲，基于点击商品""南极人夏季薄款男士纯棉短袖休闲家居服一套""及其实体词""休闲家居服,南极人,睡衣,短袖居家服,纯棉短袖""推断。

不喜欢：用户不喜欢运动裤品类，如直筒运动裤，关键词冰丝材质，与运动场景相关，基于未点击商品""工厂精选夏季薄款冰丝直筒运动裤一条""及其实体词""工厂精选,直筒运动裤,运动裤""中与点击行为相反的特征推断。",2,complete
1785741,"喜欢：该用户偏好品类包括户外装备（如登山鞋）、个人护理（如剃须刀、牙膏）、厨房用品（如不粘锅、保温饭盒）和家居用品（如洗发水、饭盒）；关键词涉及""登山""、""厨房""、""1688""、""红包""和""源头厂货""；品牌倾向啄木鸟（鞋类）、志高（剃须刀）、YAYASHI（牙膏）和北京同仁堂（洗发水）；使用场景主要为户外活动、家庭烹饪、电商购物（如1688平台）及游戏娱乐（如红包领取和泡泡龙游戏）。

不喜欢：该用户不喜欢老花镜等视力辅助产品，基于未点击商品特征（如""防蓝光老花镜""），与点击行为中年轻化、活跃日常用品（如运动鞋和厨房器具）形成反差。",2,complete
1244210,"喜欢：用户偏好科技产品品类如最新iPhone14 Pro手机和保温杯，品牌倾向Apple和BOTTLEDJOY，关键词涉及苹果产品、免押租赁及出行相关（如公交、地铁），使用场景包括户外活动（玩水神器）和交通出行（火车票、车载杯）。

不喜欢：用户不感兴趣于旧型号手机（如iPhone13 Pro）、办公效率课程（秒可Excel课）、男士配饰（真皮皮带）及家居用品（乳胶枕），反映出对二手物品、非科技产品及配饰的低偏好。",2,complete
608107,"喜欢：用户偏好医疗保健品类（如医保和医疗保障金），关键词包括医疗、保险、基金（如搜索中的""医保""、""养老保险""和""基金""），品牌如好医保和支付宝（从点击和服务使用数据），使用场景涉及健康保障、金融投资和公益参与（如交易中的""医保""、服务中的""公益项目""和搜索中的""养老保险""）。

不喜欢：用户不喜欢商品橱窗浏览（从未点击商品""逛15秒商品橱窗""），表明对非医疗相关的休闲购物或一般商品浏览不感兴趣（与点击医疗保障行为相反）。",2,complete
1776967,"喜欢：该用户偏好家居清洁品类（如香氛洗衣液）、餐饮用具（如保温饭盒）、酒类（如酱香酒）和金融服务（如现金红包）；关键词包括香氛、保温、现金红包、酱香酒、心理咨询和试驾；品牌涉及华祚酒业、瑞幸咖啡和阿维塔汽车；使用场景涵盖家庭日常清洁、外出餐饮保温、金融交易、健康咨询和汽车试驾体验。

不喜欢：基于未点击的洞洞鞋商品，该用户不喜欢鞋类产品，特别是休闲外穿的鞋款。",2,complete
1251391,"喜欢：用户偏好出行服务（如滴滴打车）、服装（纯棉t恤）、高保额医疗险（400万保额）和电商购物（1688平台）；关键词包括现金、红包、理财和滴滴出行；品牌涉及滴滴、好医保和蚂蚁保；使用场景涵盖日常通勤、在线省钱购物和健康保障管理。

不喜欢：用户对低保额医疗险产品（如""百万医疗""）不感兴趣，基于未点击行为中与高保额偏好相反的特征。",2,complete
1122975,"喜欢：用户偏好浏览商品橱窗（偏好品类：在线购物；关键词：商品橱窗、电脑、苹果耳机；品牌：支付宝、苹果；使用场景：在线探索商品、科技产品选购），同时基于交易和服务行为，偏好科技产品（如电脑、手机）、出行服务（如公交、轨道交通）、公益活动（如公益捐步、支付宝运动），以及餐饮小吃（如农家炒藕条）和在线支付（如支付宝、花呗）。

不喜欢：用户不感兴趣于共享单车骑行（如电单车、骑行抵扣券）和服装（如T恤、短袖T恤），基于未点击商品的特征（滴滴青桔电单车免费骑和NASA联名T恤），反映出对骑行优惠和时尚服饰的回避。",2,complete
1463819,"喜欢：用户偏好日常消费品类如食品（咖啡、汉堡、零食）、服饰（t恤、连衣裙）和电子产品（手机、苹果 iphone），关键词包括租赁（免押租赁）、支付（收款码、红包）和回收（旧物回收），品牌涉及苹果、小米、支付宝和网商银行，使用场景聚焦在线购物（淘宝、天猫）、生活便利服务（外卖、加油卡）和支付转账（花呗、转账）。

不喜欢：用户对少儿美术课程不感兴趣，表明不喜欢教育类产品，特别是针对儿童的内容，与点击的浏览商品行为形成反差。",2,complete
108350,"喜欢：用户偏好平价宝藏商品，品类包括日常用品和食品（如玉米、山药、燕麦），关键词如""宝藏""和""平价""，品牌1688，使用场景为快速在线购物和实惠消费，基于点击行为中1688平台的商品橱窗强调宝藏平价特征。

不喜欢：用户不喜欢大牌老花镜产品，品类如眼镜和男士用品，关键词如""防蓝光""和""大牌""，品牌欧珀拉，使用场景为特定健康辅助或高端消费，基于未点击商品中与点击行为相反的特征（如大牌同源好物而非平价宝藏）。",2,complete
900687,"喜欢：该用户偏好回收服务（如旧衣服回收）、现金红包活动、免押金租赁（特别是苹果电子产品），以及在线购物平台（如1688）；关键词包括现金、回收、租赁、免押金；品牌涉及苹果和1688；使用场景涵盖环保回收、赚取额外收入、租赁高端设备（如苹果14系列）和在线浏览商品橱窗。

不喜欢：基于未点击商品，用户不喜欢医疗相关产品（如百万医疗险）和家居清洁用品（如免手洗拖把）；关键词如医疗、拖把；品牌如蚂蚁保和好医保；使用场景涉及健康保险和家庭清洁维护。",2,complete
1799284,"喜欢：用户偏好红包领取（如新人红包）、电商平台1688的使用（涉及大牌平替和源头厂货）、口腔护理产品（如SP4美白益牙膏），偏好品类包括金融优惠、日常消费品和电商购物，关键词如红包、1688、牙膏，品牌如1688和SP4，使用场景为在线浏览商品橱窗、领取红包和日常消费。

不喜欢：用户不感兴趣于医疗保健产品（如长期医疗）和烤肉盘等品类，基于未点击行为与点击相反，关键词如医疗、烤肉盘，品牌如蚂蚁保，使用场景为医疗服务和烹饪相关活动。",2,complete
805197,"### 用户兴趣偏好总结（场景2）
喜欢：用户偏好品类包括出行服务（如打车）、电子产品（如手机）、教育服务（如少儿美术和阅读）、个人护理（如沐浴露）、保险（如医疗保障）和购物浏览；关键词涉及打车、iPhone、美术课、阅读、沐浴露、医保；品牌偏好滴滴、舒肤佳、Apple；使用场景集中于日常出行、家庭学习、个人卫生维护和健康保障。

不喜欢：用户不喜欢牙科服务或种植牙相关产品，如种牙专项补贴。",2,complete
898511,"喜欢：偏好品类包括电子产品（如手机）、服装（如纯棉t恤）和个人护理（如牙膏）；关键词涉及苹果、高露洁、1688、租机、美白和小苏打；品牌偏好苹果（如iPhone 14ProMax）、高露洁和1688平台；使用场景主要为在线购物（如浏览商品橱窗、使用1688）、健康维护（如口腔护理）和科技产品升级（如租机服务）。

不喜欢：基于未点击商品实体词""烤肉盘""，用户不喜欢厨房用具或烧烤设备相关的内容，如烤肉盘等餐饮设备。",2,complete
603637,"喜欢：用户偏好医疗健康保险品类（如百万医疗险和好医保产品），关键词包括""医疗险""、""现金""、""流量""和""手机""，品牌涉及好医保、蚂蚁保、中国联通和华为，使用场景聚焦健康保障（免费体验）、金融收益（现金红包领取）、通信便利（流量靓号卡免费送）以及环保回收（旧衣服上门回收）和汽车试驾（如smart精灵#1）。

不喜欢：用户对个性化通信服务（如爱情号或生日号靓号）、小额现金领取优惠（如""10元现金""标题），以及热卖或长期承诺的医疗险产品（与点击的免费体验形成对比）表现出较低兴趣。",2,complete
758579,"喜欢：用户偏好健康保险品类（如医疗险和百万医疗），关键词包括现金红包、租车优惠和1688平台，品牌如好医保（蚂蚁保）、滴滴租车和卫鲨，使用场景涉及在线金融服务（如支付宝现金红包领取）、健康保障体验和电商购物（如1688宝藏商品）。
不喜欢：用户不喜欢美容护肤品类（如洁面乳），与点击行为中的金融和健康主题相反，具体表现为对品牌如御泥坊的红石榴洁面乳无兴趣。",2,complete
231781,"喜欢：用户偏好健康保险和金融产品品类（如医疗险、长期医疗险），关键词包括现金、月月赚、支付宝、电话费等，品牌涉及好医保、蚂蚁保金，使用场景聚焦在线金融管理和健康保障服务，体现对赚钱、充值、话费充值等活动的兴趣。

不喜欢：用户不喜欢浏览商品橱窗等被动购物展示，与点击行为相反的特征是避免非目标导向的商品浏览，如一般商品展示或橱窗式购物体验。",2,complete
865271,"喜欢：用户偏好健康保险品类（如好医保品牌），关键词包括医疗、保障和摄影，品牌涉及蚂蚁保和周生生，使用场景为健康管理、投资收藏及技能提升；同时喜欢鞋类（运动鞋）和在线服务（电子证件照），关键词涉及运动、证件，使用场景包括日常穿着和身份验证。  
不喜欢：用户对汽车试驾服务（如smart精灵#1）不感兴趣，基于未点击行为中与点击的健康保险和消费品偏好相反的特征，可能包括咖啡相关服务（如星巴克）。",2,complete
1494843,"喜欢：该用户偏好电子产品（如富士相机、苹果严选）、交通服务（如滴滴打车、火车票优惠）、通信流量卡（中国电信）、教育产品（如小熊美术、叫叫阅读）、金融保险（如好医保医疗险、现金红包）、珠宝（周生生黄金）和购物平台（1688），关键词包括租赁、优惠、免费、医疗、流量，使用场景涉及出行、通信、教育学习、健康保障、理财收益和便捷购物。

不喜欢：该用户不喜欢潮玩好物租赁特惠、短期医疗险体验、火车票券形式、游戏化签到活动以及iPhone14租赁，这些特征与点击行为中偏好直接优惠和实用产品相反。",2,complete
1962659,"喜欢：用户偏好家居用品品类（如夏季透气短裤、纯棉家居服和懒人抹布），个人护理品类（如香氛沐浴露和洗衣液），以及食品饮料（如冰酒）；关键词包括夏季、透气、纯棉、冰丝、懒人和香氛；品牌倾向南极人、清风、苹果和绿色溪谷；使用场景集中于夏季休闲、家居日常、优惠购物（如分期手机和免费领券）及公益参与（如芭芭农场和蚂蚁庄园）。

不喜欢：用户对特定香氛洗衣液（与点击的薰衣草洗衣液相反）、电动剃须刀和防摔安全头盔不感兴趣，反映出对强香氛精油产品、男性护理用品和安全装备品类的回避，关键词如香氛精油、电动和防摔，品牌如法国和德国，使用场景涉及洗衣（但高浓度香氛）、个人护理（剃须）和安全防护。",2,complete
224545,"喜欢：偏好品类包括医疗健康（如医疗险、种植牙）、租赁服务（如免押金租机、租车）、美容美妆（如面膜券、口红券）、出行服务（如打车福利）和游戏娱乐（如方块大作战）；关键词集中于免押金、优惠券、福利和免费体验；品牌偏好好医保、滴滴、阿玛尼、雅诗兰黛和哈啰租车；使用场景涉及在线保险保障、新机租赁、打车出行、美容购物和游戏下载。

不喜欢：基于未点击商品特征，不喜欢美白牙膏产品（如YAYASHI美白鲨鱼牙膏），这与点击行为中偏好医疗健康或美容券但未涉及美白口腔护理的特征相反。",2,complete
1446120,"喜欢：偏好品类包括健康医疗（如医疗险、种牙补贴）、交通出行（如打车服务）和回收服务（如旧衣现金回收）；关键词涉及现金、消费券、医疗和出行相关；品牌偏好滴滴、好医保、格伦菲尔、smart和苏泊尔；使用场景聚焦省钱优惠（如红包、购物金）、健康管理（如免费看诊、种牙）和出行便利（如打车折扣）。

不喜欢：基于未点击黄金挂坠商品，与点击黄金红包行为相反，偏好品类不包含珠宝饰品（如黄金挂坠），关键词避免奢侈品相关，品牌对银泰百货的饰品类无兴趣，使用场景排斥珠宝消费或装饰性购物。",2,complete
255958,"喜欢：用户偏好品类包括医疗险（如百万保额医疗险）、数码租赁（如0押金租苹果14系列）、1688平台商品（如大牌同源好物）、健康服务（如牙齿种植）、个人护理（如格卡诺电动剃须刀和SP4牙膏）、副业开发及红包活动；关键词涉及""免押租机""、""医疗""、""1688""、""红包""和""副业""；品牌如好医保、苹果、1688、格卡诺和仁和；使用场景涵盖金融理财（如赚现金和理财服务）、健康保障、省钱购物（通过1688平台）和个人提升（如书法课程）。

不喜欢：基于未点击商品中与点击行为相反的特征，用户不喜欢安心豆保险产品（如领安心豆投保抵保费）、日常用品（如植护纸巾加长加宽大包）、交通优惠（如5元火车票无门槛优惠）、美妆券（如抢美妆券198元）、苹果配件（如苹果严选保护壳和数据线）及特定电商商品（如宝藏烤肉盘），表明对额外保费、非数码配件、非健康相关及非租赁类商品缺乏兴趣。",2,complete
1538181,"喜欢：该用户偏好健康家居品类（如乳胶枕、艾草组合枕）、游戏娱乐品类（如手游下载）和运动服饰品类（如休闲运动套装），关键词包括游戏、红包、租赁和健康（从搜索和点击行为体现），品牌涉及希尔顿、甄心优选、YUIJENY、恺英和1688，使用场景涵盖休闲娱乐（玩游戏、领红包）、健康生活（使用颈椎枕头）、电商优惠（在1688平台领取红包）和日常烹饪（使用铁锅）。  
不喜欢：基于未点击商品特征，用户不喜欢无耳设计的章丘铁锅（与点击的铁锅商品相反，后者未指定无耳属性）。",2,complete
1262549,"喜欢：用户偏好健康保险品类（如长期医疗险），关键词包括医疗险和乳胶枕，品牌如希尔顿（针对乳胶枕），使用场景涉及健康保障和家居改善，具体表现为点击医疗险升级版和天然乳胶枕商品。

不喜欢：用户不偏好护肤品品类（如黄芪霜），关键词如营养师和红包，品牌如倾龄（针对护肤品），使用场景包括美容护肤和教育服务，基于未点击的黄芪霜、营养师行业推广及红包游戏商品。",2,complete
1469623,"喜欢：该用户偏好品类包括家居用品（如乳胶枕）和雨具（如晴雨伞），品牌涉及优品佳和希尔顿，使用场景聚焦在线购物（如逛商品橱窗）和便携日常使用（如便于携带），关键词涵盖促销活动（如新人红包）和源头商品（如源头厂货）。

不喜欢：基于未点击商品特征，用户不喜欢保险类服务（如长期医疗），与点击的实物商品（如家居用品和雨具）形成鲜明对比。",2,complete
1311419,"喜欢：用户偏好美容护肤品类（如氨基酸洁面泥），关键词包括租车、下载和源头厂货，品牌如BUU和1688，使用场景涉及在线购物（如商品橱窗）、游戏下载（如三国吧兄弟）和租车服务（如哈啰租车），同时结合服务使用（如芭芭农场、支付宝理财）和搜索行为（如电影、红包），显示对互动娱乐、金融交易及日常消费的兴趣。

不喜欢：用户不喜欢手机租赁（如苹果手机）和服装类商品（如纯棉t恤），基于未点击商品与点击行为相反的特征（如点击租车服务但未点击手机租赁，点击美容产品但未点击服装）。",2,complete
748800,"喜欢：用户偏好租赁服务（如手机、航拍机）、医疗险体验、苹果电子产品、阅读包和回收服务；关键词包括租赁、医疗、苹果、现金、红包；品牌涉及人人租、苹果、大疆、叫叫阅读；使用场景为短期租赁（如随租随还）、免费医疗体验、在线趣味阅读和上门回收。

不喜欢：用户不喜欢苹果配件如保护壳、充电头、数据线的降价清仓购买；关键词为降价清仓；品牌为苹果严选；使用场景为配件购买而非租赁或体验服务。",2,complete
912182,"喜欢：用户偏好手游下载（如仙侠、三国类游戏）、1688平台上的平价商品（如休闲牛仔裤、短裤）、红包奖励活动；品牌包括南极人、卫鲨、恺英和九游；使用场景涉及在线娱乐、网购省钱和健康监测（如体脂秤）；关键词涵盖""下载""、""宝藏""、""大牌平替""和""新人红包""。

不喜欢：用户不喜欢浏览商品橱窗，表明对被动或快速浏览行为不感兴趣，与主动下载和购物行为相反。",2,complete
299067,"喜欢：用户偏好保险服务（如医疗险、长期医疗险）、优惠活动（如红包、消费券、优惠券）、外卖平台（饿了么）、美妆个护（柯泰儿沐浴露）和回收服务（旧衣回收），关键词包括医疗险、红包、饿了么、果园，品牌涉及好医保、蚂蚁保、柯泰儿、苏泊尔，使用场景聚焦健康保障、在线消费优惠、个人护理和环保回收。

不喜欢：基于未点击商品，用户不感兴趣于房地产租赁（如精装一居）、儿童教育服务（如叫叫阅读包）、高端美妆品牌（如阿玛尼口红）、黄金饰品（如黄金挂坠）和家居用品（如垃圾桶），这些特征与点击行为中的保险、实用优惠和日常服务形成反差。",2,complete
956523,"喜欢：用户偏好美容护理品类（如防晒油、面膜、驱蚊水）、家居用品（如加厚棉柔巾、浴帘布）、健康医疗（如挂号预约、医院服务）和公益环保（如种果树、捐步）；关键词涉及健康卡、理财、汇率及防晒；品牌倾向花王、六神、欧莱雅、曼秀雷敦和资生堂；使用场景包括日常购物（便利商店、电商浏览）、健康管理（个人就医）和在线支付（扫码收款、花呗）。

不喜欢：用户不喜欢运动品牌（如Nike）的电子礼品卡类产品，基于未点击行为与点击商品橱窗的泛浏览兴趣相反。",2,complete
1103184,"喜欢：用户偏好个人护理品类，特别是洗面奶产品，关键词包括除螨控油（从点击商品标题提取），品牌为仁和匠心（基于点击商品实体词），使用场景为日常护肤清洁（结合交易行为实体中的健康相关条目如健康|BRAND、健康|PLATE和服务使用实体中的公益健康服务如芭芭农场）。

不喜欢：用户不喜欢洁芙泉品牌的洗面奶（从未点击商品实体词提取，与点击的仁和匠心品牌相反）、雨伞（如优品佳品牌）、皮带（如巴迪克保罗品牌）以及餐饮券（如咬不得品牌），这些特征与点击行为中的个人护理偏好形成对比。",2,complete
466927,"喜欢：偏好品类包括在线娱乐和电子商务购物，如视频观看和批发商品；关键词涉及优酷、万古剑神、1688、新人红包和商品橱窗；品牌偏好优酷和1688；使用场景为浏览商品橱窗、领取数字红包和观看视频内容。

不喜欢：偏好品类为医疗健康服务，如保险和手术；关键词涉及百万医疗、好医保和近视手术；品牌如好医保；使用场景为医疗体验和眼科手术服务。",2,complete
1416708,"喜欢：用户偏好医疗险、纸巾等品类，关键词如医疗、平价、抽纸，品牌如植护和蚂蚁保，使用场景包括在线购物平台1688的健康保障、日常消费及平价商品浏览（如烤肉盘相关厨房用品）。
不喜欢：用户不喜欢红包、游戏下载等虚拟促销，关键词如新人红包、现金红包，使用场景涉及应用推广和现金奖励活动。",2,complete
995406,"喜欢：用户偏好家电品类如电风扇（关键词：风扇、立式落地扇）、食品品类如海鲜和禽肉（关键词：大闸蟹、土鸡）、健康服务品类如种植牙补贴（品牌：格伦菲尔）、日用品如懒人抹布（使用场景：家庭便利）；品牌涉及金正、哈弗和老乡鸡；使用场景包括夏季降温、健康护理和公益参与（如芭芭农场、蚂蚁庄园）。

不喜欢：用户对丰田品牌汽车如凯美瑞不感兴趣，与点击的哈弗汽车偏好相反。",2,complete
406687,"喜欢：用户偏好交通出行服务（如滴滴出行）、金融奖励产品（现金红包、黄金相关）、健康保险（好医保长期医疗）、个人护理用品（内衣洗衣液、牙膏、剃须刀）、电商平台（1688、盒马），以及品牌如植护、格卡诺、苹果；关键词包括现金、支付宝、滴滴、黄金、医疗险；使用场景涉及日常出行、在线任务奖励、健康保障和便捷购物。

不喜欢：基于未点击""百万医疗免费体验""商品，用户对免费医疗体验或低价值医疗产品表述（如""百万医疗""）不感兴趣，与点击的付费或长期健康保险行为相反。",2,complete
1729928,"喜欢：用户偏好教育品类（如易学入门课程）、金融红包（如新人专享券包和现金领取）、电商购物（如1688平台的宝藏平价商品）、汽车试驾（如阿维塔11）和食品酒类（如窖藏1873）；关键词包括""新人""、""宝藏""、""免费""和""源头""；品牌如饿了么、1688和阿维塔；使用场景涉及学习新技能、省钱购物和休闲探索商品橱窗。

不喜欢：用户对下载app推广（如下载饿了么）和长期医疗产品（如好医保）不感兴趣，基于未点击行为中与点击相反的特征（如点击短期保险但未点击长期医疗）。",2,complete
1779132,"喜欢：用户偏好品类包括服装（如纯棉t恤和洞洞鞋）、教育服务（如配音课程）、游戏（如仙凡幻想）和租车服务（如光速超跑）；关键词涉及购物优惠（如消费券、红包）、支付（如支付宝、花呗）和外卖（如饿了么）；品牌如支付宝、花呗和墨韵教育；使用场景涵盖在线购物（如淘菜菜、商品橱窗）、优惠活动（如特惠购）和日常消费（如早饭、燃气费缴纳）。

不喜欢：基于未点击商品，用户不喜欢凉鞋类产品，特别是仿皮材质的凉鞋。",2,complete
1709752,"喜欢：用户偏好出行服务（如打车优惠）、医疗险配置（如百万医疗险）、美容产品（如雅诗兰黛、资生堂、阿玛尼的购物券）和优惠活动（如红包、黄金红包），涉及品牌滴滴、银泰百货、好医保等，使用场景包括日常通勤、健康保障和美容购物，关键词如打车、医疗险、购物券、红包在搜索和点击中高频出现。

不喜欢：用户对免费体验版的医疗险产品不感兴趣，如长期医疗或百万医疗的免费试用，这与点击行为中偏好实际配置或购买医疗险的特征相反。",2,complete
1525207,"喜欢：用户偏好家居清洁品类，如免手洗拖把，关键词包括懒人、拖地和实用工具，品牌如小小好物，使用场景为家庭日常拖地清洁任务，这与交易行为中的家居用品（如灶台贴纸、茶几垫）和服务使用中的生活缴费（如电费）一致，体现对高效、便捷家居解决方案的兴趣。

不喜欢：用户不喜欢香氛洗衣液品类，关键词如香氛、罗曼蒂克，品牌罗曼蒂克，使用场景衣物护理，这与点击行为中实用清洁工具的特征相反，未点击商品的高端香氛元素与用户偏好简单、功能性的家居用品冲突。",2,complete
970249,"喜欢：用户偏好保险产品（如好医保）、租赁服务（如潮玩好物）、优惠券（如黄金券、面膜券）、教育内容（如阅读包、营养师课程）、交通服务（如火车票优惠）、流量卡和红包；关键词包括现金、红包、vip会员、车票；品牌涉及好医保、银泰百货、叫叫阅读；使用场景涵盖理财（余额宝、花呗）、健康管理、娱乐租赁和教育提升。

不喜欢：基于未点击商品，用户对重复医疗险推广（如百万医疗险）和下载批发平台应用（如1688）不感兴趣。",2,complete
1378869,"### 用户兴趣偏好总结（场景2）
喜欢：偏好品类包括电子产品（如手机）、金融优惠（如现金红包和机票优惠券）、生活用品（如抽纸）及旅行服务；关键词涉及租赁（如租手机）、回收（如回收手机）、支付（如转账付款）和旅行（如机票）；品牌偏好飞猪旅行、苹果（iPhone）和纵航；使用场景主要为在线购物（如商品橱窗）、旅行预订（如机票优惠）和日常消费支付（如红包领取）。

不喜欢：基于未点击商品，不喜欢品类如服装（如t恤），品牌如1688（批发平台），关键词如批发和服装，使用场景如批发购物和服装购买。",2,complete
318442,"喜欢：用户偏好保险品类（如医疗险和长期医疗险），关键词涉及省钱、赚钱和金融管理（如消费券、信用卡、余额宝），品牌包括好医保、蚂蚁保和中国联通，使用场景聚焦在线保险购买、通信服务（如流量卡和靓号卡）以及日常金融活动（如支付宝充值）。

不喜欢：用户不喜欢回收服务品类（如旧衣服回收），关键词和品牌涉及二手物品处理（如上门回收、旧物星球），使用场景与环保回收相关。",2,complete
1024709,"### 用户兴趣偏好总结（场景2）
喜欢：用户偏好电子产品（如吹风机、流量卡）、家居用品（如防跑偏固定器）、教育服务（如易学课程）和优惠活动（如红包）；关键词包括消费券、红包、流量卡；品牌如甄心优选和中国联通；使用场景涉及个人护理、通信、家居改善、在线学习和购物浏览。

不喜欢：基于未点击商品，用户不喜欢安全装备如电动车头盔和防摔安全帽。",2,complete
1085034,"### 用户兴趣偏好总结（场景2）

喜欢：偏好户外装备（如登山鞋）、家居厨房用品（如铁锅、炒菜锅、枕头）和香氛清洁产品（如洗衣液）；关键词包括耐磨防滑、香氛、无涂层和特惠；品牌如啄木鸟、罗曼蒂克、甄心优选；使用场景涉及户外活动、厨房烹饪和洗衣清洁。

不喜欢：基于未点击商品，不喜欢口腔护理产品（如护齿牙膏）和纸巾类产品（如抽纸），与点击的家居清洁和户外用品特征相反。",2,complete
1284110,"喜欢：该用户偏好健康监测设备品类（如体重秤和电子秤），关键词包括精准体重秤和电子秤，品牌偏好联想，使用场景涉及家庭健康管理（如健身包和运动包相关活动）。
不喜欢：该用户不喜欢1688批发平台相关的商品，暗示对大宗购物和非个人消费导向的商品不感兴趣。",2,complete
987299,"喜欢：用户偏好个人护理品类（如卷纸、洗衣液）、安全装备（如电动车头盔、安全帽）、家居用品（如不锈钢砧板、菜刀菜板）和健康医疗（如种牙公益、好医保），关键词包括优惠券、消费券和健康相关（如医疗金），品牌涉及植护、清风、有品和周生生，使用场景集中于户外安全（骑行头盔）、家庭清洁（洗衣液、卷纸）和健康保健（种牙援助、保险）。  
不喜欢：用户不感兴趣于个人美容（如剃须刀）、电子配件（如小风扇、蓝牙耳机）、时尚配饰（如墨镜）和口腔护理（如牙膏），这些特征在未点击商品中与点击行为相反，体现为对非必需电子产品和美容用品的回避。",2,complete
1959169,"喜欢：该用户偏好金融产品（如医疗险、现金红包、流量卡）、日用品（如抽纸）和优惠活动（如黄金券）；关键词包括现金、红包、医疗和流量；品牌倾向蚂蚁保、植护和中国联通；使用场景涉及在线支付（支付宝、花呗）、日常消费和优惠券参与。

不喜欢：基于未点击美妆券，该用户不喜欢美妆品类或相关优惠活动。",2,complete
924804,"喜欢：用户偏好电子商务平台（如1688）的省钱购物，包括关键词红包、低价好物；品牌方面青睐1688和高露洁；在健康品类关注医疗险（如好医保），使用场景为在线省钱和健康保障；在个人护理中偏好口腔护理产品，如美白牙膏（关键词美白、酵素），使用场景为日常牙齿护理。

不喜欢：用户对无线蓝牙耳机等音频设备不感兴趣，如追梦者品牌的产品，这与点击行为中电子商务和健康护理的偏好相反。",2,complete
1335321,"喜欢：偏好品类包括回收服务（如旧衣服回收）、交通服务（如打车福利）、厨具（如菜刀）和金融产品（如红包、话费充值）；关键词涉及现金、回收、打车、红包、话费；品牌如雷兔（厨具）、滴滴出行（交通）、中国移动（通信）；使用场景涵盖家庭日常（厨具使用）、出行便利（打车服务）、金融管理（现金回收和红包领取）以及环保回收（旧衣处理）。

不喜欢：基于未点击行为，用户不喜欢医疗险产品，特别是纯医疗险如长期医疗险和百万医疗险，与点击的保险抵保费（如安心豆抵保费）形成对比，表明对直接医疗险推广无兴趣。",2,complete
599388,"喜欢：用户偏好生活用品品类（如抽纸和平板拖把）、汽车相关产品（如电动SUV），关键词包括租赁（免押金租机）、电子产品（苹果、华为）和基金（如招商中证白酒指数），品牌涉及魏牌、金莱雅和苹果，使用场景涵盖家庭清洁、汽车试驾、在线购物和理财管理（如支付宝的芭芭农场和余额宝）。

不喜欢：用户不喜欢健康保健品类（如艾草枕头）和安全装备（如电动车头盔），基于未点击行为，特征包括健康护理关键词、安全防护场景，品牌如晨艾坊和有品。",2,complete
1126461,"喜欢：用户偏好公益慈善品类（如捐赠、基金会），关键词包括公益、慈善，品牌涉及支付宝、蚂蚁庄园，使用场景为在线浏览商品橱窗和参与互动公益游戏（如种果树、养小鸡），体现对环保和公益活动的兴趣。

不喜欢：基于未点击真皮皮带礼盒，用户不喜欢时尚配饰品类如皮带，品牌如巴迪克保罗，使用场景为购买具体商品而非浏览，与点击行为中浏览橱窗的偏好相反。",2,complete
294238,"喜欢：偏好品类包括电子产品租赁（如手机、无人机）、优惠券/红包、美容产品（面膜）和酒类（酱酒）；关键词涉及免押租赁、现金红包、夏日特惠；品牌如苹果、大疆、滴滴、1688；使用场景为省钱购物、试用高端产品和享受出行优惠。
不喜欢：偏好品类包括流量卡和医疗健康保险；关键词如大流量、免费体验；品牌如中国联通、好医保；使用场景为通信服务和健康保障，与点击行为中租赁和优惠特征相反。",2,complete
173631,"喜欢：用户偏好清洁工具品类（如超声波清洗机用于眼镜首饰），关键词包括眼镜首饰和饿了么，品牌涉及饿了么，使用场景聚焦个人护理和在线服务消费，体现对实用电子产品和便捷生活服务的兴趣。

不喜欢：用户不喜欢护肤产品品类（如芦荟胶），批发平台（如1688）和厨房用具（如烤肉盘），这些特征与点击行为中清洁工具和在线服务形成鲜明对比。",2,complete
985781,"喜欢：用户偏好在线批发购物品类（如源头货和低价好物），关键词包括1688、红包和商品橱窗；品牌涉及1688平台、御泥坊（控油洁面乳）和卫鲨（休闲五分短裤）；使用场景聚焦夏季休闲穿着、个人护理和批发采购。

不喜欢：用户不喜欢运动服装品类（如运动短裤，与点击的休闲短裤相反）、教育服务（如会计课程）；品牌如御MEN（洁面乳，与御泥坊相反）；使用场景涉及学习培训和额外个人护理（如牙膏、剃须刀）。",2,complete
37791,"喜欢：该用户偏好数码产品（如苹果14promax手机）、租赁服务（租手机）、洗衣液（蓝月亮品牌）、现金红包活动、健康保险（好医保）；搜索关键词涉及租机、保险、手机；品牌倾向苹果、蓝月亮、人人租；使用场景包括在线购物（如1688平价商品）、健康保障和日常清洁（洗衣液应用）。

不喜欢：用户不喜欢免费医疗促销（如种牙专项补贴）和特定牙科服务（种植牙），基于未点击商品与点击的健康保险行为相反的特征。",2,complete
365499,"喜欢：用户偏好免押租赁服务（如手机、大疆航拍机）、现金回收旧物（旧衣回收）、数码产品（iPhone14系列、苹果严选）、健康医疗（皮肤银屑病问诊、百万医疗）、运动休闲鞋类（吱积分运动鞋）和乳酸菌饮料，关键词包括夏日特惠、新人红包、消费券，品牌涉及人人租、大疆、苹果、饿了么，使用场景集中于数码设备租赁、旧物上门回收、健康咨询及优惠购物活动。

不喜欢：用户不喜欢平价日常商品如烤肉盘，基于未点击行为（如""宝藏平价商品尽在1688""），与点击的租赁和回收兴趣相反，表现为对静态购买类平价物品的回避。",2,complete
1038692,"喜欢：用户偏好科技产品品类（如手机、租赁设备），关键词包括""免押租赁""、""咖啡券""、""试驾""和""宝藏""（平价商品），品牌涉及苹果（iPhone）、瑞幸、星巴克、阿维塔和叮咚租机，使用场景主要为在线购物（如商品橱窗浏览）、设备租赁服务、汽车试驾体验（如获取咖啡券优惠）以及健康改善（如脊椎舒缓产品）。

不喜欢：用户不喜欢时尚配饰品类（如太阳镜）和珠宝类产品（如转运珠），基于未点击商品的特征（如""卡文迪许太阳镜""和""绅雅士转运珠""），与点击行为中偏好的科技和实用产品形成对比。",2,complete
1328561,"喜欢：该用户偏好出行服务品类（如打车和租车，品牌如滴滴出行）、美容护肤产品（如补水喷雾，品牌Avene）、教育娱乐内容（如儿童绘画工具和手机摄影技巧，品牌小熊美术和千聊），使用场景包括日常通勤、个人护理和技能学习，关键词涉及打车、补水、绘画和摄影。

不喜欢：基于未点击商品，用户不喜欢骑行相关服务（如电动车和骑行优惠券），以及对平价批发商品平台（如1688）表现出较低兴趣。",2,complete
954015,"喜欢：用户偏好医疗保健品类（如好医保百万医疗险），关键词包括医疗、保障金、蚂蚁保，品牌涉及好医保、滴滴出行、1688，使用场景为在线保险购买和出行服务；同时偏好回收服务（如闲置首饰高价回收）、美妆产品（如夏季控油粉饼）、游戏福利（如九游领福利）、平价购物（如宝藏平价商品）和试驾活动（如smart精灵），品牌包括Cartier、ainoivera，使用场景涵盖物品回收、护肤、娱乐和汽车体验。

不喜欢：用户不喜欢高折扣美妆券（如银泰百货相关优惠），与点击的具体美妆产品（如控油粉饼）形成对比，表明对百货公司促销缺乏兴趣。",2,complete
527662,"喜欢：该用户偏好数字优惠品类如现金红包、优惠券和租赁服务（如手机租赁），关键词包括现金、租、优惠、手机；品牌涉及苏泊尔、三得利、苹果、银泰百货；使用场景为在线购物、优惠获取和交通票务（如火车票），体现对便捷消费和日常优惠的强烈兴趣。

不喜欢：该用户不偏好个人护理品类如亮白牙膏和安全装备品类如电动车头盔，关键词包括牙膏、头盔、防摔；品牌如有品；使用场景为日常护理和安全防护，与点击行为中数字优惠和租赁服务形成鲜明对比。",2,complete
610276,"喜欢：偏好品类包括运动鞋（如休闲运动鞋）、书包（如学生书包）、牙膏（如护齿牙膏），关键词涉及租赁（如免押租赁）、消费券、健康（如疫苗预约），品牌如啄木鸟、赛尔娜、SP-4，使用场景涵盖休闲运动（秋季百搭）、学生生活（减负护脊）、口腔护理（亮白护齿），以及医疗健康（医保、疫苗）、金融理财（余额宝、理财）、生活服务（快递、缴费）等。

不喜欢：基于未点击商品，不喜欢品类如凉鞋、拖鞋、短裤、老花镜、菜刀、太阳镜，避免品牌如吱积分、欧珀拉、秒益，不偏好特征如夏季薄款、冰丝凉感、男款或工厂精选类型，与点击行为相反（如未点击吱积分运动鞋而偏好啄木鸟，未点击秒益生菌牙膏而偏好SP-4）。",2,complete
1463758,"喜欢：用户偏好休闲运动鞋品类（如吱积分品牌的潮流百搭耐磨款式），关键词包括""潮流""、""耐磨""、""休闲""和""运动鞋""，品牌涉及吱积分和BMW（新车），使用场景为日常运动穿着和购车融资（如月供低至800元）。

不喜欢：用户不喜欢眼镜类产品（如欧珀拉的老花镜和太阳镜），以及其他品牌的运动鞋（如工厂精选透气款），同时对1688平台的大牌同源商品不感兴趣。",2,complete
198122,"喜欢：用户偏好电商购物品类（如1688平台的商品橱窗），关键词包括1688、商品、快递和支付宝，品牌涉及1688（阿里巴巴批发平台），使用场景涵盖在线浏览、生活服务（如芭芭农场、支付宝运动）和公益参与（如捐赠、公益种树）。

不喜欢：基于未点击商品，用户不喜欢日用品品类（如家用纸巾、抽纸）和个人护理品类（如剃须刀），关键词包括名销精品、剃须刀，品牌如贝壳，使用场景涉及家庭消费和个人护理。",2,complete
1558750,"喜欢：用户偏好餐饮品类（如外卖小吃、中式快餐），关键词包括红包、防晒、平价商品，品牌如支付宝、1688、瑞幸，使用场景在日常消费、优惠获取和在线购物中，体现对综合促销和实用物品的兴趣。

不喜欢：用户不喜欢纯汽车试驾相关促销（如阿维塔11），与点击行为中偏好附加红包和商品橱窗的特征相反。",2,complete
1339203,"喜欢：用户偏好美容护肤品类中的美白祛斑产品（如祛斑霜），关键词包括美白、祛斑、流量卡、旅行和游戏，品牌如中国联通、飞猪旅行、滴滴出行和高露洁，使用场景涉及出行打车、通信上网、旅行规划和日常口腔护理（如牙膏使用）。  
不喜欢：用户对祛痘补水类护肤产品不感兴趣，如芦荟胶，这与点击的美白祛斑行为形成相反特征。",2,complete
780420,"喜欢：用户偏好食品品类（如水果、蔬菜、零食，包括红心火龙果、紫薯、多肉葡萄等），关键词（如消费券、红包、医保、兼职），品牌（如支付宝、饿了么、美团、古茗），使用场景涉及日常支付（支付宝、花呗）、外卖点餐（美团、饿了么）、公益参与（芭芭农场、蚂蚁庄园）以及健康管理（门诊保险搜索）。  
不喜欢：用户不喜欢高端电子产品品类（如手机）和免押租赁服务（如信用免押、免押租赁），基于未点击iPhone14 Pro和iPhone13 Pro商品的特征。",2,complete
1000103,"喜欢：该用户偏好家居用品和个人护理品类（如厨具、牙刷、喷雾），关键词包括""源头货""、""低价好物""和""免费体验""，品牌倾向高露洁、1688、Avene和植护，使用场景涉及家庭日常（如厨具收纳）、个人卫生（如口腔护理）和健康管理（如医疗体验）。

不喜欢：基于未点击行为，用户不喜欢交通服务（如包车）、防晒产品（如防晒喷雾）、鞋类（如凉鞋）、通信服务（如流量卡）以及特定医疗产品（如百万医疗）。",2,complete
824525,"喜欢：该用户偏好珠宝饰品品类（如菩提手串），关键词包括手串、酱酒、国酱，品牌涉及绅雅士和珍天下，使用场景可能为个人收藏或吉祥寓意（基于点击商品中的""顺遂顺意""描述）。

不喜欢：基于未点击商品，用户不喜欢时尚鞋类（如洞洞鞋、防滑凉鞋）、在线教育课程（如健康养生课、Excel提升课）、鲜花礼品和租车服务（与点击珠宝和酒类行为相反）。",2,complete
1077602,"喜欢：用户偏好酒类（如白酒、酱香酒）、健康产品（如乳胶枕、医疗险）和优惠券（如黄金券、美妆券），关键词涉及现金、红包、省钱，品牌包括银泰百货、1688、希尔顿，使用场景为省钱购物、健康生活和出行便利（如火车票优惠、电子证件照）。

不喜欢：用户不喜欢潮玩产品和流量卡服务，基于未点击行为与点击的实用租赁（如手机）相反。",2,complete
2012381,"喜欢：用户偏好个人护理品类中的洁面产品，品牌如御泥坊，关键词包括黑茶和控油，使用场景为男士控油护肤（基于点击的御泥坊男士黑茶控油洁面乳）。

不喜欢：用户不喜欢BUU品牌的洁面泥产品，特别是含有叶绿素和氨基酸成分的洁面泥（基于未点击的BUU叶绿素氨基酸洁面泥，与点击的洁面乳品牌和成分特征相反）。",2,complete
735720,"喜欢：用户偏好家居舒适品类如冰丝席，关键词包括透气、1688平台和宝藏平价商品，品牌如闻芳阁，使用场景为支付宝生态服务（如理财、红包、天气查询）和日常家居需求（如夏季睡眠用品），基于点击商品和搜索关键词（如红包、天气、公积金）及服务使用（如支付宝、余额宝、芭芭农场）。

不喜欢：用户不喜欢乳胶枕类产品，基于未点击商品（如希尔顿泰国天然乳胶枕）与点击行为（冰丝席）相反的特征，表明对枕头材质或高端品牌无兴趣。",2,complete
683109,"喜欢：用户偏好电子产品租赁品类，特别是苹果品牌手机（如iPhone14pro），关键词包括租赁优惠、新人特惠和淘宝平台，使用场景为短期设备试用和在线购物，基于点击行为（如租赁iPhone14pro）和搜索关键词（苹果iPhone系列）及服务使用（租苹果手机、电脑租赁）。

不喜欢：用户不喜欢批发采购品类，如1688平台，关键词为B2B和批量购买，基于未点击行为（1688商品）与点击行为（个人消费租赁）相反特征。",2,complete
1381366,"喜欢：偏好品类包括智能设备（如智能手环）、手机、家居用品（如枕头、抽纸）、通信产品（如流量卡）和公益服务（如公益慈善）；关键词如回收、鉴定、抽纸、流量卡、蚂蚁庄园；品牌如苹果、中国联通、婠偲、甄臻；使用场景涉及运动健康监测、睡眠舒适、日常清洁、通信上网和公益环保活动。

不喜欢：基于未点击商品中与点击行为相反的特征，用户不喜欢乳胶枕（对比点击的太空舱枕头）和特定智能运动手环（对比点击的多功能智能手环），品牌如希尔顿。",2,complete
674179,"喜欢：用户偏好医疗保健品类（如医疗险、医保），关键词包括健康管理、购物优惠和教育学习（如绘画、租车），品牌如1688、小熊美术、滴滴和iPhone，使用场景涉及在线购物（1688平台）、健康保障（百万医疗险）、家庭清洁（无线吸尘器）和教育娱乐（少儿美术课程）。

不喜欢：用户不喜欢办公效率提升课程（如Excel工作相关产品），与点击行为中缺乏工作技能培训兴趣相反。",2,complete
735294,"喜欢：用户偏好浏览商品橱窗等营销活动（偏好品类包括电商平台、营销玩法、租赁服务和回收服务），关键词涉及电子产品（如手机、电脑、单反相机）、租赁（租机短租、免押金租赁）和回收（旧衣回收），品牌如支付宝、Apple和华为，使用场景为在线参与领券、红包、生活缴费（水电煤气）和理财服务。
不喜欢：用户不喜欢实用小家电如眼镜首饰清洁机，基于未点击行为与浏览营销活动相反的特征。",2,complete
141492,"喜欢：用户偏好游戏下载（如仙凡幻想、三国吧兄弟、永恒世纪等手游），1688平台的低价购物（关键词包括源头货、红包、领福利），鞋类中的舒适凉鞋（按摩底、防水防臭），个人护理产品（高露洁小苏打美白牙膏、珍珠粉眼膜贴），以及珠宝饰品（周六福和田玉吊坠），使用场景集中于娱乐试玩、在线优惠购物和日常美容护理。

不喜欢：用户不感兴趣于租机服务（如免押金租赁手机）、高端电子产品（iPhone14）、品牌礼品卡（Nike代金券）、家居用品（磨毛四件套、章丘铁锅、艾草枕头），以及特定个人护理（索芙特洗面奶）和服装（纯棉t恤），这些特征与点击行为中的低价娱乐和实用护理相反。",2,complete
92780,"喜欢：该用户偏好金融保险品类（如医疗险和租赁服务），关键词包括医疗险、租赁、现金红包、酒和iPhone；品牌涉及好医保、人人租、赖世酱酒和苹果；使用场景为金融服务（如保险购买和租赁促销）、日常消费（领现金红包）和娱乐购物（如潮玩好物）。

不喜欢：基于未点击商品，用户不喜欢长期医疗险（如好医保·长期医疗）和平价商品（如1688的宝藏平价），与点击行为中偏好短期促销和大牌商品的特征相反。",2,complete
1280589,"喜欢：该用户偏好租赁服务（如手机、无人机、潮玩好物）、短期医疗险体验（如百万医疗免费体验）、旧物回收服务（如旧衣服回收）和互动游戏（如永恒世纪下载）；关键词集中于租赁、医疗、回收和游戏；品牌倾向人人租、大疆、苹果和支付宝；使用场景包括在线消费（租赁特惠）、健康保障（免费医疗险）、环保行动（上门回收）和娱乐下载（游戏试玩）。

不喜欢：该用户不喜欢长期医疗险产品（如好医保·长期医疗0免赔），这与点击的短期或免费医疗险体验形成对比。",2,complete
687666,"喜欢：用户偏好健康保险品类（如好医保品牌）、珠宝首饰（如周六福和田玉吊坠）、电商批发平台（1688源头），关键词包括医疗险、吊坠、商品橱窗，使用场景为在线健康保障和快速购物体验。

不喜欢：基于未点击行为，用户对牙科服务（如进口种植牙）、特定保险产品（如长期医疗）、汽车试驾（如smart精灵#1）以及某些平价商品（如烤肉盘）不感兴趣。",2,complete
1879414,"喜欢：用户偏好游戏下载（如手游品类，包括永恒世纪、光与魔法等）、购物平台（如1688）和实用生活用品（如超声波清洗机），关键词涉及下载、红包、宝藏和优惠，品牌包括1688、九游、恺英和G.DUCK，使用场景主要为娱乐（游戏试玩）、购物优惠（领取红包）和生活便利（清洗眼镜首饰）。

不喜欢：基于未点击商品，用户不喜欢鞋类产品，如凉鞋和运动鞋（包括仿皮凉鞋和休闲运动鞋），这与点击行为中缺乏服装或鞋类特征相反。",2,complete
1655352,"喜欢：该用户偏好品类包括个人护理（如牙膏）、优惠活动和平价商品；关键词如免押租赁、回收和红包；品牌如高露洁、支付宝和1688；使用场景涵盖日常消费（如牙膏购买）、交通支付（如公交、高速）、健康公益（如捐步）和理财投资（如网商银行服务）。

不喜欢：基于未点击商品，用户不喜欢抽纸等日常纸制品、其他品牌牙膏（如SP-4）以及老花镜等不相关产品，与点击行为中偏好高露洁牙膏和优惠活动相反。",2,complete
656542,"喜欢：该用户偏好家居清洁用品（如懒人拖把和平板拖把）、学习工具（如点读笔）、优惠券（如公交乘车优惠券和购物金）、美妆产品（如面膜和口红）、户外装备（如登山鞋）、厨房用具（如锻打菜刀）、车辆服务（如车辆出险记录查询）和保温产品（如保温杯）；关键词涉及快递、健身服务、支付宝生态（如蚂蚁森林能量和公益项目）以及生活缴费（如电费和水费）；品牌包括银泰、阿玛尼、苏泊尔、希尔顿、啄木鸟、雷兔、博士和盒马；使用场景涵盖在线购物（通过银泰百货和盒马）、公共交通出行、家庭维护、学习辅助、美容护理和户外活动。

不喜欢：该用户不喜欢时尚配饰，如太阳镜，基于未点击相关商品（欧珀拉女士防紫外线时尚太阳镜），与点击行为中偏好实用家居、工具和优惠券的特征相反。",2,complete
1401219,"喜欢：用户偏好品类包括科技产品（如手机租赁）和金融服务（如医疗险），关键词涉及分期、手机、信用免押，品牌如苹果、1688、蚂蚁保，使用场景为在线租赁、保险购买和电商平台访问，基于点击行为如租赁苹果13和下载1688，以及搜索关键词如分期、手机卡和交易实体如支付宝、花呗。

不喜欢：用户对牙科相关服务（如种牙公益）不感兴趣，基于未点击商品如种牙公益和口腔医院，与点击的医疗险特征相反，体现为对特定医疗公益或牙科服务的回避。",2,complete
729627,"喜欢：用户偏好医疗保健品类（如医疗险和长期医疗保障）、租赁服务（如免押金租手机和电脑租赁）、美容护肤（如面膜、防晒粉饼和湿厕纸）以及教育培训（如营养师课程和家庭饮食训练营），关键词包括""医疗""、""租赁""、""防晒""和""教育""，品牌如好医保、植护、周生生和银泰百货，使用场景涉及在线金融（如支付宝红包和余额宝）、健康管理（如蚂蚁保服务）、个人护理（如夏季防晒）和技能提升（如小熊美术课程）。

不喜欢：基于未点击冰丝席商品，用户不喜欢家居用品品类（如凉席类产品），与点击行为中偏好的数字服务和保险特征相反。",2,complete
743925,"喜欢：用户偏好品类包括出行服务（如叫车券、顺风车）、汽车购买（如新车）、保险（如医疗险）、个人护理（如剃须刀、脚气水）、家居用品（如保温杯、运动鞋）、娱乐票务（如电影票）、科技租赁（如手机租赁）和酒类（如酱酒）；关键词涉及同城配送、智能剃须刀、医疗险、信用免押、坤沙酱酒；品牌倾向南极人、资生堂、苏泊尔、好医保、同仁堂、BMW、领匠酒业、iPhone；使用场景聚焦日常消费（购物金、现金红包）、健康保障（投保、脚气去除）、休闲娱乐（电影、鲜花配送）和科技便利（租机、免押服务）。

不喜欢：基于未点击的健康养生课程（如健康养生课、千聊、华佗），用户不喜欢在线教育或健康养生类内容，这与点击行为中偏好实用产品和服务（如保险、护理用品）而非知识课程的特征相反。",2,complete
485352,"### 用户兴趣偏好总结（场景2）
喜欢：用户偏好驾校服务（偏好品类：教育/交通服务，关键词：学车费用、驾校，品牌：无明确品牌但涉及上海驾校实体，使用场景：交通出行规划）和驱蚊产品（偏好品类：日用品，关键词：驱蚊水，品牌：vape，使用场景：家庭防护和户外活动），基于点击行为体现对具体实用商品的需求。

不喜欢：用户不喜欢商品橱窗等泛泛浏览形式（基于未点击商品实体词""商品橱窗""，与点击行为中针对具体商品的特征相反），表现为对广告式或非目标性展示缺乏兴趣。",2,complete
1788901,"喜欢：用户偏好浏览商品橱窗（偏好品类：浏览探索类），偏好品类包括餐饮（如烤肉、乌鱼、家常菜）、水果（如葡萄）、支付服务（如手机扫码支付、条码支付）和生活缴费（如电费、话费）；关键词涉及公益（如捐步、种树）、游戏互动（如养小鸡）和缴费；品牌如支付宝、饿了么、中国移动；使用场景为在线支付、外卖订购、公益参与和日常缴费服务。

不喜欢：基于未点击行为，用户不喜欢高端手机产品（如iPhone14 Pro）以及信用免押服务。",2,complete
1351533,"喜欢：用户偏好平价宝藏类商品（如1688平台的宝藏商品橱窗），偏好品类包括超市购物、餐饮食品（如牛肉面、椰香包）和支付服务（如支付宝、余额宝）；关键词涉及""宝藏""、""平价""和日常消费相关；品牌倾向1688、支付宝和三得利；使用场景聚焦在线购物、生活缴费（如电费、话费）和公益理财（如芭芭农场、公益捐步）。

不喜欢：用户不喜欢个人护理美容产品（如美白牙膏）和促销红包相关商品（如新人红包），基于未点击商品YAYASHI美白鲨鱼牙膏及垃圾桶、红包实体，与点击的宝藏平价特征相反。",2,complete
1423839,"喜欢：用户偏好公益慈善品类（如捐赠、公益项目），关键词包括政务服务、同城快送和健康码，品牌如达达快送、菜鸟裹裹，使用场景涉及公益捐赠、快递服务和政务服务查询，基于交易行为（如慈善基金会、捐赠实体）和服务使用（如公益捐步、快递物流）。  
不喜欢：用户不喜欢个人冷却设备品类（如挂脖冷风扇），基于未点击商品（婠偲静音三档挂脖冷风扇充电款）的相反特征，与点击行为（商品橱窗浏览）形成对比。",2,complete
206699,"喜欢：用户偏好鞋靴品类（如运动鞋、板鞋和休闲鞋）、内衣品类（如男士内裤和三角内裤），品牌包括李宁、南极人和苹果，关键词涉及租赁（如免押租机）、回收（如回收手机）和公益（如公益种树），使用场景涵盖电商浏览（商品橱窗）、金融服务（支付宝、花呗）和互动游戏（芭芭农场、蚂蚁庄园）。

不喜欢：用户不喜欢1688平台的促销活动（如新人红包和源头厂货）以及家居用品（如垃圾桶），反映出对低价批发商品和特定品类（如桌上垃圾桶）的不感兴趣。",2,complete
723180,"喜欢：用户偏好健康保险（如好医保百万医疗险）、电子产品租赁（如苹果14系列、大疆航拍机）和数码产品（如平板电脑、相机），关键词包括医疗、租赁、优惠券和公益（如公益慈善），品牌如苹果、大疆、资生堂和滴滴出行，使用场景涉及在线服务（如租赁平台、打车福利）、健康管理（如心理咨询）和公益参与（如芭芭农场种树）。

不喜欢：用户不喜欢购买黄金饰品等奢侈品（如周生生兔黄金），基于未点击行为与点击回收服务（如闲置黄金高价回收）形成对比。",2,complete
1733610,"喜欢：用户偏好数码产品品类（如手机、单反相机）、金融服务（如支付宝）、移动通信（如中国移动）和休闲娱乐（如直播、互动游戏），关键词包括单反相机、麦当劳、支付宝、公交，品牌如淘宝、支付宝、中国移动，使用场景涉及日常购物（淘宝超值优惠）、公共交通通勤（地铁、公交）、在线赚钱任务（赚现金、签到）和娱乐活动（星座运势、看图猜词）。  
不喜欢：基于未点击医疗险商品，用户对医疗保险产品（如好医保、蚂蚁保）不感兴趣。",2,complete
195737,"喜欢：用户偏好健康美容品类，如智能体脂秤和植物护发精油，关键词包括智能、家用、平价及植物相关，品牌涉及肌安妮、爱木森、美的和1688电商平台，使用场景涵盖家庭健康管理、个人护理及在线购物（基于服务实体中的电商平台、运动捐步和零售电商行为）。

不喜欢：用户不喜欢口腔护理产品（如牙膏）、护肤品（如黄芪霜）、眼镜（如老花镜和太阳镜）、学生用品（如书包）、鞋类（如运动鞋）、家居用品（如冰丝席）、安全设备（如头盔）、服装（如t恤）和厨房用具（如菜刀），这些未点击商品的特征与点击的健康美容和电商偏好相反。",2,complete
1768271,"喜欢：用户偏好美妆品类（如口红券）、家居用品（如舒柔枕）和健康设备（如电子秤），关键词包括""美妆券""和""商品橱窗""，品牌涉及阿玛尼、联想和莉莫尔，使用场景集中于在线购物和优惠券消费。

不喜欢：用户对保险产品（如医疗险）不感兴趣，基于未点击行为与点击偏好相反。",2,complete
424802,"喜欢：偏好品类包括电子产品租赁（如手机、iPhone14）、健康保险（如好医保长期医疗）、口腔服务（如种牙特惠）、清洁用品（如洗衣液、抽纸巾）和汽车体验（如smart精灵试驾）；关键词涉及租赁、种牙、洗衣液、iPhone14；品牌偏好苹果、好医保、smart；使用场景聚焦在线消费（如商品橱窗、电子签约平台）、医疗保健和日常清洁。

不喜欢：基于未点击商品与点击行为相反的特征，用户对住院报销、免费体验医疗险等特定医疗险形式（如0免赔额住院医疗险、百万医疗免费体验）不感兴趣，尽管点击了类似健康产品（如好医保），但排斥这些高风险或短期体验类医疗保障。",2,complete
484113,"喜欢：用户偏好电商购物和兼职服务品类，关键词包括兼职、1688、宝藏、平价商品，品牌涉及1688（如点击商品中的1688平台），使用场景为在线浏览商品橱窗和寻找兼职机会（基于点击商品标题和实体词，如""空闲时间做个兼职""和""兼职兼客""）。

不喜欢：用户不喜欢电子产品如无线蓝牙耳机和家居用品如乳胶枕（基于未点击商品标题和实体词，如""无线蓝牙耳机""和""乳胶枕""，与点击行为中电商和兼职偏好相反）。",2,complete
1290343,"喜欢：用户偏好品类包括食品饮料（如面包、啤酒、火锅底料）、日用品（如剃须刀、玻璃杯）和交通服务（如打车、租车）；关键词涉及红包、优惠券、生活缴费和公益；品牌如五季、滴滴、百威、资生堂；使用场景涵盖日常消费（超市购物）、出行（打车租车）、家庭管理（水电缴费）和休闲（农场游戏）。

不喜欢：用户不喜欢陶瓷茶具，如陶瓷泡茶杯，这与点击的玻璃杯（茶汤分离功能）形成鲜明对比，表明对陶瓷材质或泡茶专用器具缺乏兴趣。",2,complete
1075785,"喜欢：该用户偏好个人护理品类，特别是剃须刀相关产品（如电动剃须刀），关键词包括""剃须刀""和""电动剃须刀""，品牌倾向格卡诺，使用场景为日常男性美容或便捷个人护理，基于点击的剃须刀商品及交易行为中的剃须刀片、刮胡刀片等实体。

不喜欢：该用户对健身器材如自动健腹轮不感兴趣，基于未点击的健腹轮商品特征与点击行为相反（个人护理 vs. 健身运动）。",2,complete
259014,"喜欢：该用户偏好品类包括学习用品（如词典笔、扫描笔、草稿纸）、服装鞋类（如运动鞋、休闲裤）、食品（如牛奶、酸奶）和金融服务（如理财、保险）；关键词涉及学习（中考词汇、英语单词）、生活优惠（消费券、电影票）和公益（芭芭农场、蚂蚁庄园）；品牌如晨光、kokuyo、支付宝；使用场景涵盖学习（如中考训练）、电商浏览（商品橱窗快速查看）和休闲公益（种果树、养小鸡）。

不喜欢：基于未点击商品特征，用户不喜欢宝藏平价商品，与点击的商品橱窗元素相反。",2,complete
545600,"喜欢：用户偏好品类包括金融保险（如医疗险）、汽车（如smart精灵）、公益慈善（如捐赠活动）；关键词如医保、信用分；品牌如好医保、smart；使用场景涉及健康管理（如医保查询）、交通出行（如汽车试驾）和慈善捐赠（如公益项目）。

不喜欢：用户对服装类商品（如t恤）和家居清洁设备（如眼镜首饰清洗机）不感兴趣，基于未点击商品中与点击行为相反的时尚配饰和实用家居特征。",2,complete
939404,"喜欢：用户偏好厨房用品（如铁锅）和生活便利品（如垃圾桶），关键词包括源头一手价、租赁相关（如零押金和免押金），品牌如甄心优选和1688，使用场景涉及电商购物（如下载1688平台）和家庭日常消费。
不喜欢：用户不喜欢商业服务（如商标注册和工商注册），这与点击的消费产品特征相反。",2,complete
180594,"喜欢：该用户偏好时尚配饰品类（如太阳镜），关键词包括防紫外线、时尚太阳镜，品牌如欧珀拉，使用场景为户外防晒和日常时尚搭配，基于点击商品""欧珀拉女士防紫外线时尚太阳镜1副""的实体词""太阳镜,时尚太阳镜,欧珀拉""。

不喜欢：该用户不喜欢医疗健康品类（如牙科和保险），关键词包括种植牙、百万医疗，品牌如格伦菲尔和好医保，使用场景为健康服务和保险体验，基于未点击商品""免费领取种牙专项补贴|百万医疗免费体验""的实体词""种植牙,种牙专项补贴,医疗,百万医疗""，与点击行为相反。",2,complete
515223,"喜欢：偏好健康保险（如医疗险）、家庭清洁用品（如洗衣液）、健身设备（如健腹轮）和数字服务（如流量卡）；关键词包括""医疗险""、""洗衣液""、""健腹轮""、""流量卡""；品牌偏好好医保、植护、中国联通、星巴克；使用场景涉及健康管理（如保险理赔）、家庭清洁维护（如衣物洗涤）、健身锻炼和在线通信娱乐。

不喜欢：基于未点击商品，用户对纸巾类产品（如植护纸巾）和高端电子设备（如苹果手机）不感兴趣，尽管对相关品类如清洁用品和数字服务有偏好。",2,complete
1219607,"喜欢：该用户偏好凉鞋品类，关键词包括凉鞋（基于搜索关键词），品牌为四季（基于点击商品），使用场景为休闲舒适穿着（基于商品描述""一鞋两穿 柔软舒适""）。

不喜欢：基于未点击商品，该用户不喜欢皮带品类（与点击凉鞋相反），品牌巴迪克保罗，材质真皮（与点击仿皮相反），使用场景可能为配饰或正式场合（基于商品类型）。",2,complete
728791,"喜欢：用户偏好品类包括在线批发购物和源头工厂商品（如商品橱窗、源头厂货），关键词涉及1688平台、永恒世纪和恺英，品牌偏好1688（阿里巴巴）及相关游戏品牌，使用场景主要为电子商务下载试玩和在线购物浏览。

不喜欢：用户对办公效率课程（如Excel培训）、汽车试驾活动（如阿维塔）以及咖啡优惠券（如瑞幸）不感兴趣，这些特征在未点击商品中与点击行为（批发购物）形成明显反差。",2,complete
475883,"喜欢：用户偏好平价服饰品类（如中筒袜），关键词包括宝藏商品、新人红包和健康生活相关（如医保、重疾），品牌涉及北极绒、华为和维达，使用场景主要为电商购物（1688平台）、日常消费（如纸巾、食品）以及公益游戏（如芭芭农场、蚂蚁庄园）。

不喜欢：用户不喜欢保险产品（如好医保）和通信服务（如流量卡），基于未点击商品的特征与点击行为相反，表现为对保费抵扣和流量套餐缺乏兴趣。",2,complete
1502972,"喜欢：用户偏好健康医疗品类（如医疗险、皮肤问诊）、美容化妆品（面膜、粉饼、牙膏）、日用品清洁（洗衣液、蚊香液）、科技服务（流量卡）、娱乐（游戏试玩）和珠宝（黄金），关键词包括医疗、美容、流量和咖啡，品牌涉及植护、瑞幸、周生生、好医保、smart和中国联通，使用场景主要为日常护理、健康保障、娱乐消费和优惠购物活动。
不喜欢：用户对厨房工具如菜刀不感兴趣，基于未点击商品特征与点击行为相反（点击集中于软性日用品和健康服务，而非锋利器具）。",2,complete
1807719,"喜欢：用户偏好滴滴出行品牌的打车服务，关键词包括""滴滴""和""出行""，使用场景集中于移动出行和交通服务（如代驾、汽车站），偏好品类为出行类商品橱窗（如点击的""滴滴567福利|逛15秒商品橱窗""），品牌特征突出滴滴出行。

不喜欢：用户对滴滴青桔共享单车服务不感兴趣，表现为未点击""5元红包抵用券""，关键词和品牌特征与点击行为相反（共享单车 vs. 打车服务）。",2,complete
1061287,"喜欢：用户偏好手游品类，关键词包括""下载""、""装备""、""恺英""和""九游""等品牌，使用场景为移动游戏娱乐和在线下载应用，具体表现为频繁点击游戏标题如""光与魔法""和""三国吧兄弟""，以及搜索""游戏机""和""手游""相关词条。

不喜欢：用户不喜欢高端手机硬件设备，如iPhone14 Pro，这与点击的游戏下载行为形成鲜明对比，未点击商品特征包括""手机""和""信用免押""，表明对消费电子产品的低兴趣。",2,complete
725977,"喜欢：用户偏好汽车租赁（如铁行租车、免押服务）、日用品（如抽纸）和酒类（如干红葡萄酒），关键词包括租车、免押、现金、BMW，品牌涉及铁行、BMW、澳特斯伯爵，使用场景涵盖在线租车、日常消费和理财管理（如现金红包、余额宝）。

不喜欢：基于未点击商品，用户不喜欢无人机租赁（如大疆）、鲜花配送、医疗保险（如百万医疗）、二手手机（如iPhone13 Pro）和服装（如纯棉t恤），反映出对非汽车租赁、花卉、健康保障、二手电子产品和服饰的缺乏兴趣。",2,complete
1546335,"喜欢：用户偏好医疗险、旅游和金融优惠品类，关键词包括医疗险、现金红包、医保和旅游，品牌如好医保、蚂蚁保和仙门奇峡，使用场景涉及健康保障、在线旅游和金融奖励活动。

不喜欢：用户不喜欢口腔护理、时尚鞋类和健康改善服务品类，关键词如种牙、凉鞋和摄影技巧，品牌如德伦口腔和欧珀拉，使用场景包括牙科服务、时尚购物和健康课程。",2,complete
1673304,"喜欢：用户偏好品类包括美容护肤（如防晒霜）、电子产品（如苹果手机）、家居用品（如卷纸）、教育课程（如趣味阅读包和绘画课）以及金融优惠（如现金红包和购物金）；关键词涉及消费券、贷款、电影和外卖；品牌偏好蜜丝婷、苹果、苏泊尔、叫叫和小熊美术；使用场景涵盖在线购物（如淘宝和银泰百货）、公益参与（如捐赠和种树）、出行服务（如打车和骑行）以及日常消费（如便利店和餐饮）。

不喜欢：基于未点击商品橱窗行为，用户不喜欢被动浏览或广告性质的泛化商品展示，与点击行为中偏好具体、实用或优惠驱动的商品特征相反。",2,complete
1309294,"喜欢：用户偏好租赁服务（如手机、航拍机）、医疗险和优惠活动，关键词包括租赁、医疗、红包、回收和证件照；品牌倾向苹果、华为、大疆和银泰百货；使用场景为在线设备租赁（如夏日特惠）、健康保险体验（如免费医疗险）和旧物回收服务（如旧衣服上门回收），同时涉及电子证件照和优惠券领取。

不喜欢：用户不喜欢垃圾桶相关产品或基础厂货红包，基于未点击商品特征（如垃圾桶、桌上垃圾桶和源头厂货），与点击行为中高端租赁和品牌偏好相反。",2,complete
1315681,"喜欢：该用户偏好医疗健康品类（如好医保医疗险）、日常消耗品（如植护抽纸）、金融奖励（如现金红包）和在线服务（如智能起名字），关键词包括现金、红包、医疗和抽纸，品牌涉及好医保、植护和优品汇，使用场景涵盖健康保险购买、家庭用品采购、在线赚钱活动和金融理财。

不喜欢：基于未点击商品，用户不喜欢时尚配饰（如太阳镜）和厨房用品（如保温饭盒）。",2,complete
132387,"喜欢：用户偏好金融理财品类（如基金、余额宝）、租赁服务（如手机租赁、奢侈品租赁）、科技产品（如苹果手机）、服装（如连衣裙），关键词包括租赁、免押金、回收、金融投资、公益，品牌涉及苹果、支付宝、中国移动，使用场景涵盖在线金融管理、公益参与（如蚂蚁森林捐步）、运动健康和商品浏览。

不喜欢：用户不喜欢个人护理产品，如护肤品（芦荟胶）和口腔护理（牙膏），基于未点击商品与点击行为（商品橱窗浏览）相反的特征。",2,complete
1577971,"喜欢：偏好品类包括租赁服务（如手机、航拍机）、医疗保险（如百万医疗险）、电子优惠券（如黄金红包、美妆券）和电子产品（如苹果手机）；关键词涉及租赁、医疗险、红包、优惠券；品牌偏好好医保、人人租、银泰百货、苹果；使用场景主要为在线金融服务（如蚂蚁财富、花呗）、健康保险购买、电子产品租赁和优惠券获取。  
不喜欢：休闲运动鞋类商品，基于未点击行为与点击偏好相反的特征。",2,complete
492644,"喜欢：该用户偏好金融保险（如医疗险、红包）、交通出行（如打车、公交）和家居生活（如洗衣液、抽纸）品类，关键词包括现金、红包、医疗险，品牌如好医保、滴滴、银泰百货，使用场景涉及在线支付、理财和健康保障。

不喜欢：基于未点击牙膏商品，用户不喜欢口腔护理品类，特别是牙膏产品，关键词如牙膏，品牌如YAYASHI，使用场景为个人清洁护理。",2,complete
1289227,"喜欢：用户偏好日常消费品类如食品杂货（鸡蛋、蔬菜、杂粮、铁棍山药）、日用品（梳子、肥皂、洗洁精），关键词如支付宝、余额宝、花呗、永辉超市，品牌如支付宝相关服务（余额宝）、apple（在服务使用中），使用场景包括超市购物（大润发、永辉）、在线支付（条码支付、余额宝）、理财服务（基金、攒现金）和外卖点餐（饿了么、肯德基）。

不喜欢：基于未点击商品，用户不喜欢时尚配饰如太阳镜（特别是品牌欧珀拉的产品），这与点击的通用商品浏览行为形成反差。",2,complete
1722650,"喜欢：用户偏好电商购物和外卖服务品类，关键词包括优惠、红包、低价和现金奖池，品牌涉及1688和饿了么，使用场景为在线浏览商品橱窗、参与促销活动及外卖点餐。

不喜欢：用户不喜欢t恤类商品，特别是纯棉t恤和中国风风格，基于未点击行为与点击的电商和外卖偏好相反。",2,complete
590864,"喜欢：用户偏好茶饮品类（如黑糖姜枣茶）、厨房用品（如晶钻不粘锅和章丘铁锅），关键词包括红包、优惠和源头厂货，品牌涉及厨嬑、甄心优选、瑞幸和阿维塔，使用场景主要为居家生活（如锅具使用）和汽车体验（如试驾券获取）。

不喜欢：用户不喜欢医疗公益服务（如种牙相关）、高端电子产品（如iPhone手机）和家居寝具（如乳胶枕），这些特征与点击行为中的优惠和实用品相反。",2,complete
1040092,"### 用户兴趣偏好总结（场景2）
喜欢：用户偏好交通服务（如公交优惠券、e代驾）和食品折扣（如免费蛋挞），关键词包括红包、优惠券、平价，品牌涉及e代驾、滴滴青桔、肯德基，使用场景集中于出行省钱（公交、代驾）和休闲购物（浏览1688平价商品橱窗）。  
不喜欢：用户不喜欢高价值清洁设备（如超声波清洗机），针对眼镜首饰等实物产品，与点击的低成本服务偏好相反。",2,complete
103170,"喜欢：用户偏好电子产品品类如高端手机（iPhone14 ProMax），游戏平台（九游），以及生活必需品如食品饮料（牛奶、葡萄、酸奶）和日用品（棉柔巾、洗面巾）；关键词涉及手机、游戏、红包、交通（公交、乘车码）和健康（医保）；品牌包括苹果、九游、顺丰速运、蒙牛；使用场景主要为在线购物（商品橱窗、下单支付）、移动娱乐（游戏领福利）、日常消费（超级市场、外卖）和交通出行（乘车码）。

不喜欢：用户不喜欢艺术教育类产品，如少儿绘画画具和美术体验课（小熊美术），与点击的科技娱乐产品形成鲜明对比，反映出对非实用或非数字化内容的低兴趣。",2,complete
1599746,"喜欢：用户偏好游戏品类（如手游下载），关键词包括红包、宝藏和下载，品牌如九游和1688，使用场景集中于娱乐消费和在线购物，体现在频繁点击游戏福利和1688平价商品。
不喜欢：用户不喜欢办公效率提升课程和口腔护理产品，基于未点击的Excel工作课和鲨鱼牙膏，反映出对工作工具和个人护理的回避。",2,complete
814922,"喜欢：用户偏好金融保险类产品（如医疗险、好医保）、通信服务（如流量卡、话费充值）、出行优惠（如火车票、打车券）、家居装修（如全屋整装）、美妆护肤（如面膜券、雅诗兰黛）、日常用品（如抽纸、零食）和鲜牛乳；关键词集中于医疗险、流量卡、出行、装修和美妆；品牌偏好中国电信、银泰百货、雅诗兰黛、洽洽、植护、新希望和滴滴；使用场景涉及在线购物、金融服务、出行便利和日常生活消费。

不喜欢：用户对健康饮食课程（如营养饮食课）、证件照服务（如电子证件照）和高端电子产品租赁（如iPhone14租赁）不感兴趣，这与点击行为中偏好实用优惠和保险服务相反。",2,complete
1084669,"喜欢：用户偏好奢侈品回收、优惠券和租赁服务，关键词包括高价回收、信用免押和购物券，品牌如雅诗兰黛、苏泊尔和星巴克，使用场景涉及在线购物（如银泰百货）、健康检查（如两癌筛查）和手机租赁（如苹果产品）。

不喜欢：用户不喜欢医疗险相关产品，如好医保，这与点击行为中奢侈品和优惠活动相反。",2,complete
1855074,"### 用户兴趣偏好总结（场景2）

喜欢：该用户偏好保险品类（如医疗险）、出行服务（如打车优惠）、金融产品（如红包和优惠券）以及食品饮料（如咖啡券），关键词包括医疗险、打车、红包、消费券，品牌涉及好医保、滴滴、瑞幸、银泰百货，使用场景主要为在线金融服务、出行优惠和娱乐消费。

不喜欢：该用户不喜欢具体的报销服务（如住院报销）和非保险相关的健康服务（如口腔护理），基于未点击商品中与点击行为相反的特征（如避免支付型报销和非核心保险项目）。",2,complete
865011,"喜欢：用户偏好出行服务品类（如打车、公交），关键词包括现金、红包、出行优惠，品牌如滴滴出行，使用场景为日常通勤省钱和参与现金红包活动（基于交易行为中的""滴滴出行""、""打车券""、""公交""和服务使用中的""网约车""、""出行优惠""，搜索关键词中的""出行优惠券""、""滴滴出行""，以及点击商品的""滴滴567""、""现金红包""）。

不喜欢：用户不喜欢汽车试驾相关活动（如阿维塔品牌）和咖啡券优惠（如瑞幸品牌），基于未点击商品""试驾阿维塔11领瑞幸咖啡券""的实体词""阿维塔""、""瑞幸""，与点击行为中出行优惠和现金红包特征相反。",2,complete
711507,"喜欢：该用户偏好教育课程（如少儿美术课和Excel工作提升课）、健康保险（如百万医疗险）、生活实用品（如体重秤、超声波清洗机用于眼镜首饰）、兼职机会和打车服务（如滴滴出行）；关键词包括兼职、美术课、体重秤、医疗险、Excel、红包、清洗机；品牌涉及联想、滴滴、1688、秒可、小熊美术、蚂蚁保；使用场景涵盖空闲时间兼职赚钱、学习技能提升、健康保障、日常购物优惠（如新人红包）和清洁个人物品维护。

不喜欢：该用户不喜欢大牌品牌商品，如未点击的""大牌同源好物""，这与点击的平价商品偏好相反。",2,complete
584138,"喜欢：用户偏好支付宝生态下的省钱赚钱活动（如芭芭农场、蚂蚁庄园），健康保险产品（如好医保），免押金租赁服务（如手机租赁），日常用品（如植护抽纸），个人护理（如牙膏、剃须刀），以及高端酒类（如茅台国酱）；关键词包括现金、医疗险、租机；品牌偏好植护、好医保、茅台；使用场景涉及日常消费、健康保障、娱乐任务和公益互动。

不喜欢：用户未点击零食（如洽洽）、汽车试驾（如smart）、其他酒类（如窖藏1873）和苹果产品降价清仓，表明对零食、汽车、非偏好酒类及特定电子产品的兴趣较低。",2,complete
1793953,"喜欢：用户偏好红包优惠（如购物金、黄金红包）、旅游景点（如广东历史文化名村、瑶寨）、汽车购买（如新车、BMW i3）、美妆产品（如阿玛尼口红）、电子产品（如苹果手机）和家电（如智能剃须刀），关键词包括广东、历史文化、新车、苹果、美妆，品牌涉及Apple、银泰百货、阿玛尼、BMW、南极人，使用场景集中于在线购物、旅游探索和汽车消费。

不喜欢：用户对医疗和保险类内容（如医疗险）不感兴趣，这与点击行为中消费娱乐导向相反。",2,complete
1083047,"喜欢：用户偏好医疗健康品类（如百万医疗险、好医保产品）、教育学习（如叫叫少儿阅读体验、摄影技巧课程）、家居用品（如可折叠冰丝席、厚韧卷纸）、金融理财（如黄金红包、话费充值）、美妆（如资生堂红水）、交通出行（如火车票优惠）、房产租赁（如公司附近好房），关键词包括医疗保障、阅读、红包、周易，品牌涉及好医保、资生堂、叫叫、清风、中国移动，使用场景涵盖健康保障、家庭舒适、投资理财、技能提升、便捷出行。

不喜欢：用户不喜欢与写字本和铅笔相关的学习工具，如儿童阅读体验课中的具体书写用品。",2,complete
1616584,"喜欢：用户偏好品类包括美容护肤（如面膜）、日用品（如抽纸、洗衣液）、食品饮料（如大闸蟹、红牛饮料）和金融服务（如医疗险、流量卡）；关键词集中于红包、优惠券、医疗保障和通讯服务；品牌偏好如中国联通、心相印、三得利、好医保和红牛；使用场景涉及日常在线消费（如外卖点餐、便利店购物）、健康保障和便捷通讯需求。

不喜欢：基于未点击商品特征，用户不喜欢男士美容产品（如剃须刀）和时尚服装（如短袖t恤），与点击行为中实用品和服务偏好相反。",2,complete
6282,"喜欢：用户偏好鲜花礼品和蓝牙耳机等品类（如点击商品中的鲜花和蓝牙耳机），关键词包括生日鲜花和耳机（从搜索关键词中高频出现），品牌如YIMI（点击商品实体词）和支付宝（交易和服务实体中高频），使用场景涉及送礼（鲜花相关）和运动（蓝牙耳机为运动型，结合服务使用中的支付宝运动、捐步等公益运动活动）。

不喜欢：用户不喜欢鞋类产品，如洞洞鞋（从未点击商品标题和实体词中提取），与点击行为中鲜花礼品和电子产品的特征相反。",2,complete
1700067,"喜欢：该用户偏好租赁服务（如手机、无人机）、医疗险（特别是百万医疗险）、流量卡和现金回收，关键词包括红包、现金、免费体验和省钱，品牌如苹果、阿玛尼、雅诗兰黛、苏泊尔和人人租，使用场景涉及省钱购物、在线租赁和保险保障。

不喜欢：该用户不喜欢小额抵用券、特定医疗险促销（如免费体验）、苹果配件（如保护壳、充电头）和共享服务，基于未点击商品如5元抵用券、免费体验医疗险、苹果严选降价清仓和滴滴青桔。",2,complete
896147,"喜欢：该用户偏好电子元件（如开发板、传感器模块）、平价宝藏商品（如烤肉盘）及火锅食材（如虾滑）等品类，关键词如物流、宝藏和快递，品牌如Apple、小米和华为，使用场景包括DIY项目、日常购物和出行交通（如单车和轨道交通）。

不喜欢：基于未点击行为，用户不喜欢时尚服装和联名产品（如NASA t恤）。",2,complete
829489,"喜欢：用户偏好安全装备品类（如电动车头盔、防摔安全帽），对租赁服务关键词（如租手机平台、车辆租赁）、现金红包活动以及支付宝相关使用场景（如理财、生活缴费）感兴趣，品牌包括有品和apple，使用场景涉及日常消费、出行安全和数字支付。

不喜欢：用户不喜欢时尚太阳镜等配饰品类和书法入门课等教育休闲内容，与点击的实用安全装备形成鲜明对比，反映出对时尚或非实用产品的低兴趣。",2,complete
345957,"喜欢：用户偏好日常消费品类如食品（面条、蛋糕、坚果）、服装（裤子、T恤、内裤）和日用品（手机壳、购物袋），关键词包括交通支付（扫码乘车、健康码）和公益服务（芭芭农场、蚂蚁庄园），品牌如安踏、百草味和娃哈哈，使用场景涉及购物（超级市场、水果店）、出行（火车票、地铁）和支付（支付宝、花呗）。

不喜欢：用户对高端汽车品牌如BMW和纯电动车不感兴趣，基于未点击商品的特征与点击行为相反（普通商品橱窗 vs 豪华汽车计划）。",2,complete
258681,"喜欢：用户偏好金融保险品类（如医疗险、红包）、电子产品租赁（如手机、流量卡）、酒类（如酱香酒）、个人护理（如洗发水、剃须刀）和游戏娱乐；关键词包括租赁、免押、红包、医疗、流量、优惠、起名；品牌偏好好医保、中国联通、1688、滴滴、苹果、周生生；使用场景涉及省钱优惠（如领红包）、健康保障（如医疗险体验）、通信便利（如流量卡）、娱乐休闲（如游戏下载）和出行便捷（如打车福利）。

不喜欢：用户不喜欢家居用品品类（如冰丝藤席、凉鞋）、传统个人护理（如亮白牙膏）、养生设备（如筋膜枪、八段锦）和服饰配件（如真皮皮带）；关键词包括冰丝、按摩底、益生菌、太极；使用场景为家居舒适（如夏季用品）、健康维护（如牙膏）和养生锻炼（如太极营），基于未点击商品与点击行为相反的特征。",2,complete
289432,"喜欢：用户偏好品类为保险、医疗、金融和餐饮，关键词包括医疗、保险、红包、支付宝，品牌涉及好医保、蚂蚁保、咬不得、周生生，使用场景涵盖健康保障（如医疗险）、理财投资（如红包、理财）和日常消费（如餐饮优惠、购物）。
不喜欢：用户不喜欢安全防护产品，如电动车头盔，基于未点击商品中与点击行为相反的特征（未点击安全装备，而点击了医疗和消费类商品）。",2,complete
1026877,"喜欢：用户偏好品类包括运动鞋（如板鞋、休闲鞋、小白鞋）、咖啡饮品和汽车相关（试驾）；关键词涉及支付服务（收款码、花呗）、运动健康（支付宝运动、足球运动）和理财（余额宝、基金）；品牌如瑞幸咖啡、阿维塔；使用场景为日常消费（电商平台、快递）、运动健身（支付宝运动）和金融管理（实时提现、理财服务）。

不喜欢：基于未点击商品，用户对医疗健康服务（牙齿检查、近视手术）、家居用品（凉鞋、薄款被）、租用服务（手机租用、包车）、特定鞋类（洞洞鞋）、电子礼品卡（Nike）、商业代办（个体户营业执照）等不感兴趣。",2,complete
1793360,"喜欢：用户偏好租赁服务（如手机、无人机和苹果设备）、保险产品（特别是好医保医疗险和百万医疗保障）、红包和优惠券（如现金红包、黄金券和火车票立减券）、流量卡服务（如中国电信高速流量），以及电商平台的促销活动（如银泰百货的美妆券和乳酸菌饮品）；关键词涉及租赁、医疗险、红包、流量和优惠；品牌包括人人租、苹果、中国电信、银泰百货和好医保；使用场景聚焦在线省钱、健康保障、科技产品体验和日常消费优惠。

不喜欢：用户不喜欢浏览商品橱窗等无针对性的广告或泛泛商品展示行为，这与点击行为中偏好具体实用服务和优惠的特征相反。",2,complete
1554743,"喜欢：用户偏好品类包括医疗险、少儿美术教育、营养师培训和美容产品；关键词涉及现金、红包、分期和信用卡等金融优惠；品牌倾向蚂蚁保、小熊美术、叫叫阅读和伊菲丹；使用场景聚焦在线健康管理、教育投资、日常支付消费（如支付宝、外卖点餐）和本地生活（如南宁市、青秀山风景区相关消费）。  
不喜欢：用户不喜欢长期保险产品（如好医保长期医疗），与点击的短期免费医疗险特征相反，且对重复或特定形式的美术课广告（如小熊美术相关）兴趣较低。",2,complete
1209243,"喜欢：用户偏好汽车品类，特别是丰田品牌的凯美瑞型号，关键词包括0首付和用车，使用场景涉及在线购车和金融支付服务（如支付宝和余额宝在交易行为中体现）；同时，服务使用数据中的车辆销售和新车销售实体支持该兴趣，搜索关键词中的租赁相关（如免押租赁）也强化了用车场景的偏好。

不喜欢：用户不喜欢运动鞋品类，具体表现为未点击休闲运动鞋商品（实体词包括吱积分和运动鞋），这与点击的汽车产品特征（如品牌丰田和用车场景）形成明显反差，表明对鞋类或休闲装备缺乏兴趣。",2,complete
51171,"### 用户兴趣偏好总结（场景2）
喜欢：用户偏好浏览商品橱窗，涉及品类如服装（衬衫、内衣、针织衫）、食品（红烧牛肉拉面、凉皮、西红柿炒鸡蛋）和日常用品（发夹、口罩）；关键词包括消费券、外卖、快递；品牌倾向欧时力、小米、苹果；使用场景聚焦在线购物探索、日常消费支付（花呗、支付宝）和理财服务（余额宝、芭芭农场）。

不喜欢：用户不喜欢房地产租赁（如精装一居）、健康保险（如好医保）、汽车相关服务（如阿维塔试驾）、咖啡券（如瑞幸）和电子礼品卡（如Nike），基于未点击行为与点击商品橱窗的探索兴趣相反。",2,complete
569620,"喜欢：用户偏好浏览商品橱窗（点击行为），兴趣涵盖钓鱼装备品类（如鱼竿、路亚杆）、支付宝服务（如芭芭农场、蚂蚁庄园）、健康管理（如行程码、健康码），关键词包括消费券和疫情防控行程卡，品牌涉及支付宝和中国移动，使用场景为日常在线消费探索和健康自查服务。

不喜欢：用户不喜欢懒人拖把等家居清洁产品（基于未点击商品特征）。",2,complete
1004900,"喜欢：偏好电子设备品类如无线蓝牙耳机和剃须刀，关键词包括""无线蓝牙耳机""、""剃须刀""、""家居服""和""现金红包""，品牌如追梦者、贝壳和星选，使用场景涉及日常消费、在线支付（如支付宝、花呗）和优惠活动（如签到领红包、商品橱窗浏览）。

不喜欢：基于未点击商品，对教育类内容（如手机摄影技巧、营养饮食课程）、特定金融产品（如黄金红包）以及安全装备（如电动车头盔）不感兴趣，与点击行为中偏好的消费电子和服装相反。",2,complete
300340,"喜欢：用户偏好医疗险（如百万医疗险、好医保）、设备租赁（如手机、无人机）、奢侈品回收（如闲置名包、首饰高价回收）以及酒类和厨具（如酱香酒、晶钻不粘锅），关键词包括""免费体验""、""信用免押""和""高价回收""，品牌涉及蚂蚁保、人人租、苹果、大疆、初湛，使用场景集中于健康保障、科技设备灵活使用和家庭生活消费。

不喜欢：用户不喜欢医疗保障金产品（如医保相关）、潮玩好物租赁特惠（如iPhone14免押租赁）以及被动浏览商品橱窗，反映出对特定医疗形式、休闲租赁促销和低互动浏览的兴趣较低。",2,complete
1317121,"喜欢：用户偏好品类包括夏季服装（如短裤、跑步鞋）和家用电器（如风扇），关键词涉及实用、休闲和儿童用品（如儿童单鞋），品牌如卫鲨，使用场景主要为家庭日常和运动休闲，基于点击商品如折叠风扇和五分短裤。

不喜欢：用户不喜欢健康养生类产品（如颈椎舒缓）、家居床上用品（如夏凉被）、特定服饰（如皮带、凉鞋）、眼镜（如老花镜）、教育课程（如健康养生课）和安全装备（如头盔），这些特征与点击行为相反，基于未点击商品如舒缓颈椎紧张和薄款被。",2,complete
1083852,"喜欢：该用户偏好茶类产品（如乌龙茶、马房茶）、现金红包促销活动和商品橱窗浏览，关键词包括红包和消费券（从搜索数据），品牌倾向茶类相关（如马房茶），使用场景为在线休闲购物和促销参与（基于点击商品和交易行为中的餐饮、支付实体）。

不喜欢：该用户不喜欢办公效率提升课程（如秒可Excel）和批发平价商品平台（如1688），特征包括教育工具和批发购物场景（基于未点击商品与点击行为相反，即促销休闲 vs. 工作实用）。",2,complete
163829,"### 用户兴趣偏好总结（场景2）
喜欢：用户偏好平价宝藏类商品，品类包括家居用品（如台灯、照明灯、被单）、食品（如饼干、肉肠、小吃）、育儿产品（如奶瓶配件、宝宝零食）；关键词涉及优惠、红包、消费券；品牌如哇哈哈、晨光、oppo；使用场景覆盖家庭生活、育儿（幼儿园相关）和日常消费（如夏季防晒、经期护理）。

不喜欢：用户不喜欢男士时尚用品如洞洞鞋和真皮皮带礼盒，以及高端品牌如巴迪克保罗，与点击的平价宝藏商品特征相反。",2,complete
22469,"喜欢：偏好品类包括医疗健康（如百万医疗）、零食食品（如果脯、芒果干）和游戏娱乐（如三国吧兄弟）；关键词涉及医疗、零食、1688、宝藏和免费；品牌如百草味和1688；使用场景涵盖在线购物（如1688平台）、健康管理（医疗体验）、休闲消费（零食券）和公益参与（从服务使用如芭芭农场、公益慈善）。

不喜欢：基于未点击商品，不喜欢电子产品（如蓝牙无线耳机）和红包类促销（如现金红包）。",2,complete
325294,"喜欢：用户偏好品类包括家居用品（如灯板、梯子、转换阀）、服装（如裤子、休闲裤、套头卫衣）、工具（如燕尾锯、手工锯）、运动装备（如运动套装）、饮品（如可乐泡腾片）和电子产品租赁（如租机服务）；关键词如租机、运动、抽奖、鲜花、鞋靴和二手；品牌如罗蒙、啄木鸟、1688、苹果和华为；使用场景涉及购物（1688平台源头货、手机壳）、日常消费（外卖点餐、餐饮）、运动健身（支付宝运动、健身）、公益（公益捐步、种果树）、家庭相关（如爸爸、秋冬季节）和维修（汽修店、管道疏通）。

不喜欢：基于未点击商品""每日甄品蓝牙无线耳机""，用户不喜欢蓝牙无线耳机等音频设备，表明对高端电子产品或类似品牌缺乏兴趣，与点击行为中偏好1688平台、源头货和手机配件等特征相反。",2,complete
220017,"喜欢：用户偏好电子产品租赁品类（如苹果手机、大疆航拍机）、健康保险（如好医保医疗险）、美妆品牌（如阿玛尼、雅诗兰黛）、家居便利用品（如电风扇、免手洗拖把），以及回收服务（黄金、钻石）；关键词包括租机、回收、红包、优惠券；品牌涉及苹果、大疆、好医保、滴滴；使用场景主要为租赁消费（如租手机）、健康保障（医疗险投保）、美妆购物（口红券领取）和日常家居（拖把使用）。

不喜欢：用户不喜欢首饰回收服务，基于未点击""闲置首饰全国高价回收""商品，与点击的黄金和钻石回收行为形成相反特征。",2,complete
1213951,"喜欢：该用户偏好品类包括日用品（如抽纸、沐浴露）、优惠券（如现金红包、叫车券）、保险（如医疗险）、电子产品（如冷风扇、蓝牙耳机）和酒类（如红酒）；关键词涉及投资理财（基金、房地产、新能源）和消费（白酒、茅台）；品牌如心相印、舒肤佳、南极人、清风、联通、星巴克；使用场景为日常购物、理财投资、出行便利（如机票、ETC）和健康娱乐（如游戏化服务）。

不喜欢：基于未点击办公效率课程，用户不喜欢工作相关教育内容如Excel培训等技能提升类产品。",2,complete
120463,"喜欢：用户偏好医疗健康保险（如好医保百万医疗）、金融红包（如黄金红包）、餐饮优惠券（如星巴克咖啡券）、教育课程（如少儿美术趣味课）和家居装修（如装修宝典手册），关键词包括医疗险、红包、咖啡券、美术课、装修，品牌涉及好医保、星巴克、蚂蚁保、银泰百货，使用场景为在线保险配置、儿童教育学习、家居改善规划和日常消费节省。

不喜欢：用户不喜欢租赁服务（如信用免押手机租赁）和苹果品牌产品（如苹果14），关键词如信用免押、苹果手机，品牌如人人租、苹果，使用场景为设备租赁和免费体验形式。",2,complete
1682387,"喜欢：用户偏好电子配件品类如移动电源和充电宝（关键词包括""万能共享""和""自带电源线""），厨房用具品类如铁锅（关键词如""老锅炒菜""），品牌包括KKDDNN和甄心优选，使用场景涉及日常充电需求和家庭烹饪活动（基于点击商品实体词如""移动电源""和""铁锅""）。

不喜欢：用户不感兴趣租赁服务品类如租车和旅游大巴（关键词包括""租车""和""包车""），时尚鞋类品类如洞洞鞋和凉鞋（关键词如""防滑凉鞋""），以及鲜花礼品、白酒、牙膏、t恤和乳胶枕等（品牌如光速超跑和希尔顿，使用场景包括出行租赁、送礼和个人护理，基于未点击商品实体词如""光速超跑""和""鲜花""与点击行为相反）。",2,complete
663361,"喜欢：用户偏好餐饮品类如咖啡和外卖（如星巴克、瑞幸咖啡、麦当劳），关键词包括""麦当劳""、""瑞幸咖啡""、""红包""、""公交""、""信用卡""，品牌涉及星巴克、瑞幸咖啡、支付宝相关（如蚂蚁财富），使用场景覆盖日常消费（外卖点餐）、出行通勤（公共交通）、金融理财（支付、余额宝）和美容护肤（美白祛斑产品）。

不喜欢：基于未点击防晒喷雾商品，用户不喜欢防晒类护肤产品（如娜丽丝品牌防晒喷雾），与点击的美白祛斑霜行为形成对比。",2,complete
1587138,"喜欢：用户偏好1688平台的源头一手价商品橱窗浏览，涉及品类如家居用品（如桌上垃圾桶）和权益红包，关键词包括""源头""和""商品橱窗""，品牌为1688，使用场景为快速浏览和下载应用以获取新人权益。

不喜欢：用户不喜欢强调高额新人红包（如66元）、宝藏平价商品和大牌同源好物的营销内容，这与点击行为中偏向简单浏览和源头价的特征相反。",2,complete
813558,"喜欢：用户偏好租赁服务（如手机、电脑、游戏机租赁）、家庭维修服务（如家电清洁、管道疏通）、3C数码产品（品牌如Apple、华为、小米），以及金融理财（如余额宝、理财服务），关键词包括免押金、上门服务、租赁相关，使用场景涉及设备使用、家庭维护和资产管理。

不喜欢：用户不喜欢大牌商品批发或直接购物平台（如1688），与点击的浏览性商品橱窗形成对比，表明对探索性内容而非具体大牌商品购买更不感兴趣。",2,complete
1977687,"喜欢：该用户偏好健康保险品类（如医疗险），关键词包括医保、医疗险、长期医疗险，品牌如好医保、蚂蚁保、苹果（基于点击苹果14ProMax），使用场景涉及金融服务（如支付宝交易、保险购买）和健康管理（基于搜索医保和点击医疗险商品）。

不喜欢：该用户不喜欢苹果配件或租赁服务（如保护壳、充电头、数据线），基于未点击商品与点击行为相反的特征（点击了苹果手机优惠但未点击配件或租赁实体）。",2,complete
607650,"喜欢：用户偏好租赁服务（如手机、航拍机）、保险产品（如医疗险）、教育课程（如少儿美术课和阅读包）以及通信充值（如话费）；关键词包括""免费体验""、""租赁""、""美术课""和""话费""；品牌涉及好医保、人人租、苹果、大疆、小熊美术和中国移动；使用场景主要为省钱试用（如免押金租设备）、健康保障（如长期医疗险）和儿童学习（如趣味课程）。

不喜欢：基于未点击""抢黄金红包500元""（实体词：黄金红包、银泰百货），用户不喜欢黄金相关产品或红包促销活动，与点击行为中偏好租赁、保险和教育等实用服务相反。",2,complete
1876769,"喜欢：该用户偏好短视频电商浏览品类（如商品橱窗），关键词为商品橱窗，品牌倾向抖音（基于交易实体中的抖音电商和抖音），使用场景为快速在线购物（如15秒浏览）。
不喜欢：基于未点击饿了么新人专享券包，用户不喜欢外卖优惠券或类似优惠内容（与点击的商品橱窗浏览行为相反）。",2,complete
262988,"喜欢：用户偏好游戏类内容（如仙凡幻想手游）、日用品（如竹浆卷纸）、食品（如六月黄大闸蟹），偏好品类包括电子设备租赁（从搜索关键词如租手机、免押租机）、促销优惠（如现金红包）；关键词涉及租赁服务、回收维修和同城服务；品牌倾向兴琪兴（卷纸）和六月黄（食品）；使用场景集中在支付宝服务（如芭芭农场、蚂蚁庄园的种树和理财）、公益捐赠（如慈善基金会）和在线购物促销。

不喜欢：用户对批发平台商品（如1688源头厂货）、安全防护装备（如电动车头盔和防摔安全帽）以及高额新人红包（如66元权益红包）不感兴趣，这些特征与点击的消费类、娱乐类商品形成鲜明对比。",2,complete
336834,"喜欢：用户偏好医疗险品类（如好医保百万医疗），关键词包括""医疗""、""红包""、""打车""和""回收""，品牌如好医保、蚂蚁保、周六福和滴滴，使用场景涉及健康保障（如领取医疗保障金）、出行优惠（如打车福利）和食品消费（如比萨牛排买一送一）。  
不喜欢：用户不喜欢租赁服务（如信用免押新机租赁）、健康训练营（如膳食营养特训营）和家居用品（如天然乳胶枕），基于未点击商品中与点击行为相反的租赁、健康管理和家居特征。",2,complete
620281,"喜欢：用户偏好手游品类（如仙侠、三国主题），关键词包括下载、红包、源头厂货，品牌如1688、恺英、九游，使用场景为游戏娱乐和在线购物获取优惠。  
不喜欢：用户不喜欢高端电子产品（如iPhone12）、品牌礼品卡（如Nike）、教育课程（如Excel提升），基于未点击商品特征。",2,complete
1576818,"喜欢：用户偏好现金红包、游戏下载和公益项目等福利活动，关键词包括新人红包、方块大作战和黄金红包，品牌涉及支付宝、芭芭农场和银泰百货，使用场景为在线互动、福利领取和公益捐赠（如通过蚂蚁庄园和芭芭农场参与）。

不喜欢：用户不喜欢健康养生课程、日用品（如抽纸）、电子产品租赁（如租iPhone13）、家居用品（如夏凉被）和个人护理产品（如剃须刀），这些特征与点击行为中的虚拟福利相反。",2,complete
1078898,"喜欢：用户偏好打车服务（如滴滴出行）和电商平台（如1688）的商品浏览场景，关键词包括""滴滴""、""1688""和""商品橱窗""，品牌涉及滴滴出行和1688，使用场景集中于在线出行和购物探索。

不喜欢：用户对打车优惠券（如打车福利）和平价商品（如宝藏）相关的内容不感兴趣，基于未点击商品中与点击行为相反的特征。",2,complete
199434,"喜欢：用户偏好通信品类如流量卡（中国联通品牌）、美容护肤品类如防晒霜（蜜丝婷品牌）、手机设备（苹果品牌），以及配饰如男士胸包；关键词涉及卫生健康、红包和健身服务；使用场景包括个人护理（防晒霜）、通信需求（流量卡）、灵活消费（手机租赁）和金融优惠（现金红包）。

不喜欢：用户不喜欢靓号相关产品（如靓号卡）、医疗险品类（如百万医疗险），以及广告类商品（如商品橱窗）；关键词避免靓号和医疗险；使用场景不涉及保险购买（医疗险）和被动广告浏览（商品橱窗）。",2,complete
919876,"喜欢：用户偏好通信服务（如生日号、爱情号等联通靓号）、在线教育（如7天易学入门课程）、金融红包（如黄金红包）、健康保险（如百万医疗免费体验）、交通出行（如滴滴打车券）、汽车试驾（如smart精灵#1）和家装定制（如全屋整装），涉及品牌滴滴、联通、smart、阿里巴巴，使用场景包括便捷支付、在线学习、健康保障、出行便利和家装改善，关键词体现对租赁（如免押租机）和优惠服务的兴趣。

不喜欢：用户不喜欢长期或高额医疗险（如400万医疗险），以及实体个人用品如电动剃须刀、真皮皮带和电动车头盔，这些特征与点击行为中偏好的数字服务和优惠产品相反。",2,complete
1121523,"喜欢：用户偏好电动车品类（如纯电车、阿维塔品牌），健康保险相关（如好医保、蚂蚁保），以及电商浏览场景（商品橱窗）；关键词涉及租赁（免押租赁服务平台）、维修（上门服务维修）和回收（旧物回收）；品牌倾向包括阿维塔、好医保、支付宝；使用场景聚焦在线购物、健康管理和汽车试驾（试驾新车领券），结合交易行为中的支付工具（支付宝、花呗）和健康产品（洗发水、沐浴露）。

不喜欢：用户对流量卡产品（如中国联通品牌）不感兴趣，基于未点击行为与点击的电动车、健康保险特征相反，表现为对通信服务或数据流量类商品的回避。",2,complete
1535612,"喜欢：用户偏好医疗保健品类（如医疗险）、出行服务（如滴滴打车）、电商购物（如1688平台）、租赁服务（免押金租手机）和回收服务（奢侈品回收），关键词包括医疗险、滴滴、1688、免押金、租赁、回收、优惠券，品牌如滴滴、1688、银泰百货，使用场景涉及健康保障、日常出行、在线省钱购物和闲置物品处理。

不喜欢：用户不喜欢美容护肤产品（如面膜）和高端电子产品清仓（如苹果设备），基于未点击行为与点击的实用服务特征相反。",2,complete
781783,"喜欢：用户偏好在线购物品类（如电子产品、食品），关键词包括回收、维修、租赁（基于搜索数据），品牌如海源、东北家常菜、可口可乐（基于交易数据），使用场景涉及电商平台浏览商品橱窗、支付宝支付及物流服务（基于点击商品、交易和服务数据）。
不喜欢：用户不喜欢游戏下载类内容（如""光与魔法""），与购物行为相反的特征（基于未点击商品实体词）。",2,complete
1083126,"喜欢：用户偏好金融优惠品类如现金红包和新人红包，关键词包括红包、新人、橱窗，品牌如饿了么和1688，使用场景为在线领取优惠券、浏览电商平台商品橱窗及家居用品（如垃圾桶）。
不喜欢：用户不喜欢美容护肤品类，具体为防晒喷雾产品，与点击行为中的金融优惠和电商特征相反。",2,complete
167397,"喜欢：偏好品类包括汽车配件（如腰靠、座垫）和食品（如烤肉盘），关键词如宝藏和平价商品，品牌涉及1688平台，使用场景涵盖车内舒适和家庭餐饮。
不喜欢：基于未点击行为，不喜欢清洁维护设备如超声波清洗机和眼镜首饰相关商品。",2,complete
1073010,"喜欢：用户偏好品类包括游戏下载（如永恒世纪）、租赁服务（手机、相机、无人机）、流量卡（中国联通）、起名服务（宝宝起名）和红包福利；关键词涉及起名、流量、租赁、红包、游戏和理财；品牌如中国联通、滴滴、大疆、苹果、1688和支付宝；使用场景涵盖娱乐休闲（玩游戏）、省钱购物（租赁和红包）、家庭实用（家居电子配件）和育儿（起名服务）。

不喜欢：基于未点击火车票优惠（实体词火车票、飞猪旅行），用户对火车票相关出行服务或飞猪旅行品牌缺乏兴趣。",2,complete
981298,"喜欢：用户偏好实惠平价的日常消费品，如纸巾、零食、水果和点心（基于交易行为实体），关键词包括宝藏、免押租机和租赁（基于搜索关键词），品牌倾向1688平台（基于点击商品实体词），使用场景为快速浏览商品橱窗以发现折扣物品（基于点击商品标题）。

不喜欢：用户不喜欢香氛类清洁产品和艾草健康用品，如罗曼蒂克香氛洗衣液和晨艾坊颈椎枕头（基于未点击商品实体词），这与点击行为中实惠平价特征相反。",2,complete
798077,"喜欢：用户偏好交通出行（如打车服务）、医疗健康（如医疗保障金）、电子产品租赁（如手机、无人机）以及消费优惠（如券包、专属消费券）；关键词包括打车、医疗、租赁、省钱；品牌涉及滴滴、好医保、苹果、大疆、饿了么；使用场景涵盖日常通勤、健康保障、设备租赁和在线省钱消费。

不喜欢：用户对被动商品浏览（如商品橱窗展示）不感兴趣，与点击行为中主动服务偏好相反。",2,complete
1619919,"喜欢：偏好品类包括科技产品（如苹果手机）、家装设计（如全屋定制）和租赁服务（如免押租机），关键词涉及""苹果""、""租赁""、""定制""和""装修""，品牌如苹果、阿里巴巴和叮咚租机，使用场景聚焦购物（商品橱窗）、家装改造（省钱搬新家）和设备租赁（手机租用）。  
不喜欢：基于未点击剃须刀商品，不喜欢个人护理产品（如剃须刀），特别是男性专用和高颜值外观特征，与点击行为中注重功能实用（如苹果手机性能）和家装服务相反。",2,complete
1360568,"喜欢：用户偏好教育类产品（如练字特训营和配音训练）、家装设计服务（如全屋定制和装修报价）、购物优惠（如购物金和商品橱窗）以及游戏下载（如长安幻想）；关键词包括省钱、打卡和奖励；品牌涉及银泰百货、阿里巴巴和墨韵教育；使用场景涵盖学习（如学生套装和学习机）、在线购物（如直播间和商品橱窗）以及娱乐（如兼职副业）。

不喜欢：用户不喜欢健康保险类产品，如好医保长期医疗。",2,complete
704266,"喜欢：偏好品类包括医疗保健（如医疗险）、家居装修（如全屋整装）、出行服务（如打车福利）和户外鞋类（如登山鞋）；关键词集中于免费体验、一口价、抢券福利和防滑耐磨；品牌偏好滴滴、好医保、啄木鸟和1688；使用场景涉及健康管理、家庭改善、日常出行和购物省钱。

不喜欢：基于未点击商品，不喜欢高端电子产品（如苹果手机）、视力辅助产品（如老花镜）、高保额保险（如400万元医疗险）、租赁服务（如潮玩租赁）和厨具（如铁锅），这些特征与点击行为中的低门槛、实用性和非租赁属性相反。",2,complete
917883,"喜欢：用户偏好娱乐内容（如优酷视频和万古剑神相关商品橱窗）、食品饮料品类（奶茶、咖啡、小面包等）、理财投资（天弘系列基金、债券等关键词）、交通支付（支付宝、公交地铁等品牌和使用场景），以及公益服务（芭芭农场、捐步等），关键词包括优酷、支付宝、理财基金名称，品牌如星巴克、饿了么，使用场景涉及在线浏览、日常消费和公益参与。

不喜欢：用户不喜欢牙齿矫正和种植牙相关的高额医疗消费券，基于未点击行为，反映出对牙齿医疗服务的低兴趣。",2,complete
1536402,"喜欢：用户偏好食品饮料品类（如牛奶、茶饮、零食）、健康和教育关键词（如消费券、考研）、品牌如农夫山泉和蒙牛，使用场景包括日常购物、健康服务和学习娱乐，基于交易实体（纯牛奶、考研英语|PRODUCT）、搜索关键词（消费券、电影）和服务使用（电影票、门诊报销）体现。

不喜欢：用户不喜欢医疗手术和口腔护理产品，如近视手术和鲨鱼牙膏，基于未点击商品实体（眼科商户、口腔鲨鱼牙膏）与点击行为（商品橱窗浏览）相反的特征推断。",2,complete
1779276,"### 用户兴趣偏好总结（场景2）

喜欢：用户偏好个人护理品类（如牙刷，特别是细毛牙刷品牌Colgate）、乳制品（如鲜牛乳品牌新希望）、美容优惠（如面膜券品牌银泰百货）、娱乐玩具（如解压玩具品牌伍尊）、酒类（如酱香酒品牌初湛）和物流服务（如德一邦）；关键词显示对省钱、现金红包、消费券和优惠活动（如""天天领现金红包""）的兴趣；品牌涉及Colgate、新希望、银泰百货等；使用场景包括健康运动（支付宝运动）、公益捐赠（公益项目）、理财管理（余额宝）和旅行通勤（火车票、地铁）。

不喜欢：基于未点击商品，用户不喜欢与新人红包相关的促销（如新人权益红包），以及家居用品品类（如垃圾桶、桌上垃圾桶）和工业产品（如源头厂货），这些特征与点击行为中的个人护理、优惠券和品牌商品相反。",2,complete
424108,"喜欢：该用户偏好家居用品（如乳胶枕头）、厨房用品（如菜刀）、鞋类（如休闲运动鞋）和个人清洁设备（如超声波清洗机），关键词包括舒适、休闲和清洗，品牌如雷兔（菜刀）、吱积分（运动鞋）和枕晚风（枕头），使用场景涉及室内生活（提升睡眠）、厨房烹饪、物品清洁以及公益游戏服务（如芭芭农场和蚂蚁庄园）。

不喜欢：基于未点击商品，用户不喜欢安全防护装备（如电动车头盔和防摔安全帽）和批发购物平台（如1688），与点击的家居和休闲用品形成对比。",2,complete
418518,"喜欢：用户偏好健康保险品类（如好医保医疗险），关键词包括免押租赁、1688购物和苹果设备，品牌涉及蚂蚁保、人人租、Colgate和希尔顿，使用场景集中于在线金融服务（如免押租手机、相机）、设备租赁和日常消费（如牙膏、乳胶枕）。

不喜欢：用户不喜欢游戏下载活动（如蛋仔派对）和汽车试驾服务（如smart精灵#1），与点击行为中的租赁和保险兴趣相反，表现为对特定娱乐福利和咖啡优惠（如星巴克券）的回避。",2,complete
1473525,"喜欢：用户偏好金融服务品类（如医疗险和保险）、租赁服务品类（如手机租赁）、电商购物品类（如1688平台平价商品）和回收服务品类（如黄金回收）；关键词包括租赁、回收、医疗、保险、平价商品；品牌涉及1688、好医保、蚂蚁保、Colgate、必胜客、九游；使用场景主要为在线省钱活动（如新人红包）、健康管理（如医疗险投保）和娱乐休闲（如游戏福利）。

不喜欢：用户不喜欢汽车相关品类（如试驾服务）、安全装备品类（如电动车头盔）和美妆产品品类（如美妆券），基于未点击商品中与点击行为相反的特征。",2,complete
1459553,"喜欢：用户偏好智能运动手环等平价智能穿戴设备（品类），关键词包括宝藏、运动、平价（如点击商品中的""宝藏平价商品""），品牌涉及婠偲和1688平台（从点击实体词），使用场景主要为运动和日常健康监测（结合服务使用中的运动相关实体如支付宝运动、健身服务）。

不喜欢：用户不喜欢泛泛的品牌同源商品（如未点击商品标题中的""大牌同源好物""），缺乏具体功能或运动相关特征（与点击的智能运动手环相反），表现为对非功能性或非平价商品的低兴趣（基于未点击实体词仅1688，无具体产品细节）。",2,complete
1502646,"喜欢：偏好品类包括口腔护理（如牙膏）和金融奖励（如现金红包）；关键词如“现金红包”、“1688”、“Colgate”；品牌如高露洁；使用场景为在线省钱购物（如下载1688平台浏览源头工厂价商品橱窗）。

不喜欢：基于未点击商品，对时尚配饰（如太阳镜）和护肤品（如芦荟胶）不感兴趣。",2,complete
584575,"喜欢：用户偏好优惠活动（如新人红包）、个人护理产品（如高颜值剃须刀）、平价宝藏商品，品牌包括贝壳和1688，使用场景为在线购物和日常护理；同时，基于交易行为，对食品品类如饼干、糕点表现出兴趣，关键词涉及新人、宝藏、平价和高颜值。

不喜欢：用户不喜欢安全防护产品，如电动车头盔和防摔安全帽，这与点击行为中偏好的个人护理和优惠活动形成相反特征。",2,complete
928237,"喜欢：用户偏好品类包括酒类（如初湛原浆1983、怀庄壹号酒）、出行服务（租车、打车）、家居装修（全屋整装）、运动装备（透气运动鞋）、个人电子产品（剃须刀）和通信服务（流量卡）；关键词涉及租车、打车、运动鞋、剃须刀、流量卡、易经；品牌如滴滴、贝壳、怀庄壹号、中国联通；使用场景涵盖出行（租车、打车）、家居改善（毛坯房装修）、个人护理（剃须刀）、运动（运动鞋）、通信（流量卡）和学习（易经训练营）。

不喜欢：用户不喜欢批发平台（如1688），与点击的个人消费导向商品（如酒类、出行服务）相反，表明对B2B或源头批发商品缺乏兴趣。",2,complete
105081,"喜欢：该用户偏好医疗险（如百万医疗、好医保）、手机租赁（免押金、苹果品牌）、打车服务（滴滴相关）、美妆优惠（阿玛尼口红）、黄金红包（周生生）、车载配件（如车载U盘）和汽车试驾（smart精灵、阿维塔）；关键词包括免押金、医疗、红包、试驾；品牌涉及滴滴、植护、周生生、好医保、苹果、星巴克；使用场景涵盖金融保障（红包、保险）、出行便利（打车、试驾）、日常消费（抽纸）和娱乐奖励（美妆券）。

不喜欢：该用户不喜欢旧衣回收服务（如现金回收），基于未点击行为中与点击的租赁和消费偏好相反的特征。",2,complete
1505283,"喜欢：用户偏好出行服务（如滴滴打车）和金融优惠（现金红包），关键词包括滴滴567和商品橱窗，品牌涉及滴滴出行，使用场景涵盖日常出行和在线消费浏览。

不喜欢：用户对平价商品（如宝藏）和特定商品如烤肉盘不感兴趣，基于未点击行为。",2,complete
736052,"喜欢：用户偏好美妆护肤品类（如芦荟胶和防晒相关产品），关键词包括祛痘、补水、修复肌肤、舒适和夏季，品牌如完美和Camanda，使用场景为夏季家居护肤和舒适穿着。  
不喜欢：用户不喜欢少儿绘画用品、洗发沐浴产品和防晒喷雾品类，关键词如绘画、洗发水、防晒喷雾，品牌如小熊、水木年华和娜丽丝，使用场景涉及儿童教育、头发护理和户外防晒。",2,complete
1384732,"喜欢：用户偏好通信品类（如流量卡和专属流量），关键词包括流量、新人福利和理财直播，品牌如中国联通、1688和Apple，使用场景涉及移动通信、在线购物和理财投资，体现在点击流量卡商品、搜索理财直播及交易中的红包和基金行为。

不喜欢：用户不喜欢饿了么相关的券包商品，与点击行为中偏好的通信服务相反，体现在未点击饿了么新人专享券包。",2,complete
1300244,"喜欢：用户偏好游戏品类，特别是手游下载和角色扮演类游戏，关键词包括下载、红包、现金红包、装备和宠物，品牌涉及恺英、九游和永恒世纪，使用场景主要为移动设备上的游戏活动参与、领红包福利及试玩新游。

不喜欢：用户不喜欢电子礼品卡等实物购物卡，与游戏下载行为相反的特征包括品牌礼品（如Nike）和非互动性消费。",2,complete
873966,"喜欢：用户偏好金融服务品类（如红包、优惠券和理财），关键词包括新人红包、公交券、优惠券和花呗，品牌涉及1688平台和支付宝生态系统（如余额宝、花呗），使用场景涵盖在线购物（如商品橱窗）、交通出行（如公交优惠）和日常消费（如外卖订单），基于点击行为、交易实体（如支付宝、花呗）和服务使用（如芭芭农场、公益种树）体现对通用优惠和便捷支付的兴趣。

不喜欢：用户对特定品牌的电子礼品卡（如Nike）不感兴趣，这与点击行为中偏好通用优惠（如新人红包、公交券）而非品牌特定优惠的特征相反，基于未点击商品（Nike电子礼品卡）与点击商品（1688相关优惠）的对比体现。",2,complete
1838731,"喜欢：该用户偏好租赁服务（如手机、无人机免押租赁）、出行优惠（如滴滴打车福利）、回收服务（如旧衣服回收）和品牌活动（如苹果、1688、银泰百货相关美妆和家居用品），关键词包括""免押金""、""红包""、""打车""和""回收""，使用场景集中于在线省钱消费、日常出行和优惠参与。

不喜欢：该用户不喜欢火车票相关服务（如飞猪旅行提供的火车票优惠），这与点击的打车服务形成相反特征。",2,complete
911114,"喜欢：用户偏好电商促销和现金奖励活动，涉及品类如食品（鲜肉生煎、生日蛋糕）、日用品（纸巾、洗碗布）、电子产品（电池、平板电脑），关键词包括现金、红包、租赁（如租机短租、免押金租赁），品牌如支付宝、余额宝、鑫震源，使用场景为在线购物（天猫、拼多多）、理财管理（基金、余额宝）和公益互动（蚂蚁庄园、种果树）。  
不喜欢：用户不喜欢老花镜等视力辅助产品，基于未点击商品的特征与点击的现金红包促销活动相反。",2,complete
458470,"喜欢：用户偏好个人护理品类如剃须刀和牙膏（品牌如植护、SP-4）、健康医疗品类如种植牙和口腔服务（关键词如种牙、公益）、科技产品如iPhone14（使用场景为租赁和支付）、旅游文化如千年瑶寨（关键词如广东历史文化），以及优惠活动如红包和咖啡券（品牌如瑞幸、支付宝）；关键词涉及芭芭农场、支付宝、红包；使用场景包括日常消费（外卖点餐）、健康管理、娱乐游戏（如农场互动）和支付服务（花呗、余额宝）。

不喜欢：用户对新人红包和垃圾桶等家居清洁用品不感兴趣，基于未点击商品中与点击行为相反的特征（如新人权益红包、桌上垃圾桶）。",2,complete
1148521,"喜欢：用户偏好科技产品租赁（如苹果手机、大疆无人机）、优惠活动（现金红包、火车票券）、健康饮食服务（营养课程）和回收服务（旧衣服回收）；关键词包括租赁、优惠券、健康、回收；品牌涉及苹果、大疆、苏泊尔、阿玛尼、银泰百货；使用场景涵盖夏日特惠、电子产品免押租赁、营养训练营和证件照拍摄。

不喜欢：用户对医疗险产品（如长期医疗险）不感兴趣，这与点击行为中租赁和优惠主题相反。",2,complete
1825409,"喜欢：用户偏好美容品类（如剃须刀、面膜券）、租赁服务（如免押金租手机）、金融保险（如医疗险）、优惠活动（如现金红包、面膜券）、食品（如零食）、日用品（如抽纸、牙膏）；关键词涉及分期申请、借钱借款、红包、支付宝；品牌包括1688、支付宝、洽洽、植护、仁和；使用场景聚焦在线购物（如商品橱窗浏览）、支付转账（如花呗、余额宝）、任务游戏（如集步、做任务）和日常消费（如外卖点餐）。

不喜欢：用户不喜欢安全装备品类（如电动车头盔、防摔安全帽），基于未点击商品与点击行为相反的特征（点击涉及美容、租赁等，未点击涉及防护装备）。",2,complete
1076437,"喜欢：该用户偏好租赁服务（如免押金租手机和苹果14系列）、金融产品（如医疗险和现金红包）、美妆优惠（如面膜券和雅诗兰黛购物券），以及生活用品（如植护蝴蝶结抽纸）；关键词包括免押金、现金红包、医疗险、租手机；品牌涉及人人租、苹果、好医保（蚂蚁保）、银泰百货、植护；使用场景主要为在线金融交易、数码产品租赁和优惠券获取。

不喜欢：基于未点击商品，用户不喜欢悬挂式抽纸等特定类型生活用品变体（如植护悬挂式抽纸），以及商品橱窗浏览，表明对非目标商品或泛泛展示缺乏兴趣。",2,complete
939052,"喜欢：该用户偏好租赁服务品类（如手机、无人机等3C数码产品），关键词包括租赁、现金红包、医疗和游戏；品牌涉及苹果、星巴克、周生生、人人租和好医保；使用场景涵盖省钱消费（免押金租赁、首月折扣）、健康保障（长期医疗）、娱乐休闲（游戏下载、红包领取）以及便捷出行（火车票优惠、房产查询），整体兴趣集中在高性价比、数字化服务和日常娱乐。

不喜欢：用户不喜欢汽车试驾活动（如阿维塔品牌），与点击行为中偏好的租赁、红包和医疗特征相反。",2,complete
391452,"喜欢：该用户偏好安全装备品类（如电动车头盔）、鞋类（如亲子防滑拖鞋）和护肤品（如依漾品牌抗皱水乳），关键词包括""防摔""、""安全""、""亲子""、""水润""和""抗皱""，使用场景涉及出行防护（电动车头盔）、家庭亲子活动（拖鞋）和日常美容护理（护肤品）。

不喜欢：基于未点击商品（如Nike电子礼品卡），用户不喜欢虚拟商品（如电子代金券），与点击的实物商品（头盔、拖鞋、护肤品）形成鲜明对比。",2,complete
1369250,"喜欢：偏好医疗健康保险（如好医保品牌）、租赁服务（如租车、租手机）、科技产品（新车、手机）、美容产品（柔雾粉饼）和酒类（怀庄壹号酒）；关键词包括""医保""、""租赁""、""红包""、""新车""；品牌如好医保、哈啰租车、BMW、滴滴；使用场景涉及消费（便利店、酒店）、出行（租车、打车）和健康管理（医疗险购买）。

不喜欢：基于未点击商品，对教育/兼职类内容如配音学习（墨韵教育品牌）不感兴趣。",2,complete
1138064,"喜欢：用户偏好汽车购买（如新车、BMW i3、阿维塔11）、美容护理（如胶原蛋白套盒）、口腔护理（如小苏打美白牙膏）和在线购物平台（如1688）；关键词包括""购新车""、""胶原蛋白""、""美白""、""试驾""和""大牌同源""；品牌涉及BMW、Colgate、高露洁、华为和1688；使用场景涵盖汽车消费、个人护肤、日常清洁和商品浏览。

不喜欢：用户对家居用品（如闻芳阁可折叠冰丝席）和特定汽车试驾促销（如smart精灵#1）不感兴趣，与点击行为中偏好汽车和美容产品形成对比；关键词包括""冰丝席""和""smart""；品牌涉及闻芳阁；使用场景为家居使用和汽车试驾。",2,complete
1091199,"喜欢：用户偏好食品品类（如快餐、有机蔬菜和水果），关键词涉及优惠和健康（如消费券、红包、医保），品牌包括麦当劳、盒马和支付宝，使用场景集中于在线服务、外卖和日常缴费（如网上打印、电力缴费、种树游戏）。

不喜欢：用户不感兴趣医疗产品（如百万医疗保险）和眼镜产品（如防蓝光老花镜），基于未点击商品的特征与点击浏览行为相反。",2,complete
1082415,"喜欢：用户偏好品类包括数码产品租赁（如单反相机、手机）、鲜花购买（如生日鲜花、毕业鲜花）和快餐消费（如麦当劳、汉堡王），关键词涉及租赁（免押金租车、包包租赁）、鲜花、数码（苹果产品、无人机）和公益（合种、蚂蚁森林能量），品牌如支付宝、小米、肯德基，使用场景涵盖电商平台浏览（商品橱窗）、生活缴费（电费、水费）和公益参与（海洋保护、捐步）。

不喜欢：用户不喜欢宝藏类平价商品和烤肉盘相关物品，表现为对廉价促销或特定厨房餐饮用品缺乏兴趣。",2,complete
315787,"喜欢：该用户偏好品类包括电子产品租赁（如手机、航拍机）、美妆（如口红、面膜）、健康保险（如百万医疗险）和日常用品（如保温杯、乳酸菌）；关键词涉及免押租赁、优惠券、立减和新人专享；品牌涵盖苹果、华为、大疆、雅诗兰黛和周生生；使用场景主要为省钱购物（如租赁体验、优惠券使用）和健康保障（如医疗险服务）。

不喜欢：该用户不喜欢红包类优惠，特别是与低价值或不吸引人商品相关的，如新人红包和源头厂货（基于未点击的垃圾桶、桌上垃圾桶等实体词，与点击行为中租赁和高端商品偏好相反）。",2,complete
1436820,"喜欢：用户偏好医疗健康保险（如好医保、百万医疗险）、交通出行优惠（如打车券、火车票）、租房搬家服务（如急租好房）、通信流量卡（如中国联通220G流量）、美妆护肤产品（如资生堂红水面膜）、金融红包（如黄金红包），品牌包括蚂蚁保、滴滴、银泰百货，使用场景涉及健康保障、日常出行便利、生活服务消费和在线购物理财。

不喜欢：用户不喜欢游戏下载（如长安幻想）、特定白酒促销（如国酱1935）、被动商品浏览（如商品橱窗），以及对免费体验医疗险的营销形式不感兴趣（尽管点击了类似医疗险商品）。",2,complete
986329,"喜欢：用户偏好浏览商品橱窗，涉及电商平台（如拼多多、小红书）和出行服务（如哈啰出行），关键词包括物流、租赁和公益（如蚂蚁庄园），品牌如支付宝（余额宝）和迪士尼，使用场景为在线购物探索、移动支付和公益参与（如捐步、种树），偏好品类包括儿童服装（如女童睡裙）和休闲服饰（如短袖）。

不喜欢：用户不喜欢厨房用品如抗菌防霉菜板，基于未点击行为，反映出对家居用品（如菜板）和科技概念（如中科院技术）的缺乏兴趣。",2,complete
810774,"喜欢：用户偏好户外鞋类如登山鞋（偏好品类），关键词包括运动和耐磨（从点击商品""防滑耐磨""和服务使用""支付宝运动""、""捐步""推断），品牌如啄木鸟（从点击商品实体词），使用场景涉及户外活动和健康运动（结合服务使用""公益捐步""和搜索关键词""足球运动""）。

不喜欢：用户不喜欢红包类促销如新人红包（从未点击商品实体词""新人权益红包""），以及家居小物件如垃圾桶（从未点击商品实体词""桌上垃圾桶""），这与点击实物商品（登山鞋）形成相反特征。",2,complete
1749834,"喜欢：用户偏好购物浏览和日常消费品类，如装饰品（墙面墙贴、藤条）、手工材料（热熔胶、胶水）和餐饮（外卖、餐厅）；关键词包括支付宝、花呗、麦当劳、手工和公益；品牌涉及支付宝、饿了么、麦当劳；使用场景为在线商品橱窗浏览、DIY项目、支付服务和公益参与（如芭芭农场种树）。

不喜欢：用户对医疗保健类产品如百万医疗和好医保不感兴趣，这与点击商品橱窗的浏览行为相反。",2,complete
245069,"喜欢：该用户偏好电商购物（如1688平台的源头厂货和宝藏商品）、现金红包领取（如新人红包和天天领现金）、游戏娱乐（如永恒世纪下载试玩）和口腔护理产品（如高露洁酵素美白牙膏），关键词包括源头、宝藏、现金红包和下载试玩，品牌涉及1688和高露洁，使用场景为在线签到赚钱、日常消费和任务型娱乐。

不喜欢：基于未点击商品，该用户不喜欢户外运动装备（如登山鞋）、智能穿戴设备（如多功能智能手环）和休闲运动鞋（如耐磨运动鞋）。",2,complete
1777864,"喜欢：用户偏好现金奖励和优惠活动相关品类，如现金红包、保险服务（如好医保）、饿了么平台；关键词包括现金、红包、优惠；品牌涉及饿了么和好医保；使用场景聚焦在线奖励领取和保险优惠，例如通过商品橱窗浏览和安心豆享优惠。

不喜欢：用户不喜欢茶叶和家居装修相关商品，如寿眉白茶和装修宝典手册，这与点击行为中现金奖励和保险服务特征相反。",2,complete
626930,"喜欢：用户偏好珠宝饰品品类（如手串、转运珠和菩提手串），关键词包括手表、鲜花定制和包包（基于搜索行为），品牌如绅雅士（基于点击商品），使用场景为个人装饰和情侣礼物（基于实体词""情侣饰品""）。

不喜欢：用户不喜欢办公效率课程等教育类产品（基于未点击商品""秒可Excel工作办公效率提升5天课""），与点击的休闲装饰品特征相反。",2,complete
1734834,"喜欢：用户偏好金融服务品类（如现金红包、医疗保障）、出行服务品类（如滴滴打车）、平价购物平台（如1688宝藏商品），关键词包括""现金""、""红包""、""宝藏""，品牌涉及滴滴、1688、BMW，使用场景为在线理财（如余额宝）、出行便利（如网约车）和健康保障（如医疗产品）。

不喜欢：基于未点击商品特征，用户不喜欢高端品牌商品或大牌同源概念（如1688平台中的大牌同源好物），与点击行为中偏好平价、宝藏商品的特征相反。",2,complete
1233331,"喜欢：用户偏好家居用品品类如护颈枕头，关键词包括健康、购物金和五星级酒店同款，品牌涉及孜涵和银泰百货，使用场景主要为在线购物（如商品橱窗）和健康改善；同时从交易行为可见对食品品类如速食汤、早饭和可可生椰咖啡粉的兴趣，关键词如活动价、新鲜，品牌如白象、家乐，使用场景为早餐和日常消费。

不喜欢：用户对厨房炊具品类如炒菜锅不感兴趣，关键词包括不粘锅和燃气灶，品牌如章丘，使用场景为烹饪，这与点击行为中家居健康产品的偏好相反。",2,complete
1450718,"喜欢：用户偏好租赁服务（如潮玩好物免押租赁）、日用品（如植护悬挂式抽纸）、教育课程（如职场数据分析精品课）和旅游探索（如仙门奇峡），关键词包括租赁、红包、数据分析，品牌涉及植护、知乎、银泰百货，使用场景涵盖购物优惠（新人红包）、在线学习（精品课）和休闲旅游（历史文化探寻）。

不喜欢：用户不喜欢饿了么新人专享券包，表明对特定外卖平台的重复优惠缺乏兴趣，与点击的新人红包行为相反。",2,complete
1360703,"喜欢：用户偏好健康保险品类（如好医保、百万医疗险），关键词包括医疗险、租赁和红包，品牌涉及蚂蚁保、1688和苹果严选，使用场景为日常健康保障、娱乐游戏下载（如永恒世纪、长安幻想）及实用服务（如电子证件照、租赁特惠）。

不喜欢：用户对汽车试驾（如smart精灵#1）、咖啡品牌（如星巴克）及特定游戏（如马上三国下载）不感兴趣，这些特征与点击行为中的健康、租赁和红包偏好相反。",2,complete
950912,"喜欢：偏好品类包括美容护肤（如洁面乳）、健康监测（如体脂秤）和电商购物（如1688平台）；关键词涉及金融投资（如股票、债券）、支付转账（如支付宝）和生活服务（如火车票）；品牌如御泥坊、1688和支付宝；使用场景如在线购物（下载1688）、健康管理（家用设备）和金融理财（炒股工具）。

不喜欢：基于未点击的电动车头盔，用户不喜欢安全防护类产品，特别是电动车相关装备。",2,complete
1222750,"喜欢：用户偏好品类包括食品（如零食、面包、面条）、服装（如裤子、t恤、袜子）、家居用品（厨房工具、家电配件）和金融服务；关键词涉及季节（夏、春秋）、地点（城市如滁州市、北京市）和促销（礼遇价）；品牌如apple、苏宁、小米、良品铺子；使用场景为日常购物（超市、外卖）、在线娱乐（抽奖、农场游戏）和金融管理（支付宝服务）。

不喜欢：用户不喜欢美容护肤产品，如眼膜贴和珍珠粉相关商品。",2,complete
1543511,"喜欢：用户偏好家居用品品类（如万向轮矮凳、美缝凳子），阅读教育产品（如叫叫阅读），平价商品和在线购物场景；关键词包括宝藏、商品橱窗、阅读；品牌涉及叫叫和1688；使用场景集中于家庭实用、趣味学习和电商平台浏览。

不喜欢：基于未点击商品与点击行为相反的特征，用户不喜欢少儿教育产品（如少儿阅读体验、美术课）和健康养生课程，反映出对儿童相关或专业健康内容的回避。",2,complete
865913,"喜欢：用户偏好金融服务（如余额宝、理财、养老金、车险）、政府服务（如赣服通、公积金、查缴违章）、游戏化应用（如蚂蚁庄园、芭芭农场、支付宝运动）和公益场景（如公益捐步、捐赠），关键词包括支付宝、赣服通、养老金，品牌涉及支付宝、赣服通、平安和中国平安，使用场景集中于日常金融管理、政务处理、休闲游戏和健康运动。

不喜欢：用户不喜欢美容品类（如芦荟胶）和服装品类（如纯棉T恤），基于未点击商品中与点击行为相反的特征，即未选择美容修复或服装类商品。",2,complete
858568,"喜欢：用户偏好游戏品类（如长安幻想、逆水寒）和保险品类（如好医保），关键词包括game、网易、支付宝，品牌如网易、支付宝、apple，使用场景涉及游戏娱乐（如游戏玩乐、游戏充值）、金融理财（如支付宝、余额宝）和外卖点餐（如饿了么、餐饮小吃）。

不喜欢：用户不喜欢口腔护理和牙齿矫正相关的内容，基于未点击德伦口腔商品的特征与点击游戏/保险行为相反。",2,complete
88559,"喜欢：用户偏好品类包括服装（如短袖t恤）、电子产品配件（如防窥手机壳）和家居用品（如桌上垃圾桶、烤肉盘）；关键词如大牌平替、新人红包、宝藏平价商品；品牌如1688和NASA；使用场景涉及在线购物（1688平台）、日常穿着和实用家居优惠获取。

不喜欢：基于未点击商品，用户不喜欢高端奢侈品（如真皮皮带礼盒）；偏好品类上排斥配饰（如皮带）；品牌上反感巴迪克保罗；使用场景上避免送礼或正式场合。",2,complete
475131,"喜欢：用户偏好租赁服务（如免押金租洗衣机和奢侈品租赁）、金融产品（如新人红包和流量套餐）、美容产品（如雅漾补水喷雾）、电子产品（如iPhone14手机）和游戏（如三国吧兄弟），关键词包括""免押金""、""奢侈品""、""补水喷雾""、""流量""、""宝藏""和""手机""，品牌涉及雅漾、小天鹅、1688、中国联通和iPhone，使用场景涵盖在线购物（如1688平台）、金融管理（如红包和流量）、娱乐休闲（如游戏下载）和日常消费（如洗衣机租赁）。

不喜欢：用户不喜欢防晒喷雾产品（如娜丽丝防晒喷雾），这与点击行为中偏好补水喷雾等美容产品但避免防晒类特征相反。",2,complete
934676,"喜欢：用户偏好房地产（如二手房）、在线购物（如商品橱窗）和教育阅读（如趣味阅读包），关键词包括二手房、阅读、商品橱窗，品牌涉及天猫好房和叫叫阅读，使用场景为在线浏览、房地产关注和教育学习。
不喜欢：用户不喜欢批发购物平台（如1688），与点击的零售或特定商品特征相反。",2,complete
232475,"喜欢：偏好品类包括医疗健康保险（如百万医疗险、好医保）、交通服务（如滴滴打车）、健康产品（如泡脚包、健腹轮）和优惠券（如骑行券、口红券）；关键词涉及医疗、保险、打车、优惠；品牌涵盖滴滴、好医保、蚂蚁保、左点；使用场景聚焦健康管理（医疗险保障）、日常出行（打车福利）、个人护理（泡脚）和健身（健腹轮使用）。

不喜欢：基于未点击商品与点击行为相反的特征，不喜欢升级版医疗险（如长期医疗险升级版）和新人特定优惠（如新人红包），以及无关品类如垃圾桶产品。",2,complete
1503461,"喜欢：用户偏好品类包括健身器材（如健腹轮）和医疗健康服务（如医疗险、近视手术），关键词如现金、优惠券、医疗和回收，品牌如好医保（医疗险）和滴滴青桔（电单车），使用场景涉及健康管理、省钱优惠和回收利用。

不喜欢：用户不喜欢新人红包、批发平台（如1688）和家居用品（如垃圾桶），这些特征与点击的医疗健康、健身器材和回收服务相反。",2,complete
1352917,"喜欢：该用户偏好租赁服务（如免押租赁iPhone14）、潮玩好物（时尚商品），偏好品类包括电子产品租赁和时尚零售，关键词如""租赁特惠""和""潮玩好物""，品牌如银泰百货和人人租，使用场景涉及夏日特惠优惠和新人专属购物金浏览。

不喜欢：基于未点击行为，该用户不喜欢批发平台（如1688）相关的B2B交易和源头商品特征。",2,complete
302329,"喜欢：该用户偏好医疗健康保险（如百万医疗险）、电子产品租赁（如手机、无人机）、出行服务（如打车、火车票优惠）、美妆产品（如资生堂红水）和家居用品（如保温杯、枕头），关键词包括租赁、免押、优惠、免费体验和医疗险，品牌涉及蚂蚁保、人人租、滴滴、资生堂、苏泊尔和银泰百货，使用场景聚焦健康保障、娱乐租赁、出行折扣和购物优惠。
不喜欢：基于未点击商品特征，用户不喜欢缺乏优惠或免费体验元素的医疗保障和心理咨询服务，例如纯保额描述或重复性服务标题。",2,complete
553035,"喜欢：该用户偏好租赁服务（如手机、汽车）、短期医疗险、通信靓号及电商优惠；关键词包括租赁、免费体验、红包、靓号；品牌涉及人人租、中国联通、银泰百货、饿了么；使用场景为省钱赚钱任务（如做任务、攒现金）、数码产品租赁和获取优惠券。
不喜欢：基于未点击商品，用户不喜欢购买行为（如购车）、长期保险承诺及起名服务，与点击的租赁和短期体验相反。",2,complete
1009924,"喜欢：该用户偏好智能家居和健身设备品类（如扫地机器人、甩脂机），关键词包括科技、健康、智能（基于搜索如苹果耳机、平板电脑和点击商品标题）；品牌倾向Apple相关产品（交易行为中apple|BRAND、搜索中apple）及智能设备品牌如博导狼、智博（点击商品实体词）；使用场景涉及家庭生活（交易行为中床单、燃气灶）、户外活动（交易行为中野营帐篷灯、烧烤）和健康管理（服务使用中运动、理财）。

不喜欢：基于未点击商品（超声波清洗机针对眼镜首饰），用户不喜欢珠宝清洁类维护设备，与点击的智能、健身设备特征相反。",2,complete
1864397,"喜欢：该用户偏好电子产品租赁品类（如苹果手机），关键词包括租赁、特价、苹果和进口，品牌倾向苹果，使用场景涉及租赁服务（如随租随还）和医疗特价申请（如进口种植牙），同时关注商品浏览（如商品橱窗）。

不喜欢：该用户不喜欢公益性质的牙科服务（如种牙公益），与点击的商业化特价服务（如进口种植牙）形成鲜明对比。",2,complete
126938,"喜欢：用户偏好医疗保健品类（如医疗险、妇科检查），关键词如回收、租赁、现金红包，品牌如比亚迪、百威、大疆，使用场景包括健康管理（如医疗险体验）、省钱优惠（如现金回收和话费券）以及娱乐租赁（如航拍机租赁）。

不喜欢：基于未点击行为，用户不喜欢搬家服务、商标注册服务和证件照服务，这些与点击行为中的回收和租赁特征相反。",2,complete
1967402,"喜欢：用户偏好个人护理品类（如剃须刀）、服装品类（如男士家居服）、游戏下载品类；关键词包括""剃须刀""、""家居服""、""光与魔法""；品牌如""南极人""；使用场景涉及夏季日常家居环境、娱乐活动（如游戏下载）和便捷个人护理。

不喜欢：用户不喜欢口腔护理品类（如牙膏），基于未点击牙膏商品，与点击的个人护理产品（剃须刀）形成相反特征。",2,complete
495938,"喜欢：用户偏好金融投资品类（如黄金券、基金），关键词包括黄金、借呗、基金，品牌如1688、饿了么、领匠酒业，使用场景涉及在线购物、金融服务和日常消费，具体表现为点击黄金券、酱酒、装修宝典、现金红包等商品，搜索博时黄金、借呗等关键词，交易涉及余额宝、花呗等服务。

不喜欢：基于未点击商品，用户不喜欢家居用品（如冰丝席）和个人护理品类（如剃须刀），关键词和品牌如闻芳阁、南极人，使用场景与床上用品或男性护理相关，与点击行为中偏好的金融、酒类、电商等特征相反。",2,complete
1359881,"喜欢：该用户偏好健康保险品类（如医疗险、好医保），关键词包括现金红包、租车、贵宾酒，品牌涉及蚂蚁保、滴滴租车、钓台酒业，使用场景为在线保险保障、生活服务（如搬家、租车）优惠领取和商品橱窗浏览。  
不喜欢：该用户不喜欢个人护理产品（如牙膏）和高端手机购买，基于未点击牙膏和iPhone14 Pro商品，与点击的健康保险和优惠服务特征相反。",2,complete
231043,"喜欢：用户偏好医疗健康保险（如好医保·长期医疗）、美容护肤产品（如伊菲丹超级面膜）、金融福利（如黄金红包）和汽车体验（如smart精灵试驾），关键词包括医疗险、蚂蚁保、伊菲丹、smart精灵、黄金红包，品牌如好医保（蚂蚁保相关）、伊菲丹、smart，使用场景涉及健康保障、美容护理、金融投资和汽车试驾。

不喜欢：用户对补水喷雾类美容产品（如Avene舒护活泉水）、教育考证服务（如公共营养师课程）和摄影技巧培训不感兴趣，关键词如Avene、补水喷雾、公共营养师、摄影拍照技巧，品牌如Avene，使用场景包括日常护肤补水、职业培训和技能学习。",2,complete
322815,"喜欢：偏好新车购买和租赁服务（品类），关键词如免押金、租机短租、苹果产品（从搜索关键词），品牌如BMW和苹果（从点击商品和搜索），使用场景为分期购车和出行升级（基于点击商品标题和实体词）。

不喜欢：护肤品类如芦荟胶（基于未点击商品实体词），与点击的新车购买特征相反，表现为对个人护理小件商品缺乏兴趣。",2,complete
748944,"喜欢：用户偏好家居清洁品类（如香氛洗衣液和柠檬洗洁精）、厨房用具（如章丘炒菜锅）、配饰（如男士胸包）和床上用品（如可折叠冰丝席），关键词包括支付宝、健康金、运动和公益，品牌如银泰百货、闻芳阁、力士和立白，使用场景涉及支付（如电费、现金红包）、健康管理（如健康金）和日常购物（如优惠券和商品橱窗）。

不喜欢：用户不喜欢美白牙膏等个人护理美白产品，以及1688平台的批发商品，基于未点击行为中与点击的家居实用品和优惠券相反的特征。",2,complete
1203535,"喜欢：用户偏好食品饮料品类（如奶茶、小吃、冰淇淋和外卖餐饮），关键词涉及消费券、吃喝玩乐、租赁和公交，品牌偏好Apple、支付宝、肯德基和农夫山泉，使用场景包括休闲浏览商品橱窗、数字支付（如扫码支付）、外卖点餐和公益游戏（如芭芭农场种树）。

不喜欢：用户不喜欢牙科服务和医疗公益相关内容，如种牙援助和口腔医院，这与点击浏览商品橱窗的休闲消费行为相反。",2,complete
1555158,"喜欢：用户偏好租赁服务（如手机、无人机）和健康医疗险（如好医保百万医疗），关键词包括""免押金""、""租赁""、""健康""和""医疗""，品牌涉及苹果、人人租、好医保和雅诗兰黛，使用场景主要为以租代买电子产品、健康保障和日常消费优惠（如红包、购物券）。

不喜欢：用户对黄金饰品（如挂坠）和泛泛商品浏览不感兴趣，与点击的黄金回收和特定商品偏好相反。",2,complete
1472267,"喜欢：用户偏好电子产品品类（如手机和平板电脑），关键词包括""苹果""、""iPhone""和""科技产品""，品牌主要为Apple（如iPhone14），使用场景涉及在线购物和科技消费，基于点击行为和搜索关键词（如""苹果 iphone 14""、""平板电脑""）的强化证据。

不喜欢：用户对运动品牌Nike和电子礼品卡类别不感兴趣，基于未点击商品（Nike电子礼品卡）的特征与点击行为（实物电子产品）相反。",2,complete
267272,"喜欢：用户偏好品类包括通信产品（如流量卡）、购物平台（1688）、金融借贷服务（借呗、花呗）、公益项目（种树、捐步）和服装（男士t恤）；关键词如流量卡、支付宝、公益；品牌如中国联通、贵人鸟；使用场景涉及日常消费（如商品橱窗）、公益参与（如蚂蚁庄园）和休闲娱乐（如小游戏）。

不喜欢：用户不喜欢纯1688购物内容，这与点击行为中偏好结合流量卡的实用服务相反，表明对单一购物平台缺乏兴趣。",2,complete
1297621,"喜欢：偏好医疗健康品类（如好医保、百万医疗），关键词包括现金红包、签到、长期保障，品牌涉及支付宝相关服务（如蚂蚁保），使用场景集中于在线赚钱活动（如领现金红包、商品橱窗浏览）、租赁服务（如3C数码产品）和签到任务。
不喜欢：基于未点击行为，对家居用品（如冰丝席）和特定平价购物平台（如1688）不感兴趣，与点击的医疗健康及现金红包活动特征相反。",2,complete
738250,"喜欢：用户偏好品类包括电子产品租赁（如iPhone、大疆航拍机）、金融服务（如医疗险、好医保）和奢侈品回收（如黄金首饰、钻戒）；关键词涉及租赁、免押、优惠券、医疗险和回收；品牌偏好为人人租、苹果、优衣库、颐莲和滴滴出行；使用场景主要为在线租赁（如免押租赁新机）、保险购买（如住院医疗险）和回收服务（如闲置物品高价回收）。

不喜欢：用户不喜欢特定打车福利，如滴滴今日时效性强的打车券，与点击行为中偏好稳定优惠（如打车5折起）相反的特征是短期促销形式。",2,complete
577203,"### 用户兴趣偏好总结（场景2）
喜欢：用户偏好教育游戏类（如魔方课）、美容护肤（如洗面奶）、金融优惠（如新人红包）和购物浏览（如商品橱窗），关键词包括魔方、红包、洗面奶、橱窗，品牌涉及BUV和乐智魔方，使用场景多为线上学习、日常清洁、优惠获取和商品探索。  
不喜欢：用户不感兴趣餐饮（如比萨牛排）、家电（如电蒸锅）、饰品（如手串）和特定出行（如电动车试驾），关键词如比萨、电蒸锅、手串、电动车，品牌如必胜客、先科、绅雅士、瑞幸，使用场景涉及餐饮消费、厨房使用和饰品佩戴。",2,complete
964936,"喜欢：用户偏好出行服务（如打车、公交、地铁）、优惠活动（如5折起、红包）和公益参与（如芭芭农场、蚂蚁庄园），关键词包括出行、优惠、公益、租赁（从搜索低碳出行、出行优惠等推断），品牌如滴滴出行、美团、饿了么（从点击和交易实体推断），使用场景为日常通勤、在线购物和公益服务（基于交易和服务实体如哈啰出行、外卖点餐、公益捐步）。

不喜欢：用户不喜欢美容护肤品类（如芦荟胶），与点击行为中的出行和优惠特征相反（未点击商品为完美芦荟胶，而点击内容聚焦出行优惠和商品橱窗）。",2,complete
1455027,"喜欢：用户偏好家居清洁用品（如洗洁精、刷子）、食品（如酸辣粉、糖果、外卖餐饮）、外卖服务（美团、饿了么），关键词涉及消费券、外卖、租赁，品牌包括美团、饿了么、白猫，使用场景为在线商品浏览（如1688商品橱窗）和日常超市购物。

不喜欢：用户不喜欢直接的、非互动式商品展示（如未点击的""大牌同源好物尽在1688""），表明对静态推广或纯品牌宣传缺乏兴趣。",2,complete
1299759,"喜欢：用户偏好电商购物品类（如淘宝、1688平台），关键词包括淘宝、滴滴、好医保、1688和现金红包，品牌涉及淘宝、滴滴出行、好医保和1688，使用场景集中于在线购物（如大牌平替商品）、出行服务（如打车福利）、健康保险（如百万医疗）和任务奖励（如现金红包领取）。

不喜欢：基于未点击商品特征，用户不喜欢高消费专项（如≥3500元消费券）、牙齿矫正服务和烤肉盘等商品，与点击行为中偏好平价、医疗和出行服务相反。",2,complete
321609,"喜欢：用户偏好农产品和食品品类（如水果、蔬菜、调味品），关键词如回收、租赁和生日相关，品牌如支付宝、余额宝和千禾味，使用场景包括在线支付、公益服务和日常购物（如超市、便利店）。
不喜欢：用户不喜欢香氛洗衣液产品，基于未点击商品的特征。",2,complete
164607,"喜欢：用户偏好租赁服务（如手机和汽车租赁）、金融产品（包括医疗险和话费充值）、黄金饰品及出行服务，涉及品牌如比亚迪、苹果、周生生、蚂蚁保和人人租，使用场景聚焦省钱租赁、健康保障、通信便利和休闲娱乐，关键词包括租赁、医疗险、黄金、话费和火车票。

不喜欢：用户对回收旧衣服等环保处理服务不感兴趣，与点击行为中追求新商品、租赁和金融服务的倾向相反。",2,complete
1454952,"喜欢：用户偏好医疗险品类（如好医保品牌），关键词包括红包、流量和游戏下载，品牌涉及支付宝（蚂蚁保）和中国联通，使用场景聚焦健康保障（如百万医疗险）、娱乐休闲（如永恒世纪游戏）和在线通信（如流量卡领取）。  
不喜欢：用户对打车服务（滴滴品牌）和手机租赁品类不感兴趣，基于未点击商品特征与点击行为相反。",2,complete
1166539,"喜欢：用户偏好打车服务（如滴滴出行）、平价宝藏商品和烤肉盘等品类；关键词包括""宝藏""、""打车福利""；品牌如滴滴；使用场景涉及在线购物橱窗浏览和出行福利，基于点击行为中""宝藏""、""烤肉盘""、""商品橱窗""等实体词，以及搜索关键词如""打车软件""、""滴滴出行""和服务使用实体如""打车""、""网约车""。
不喜欢：用户对纯打车福利标题（如""滴滴567今日打车福利""）不感兴趣，表明不喜欢单调或缺乏附加价值（如""宝藏""或""烤肉盘""元素）的促销内容，基于未点击商品实体词与点击行为相反的特征。",2,complete
398501,"喜欢：用户偏好金融保险品类（如医疗险和好医保）、电子产品租赁（如手机和iPhone14 Pro）、游戏娱乐（如三国吧兄弟和仙凡幻想）；关键词包括租赁、医疗、红包和优惠；品牌涉及苹果、1688、好医保和蚂蚁保；使用场景为省钱租赁（如免押租赁手机）、健康保障（如百万医疗险领取）和娱乐下载（如游戏试玩领红包）。

不喜欢：用户不喜欢泛泛的商品橱窗浏览，与点击行为中主动选择特定商品（如租赁、医疗险或游戏）的特征相反，表现为对被动浏览或非目标商品探索缺乏兴趣。",2,complete
554507,"喜欢：该用户偏好保险品类（特别是医疗险），关键词包括医疗险、医保、保费和借钱，品牌如好医保和蚂蚁保，使用场景涉及在线医疗保障、理财服务和公益金融产品（基于点击商品标题如""好医保·长期医疗""和搜索关键词""医保""、""花呗""）。

不喜欢：该用户不喜欢黄金投资和高端电子产品品类，关键词如黄金券和iPhone，品牌如银泰百货（黄金相关）和苹果，使用场景包括奢侈品购物和手机租赁（基于未点击商品标题""抢500元黄金券""和""全新iPhone14ProMax""，与点击医疗险行为相反）。",2,complete
200754,"喜欢：用户偏好旅行相关品类（如机票、酒店）、保险医疗（如医疗险）、食品饮料（如冰淇淋、啤酒）和日用品（如纸巾），关键词包括旅行、健康、保险，品牌如飞猪旅行、好医保、中国人民健康保险、蒙牛、光明，使用场景涉及出行旅游、健康保障、日常购物和公益参与（如蚂蚁庄园）。

不喜欢：用户不喜欢户外防晒衣等服装产品，与点击行为中的旅行和保险特征相反。",2,complete
989200,"喜欢：用户偏好租赁服务（如手机租赁）、保险产品（医疗险）、优惠券和红包，关键词包括免押、租赁、医疗险、黄金回收，品牌如苹果、人人租、蚂蚁保，使用场景涉及在线金融消费、健康保障和娱乐购物。

不喜欢：用户不喜欢兼职工作、流量卡服务和下载电商应用（如1688），基于未点击行为中与点击偏好相反的特征。",2,complete
1946346,"喜欢：用户偏好健康保险品类（如好医保百万医疗险），关键词包括租赁、红包和免费体验，品牌涉及好医保、银泰百货、苏泊尔和阿玛尼，使用场景涵盖健康保障（医疗险）、娱乐消费（数码产品租赁如大疆航拍机）、日常购物（生活用品如抽纸和保温杯）以及互动游戏（如芭芭农场和蚂蚁庄园），同时关注优惠活动（红包和购物券）、酒类（贵宾酒）和美妆（口红券）。

不喜欢：基于未点击商品，用户对蚂蚁保相关的医疗险（如400万元保额产品）和火车票/旅行服务（如飞猪旅行优惠）不感兴趣，与点击行为中偏好其他医疗险品牌和本地消费场景相反。",2,complete
1927902,"喜欢：用户偏好酒类产品（如国酱1935白酒）、现金红包活动（如天天领现金红包）和电子产品配件（如苹果严选保护壳、充电头），关键词集中于现金、红包、赚钱，品牌涉及国酱和苹果，使用场景为在线购物、理财管理（如余额宝、工资理财）及参与赚钱任务（如赚现金、领现金红包）。  
不喜欢：用户对医疗险和健康保险产品不感兴趣，如好医保长期医疗险，与点击行为中酒类、现金奖励和电子产品特征相反。",2,complete
1610786,"喜欢：用户偏好食品饮料品类（如蒙牛早餐奶、0蔗糖乳酸菌）、个人护理（如植护纸巾、电动剃须刀）和健康保险（如短期医疗险），关键词涉及消费券、公交、健康管理和数字服务（如支付宝、健康码），品牌包括蒙牛、植护、BMW和哈啰租车，使用场景涵盖日常购物（如生活超市）、交通出行（如租车、公交）和健康管理（如近视手术咨询）。  
不喜欢：基于未点击""好医保·长期医疗""，用户不喜欢长期医疗险产品，与点击的短期医疗险行为相反。",2,complete
959589,"喜欢：该用户偏好金融产品品类（如医疗险、红包、分期贷款），关键词包括""红包""、""免费体验""、""下载""和""赚现金""，品牌倾向植护、蚂蚁保和银泰百货，使用场景集中于在线购物优惠、健康保险和日常清洁（如纸巾、洗衣液），同时涉及游戏下载和酒类消费。

不喜欢：该用户不喜欢无促销的医疗险（如普通版本好医保）和厨房刀具（如菜刀），这些特征与点击行为中偏好有优惠的金融产品和日用品的特征相反。",2,complete
922935,"喜欢：该用户偏好餐饮小吃品类（如麻辣烫、兰州牛肉拉面、零食如肉松卷和爆米花）、关键词涉及消费券、红包和火车票、品牌包括麦当劳、饿了么和希尔顿、使用场景为日常消费、在线购物促销和家居用品（如乳胶枕）。  
不喜欢：该用户不喜欢医疗健康保险类产品，如百万医疗。",2,complete
428385,"喜欢：用户偏好儿童相关品类（如玩具车、奶瓶配件、拼装积木）、家居用品（如纳米海绵、整理架）、食品（如鸭蛋、饺子、水果）和金融服务（如余额宝、好医保），关键词包括医保、维修和物流（如顺丰速运），品牌涉及乐高、Apple和达芙妮，使用场景集中于育儿、家庭生活、健康管理和在线娱乐（如芭芭农场游戏）。

不喜欢：用户不喜欢美容护肤产品，如护肤喷雾，这与点击行为中未涉及美容品类、品牌或关键词的特征相反。",2,complete
86154,"喜欢：该用户偏好日用品品类如香氛洗衣液和护齿牙膏、夏季服装品类如速干冰丝五分短裤，关键词包括""香氛""、""护齿""、""速干""和""打车福利""，品牌涉及卫鲨（服装）和SP-4（牙膏），使用场景主要为家庭清洁（如洗衣）和出行便利（如打车服务），同时关注电商平台1688的实用商品。

不喜欢：该用户不感兴趣于饰品品类如菩提手串，关键词如""菩提""和""手串""，品牌如绅雅士，使用场景偏向装饰收藏而非日常实用，基于未点击商品与点击的实用日用品特征相反。",2,complete
245922,"喜欢：该用户偏好安全防护品类如电动车头盔和防摔安全帽，关键词包括""安全""和""健康""（从搜索""健康""和点击头盔相关实体词体现），品牌如""小小好物""和""有品""（从点击商品标题和实体词提取），使用场景涉及电动车出行安全和日常健康饮用（如点击气泡水维生素饮）；同时，对在线购物服务如""商品橱窗""有较高兴趣。

不喜欢：该用户不感兴趣的内容包括家居用品如乳胶枕头和防滑凉鞋、个人护理产品如益生菌牙膏和抑菌洗衣液、厨房工具如抗菌防霉菜板、电子产品如手持自拍杆，以及服装如纯棉t恤（基于未点击商品实体词与点击行为相反的特征，如点击安全装备却未点击枕头或凉鞋）。",2,complete
1740662,"喜欢：用户偏好电商平台如1688的商品橱窗，涉及大牌平替；偏好品类包括租赁服务（如手机、电脑）、回收（如旧衣服、手机）和公益（如捐赠、种树）；关键词如支付宝、免押租机、公益捐步；品牌如1688、支付宝；使用场景为在线购物、数字支付（如扫码支付、缴电费）和公益参与（如环保、健身）。

不喜欢：用户不感兴趣于实体家居用品如菜刀，与点击的电商虚拟产品相反，特征包括厨房工具和非数字消费品。",2,complete
1656105,"喜欢：用户偏好外卖服务（如饿了么）、食品消费（如蔬菜鱼饼、紫菜肉卷、碳酸汽水）、数字支付（如支付宝、花呗）、公益参与（如芭芭农场、蚂蚁庄园），品牌包括饿了么、华为、蒙牛，使用场景涉及在线购物、福利领取（如红包、新人福利）和生活服务（如话费充值、电费缴纳）。

不喜欢：用户不喜欢批发平台（如1688）和平价商品相关的内容，与点击的即时消费和外卖服务偏好相反。",2,complete
1805739,"喜欢：用户偏好租赁服务（如手机、数码产品）、金融优惠（现金红包、医疗险、积分兑换）、食品饮料（饿了么外卖、白酒、咖啡券）和游戏娱乐（永恒世纪），关键词包括租赁、优惠、红包、积分，品牌涉及苏泊尔、雅诗兰黛、苹果、高露洁、星巴克、滴滴，使用场景聚焦省钱（租赁特惠、优惠券）、保障（免费医疗险）和日常消费（外卖点餐、出行福利）。

不喜欢：用户避免长期医疗险（如好医保特定条款）、个性化服务（生日号码相关推广）和特定食品（烤肉盘），基于未点击商品与点击行为相反的特征，表明不感兴趣于长期承诺、定制化选项及非偏好品类推广。",2,complete
877292,"喜欢：该用户偏好通信服务品类，特别是生日号码和专属流量相关产品，关键词包括生日号码，品牌倾向中国联通，使用场景为生日庆祝或通信优惠活动。

不喜欢：用户不喜欢医疗险、信用卡红包等金融保险产品，以及爱情号靓号等特定类型服务。",2,complete
1750543,"喜欢：偏好品类包括通信服务（如流量卡）、优惠券（如叫车券、购物金）和日用品（如卷纸、保温杯）；关键词涉及优惠券、红包、流量卡（从搜索和点击商品中提取）；品牌如QQ、中国联通、苏泊尔、货拉拉；使用场景涵盖在线购物（如银泰百货）、交通出行（如叫车服务）和生活缴费（如电费）。

不喜欢：偏好品类包括美容护肤（如芦荟胶）、电子产品（如充电宝）和家居工具（如懒人拖把、菜刀）；关键词如芦荟胶、充电宝（从未点击商品实体词提取）；品牌如完美、KKDDNN、雷兔；使用场景涉及个人护理、电子充电和家务清洁（与点击行为相反，未点击商品多为实物而非数字服务）。",2,complete
1183005,"喜欢：用户偏好品类包括纸制品（如卷纸、健康纸）、美妆（如美白洁面乳）、电子产品（如苹果手机）和饮料（如果汁）；关键词涉及优惠（如优惠券、新人专属）、健康（如证件照、免押服务）和实用消费（如购物金）；品牌倾向SOPAX、仁和匠心、汇源和苹果；使用场景聚焦购物（银泰百货）、健康美容（洁面乳制作）和日常便利（免押租赁、证件服务），基于点击商品和交易行为中的餐饮、支付及服务使用实体。

不喜欢：用户不喜欢泛泛的商品橱窗浏览，这与点击具体、优惠导向商品（如美妆券或果汁）的行为相反，基于未点击的""商品橱窗""实体。",2,complete
1956219,"喜欢：用户偏好平价宝藏类商品，涉及食品品类（如水果、草莓酸奶、火龙果、零食饼干）、关键词""宝藏""和""商品橱窗""、品牌如良品铺子和蒙牛、使用场景为家庭厨房（烤肉盘）和女性日常消费（内衣、牙膏）。

不喜欢：用户不喜欢大牌或高端商品，基于未点击行为回避强调""大牌""的特征，如品牌溢价商品。",2,complete
1529805,"喜欢：偏好品类包括租赁服务（如手机、平板）、金融优惠（红包、抵用券）、电子产品（iPhone、电脑）和共享出行（电单车），关键词如""免押金""、""租赁""、""红包""、""iPhone""，品牌如滴滴青桔、苹果、支付宝，使用场景涉及在线租赁、移动支付、共享出行和公益参与（如芭芭农场、蚂蚁庄园）。

不喜欢：基于未点击的健身器材商品（如握力器），不喜欢健身相关品类，关键词如""握力器""，品牌如汇智，使用场景涉及实体健身活动。",2,complete
1459010,"喜欢：用户偏好食品相关品类（如牛排、调味料）、省钱优惠关键词（如消费券、红包）、交通服务品牌（如滴滴青桔），使用场景集中于在线优惠和省钱服务（如本地消费券、红包抵用券），结合交易行为中的餐饮小吃、外卖订单及服务使用中的外卖点餐、公益理财，体现对便利消费和金融优惠的强兴趣。

不喜欢：用户不感兴趣于家居用品品类（如冰丝席）、批发平台关键词（如1688），与点击的优惠券行为相反，体现对床上用品和批发购物的低偏好。",2,complete
353,"喜欢：用户偏好游戏下载和电商平台（如1688、九游），关键词包括红包、下载、源头、三国吧兄弟，品牌涉及1688和九游，使用场景为在线娱乐、APP下载和领取红包奖励（如新人红包、现金红包），体现对数字娱乐和批发购物的兴趣。

不喜欢：用户不感兴趣美容护肤和个人清洁产品（如防晒喷雾、洗衣液），关键词包括防晒、喷雾、内衣裤专用，品牌如娜丽丝、艾蕲季、Avene，使用场景为防晒护理和衣物清洁，基于未点击商品的反向特征推断。",2,complete
1319927,"喜欢：用户偏好医疗险品类（如百万医疗险），关键词包括医疗险、好医保、现金红包和保费，品牌涉及好医保和蚂蚁保，使用场景为在线健康保障、财务奖励和免费体验服务，体现对高保额、低门槛保险产品的兴趣。

不喜欢：用户不喜欢租赁服务（如人人租）、电子产品（如苹果严选）和手机配件（如保护壳、充电头），基于未点击商品中与点击行为相反的特征，反映出对非保险相关消费电子和租赁选项的回避。",2,complete
1009875,"喜欢：用户偏好红包优惠券（如5元骑行优惠券）、手机租赁服务（免押金租苹果手机）、医疗健康保险（好医保长期医疗）、平价购物（1688宝藏商品）、交通出行（滴滴青桔电单车）和娱乐游戏（三国吧兄弟）；常搜索理财、现金、保险相关关键词（如财富号、医保、余额宝）；品牌涉及滴滴、苹果、1688；使用场景包括在线支付（支付宝）、理财管理（蚂蚁星愿）、健康保障和日常出行。

不喜欢：基于未点击""下载1688""推广，用户不喜欢下载类推广或特定形式的1688广告（如""大牌平替""表述），与点击的平价商品行为相反。",2,complete
608127,"喜欢：该用户偏好个人护理品类（如负离子吹风机、酵素美白牙膏）、家居清洁产品（如香氛洗衣液、无线吸尘器）、健康用品（如同仁堂脚气水）、电子产品（如蓝牙无线耳机）和家居用品（如可折叠冰丝席）；关键词包括负离子、香氛、无线、蓝牙；品牌倾向甄心优选、同仁堂、高露洁、雷兔；使用场景涉及家居生活、在线电商购物（通过1688平台）、数字娱乐（如光与魔法游戏、支付宝服务如蚂蚁庄园）。

不喜欢：用户不喜欢电动剃须刀，具体特征为德国品牌和数显功能，与点击的个人护理产品（如吹风机、牙膏）形成明显反差。",2,complete
1302969,"喜欢：用户偏好医疗险品类，关键词包括百万医疗险、好医保和保障金，品牌偏好好医保（支付宝旗下），使用场景为健康保障和医疗风险防范，基于点击行为中反复选择百万医疗险相关商品（如""百万保额医疗险""标题和医疗险实体词），并得到搜索关键词（如好医保、医保卡）和交易实体（医保）的支持。

不喜欢：用户不喜欢新人红包和安心豆等促销内容，基于未点击行为中忽略""最高领取66元新人红包""和""领安心豆投保抵保费""商品，其实体词（新人红包、安心豆）与点击医疗险行为形成反差，表明对非核心保险的优惠活动缺乏兴趣。",2,complete
1199435,"喜欢：偏好品类包括电子产品租赁（如手机和电脑）、旅游服务及平价商品；关键词如租赁（低月供）、旅游、宝藏（优惠商品）；品牌如小米、Apple、叮咚租机；使用场景涉及在线租赁平台（如芝麻租物）和旅游预订（如仙门奇峡）。

不喜欢：基于未点击商品，用户不喜欢租车服务（如光速超跑）和鲜花相关产品（如鲜花礼品）。",2,complete
404105,"喜欢：用户偏好出行服务（如打车券和滴滴出行）、个人护理用品（如喵喵棉柔巾）、电商平台购物（如1688宝藏商品）、品牌联名服装（如NASA短袖t恤）以及商业服务（如个体户营业执照代办），关键词包括滴滴、生活缴费和优惠福利，使用场景涉及日常通勤、在线消费及生活管理。

不喜欢：用户不喜欢直接优惠券（如5元抵用券）、新人红包以及垃圾桶等家居产品，对重复或单件强调的商品（如""一件""后缀）缺乏兴趣，基于未点击行为与点击的出行和电商内容相反。",2,complete
368173,"喜欢：用户偏好医疗保健品类（如好医保长期医疗险和百万医疗险）、回收服务（如旧衣服免费上门回收）、清洁用品（植护品牌的内衣洗衣液和香水洗衣液）、数码设备租赁（苹果平板电脑）、流量和靓号服务（中国联通流量靓号卡）、家居装修（全屋整装）、以及娱乐学习应用（叫叫5日趣味阅读包）；关键词包括回收、医疗、平板、洗衣液、流量；品牌涉及植护、苹果、1688、中国联通；使用场景覆盖健康管理（免费体验医疗险）、环保回收（现金回收旧衣）、家庭清洁（除菌洗涤）、数字娱乐（智能起名和阅读）、以及家居维护（毛坯房装修）。

不喜欢：用户不喜欢垃圾桶产品（如桌上垃圾桶）和新人红包促销（如最高领取66元新人红包），基于未点击商品实体词与点击行为相反的特征推断。",2,complete
892935,"喜欢：用户偏好金融理财和公益捐赠品类，关键词如现金、红包、理财，品牌涉及支付宝、余额宝，使用场景包括在线互动（如商品橱窗浏览）和日常理财管理（如红包领取、捐赠活动）。

不喜欢：用户不喜欢医疗手术相关商品，如眼科商户和近视手术，这与点击的金融互动类内容形成鲜明对比。",2,complete
1341182,"喜欢：该用户偏好出行服务（如滴滴打车）、优惠活动（红包、购物券）、美妆护肤（品牌如资生堂、阿玛尼、完美）、保险（医疗险）、教育（营养师课程）和租房服务（如精装一居）；关键词包括打车、红包、券、医疗险、营养师、面膜、芦荟胶、智能手环；使用场景涉及日常通勤、省钱购物、健康保障、美容护理和技能提升。

不喜欢：基于未点击商品""公司附近好房急租""，用户不喜欢公司附近的租房选项，反映出对特定位置或非降价急租特征的租房服务缺乏兴趣。",2,complete
554268,"喜欢：该用户偏好出行服务（如滴滴打车、哈啰租车）、医疗健康产品（如好医保百万医疗险）、智能设备（如爱国者蓝牙通话智能手表），关键词包括滴滴、医疗、智能、租车，品牌涉及滴滴、好医保、爱国者、哈啰，使用场景涵盖日常通勤、健康保障和在线购物浏览（如商品橱窗）。
不喜欢：基于未点击商品，用户不喜欢重复的出行促销（如滴滴567打车优惠）和短期医疗保障金产品（如1个月医疗保障金）。",2,complete
19717,"喜欢：该用户偏好厨房用品（如不锈钢菜板、砧板）和个人护理产品（如美白牙膏），关键词包括不锈钢、美白、商品橱窗，品牌如YAYASHI，使用场景主要为家庭厨房操作（切水果、和面）和个人卫生维护（去牙黄、口臭预防）。  
不喜欢：该用户不喜欢房产价格查询和买房相关服务，表现为未点击此类商品，特征包括房产价格、买房红包和天猫好房。",2,complete
1964746,"喜欢：用户偏好医疗险品类（如好医保品牌），关键词包括现金、红包、医疗险和理财，使用场景涉及省钱、健康管理和日常任务（如走路打卡、早起打卡），具体表现为点击现金红包、免费医疗体验及理财服务（如余额宝、基金）。

不喜欢：基于未点击行为，用户不喜欢黄金相关品类（如黄金红包），关键词如黄金红包，品牌如银泰百货，使用场景涉及抢红包活动或直接付费医疗产品，与点击的现金红包和免费体验形成对比。",2,complete
1174401,"喜欢：该用户偏好个人护理品类（如细毛牙刷）、时尚服装（如五分短裤）、汽车购买（如新车）、电子产品（如iPhone14手机）、兼职服务和游戏娱乐（如三国下载）；关键词涉及交通（乘车码）、健康、旅行、新车和兼职；品牌倾向高露洁、卫鲨、BMW、1688和Apple；使用场景包括在线购物（1688平台）、交通支付（支付宝乘车码）、游戏玩乐（如泡泡龙）和兼职工作。

不喜欢：该用户不偏好厨房用品（如保温饭盒）和安全装备（如防摔安全帽），关键词如保温、防摔，品牌如有品，使用场景偏向家庭实用或骑行安全，与点击行为中的时尚科技特征相反。",2,complete
1599205,"喜欢：用户偏好品类包括食品（如牛奶、冰淇淋、水果）、电子产品（如数据线、路由器）、健康护理（如儿科、内科）和运动（如游泳套装、训练器材）；关键词涉及理财、基金、支付宝；品牌如光明、星巴克、苹果、小米；使用场景聚焦日常消费、在线支付（如支付宝服务）、健康管理和娱乐浏览（如视频、电影）。

不喜欢：用户不喜欢电动车头盔、安全帽和T恤等防护装备及服装品类，基于未点击商品的特征如防摔安全帽、电动车头盔、短袖t恤和纯棉t恤。",2,complete
1941280,"喜欢：该用户偏好游戏娱乐（如三国吧兄弟、蛋仔派对）、个人护理产品（如蓬松洗发水）、家居用品（如真丝睡衣）和健康设备（如体重秤），关键词包括红包、下载和游戏相关词，品牌涉及九游、联想和芊淳，使用场景主要为在线游戏、电商浏览（如商品橱窗）和个人卫生维护。

不喜欢：基于未点击商品，用户不喜欢珠宝饰品（如菩提手串、转运珠）、防晒喷雾、驱蚊产品、乳胶枕和高端手机（如iPhone13 Pro），这些特征与点击行为中的游戏、个人护理和健康设备形成反差。",2,complete
2004865,"喜欢：用户偏好交通出行服务（如滴滴打车）、健康保险产品（如好医保）、平价在线购物（如1688商品橱窗），关键词包括打车、医保、1688，品牌涉及滴滴出行、好医保、阿里巴巴，使用场景涵盖日常通勤、健康保障和在线浏览消费；同时，从交易行为和服务使用中可见，用户对饮料食品（如红牛、宝矿力）、支付理财（如支付宝、花呗）及公益相关（如公益基金会）也有兴趣。

不喜欢：基于未点击商品行为，用户不喜欢苹果相关消费电子产品（如保护壳、充电头），与点击的平价商品形成鲜明对比，反映出对高价电子配件或特定品牌（如苹果严选）的排斥。",2,complete
224422,"喜欢：该用户偏好美妆品类（如完美芦荟胶）、出行服务（滴滴打车）、家居收纳（厨房置物架）、金融产品（现金红包、医疗险）和饰品（绅雅士转运珠）；关键词包括打车、红包、祛痘印、保险；品牌倾向完美、银泰百货、滴滴；使用场景涉及出行（如打车）、美容护肤（如芦荟胶使用）、健康保障（如医疗险投保）和家居整理（如收纳架应用）。

不喜欢：基于未点击商品，用户对摄影训练（如手机摄影课程）、家居寝具（如乳胶枕头）、厨房工具（如不锈钢菜板）、眼镜（如老花镜）、服装（如冰丝家居服、t恤）、口腔护理（如牙膏）、酒类（如干红）、零食、鞋类（如凉鞋、拖鞋）、电子产品（如充电宝）、清洁工具（如懒人拖把）、教育课程（如书法入门）、安全装备（如头盔）和清洁设备（如超声波清洗机）不感兴趣。",2,complete
1468197,"喜欢：用户偏好口腔医疗品类（如种植牙、牙齿矫正）和医疗险品类（如长期医疗），关键词包括种植牙、口腔、医疗险、好医保、旧衣回收和信用免押，品牌涉及德伦口腔、中家医口腔、蚂蚁保和人人租，使用场景主要为医疗保健（牙齿治疗和保险保障）、环保行动（旧衣回收）以及购物探索（商品橱窗和信用免押服务）。

不喜欢：用户不喜欢免费体验的百万医疗产品，与点击的长期医疗险和具体口腔服务形成对比，反映出对泛化或促销型医疗险的回避。",2,complete
1953197,"喜欢：该用户偏好通讯产品（如流量卡）、家居用品（如懒人拖把和枕头）、美容产品（如雅诗兰黛）、酒类（如干红）和厨房用品（如保温杯），关键词包括现金红包、流量卡和新人专属优惠，品牌涉及雷兔（剃须刀）、苏泊尔（保温杯）、雅诗兰黛和中国联通，使用场景主要为促销活动（如回馈福利）和日常便利消费（如个人护理和休闲）。
不喜欢：基于未点击商品，用户不喜欢健身器材（如自动健腹轮）、特定品牌的个人护理产品（如南极人剃须刀）以及服装（如纯棉t恤）。",2,complete
631707,"喜欢：用户偏好电商购物（如1688平台）、出行服务（如滴滴打车）、游戏娱乐（如仙凡幻想、光与魔法）、健康保险（如好医保）、科技产品（如苹果手机）、食品饮料（如可口可乐、无糖汽水）、运动健身（如匹克、安踏品牌），关键词包括省钱、折扣、红包、源头货，品牌涉及1688、滴滴、苹果、星巴克等，使用场景涵盖在线购物、日常出行、娱乐下载和健康管理。

不喜欢：用户对男士运动短裤、剃须刀、牙膏等个人护理产品以及特定租车服务（如滴滴租车）不感兴趣，基于未点击行为与点击偏好相反。",2,complete
82108,"喜欢：该用户偏好餐饮品类（如烤肉、肉夹馍、麻辣香锅），关键词涉及交通（公交、租车）和健康（健康码、疫情），品牌包括支付宝、怡宝和纯水乐，使用场景为日常消费（超市购物、支付服务）和互动游戏（如芭芭农场、公益种树）。
不喜欢：基于未点击行为，用户不喜欢香氛洗衣液等家居清洁产品。",2,complete
1051652,"喜欢：偏好品类包括保险（如医疗险）、数字娱乐（如APP下载和游戏）、电子产品租赁（如无人机）、个人护理（如牙膏）和购物平台；关键词涉及医疗险、下载、红包、游戏、无人机；品牌如优酷、九游、1688、饿了么、大疆、高露洁、好医保；使用场景为在线消费、娱乐下载、健康保障和移动支付。

不喜欢：基于未点击商品，不喜欢男士服饰（如洞洞鞋和运动套装）、酒精饮料（如干红葡萄酒）、鲜花礼品等实体商品特征。",2,complete
1981819,"喜欢：该用户偏好医疗险和平价商品等品类，关键词包括租赁（如租机服务、回收旧手机）和保险概念，品牌如1688和好医保，使用场景涉及在线购物（1688平台）、理财管理（余额宝、基金）和公益参与（芭芭农场、蚂蚁庄园）。

不喜欢：该用户不喜欢大牌同源好物等高端品牌商品，基于未点击行为与点击平价商品形成对比。",2,complete
210393,"喜欢：用户偏好品类包括租赁服务（如手机租赁）、保险产品（医疗险）、健康管理（健康饮食特训营）、美容产品（雅诗兰黛面膜）、饮品（乳酸菌）、奢侈品（黄金红包）和酒类（贵宾酒）；关键词如租赁、医疗险、健康饮食、面膜券；品牌涉及苹果、雅诗兰黛、星巴克和味动力；使用场景集中于促销活动（夏日特惠）、健康优化和购物优惠（银泰百货相关）。

不喜欢：用户不喜欢外卖服务（如饿了么），未点击相关优惠券，与点击行为中租赁、保险等偏好相反。",2,complete
1883467,"喜欢：用户偏好品类包括出行服务（如叫车券）、饮品优惠（如咖啡券）、金融红包（如现金红包）和购物体验（如商品橱窗），关键词如现金红包、叫车券、低碳出行（源自搜索），品牌如货拉拉、瑞幸、支付宝（源自点击和服务使用），使用场景为日常消费、省钱娱乐和出行活动（如地铁、乘车码搜索）。

不喜欢：用户不喜欢高端服饰品类（如真皮皮带）和保险服务（如医疗险），关键词如真皮皮带、医疗险（源自未点击实体词），品牌如巴迪克保罗、好医保（源自未点击），使用场景为奢侈品购买或长期保障计划（与点击的即时优惠相反）。",2,complete
322221,"喜欢：用户偏好出行服务品类，特别是打车相关（如网约车、打车券），关键词包括""打车福利""和""滴滴出行""，品牌以滴滴出行为主，使用场景涉及日常交通出行和移动支付（如支付宝、扫码支付），基于点击行为（如打车福利商品）和服务使用（如叫车、网约车实体）。

不喜欢：用户对装修和医疗相关内容不感兴趣，基于未点击商品中与出行相反的特征（如装修宝典、医疗险实体），表现为回避装修品类和医疗关键词。",2,complete
706623,"喜欢：用户偏好医疗险品类（如百万医疗险、好医保），关键词包括医疗保障、红包优惠和积分兑换，品牌涉及蚂蚁保、银泰百货和苹果严选，使用场景聚焦金融保障（如免费体验医疗险）、省钱任务（如芭芭农场互动）和家庭生活（如家居定制、舒柔枕）。

不喜欢：用户不喜欢租赁服务，特别是针对iPhone14的免押租赁和潮玩好物，这与点击行为中偏好购买金融产品（如医疗险）而非租赁相反。",2,complete
1562177,"喜欢：用户偏好平价宝藏商品（如烤肉盘）和电商购物（品类），关键词涉及回收、快递、兼职、额度，品牌偏好1688、支付宝、美团，使用场景包括生活缴费（如水费、电费）、公益捐赠（如慈善基金会）和日常消费（如超市购物、食品购买）。

不喜欢：用户不喜欢健康护理产品（如防蓝光老花镜）和兴趣活动（如太极八段锦），基于未点击商品特征与点击行为（平价电商商品）相反。",2,complete
1654545,"喜欢：用户偏好在线批发购物品类（如1688平台的源头厂货、宝藏商品），关键词包括红包、源头和游戏下载（如热血江湖），品牌偏好1688、支付宝相关服务（如余额宝、哈啰出行），使用场景涉及移动支付、理财（如基金、红包获取）、出行（如打车、单车）、公益（如公益捐步）和娱乐游戏（如泡泡龙）。

不喜欢：基于未点击商品，用户不喜欢厨房用品品类（如菜刀），关键词和品牌雷兔，这与点击的在线服务和数字商品特征相反。",2,complete
805462,"喜欢：用户偏好珠宝饰品品类（如转运珠、黄金），关键词包括""转运珠""、""苹果14""、""优惠券""，品牌涉及绅雅士、周生生、苹果和三得利，使用场景集中于娱乐购物（如电影票、优惠券消费）和餐饮消费（如海底捞、麦当劳相关交易）。

不喜欢：用户不喜欢健康养生和教育类内容，如未点击的健康养生课程，其特征与点击的珠宝、电子产品等娱乐购物偏好相反。",2,complete
1788048,"喜欢：用户偏好通信服务（如流量卡）、医疗健康保险（如百万医疗险）、家居清洁用品（如抽纸）、交通便利（如打车券）、金融产品（如理财相关服务）、时尚饰品（如黄金）和运动鞋；关键词包括流量、医疗、抽纸、打车、白酒、起名和电商；品牌如中国联通、植护、好医保、周生生和滴滴；使用场景涉及日常移动通信、健康保障、家庭清洁、出行便利、在线理财和个人发展（如电商培训）。

不喜欢：基于未点击行为，用户不喜欢家居寝具（如冰丝席）、防护装备（如电动车头盔）和特定运动鞋商品（尽管点击了类似运动鞋，但未点击该款），表明对物理耐用消费品兴趣较低，与点击的数字服务和便利服务特征相反。",2,complete
831098,"喜欢：用户偏好美容护肤品类（如斐思妮修护灯泡膜）、个人护理（如雷兔剃须刀）、健康养生（如八段锦太极养生营）、教育学习（如会计做账报税和易学入门课）、通信服务（如中国联通流量卡）、食品零食（如百草味芒果干）、服饰配件（如巴迪克保罗真皮皮带）以及租赁服务（如免押金租机）；关键词包括""免押金""、""租机""、""养生""、""易学""和""流量卡""；品牌涉及斐思妮、雷兔、中国联通、巴迪克保罗和百草味；使用场景涵盖日常面部护理、剃须、健康锻炼、技能提升、通信需求、零食消费和手机租赁。

不喜欢：基于未点击商品，用户对理论性健康养生课程（如健康养生课）不感兴趣，与点击的实践性养生内容（如八段锦太极）相反。",2,complete
1011619,"喜欢：该用户偏好省钱购物和赚钱活动，包括品类如手机租赁、黄金回收、优惠券（如现金红包、美妆券）和技能学习（如手机摄影、书写兴趣）；关键词涉及租手机、现金红包、宝宝起名；品牌偏好银泰百货、人人租、苏泊尔；使用场景聚焦日常消费（如洗衣液、保温杯）、赚钱打卡（如走路、集步）和育儿（如宝宝起名）。

不喜欢：基于未点击商品，用户不喜欢无人机租赁（如大疆航拍机）、交通票务（如火车票）、特定技能开发（如书法课程）、季节性主题（如夏日租赁）和被动浏览（如商品橱窗），这些特征与点击行为中的省钱和实用主题相反。",2,complete
932977,"喜欢：用户偏好医疗健康品类（如医疗险、医保），关键词包括医疗、红包、保障、源头和商品橱窗，品牌如好医保和1688，使用场景涉及健康保障、省钱购物（如现金红包）和在线浏览电商平台（如商品橱窗、源头一手价），同时关注日常用品如拖鞋和垃圾桶。

不喜欢：用户不喜欢家居寝具类产品（如乳胶枕），与点击行为中的医疗健康、金融优惠主题相反。",2,complete
460391,"喜欢：用户偏好金融保险品类（如医疗险、医疗保障金），出行服务（如打车、滴滴出行、火车票），租赁服务（如苹果14系列免押租赁），以及美妆和红包活动；关键词包括现金、红包、医疗险、滴滴、苹果、阿玛尼；品牌涉及好医保、滴滴、银泰百货、阿玛尼、星巴克、smart；使用场景集中于在线金融管理（如领取现金红包）、日常出行（如打车优惠）、电子产品租赁和汽车试驾（如smart精灵）。

不喜欢：用户不喜欢家居用品品类（如乳胶枕），基于未点击商品与点击行为中缺乏家居相关特征相反，且未点击商品实体词如乳胶枕、希尔顿未被点击，而点击行为聚焦于金融、出行和租赁服务。",2,complete
1595790,"喜欢：用户偏好电商平台1688上的大牌平替产品（如苹果14ProMax手机、清风抽纸、薰衣草洗衣液），关键词包括源头货、免押租赁和医保，品牌涉及苹果、清风和1688，使用场景集中于在线购物、生活日用品消费和理财服务（如余额宝）。

不喜欢：用户不喜欢全新高端电子产品（如iPhone14 Pro手机）、电子礼品卡（如Nike代金券）以及免押租赁手机服务（如iPhone13 Pro），这些特征与点击行为中的折扣偏好和实物消费相反。",2,complete
1546397,"喜欢：用户偏好家居装修品类（如全屋定制、家装设计平台），医疗健康服务（如齿科诊疗、种牙援助、百万医疗险），汽车相关（如新能源车试驾、MPV车型），以及省钱优惠活动（如瓜分现金、免费体验）；关键词包括省钱、现金、优惠券、医疗、汽车；品牌涉及广汽传祺、德伦口腔、植护、蚂蚁保、饿了么；使用场景涵盖家庭改善（装修报价）、健康保障（投保须知）、出行体验（试驾）和娱乐下载（手游）。

不喜欢：基于未点击商品橱窗行为，用户不喜欢被动浏览泛化商品展示，表明对无目标导向的商品广告或橱窗浏览不感兴趣。",2,complete
1239782,"喜欢：用户偏好房产查询品类（如二手房价格），关键词包括买房红包、天猫好房和房产价格，品牌涉及天猫和支付宝（基于点击商品和服务使用），使用场景为在线房产搜索、理财管理（如余额宝）和公益互动（如蚂蚁庄园）。

不喜欢：用户对1688平台的商品橱窗类内容不感兴趣，表明不喜欢通用商品推荐或非目标购物内容（基于未点击商品特征）。",2,complete
1375999,"喜欢：偏好品类包括个人护理（如电动剃须刀）和优惠活动（如红包、骑行优惠券）；关键词涉及红包、优惠券、出行；品牌如滴滴（滴滴青桔）；使用场景为日常个人护理和出行服务（如通过移动支付获取优惠）。

不喜欢：基于未点击商品，用户不喜欢批发平台（如1688）或需要下载APP的优惠活动，与点击的简单红包行为相反。",2,complete
522042,"喜欢：用户偏好电子商务平台1688，涉及品类如源头厂货、游戏虚拟道具（如永恒世纪、卓越套装和大天使武器），关键词包括下载、红包、大牌平替和新人权益，品牌主要为1688和恺英，使用场景聚焦在线购物、应用下载和促销活动参与。

不喜欢：用户不喜欢无线蓝牙耳机类产品，如追梦者品牌，与点击的虚拟电商和游戏内容形成鲜明对比。",2,complete
1369491,"喜欢：用户偏好家居清洁品类（如免手洗拖把），关键词包括1688、源头货和交通相关（如乘车码、公交），品牌如1688、支付宝和盒马，使用场景涉及家庭维护、在线购物和数字支付服务。
不喜欢：用户不喜欢美容喷雾产品（如Avene品牌），基于未点击商品中与点击家居清洁行为相反的特征，包括补水喷雾品类和非1688平台的促销活动。",2,complete
1186991,"喜欢：用户偏好医疗健康品类（如百万医疗险和口腔服务）、租赁服务（如手机和租车）、出行优惠（如火车票和打车福利）、金融红包（如现金和信用卡红包）以及黄金珠宝（如周生生兔黄金）；关键词包括现金、红包、优惠券、理财、出行；品牌偏好好医保、滴滴、周生生、人人租、招行；使用场景集中在在线租赁（如iPhone14免押租赁）、出行优惠（如滴滴567打车折扣）、医疗免费体验（如蚂蚁保百万医疗险）和红包领取活动（如支付宝现金红包）。

不喜欢：用户不喜欢回收服务（如旧衣服上门回收）和被动购物浏览（如商品橱窗），这与点击行为中积极的消费和服务偏好（如租赁和出行优惠）相反。",2,complete
322458,"喜欢：该用户偏好租赁服务（如租车、租手机）、电子产品（苹果、小米品牌）、家电维修，以及公益和游戏互动场景；关键词包括租机、免押金、苹果、维修；品牌涉及滴滴、苹果、小米；使用场景涵盖租赁消费（如滴滴租车）、上门维修、支付宝公益游戏（如蚂蚁庄园养小鸡、芭芭农场种果树）和运动相关活动。

不喜欢：基于未点击1688批发平台，用户不喜欢批发商品或B2B采购场景，与点击的租赁服务和零售浏览行为相反。",2,complete
1903412,"喜欢：该用户偏好教育类服务（如会计培训和证书获取）、租赁服务（如租车和租手机）、金融投资（如股票知识学习）以及酒类产品（如领匠品鉴酒）；关键词包括会计师、租车、股票、酒；品牌涉及领匠酒业、国信证券、哈啰租车；使用场景涵盖学习提升、出行便利、投资理财和休闲品酒。

不喜欢：该用户不喜欢饰品类产品，如手串、手链和转运珠，这与点击行为中缺乏此类兴趣一致。",2,complete
841218,"喜欢：用户偏好游戏下载（如永恒世纪、三国吧兄弟、长安幻想）和红包活动（如抢黄金红包、新人红包），品类涉及在线娱乐和金融激励；关键词包括保险相关（如运动保险、旅游保险）、租赁（如免押租赁）、金融（如额度、红包）和下载；品牌主要为恺英（游戏）、1688（电商平台）、吱积分（运动鞋）和闻芳阁（家居）；使用场景集中在移动支付（如转账、充值）、在线购物（如源头厂货下载）和日常实用（如体脂秤、冰丝席）。

不喜欢：基于未点击商品，用户不喜欢高端电子产品（如iPhone14手机）、茶叶（如寿眉茶饼）和服装（如纯棉t恤），这些特征与点击的实用娱乐导向相反，表现为对高消费电子、食品饮品和服饰的回避。",2,complete
432071,"喜欢：用户偏好交通出行（如打车券、滴滴出行优惠）、电子产品（如无线蓝牙耳机）、购物平台（如1688宝藏商品）、旅行服务（如飞猪机票酒店）以及新车购买（如BMW i3），品牌包括滴滴、婠偲、BMW、飞猪和1688，使用场景涉及日常出行、在线购物和旅行预订，关键词如""打车福利""、""宝藏""和""商品橱窗""突出实用性与高价值优惠。

不喜欢：用户对新人红包（如未点击的66元红包）、垃圾桶、桌上垃圾桶和源头厂货等家居用品或低价值优惠不感兴趣，这些特征与点击行为中高实用、高价值偏好相反。",2,complete
583483,"喜欢：偏好品类包括金融红包（如黄金红包、信用卡红包）、美容化妆品（如阿玛尼口红）、家居用品（如舒柔枕）和教育服务（如心理咨询师）；关键词涉及红包、信用卡、分期、贷款、银行（如招商银行、建设银行）和支付宝；品牌如淘宝、阿玛尼、银泰百货；使用场景聚焦在线购物、金融交易优惠、赚钱任务（如签到、打卡）和信用卡相关活动。

不喜欢：基于未点击商品，不喜欢旅行服务（如火车票）和手机租赁；关键词如火车票券、租赁；品牌如飞猪旅行；使用场景为旅行预订和设备租赁。",2,complete
971433,"喜欢：用户偏好家居用品品类（如冰丝凉席），关键词包括""长期""和""舒适透气""，品牌涉及糖小果和好医保，使用场景聚焦家居舒适（如凉席使用）和健康保障（如长期医疗险），同时体现对蚂蚁保平台的信任。

不喜欢：用户不喜欢短期免费体验的医疗险产品，特征如""百万医疗""高保额类型，与点击的长期低免赔医疗险相反，反映出对短期、高保额但免费体验的金融保险缺乏兴趣。",2,complete
498855,"喜欢：偏好健康护理品类（如颈部按摩仪、智能剃须刀）和家居运动品类（如万向水龙头、羽毛球拍），关键词包括""智能""、""缓解疲劳""、""实用""、""高颜值""和""充电款""，品牌倾向雅芝澜黛、南极人和起点如日，使用场景聚焦个人健康管理（缓解疲劳）、家居安装改善和运动休闲活动。

不喜欢：基于未点击行为，不喜欢睡眠相关品类（如乳胶枕），与点击的健康护理和家居用品特征相反，具体表现为对天然乳胶材质和泰国产地产品缺乏兴趣。",2,complete
169232,"喜欢：用户偏好租赁服务品类，特别是免押租赁数码产品（如iPhone14和单反相机），关键词包括""免押租赁""、""租赁特惠""、""夏日""和""潮玩好物""，品牌涉及人人租和佳能，使用场景为夏日娱乐或潮玩活动，基于点击行为中租赁特惠商品和实体词（如免押租赁、佳能600D），并得到搜索关键词（如免押金租赁）和交易行为（如消暑冷饮）的支持。

不喜欢：用户不喜欢购买高价电子产品（如苹果14ProMax）、汽车试驾和保险服务，基于未点击商品中与点击租赁行为相反的特征，偏好品类转向购买消费（如苹果严选清仓），品牌涉及苹果，使用场景为直接消费而非租赁，具体体现在未点击实体词（如苹果、医疗险）和标题（如降价清仓）。",2,complete
1258875,"喜欢：该用户偏好医疗健康保险品类（如长期医疗险和百万医疗险），关键词包括现金红包、流量卡和打车福利，品牌如好医保、中国联通和蚂蚁保，使用场景涉及在线免费体验保险服务、领取金融优惠券和购买通信流量套餐。

不喜欢：基于未点击阿维塔汽车试驾商品，用户不喜欢汽车相关活动或品牌，与点击行为中医疗、金融和通信服务偏好相反。",2,complete
754492,"喜欢：用户偏好生活必需品品类如卷纸和抽纸（品牌物语、简舍），交通出行服务如打车（滴滴）、通信产品如流量卡（中国联通）、健康保险（好医保）以及宠物租车服务；关键词包括西湖（搜索相关）、滴滴出行和流量卡；使用场景涉及日常消费（纸品）、出行便利（打车福利）、健康保障（医疗险）和宠物关怀（爱宠租车），同时青睐电商平台1688的实用商品。

不喜欢：用户不喜欢泛泛的平价商品促销（如""宝藏""主题）和商品橱窗浏览，对烤肉盘等特定低价或非实用商品不感兴趣，这与点击行为中偏好具体、品牌化服务（如打车、流量卡）形成反差。",2,complete
1586530,"喜欢：用户偏好酒类（如酱香酒，包括国酱、初湛等品牌）、医疗险（如百万医疗险，涉及蚂蚁保和好医保品牌）、优惠活动（如火车票无门槛优惠和新人红包，关键词包括现金积累和攒零钱）、电子产品（如苹果严选，涵盖租赁场景）和健身器材（如回弹健腹轮）；使用场景集中于在线购物（1688平台）、健康保险购买、旅行预订及日常赚钱任务（搜索关键词如免押租赁和服务使用如赚现金）。

不喜欢：用户对个人护理产品不感兴趣，如牙膏（美白清新益牙膏品牌SP4）和剃须刀（雷兔品牌），基于未点击行为与点击偏好（酒类、医疗险等）形成鲜明对比。",2,complete
1950677,"喜欢：用户偏好通信流量卡（如中国联通超大流量卡）、设备租赁服务（如手机、大疆航拍机租赁）、保险产品（如百万医疗险）、金融红包和优惠券（如现金红包、黄金红包、打车券）、回收服务（如旧衣服上门回收）、健康自测产品（如幽门螺杆菌检测器）和教育课程（如书法入门课）；关键词包括红包、现金、租赁、优惠；品牌涉及中国联通、滴滴、苏泊尔、雅诗兰黛、银泰百货、人人租；使用场景聚焦日常消费（如出行、购物）、健康管理和学习提升。

不喜欢：用户不喜欢现金回收服务（如快回收品牌）和潮玩租赁特惠（如针对iPhone14的夏日促销），与点击的实用租赁和回收服务形成反差。",2,complete
447203,"喜欢：用户偏好个人护理品类如高露洁细毛牙刷，金融产品如黄金券和医疗保障，电商平台1688的源头工厂和大牌同源商品，品牌包括BMW、每日甄品和银泰百货，使用场景涉及日常口腔护理、投资理财保障和在线购物消费，关键词如黄金、医疗保障、源头工厂和蓝牙耳机。

不喜欢：基于未点击商品，用户不喜欢YIMI品牌蓝牙耳机（与点击的每日甄品相反），以及涉及垃圾桶或低价值红包的商品（如未点击的1688相关促销），关键词如垃圾桶和新人权益红包。",2,complete
1191047,"喜欢：用户偏好科技产品租赁（如苹果手机）、交通服务（如滴滴打车）、健康保健（如种牙补贴）、汽车购买（如BMW新车），以及平价商品（如宝藏烤肉盘）和口腔护理产品（如高露洁酵素牙膏），使用场景包括在线购物（如商品橱窗）和出行服务（如网约车），关键词涉及免押租机、打车福利、种牙补贴、新车、宝藏商品，品牌包括滴滴、苹果、BMW、高露洁。

不喜欢：用户对服装类产品如纯棉t恤不感兴趣。",2,complete
643367,"喜欢：用户偏好口腔护理品类（如牙膏，特别是SP-4品牌益生菌亮白护齿牙膏），关键词包括现金红包、新人红包、源头厂货和宝藏平价商品，品牌涉及1688电商平台，使用场景为在线领红包、浏览商品橱窗及购买日常低价日用品（如垃圾桶），基于点击行为体现对金融红包和实惠商品的兴趣。

不喜欢：用户不喜欢高端汽车品牌（如宝马）和大额消费产品（如0首付购车），基于未点击行为与点击的低价日常用品形成反差，体现对奢侈品和高价值金融产品的回避。",2,complete
1773863,"喜欢：用户偏好支付优惠类内容，如话费券和红包（关键词），涉及品牌如中国电信、支付宝、apple和小米（品牌），使用场景聚焦在线支付、生活缴费（水费、电费）和任务奖励获取（如逛商品橱窗领券），偏好品类包括通信服务、金融工具和日常消费优惠。

不喜欢：用户不喜欢办公效率提升课程，如Excel工作培训，这与点击行为中支付优惠主题相反，表明对工作技能提升或教育类内容缺乏兴趣。",2,complete
1765836,"喜欢：用户偏好手机游戏品类，特别是角色扮演和动作类游戏（如""永恒世纪""、""三国吧兄弟""），关键词包括""下载""、""试玩""、""红包""和""领福利""，品牌涉及恺英、九游和1688平台，使用场景集中在休闲娱乐和奖励获取（如通过游戏试玩获取现金红包）。
不喜欢：用户不喜欢安全防护品类，如电动车头盔和防摔安全帽，这与游戏娱乐兴趣相反，表现为对实物防护装备的回避。",2,complete
630773,"喜欢：偏好游戏下载和休闲配件品类，如手机游戏（三国吧兄弟、永恒世纪）和单肩包；关键词包括传说头盔、恺英、优酷；品牌涉及狄登佬人、永恒世纪；使用场景集中于移动娱乐（如游戏试玩、视频观看）和在线购物浏览（如商品橱窗），支持日常休闲消费。

不喜欢：与点击行为相反的特征，如办公工具和家居用品品类（超声波清洗机、乳胶枕）；关键词包括Excel、Nike；品牌如Nike；使用场景涉及工作提升（办公效率课程）和家居改善（清洗首饰、枕头），避免实用型消费。",2,complete
1463444,"喜欢：用户偏好儿童阅读教育品类（如叫叫趣味阅读包），护肤产品（如Avene活泉水喷雾），品牌包括Avene，关键词涉及趣味阅读和舒护喷雾，使用场景涵盖家庭教育（如阅读体验）和个人护理（如喷雾使用）。

不喜欢：用户不喜欢少儿美术课和绘画工具包等美术相关产品，基于未点击行为与点击的阅读教育形成对比。",2,complete
1188861,"喜欢：用户偏好金融服务品类（如医疗险、理财服务），租赁服务（如租手机、租车），酒类（如冰酒、葡萄酒），家居装修（如全屋整装），以及美容产品（如洗发露、面膜）；关键词集中于医疗、租赁、保险、酒、黄金；品牌偏好包括好医保、资生堂、中国黄金、滴滴；使用场景涉及在线购物（如抢券、回收服务）、个人护理和家居改善。

不喜欢：基于未点击商品与点击行为相反的特征，用户不喜欢白酒品类（与点击的葡萄酒相反），办公效率提升课程（与点击的租赁和金融服务不匹配），以及牙膏产品（与点击的美容品类不一致）。",2,complete
1525179,"喜欢：该用户偏好批发商品品类，如源头产品和手机配件（如防窥手机壳），关键词包括1688、源头、低价和大牌平替，品牌涉及1688平台，使用场景为在线购物和寻找性价比源头货，体现对电商批发平台的兴趣。

不喜欢：该用户不喜欢休闲运动鞋品类，基于未点击行为，与点击的批发平台特征相反，体现对零售成品鞋类及吱积分相关产品的回避。",2,complete
664922,"喜欢：用户偏好通信服务品类（如流量靓号、生日号）、个人护理品类（如细毛牙刷、软毛牙刷）、鞋类品类（如休闲运动鞋），关键词包括靓号、牙刷、运动鞋、现金红包和宝藏平价商品，品牌涉及高露洁、中国联通和吱积分，使用场景为日常省钱购物、在线优惠领取和休闲消费。

不喜欢：用户不喜欢大牌或高端商品，基于未点击""大牌同源好物""的特征与点击平价商品行为相反。",2,complete
1075802,"喜欢：该用户偏好医疗健康品类（如医疗险、医疗保障金），关键词包括医疗、出行、优惠和红包，品牌如洁柔、滴滴、BMW和好医保，使用场景涉及健康保障、日常通勤（如打车）、汽车购买和零食消费。

不喜欢：基于未点击商品，用户不喜欢与保费相关的保险产品，如安心豆。",2,complete
1720546,"喜欢：该用户偏好实用家居用品（如刀具、菜板、晴雨伞）、时尚配饰（如斜挎包、菩提手串）和美容工具（如美甲套装），关键词涉及防紫外线、儿童时尚和顺遂顺意，品牌包括优品佳、G.DUCK、绅雅士、惠选和1688平台，使用场景主要为日常防护、出行时尚、厨房使用和个人美容。

不喜欢：该用户不喜欢虚拟红包和游戏下载类内容，如未点击的""下载我要修仙领红包""中体现的新人红包和现金红包特征。",2,complete
1264856,"喜欢：该用户偏好医疗健康品类（如医疗险、种牙服务）、游戏娱乐（如手游下载）、家居用品（如电蒸锅）、美容产品（如粉饼）、回收服务（如旧衣回收）和金融服务（如话费充值、红包），关键词包括现金、分期、贷款、红包、签到等，品牌如好医保、传祺、德伦口腔、恺英、先科、御泥坊、中国移动，使用场景涉及健康管理（如免费体验医疗险）、娱乐（如游戏试玩）、日常消费（如话费充值）、任务活动（如回收旧衣）和签到赚钱。

不喜欢：基于未点击商品，用户不喜欢投资类产品（如黄金红包）、房地产（如主城新品）、特定汽车模型（如影豹混动版）、特定游戏（如三国吧兄弟）、租赁服务（如免押金租手机）和美妆优惠券（如面膜券），这些特征与用户的点击行为（偏好实用消费和健康服务）相反。",2,complete
1084882,"喜欢：偏好医疗保健品类（如百万医疗险、好医保）、游戏（如永恒世纪、九游）、现金红包奖励（如黄金红包、天天领现金）、电子产品（如苹果14ProMax）和美妆（如资生堂红水）；关键词包括""现金""、""医疗""、""游戏""和""租赁""；品牌涉及蚂蚁保、淘宝、银泰百货、九游和人人租；使用场景集中于在线娱乐（玩游戏领福利）、健康保障（免费医疗体验）和现金奖励领取（红包活动）。

不喜欢：基于未点击商品，不喜欢会员服务（如联合会员、彩铃）、特定医疗产品（长期医疗险）、日常用品（如晴雨伞）和黄金饰品（如黄金挂坠），与点击的现金红包和免费医疗体验形成鲜明对比。",2,complete
946142,"喜欢：用户偏好支付宝生态的游戏化任务（如蚂蚁庄园、芭芭农场）、红包领取（现金红包、赚钱红包）、公益慈善活动（公益种树、链上公益）、外卖点餐服务（饿了么、外卖平台），以及快速浏览商品橱窗；涉及品类包括游戏玩乐、任务完成（打卡/集步/任务）、公益、外卖；关键词如红包、支付宝、公益；品牌如支付宝、饿了么；使用场景为在线平台的轻量级互动和浏览。

不喜欢：用户不喜欢大牌同源商品和批发平台（如1688），与点击的快速浏览行为相反，表明对深度购物、批发或大牌商品不感兴趣。",2,complete
106774,"喜欢：用户偏好医疗健康品类（如百万医疗险和止痛产品）、租赁服务（如手机租赁平台）、家居生活用品（如内衣洗衣液和美缝凳子）、优惠活动（如饿了么券包和现金红包），关键词包括租赁、医疗、优惠和健康，品牌如饿了么、1688、植护和好医保，使用场景主要为健康管理、日常省钱消费和在线娱乐互动。

不喜欢：用户不喜欢个人护理工具（如胶囊剃须刀和真皮皮带）、健身器材（如回弹健腹轮）、高端家居产品（如乳胶枕和菜刀），这些未点击商品特征与点击偏好中的医疗、租赁和优惠形成鲜明对比。",2,complete
1320335,"喜欢：该用户偏好食品零食（如蜜薯、饼干和饮料，包括农夫山泉和ad钙奶）、个人护理产品（如美白牙膏和酵素牙膏）、酒类（如坤沙酱酒）以及电商平台（如1688），品牌涉及高露洁和苏菲，使用场景集中于日常消费、办公室零食和家庭清洁（如除垢剂和油烟机清洗剂），关键词包括美白、酵素、酱酒和优惠券。

不喜欢：用户对医疗险（如好医保和百万医疗）、运动鞋（如软底透气款）和化妆品（如阿玛尼口红）不感兴趣，基于未点击行为中与点击的消费类产品相反的特征。",2,complete
1182344,"喜欢：用户偏好电商购物品类（如1688平台源头货和商品橱窗）、个人护理产品（如清风湿厕纸）、健康养生课程（如千聊健康课）；关键词包括源头货和消费券；品牌涉及清风、无印良品和肯德基；使用场景涵盖在线支付（支付宝扫码付）、日常卫生维护和学习提升。

不喜欢：用户对打车服务（如滴滴出行）、金融红包（如黄金红包）和珠宝清洗设备（如眼镜首饰清洗机）不感兴趣，基于未点击行为与点击偏好相反。",2,complete
265811,"喜欢：偏好品类包括健康保险（如医疗险）、家庭清洁产品（如洗衣液）和在线娱乐应用（如游戏下载）；关键词涉及""医疗""、""免费体验""和""下载""；品牌如蚂蚁保、罗曼蒂克和1688；使用场景主要为健康保障（如投保医疗险）、家庭维护（如洗衣清洁）和休闲娱乐（如游戏体验）。

不喜欢：基于未点击商品，不喜欢品类如高端美容产品（如面膜）、出行服务（如打车）和设备租赁（如租手机）；关键词包括""面膜""、""打车""和""租手机""；品牌如伊菲丹和滴滴；使用场景为美容护理、交通出行和租赁消费。",2,complete
104405,"### 用户兴趣偏好总结（场景2）
喜欢：用户偏好电子产品租赁（如苹果手机、iPhone14系列）、时尚配件（如墨镜、自拍杆）、家居工具（如挂烫机）、食品饮料（如汇源果汁）和教育服务（如配音课程），关键词包括优惠、源头、兼职、租赁，品牌涉及苹果、联想、1688、维斯特、支付宝，使用场景涵盖在线购物（1688平台）、租赁服务（免押租赁）、日常消费（红包活动）和出行支付（哈啰出行）。

不喜欢：用户不喜欢儿童相关产品（如儿童阅读包）和美容护肤产品（如芦荟胶），关键词涉及儿童、美容，品牌如叫叫、完美，使用场景为儿童教育（阅读包）和美容护理（祛痘产品）。",2,complete
371484,"喜欢：用户偏好在线购物优惠活动（如红包抵用券和商品橱窗浏览），涉及品类包括服装配饰（如裙子、裤子、泳装）、美容化妆品（如眼线胶笔、睫毛膏、卸妆液膏），关键词如花呗、余额宝、支付宝（基于搜索和服务使用），品牌如滴滴青桔（点击实体）和蜜丝婷、clio珂莱欧（交易实体），使用场景为数字支付、营销互动及日常消费（如外卖、旅行相关服务）。

不喜欢：用户不喜欢美容护肤产品中的去黑头鼻贴等品类（基于未点击商品实体），或如薇品牌相关商品（与点击行为中优惠活动偏好相反）。",2,complete
992303,"喜欢：用户偏好美容护肤品类（如祛斑霜和美白产品）、厨房用品（如保温饭盒和烤肉盘），关键词包括源头货、平价商品和宝藏商品，品牌涉及1688电商平台和御雪，使用场景聚焦在线批发购物（如1688平台）和日常厨房应用（从交易实体如调料酒、蔬菜摊位推断）。

不喜欢：基于未点击商品，用户不喜欢眼镜类产品（如老花镜）和传统厨具（如章丘铁锅），这些特征与点击行为中的现代美容和厨房用品形成反差。",2,complete
900843,"喜欢：用户偏好园艺用品品类（如盆栽、多肉植物、肥料和花盆），关键词包括转账、租赁和回收（基于搜索记录），品牌涉及中华、金庭、一招和采芝斋（从交易行为提取），使用场景为家庭种植和在线理财（如芭芭农场和支付宝服务）。
不喜欢：用户不喜欢香氛洗衣液等家居清洁产品（基于未点击商品的特征）。",2,complete
1030230,"喜欢：偏好品类包括口腔护理（如牙膏、牙刷）、电子产品（如手机）、金融优惠（如现金红包）和美容护肤（如洁面乳、眼膜贴）；关键词涉及现金、红包、理财、优惠券；品牌偏好高露洁、苹果、中国黄金、1688；使用场景为日常清洁、在线购物省钱、金融消费和家庭生活。

不喜欢：基于未点击商品，不喜欢化妆品（如口红）、保健品（如维生素片）、洗发水、高端护肤（如羊胎素套）和防晒产品（如喷雾），这些特征与点击行为中的平价、实用品类相反。",2,complete
1283229,"喜欢：用户偏好电商购物品类（如1688平台的商品橱窗和大牌平替），关键词包括红包、出行和优惠券，品牌如1688和优酷，使用场景涉及在线消费（如领红包）和娱乐观看（如万古剑神视频内容）。

不喜欢：用户不喜欢儿童教育产品（如阅读体验课和铅笔）及特定品牌礼品卡（如Nike电子礼品卡），基于未点击行为与点击的电商娱乐特征相反。",2,complete
804332,"喜欢：用户偏好金融投资品类（如基金、债券和医疗险），关键词包括支付宝、基金名称和流量卡，品牌如好医保、中国联通和苹果，使用场景涉及理财管理、通信服务和健康保障。
不喜欢：用户不喜欢特定医疗险条件（如0免赔版本），避免iPhone14租赁和1688平价商品，偏好品牌或高端选项而非低价平台。",2,complete
424089,"喜欢：偏好健康保险（如好医保、百万医疗险）、健身器材（如健腹轮）、家居用品（如保温杯、枕头、收纳盒）、个人护理（如香氛洗衣液、抽纸）、科技产品租赁（如租手机、流量卡）和优惠购物（如火车票优惠、黄金红包），品牌涉及好医保、苏泊尔、雅诗兰黛、植护等，使用场景包括健康管理、家庭生活、运动公益（如支付宝运动、公益捐步）和积分签到优惠。

不喜欢：对剃须刀等个人护理产品（如胶囊剃须刀）和快速商品橱窗浏览不感兴趣。",2,complete
1709085,"喜欢：该用户偏好美容护肤品类（如OGM玻尿酸肌底精华液、颐莲补水喷雾），关键词包括租手机、现金红包、宝藏平价、1688和公共营养师，品牌涉及OGM、北京同仁堂、炊大皇、颐莲和植护，使用场景涵盖个人日常护理（肌底精华液使用）、健康保险管理（好医保·长期医疗）、家居烹饪（超轻不粘锅）、汽车娱乐（车载U盘）和在线教育（少儿美术包）；同时关注金融红包（黄金红包、新人红包）和租赁服务（手机租赁）。

不喜欢：基于未点击商品，用户不喜欢悬挂式抽纸等纸制品（如植护悬挂式抽纸），以及对高保额医疗险产品（如400万元保额医疗险）缺乏兴趣，与点击行为中偏好平价实用商品的特征相反。",2,complete
1104461,"喜欢：偏好品类包括电子产品租赁（如苹果手机）、健康护理产品（如脚气水）、食品零食（如芒果干）和通信服务（如流量卡）；关键词涉及苹果、租赁、医保和公益；品牌如苹果、同仁堂、1688和中国移动；使用场景如设备短期租赁、健康问题解决、在线平价购物和移动通信管理。

不喜欢：基于未点击商品特征，不喜欢大牌同源或高端品牌商品（如1688平台的大牌同源好物），偏好相反平价实用产品。",2,complete
754572,"喜欢：用户偏好品类包括健康保险（如好医保百万医疗险）、通信服务（如流量卡和话费优惠）、教育娱乐（如叫叫阅读和小熊美术课）、回收服务（如黄金回收和旧衣回收）以及优惠活动（如打车折扣和购物券）；关键词涉及医疗、流量、阅读、美术、回收；品牌如资生堂（红水）、苏泊尔（保温杯）、中国联通、滴滴；使用场景集中在支付宝平台，用于健康保障、通信优化、儿童教育和环保回收等实用需求。

不喜欢：用户不喜欢运动品牌（如Nike）和电子礼品卡，与点击的实用服务（如医疗险和回收）形成鲜明对比，表明对虚拟礼品和运动类产品缺乏兴趣。",2,complete
696114,"喜欢：用户偏好品类包括金融管理（如现金、红包、转账）、任务型娱乐（如抽奖、小游戏、任务）、餐饮服务（如外卖、点餐）、健康活动（如健身、运动）和公益参与（如种树、慈善）；关键词涉及麦当劳、必胜客、月月赚、运动；品牌如支付宝、饿了么、蚂蚁庄园；使用场景涵盖日常任务打卡、娱乐消费和健康维护。

不喜欢：基于未点击商品，用户对医疗健康服务如牙齿种植（口腔医院、种牙）不感兴趣。",2,complete
916404,"喜欢：用户偏好品类包括电子产品租赁（如iPhone）、美容护肤产品（如抗皱面霜、洁面乳）、珠宝首饰（如黄金手链）和个人护理用品（如剃须刀），关键词涉及""租赁""、""美容""、""黄金""、""清洁""，品牌偏好苹果、中国黄金、至本和1688平台，使用场景主要为在线购物、设备升级租赁、日常美容保养和游戏娱乐互动。

不喜欢：用户不喜欢男士时尚配饰如真皮皮带，这与点击行为中偏好电子产品、美容护肤等品类相反，表明对时尚配饰或特定品牌如巴迪克保罗缺乏兴趣。",2,complete
1134916,"喜欢：用户偏好家居清洁品类（如免手洗拖把），关键词包括免押金、租赁、上门服务（基于搜索""零押金""、""免押租赁""、""上门""），品牌如小小好物（点击商品实体），使用场景为家庭维护和省时便利服务（交易行为涉及外卖订单、快递，服务使用包括生活缴费）。

不喜欢：用户不喜欢个人护理产品如香水、牙膏和剃须刀（未点击商品实体），这些品类与点击的家居清洁特征相反，表现为对高端美容（香水小样）和口腔/剃须设备（美白牙膏、电动剃须刀）的回避。",2,complete
1622888,"喜欢：用户偏好金融服务品类（如医疗险、贷款和红包），关键词包括""百万医疗""、""好医保""、""购物金""和""免费体验""，品牌涉及蚂蚁保和好医保，使用场景为健康保障、省钱购物和通过支付宝平台进行数字任务赚钱（如领现金、做任务）；同时，对食品品类（如乳制品、鸡蛋和水果）及超市购物（如大润发）也有兴趣。

不喜欢：用户不喜欢口腔医疗服务（如种植牙和口腔医院）及汽车相关产品（如影豹混动版），基于未点击行为与点击的医疗险特征相反。",2,complete
634581,"喜欢：偏好品类包括促销优惠（如现金红包、购物金）和食品饮料（如啤酒）；关键词涉及""现金红包""、""新人红包""、""优惠券""；品牌如百威、美宜佳、银泰百货；使用场景为省钱购物、新人福利和日常消费（如逛商品橱窗、领啤酒券）。

不喜欢：基于未点击商品，不喜欢1688平台相关的大牌平替内容（如批发类推广），与点击行为中偏好直接优惠而非平台下载相反。",2,complete
1951992,"喜欢：该用户偏好游戏和数码娱乐品类，关键词包括传说之盔、再战勇者大陆、大天使之杖等游戏装备，品牌如聚和网络科技，使用场景涉及移动应用下载（如IOS官方下载）和在线商品橱窗浏览，结合服务使用中的互动小游戏和支付宝运动，体现休闲娱乐兴趣。

不喜欢：该用户不喜欢个人护理用品品类，如剃须刀，关键词如高颜值剃须刀，品牌如贝壳，使用场景与实用个人护理相反，基于未点击商品特征与点击的游戏内容形成对比。",2,complete
732219,"喜欢：用户偏好交通出行服务（如滴滴打车）、食品消费（如咖啡、吐司）、房地产查询（如二手房）和低价促销活动（如0.1元抢购），关键词包括滴滴、公交、肯德基和装修宝典，品牌涉及滴滴出行、肯德基和天猫好房，使用场景涵盖日常出行、餐饮消费和线上购物促销。

不喜欢：基于未点击商品，用户不喜欢咨询类装修服务或非促销装修内容，如装修宝典手册大全和咨询即送装修宝典，反映出对免费咨询或全面手册形式的装修信息缺乏兴趣。",2,complete
632045,"喜欢：用户偏好艺术教育类内容（如手指画体验课和绘画礼包），美容健康产品（如祛斑霜和美白霜），以及医疗保健服务（如好医保）；关键词包括""手指画""、""祛斑""和""商品橱窗""；品牌涉及小熊美术、御雪和好医保；使用场景涵盖在线学习、健康管理和购物浏览（如商品橱窗）。

不喜欢：用户对物理艺术用品（如绘画画具套）和电子礼品卡（如Nike代金券）不感兴趣，这与点击的虚拟服务（如体验课）和健康产品特征相反。",2,complete
213328,"喜欢：用户偏好水果品类（如芒果、车厘子），关键词如榴莲蛋糕、信用卡和公益相关（捐步、种树），品牌如中国移动、支付宝和维格美，使用场景包括日常消费（餐饮小吃、红包）、金融服务（转账、理财）和公益慈善（公益捐步、种果树），基于交易行为中的水果、手机费和公益实体，服务使用中的支付宝运动、公益捐步，以及搜索关键词中的榴莲蛋糕、信用卡。

不喜欢：用户不偏好个人护理产品（如剃须刀、老花镜）、服装（如t恤、皮带）、健身器材（如健腹轮）和口腔服务，基于未点击商品中的剃须刀、老花镜、t恤、皮带、健腹轮和看牙券等实体词，与点击行为中泛泛的商品橱窗浏览形成反差。",2,complete
1790387,"喜欢：用户偏好家居用品品类如乳胶枕头（品牌晚风记忆）和电子产品品类如降噪耳机（品牌迪士尼），关键词包括""提升睡眠质量""和""通话降噪""，使用场景涉及睡眠改善和日常通讯；同时基于交易行为，偏好食品饮料品类如零食（如薯片、瓜子）、凉茶（如王老吉）和快餐（如螺蛳粉），品牌如康师傅和lay’s乐事，使用场景包括餐饮小吃和超市购物，搜索关键词如""消费券""和""红包""也反映对实惠消费的兴趣。

不喜欢：用户不喜欢希尔顿品牌的乳胶枕，基于未点击商品与点击行为相反的特征，表明对该品牌或类似高价家居产品的不偏好。",2,complete
1712153,"喜欢：用户偏好出行服务品类，特别是打车相关优惠，关键词包括滴滴、打车券、福利和商品橱窗，品牌如滴滴出行，使用场景涉及在线出行和优惠券获取（基于点击商品标题和实体词，以及服务使用实体中的打车网约车、搜索关键词中的顺风车等数据）。

不喜欢：用户不喜欢家居用品（如冰丝席）、时尚配饰（如太阳镜）、美容产品（如芦荟胶）和保险产品（如医疗险），这些品类与点击行为中的出行服务特征相反（基于未点击商品标题和实体词）。",2,complete
276266,"喜欢：用户偏好医疗健康品类（如百万医疗险、好医保品牌）、金融理财（如现金红包、理财、转账）、日常用品（如保温饭盒、植护抽纸），关键词包括现金、医疗、签到，使用场景涉及在线赚钱（如赚现金、天天签到）、健康保障（如疫苗预约）和日常消费（如电费充值）。
不喜欢：用户不喜欢时尚配饰（如太阳镜、欧珀拉品牌）、护肤品（如黄芪霜、倾龄品牌）以及平价商品（如烤肉盘），关键词包括太阳镜、黄芪霜，使用场景涉及美容护肤和户外活动。",2,complete
1608181,"喜欢：用户偏好品类包括金融保险（如医疗险、信用免押租赁）、回收服务（如旧衣回收、黄金回收）和租赁产品（如手机、航拍机）；关键词集中于现金、回收、租赁、医疗；品牌涉及蚂蚁保、好医保、人人租、大疆；使用场景为理财（如省钱优惠、信用免押）、健康保障（如百万医疗体验）和环保回收（如旧物上门回收）。

不喜欢：用户不感兴趣于品类如电子配件（如保护壳、数据线）和清仓商品；关键词如降价清仓；品牌如苹果严选；使用场景为被动浏览（如商品橱窗），与点击行为中主动参与的租赁和回收服务相反。",2,complete
1160572,"喜欢：用户偏好电子产品租赁（如手机和iPhone，涉及品牌Apple、人人租）、手机配件（如钢化膜）、交通票务优惠（如火车票立减券）、饮料和白酒折扣（如五粮液、乳酸菌）、旧物回收服务（如旧衣服回收），关键词包括免押金、信用免押、立减券、租赁，使用场景为节省成本的租赁购物、环保回收和支付宝便捷服务。

不喜欢：用户不偏好奢侈品租赁服务（如租包），基于未点击行为中与点击的实用电子产品租赁相反的特征。",2,complete
1750646,"喜欢：用户偏好电子产品租赁品类（如手机和平板电脑），关键词包括免押金、租赁和维修，品牌倾向苹果和华为，使用场景涉及在线支付（如支付宝、余额宝）、公益理财（如蚂蚁庄园、公益种树）和数字服务消费（如商品橱窗浏览）。

不喜欢：用户不喜欢旅行票务相关服务，如火车票和学生票优惠券（基于未点击商品特征与点击行为相反）。",2,complete
1539735,"喜欢：用户偏好家庭维修和安全服务品类，特别是防水补漏和漏水勘测，关键词包括漏水维修、精准测漏和消防知识（如消防学习平台），品牌如垒固防水，使用场景涉及上门服务和家庭安全维护（如内外墙勘测）。

不喜欢：用户对黄金回收服务不感兴趣，如阅宝黄金回收，与点击的维修服务特征相反。",2,complete
935165,"喜欢：用户偏好浏览商品橱窗，结合交易和服务数据，喜欢食品品类如烤鱼、汉堡和甜品（如爽麻烤鱼、汉堡胚、奶茶茶饮），品牌如必胜客、瑞幸咖啡luckincoffee和支付宝，使用场景包括购物探索、公益捐赠（如公益基金会、爱心饭卡）和旅行支付（如火车票、高铁站），关键词涉及租赁服务（如租手机平台、免押金租车）和回收（如旧衣服回收）。

不喜欢：用户未点击抽纸商品（如优品汇商城抽纸30包），表明不喜欢家居日用品品类如抽纸和清洁产品（如洁厕灵、洗衣皂），基于该未点击行为与点击浏览商品橱窗的探索倾向相反。",2,complete
801377,"喜欢：该用户偏好电子产品品类（如苹果手机、电脑租赁）、美容护肤（雅漾补水喷雾）和家居工具（锻打菜刀、超声波清洗机），关键词包括租赁、苹果、现金红包、优惠和免押金，品牌倾向苹果、雅漾、华为和人人租，使用场景涉及在线租赁服务（如租手机平台）、优惠购物（如消费券、红包）和理财管理（如余额宝、花呗）。

不喜欢：该用户不喜欢休闲运动鞋类产品，如吱积分品牌的运动鞋，这与点击的电子产品、美容和工具类商品特征相反。",2,complete
722964,"喜欢：用户偏好医疗险（特别是好医保品牌）和奢侈品回收服务，偏好品类包括健康保险和闲置资产处理，关键词如医疗险、回收、钻石钻戒、名表，品牌以好医保为主，使用场景涉及健康保障和闲置物品变现。

不喜欢：用户对某些医疗险产品（如热卖版本）不感兴趣，基于未点击商品特征（如""百万医疗险热卖中""），与点击行为中偏好免费体验和回收服务相反。",2,complete
913140,"喜欢：用户偏好个人护理品类（如洗发水、护发素、沐浴露）、家居清洁品类（如抽纸、懒人拖把）、美容护肤品类（如熬夜修护套装）和食品品类（如大闸蟹礼盒），关键词包括亲肤、柔软、加厚、柔韧、补水修护和现金红包，品牌如水木年华、肌安妮、小小好物和甄臻，使用场景涉及家庭日常清洁、个人美容护理、在线购物和礼品赠送。

不喜欢：用户不喜欢普通家用纸巾品类，特别是无品质描述的产品（如无亲肤或加厚特征），品牌如名销精品，使用场景为日常家用但缺乏品质保证。",2,complete
1612729,"喜欢：用户偏好品类包括电子产品（如iPhone、租赁服务）、美妆（如粉饼、口红）、出行服务（如打车、火车票）、金融产品（如黄金、医疗险）和优惠活动；关键词涉及夏日、福利、优惠、红包、券、打车、租赁、医疗；品牌偏好苹果、滴滴、阿玛尼、颐莲、苏泊尔、雅诗兰黛、中国联通；使用场景为夏日消费、在线购物优惠、出行便利和健康保障。

不喜欢：基于未点击商品，用户不喜欢珠宝首饰类产品（如珍珠手链），品牌如周六福，关键词如清洗机。",2,complete
1520319,"喜欢：用户偏好平价商品和省钱活动，品类包括个人护理（如沐浴露、洗发水）、食品（如纯牛奶）、数码产品（如手机回收）和公益服务（如芭芭农场）；关键词涉及优惠券、红包、租赁（如免押租机）和回收；品牌倾向支付宝生态（如蚂蚁庄园、拼多多）；使用场景集中于日常消费（如早饭）、休闲娱乐（如养小鸡游戏）和公益参与（如捐步）。

不喜欢：用户不喜欢大牌高端商品，基于未点击行为中与大牌相关的特征（如""大牌同源好物""），表现为对高价或品牌溢价内容的回避。",2,complete
1553612,"喜欢：该用户偏好娱乐品类如视频观看和商品橱窗，关键词包括红包、手机和消费节，品牌涉及优酷、支付宝和拼多多，使用场景集中于在线娱乐（如优酷视频）、领取红包（如新人红包）及参与公益理财活动（如芭芭农场种树）。
不喜欢：该用户不喜欢批发购物品类如平价商品和大牌同源，关键词如宝藏和1688，品牌如1688平台，使用场景涉及批发采购和寻找大牌同源商品。",2,complete
1543903,"喜欢：偏好清洁用品和家居品类（如垃圾桶、桌上垃圾桶），关键词包括源头、红包和大牌同源，品牌如1688，使用场景为在线购物平台浏览和获取新人优惠（如新人红包）。

不喜欢：基于未点击商品与点击行为相反的特征，用户不喜欢强调宝藏或平价的商品（如宝藏平价商品），可能与缺乏额外优惠或特定促销相关。",2,complete
1750118,"喜欢：用户偏好医疗保健品类（如百万医疗险和好医保）、口腔护理品类（如益生菌亮白牙膏），关键词包括""医疗""、""益生菌""、""1688""和""支付宝""，品牌如""蚂蚁保""、""星巴克""和""1688""，使用场景涉及健康管理（如保险购买）、口腔卫生维护和在线购物（如电商平台浏览）。
不喜欢：基于未点击的仿皮凉鞋商品，用户不喜欢鞋类品类（如凉鞋），关键词如""凉鞋""，使用场景为日常穿着或时尚消费。",2,complete
1739121,"喜欢：用户偏好医疗健康保险品类，特别是好医保品牌的免费体验产品（如百万医疗险、0免赔），关键词包括""免费体验""、""智能起名字""和""商品橱窗""；使用场景集中于健康保障和便捷在线服务（如1688购物平台），反映出对智能解决方案和零成本试用的兴趣。

不喜欢：用户不喜欢付费或促销导向的医疗险产品（如涉及保费、安心豆的版本），以及强调传统特征的起名服务（如""好听、易记""），体现出对免费体验和智能特性的回避。",2,complete
1080319,"喜欢：用户偏好安全装备品类（如电动车头盔）、食品品类（如零食），关键词包括防摔、安全、零食、百万医疗，品牌如有品、百草味、好医保，使用场景涉及抢券（如零食券）、商品橱窗浏览、以及保险免费体验（如百万医疗险）。

不喜欢：基于未点击行为，用户不喜欢化妆品品类（如雅诗兰黛）、金融产品（如黄金红包），以及对纯保障型保险优惠形式（如最高400万元保障）不感兴趣。",2,complete
234174,"喜欢：该用户偏好汽车相关品类（如纯电车和试驾新车），对阿维塔品牌感兴趣，使用场景集中于出行和优惠券领取（如咖啡券）；关键词包括车辆租赁和网约车，品牌涉及支付宝等支付工具，交易和服务行为支持出行主题（如滴滴出行、新车销售）。

不喜欢：该用户不喜欢游戏下载和红包领取类内容，基于未点击行为（如新人红包、现金红包）与点击的汽车主题相反，反映出对虚拟娱乐和现金奖励的缺乏兴趣。",2,complete
409197,"喜欢：偏好品类包括手机租赁（如苹果14ProMax）、医疗健康保险（如好医保）、出行打车服务（如滴滴）和游戏娱乐（如方块大作战）；关键词如租赁、医疗、打车、心理咨询；品牌偏好苹果、滴滴、好医保；使用场景聚焦于省钱租赁电子设备、健康保障、便捷出行和休闲娱乐。
不喜欢：基于未点击商品，不喜欢黄金投资类红包（如银泰百货黄金红包）、大额购车消费（如0首付购smart精灵）以及特定品牌如华为或阿维塔，与点击的租赁和医疗行为形成鲜明对比。",2,complete
1218969,"喜欢：该用户偏好教育类课程（如少儿阅读、趣味绘画、营养师备考和心理咨询）、出行服务（如滴滴打车）、金融福利（如黄金红包和医疗保障）以及购物优惠（如保温杯和BMW新车）；关键词包括滴滴、阅读、绘画、医疗险、BMW；品牌涉及滴滴出行、苏泊尔、BMW、银泰百货、叫叫阅读和小熊美术；使用场景涵盖在线学习、日常通勤、健康保障和购物消费。

不喜欢：该用户不喜欢手机摄影技巧和Excel办公效率提升课程，基于未点击商品的特征。",2,complete
970675,"喜欢：用户偏好出行服务（如打车券包）、平价商品（如宝藏烤肉盘）、电子产品（如电脑和光驱）、运动装备（如跑步鞋和运动鞋）、办公用品（如本子和草稿纸）以及金融理财（如基金和余额宝），关键词包括""新能源""、""租赁""和""回收""，品牌涉及滴滴出行、联想、安踏和支付宝，使用场景涵盖日常通勤、学习工作、理财投资和娱乐公益。

不喜欢：用户不喜欢清洁产品（如垃圾桶和桌上垃圾桶）以及新人优惠（如新人红包），基于未点击行为与点击的出行和商品服务相反。",2,complete
1545630,"喜欢：用户偏好搬家服务、金融优惠（如购物金、黄金红包）、安全防护产品（电动车头盔）、交通票务（火车票）和高端电子产品（iPhone14pro），品牌倾向苹果、有品、银泰百货、飞猪旅行和蚂蚁搬宝，使用场景集中在出行（如搬家、火车票）、电商浏览（商品橱窗）和租赁服务（人人租），关键词包括租赁、苹果产品、安全帽和火车票。

不喜欢：用户不喜欢平价电商平台1688的商品（如宝藏平价或大牌同源），以及特定品牌小小好物的安全产品（如电动车头盔），与点击行为相比，偏好更知名品牌和特定平台而非低价选项。",2,complete
1337867,"喜欢：用户偏好品类包括手机租赁、口腔健康服务（如种植牙和牙齿矫正）、乳酸菌饮品、消费券服务、电子证件照、宝宝起名服务、火车票预订和1688购物平台；关键词如租手机、消费券、乳酸菌、证件照、宝宝起名、火车票、口腔；品牌涉及味动力、均瑶、1688、飞猪旅行、福能海峡口腔医院、玩星；使用场景涵盖租赁消费（如免押金租手机）、健康优惠（如看牙补贴）、家庭便利（如宝宝起名）、日常购物（如商品橱窗）和出行规划（如火车票优惠）。

不喜欢：用户不喜欢医疗险（如好医保），与点击的消费导向服务（如口腔健康优惠和租赁）形成明显反差。",2,complete
735738,"喜欢：该用户偏好医疗险品类（如好医保品牌），关键词包括医疗、打车和优惠券，品牌涉及滴滴、高祖生煎和蚂蚁保，使用场景为在线保险购买（如百万医疗险）、日常出行节省（如滴滴打车折扣）和餐饮消费（如咬不得优惠）。

不喜欢：基于未点击商品，用户不喜欢租赁服务（如iPhone租赁）、潮玩物品和黄金投资，关键词涉及租赁、潮玩和黄金，品牌如人人租和银泰百货，使用场景为设备免押租赁和购物红包活动。",2,complete
174188,"喜欢：用户偏好平价商品（如1688平台的宝藏商品）、电子产品（如蓝牙无线耳机）和服装（如真皮皮带），品牌包括巴迪克保罗和每日甄品；使用场景涉及支付宝生态的缴费服务（如电费、话费）、游戏（如芭芭农场、蚂蚁庄园）和公益慈善，关键词如""宝藏""、""平价""和回收租赁相关搜索（如上门回收、免押金租赁）。
不喜欢：用户不喜欢流量卡相关服务，特别是中国电信和联通的流量产品（如高速流量卡），基于未点击商品的特征与点击行为相反。",2,complete
902247,"喜欢：用户偏好骑行安全装备品类（如电动车头盔、防摔安全帽）和视力保护产品（如防蓝光老花镜），关键词包括""防摔""、""安全帽""、""防蓝光""，品牌倾向有品和欧珀拉，使用场景涉及电动车骑行防护和日常视力辅助。

不喜欢：用户对电子配件品类（如充电宝、口袋电池）和商品橱窗浏览服务缺乏兴趣，表现为未点击相关商品。",2,complete
1029611,"喜欢：用户偏好食品品类如水果（阳光玫瑰葡萄、青提葡萄、千禧圣女果）、蔬菜（西红柿、佛手瓜、甘蓝）和健康产品（灵芝孢子粉、灵芝片、六味地黄丸），家电品牌如公牛、华为，使用场景包括日常购物（生鲜果蔬超市、华联超市）、健康保健（正京元大药房、胡庆余堂国药号）和公益慈善（捐赠、慈善基金会），关键词涉及公益、健康、杭州、缴费（水费、电费）和水果相关搜索（蜜雪冰城、外卖）。

不喜欢：用户不喜欢健康养生课程类内容，如教育或深度健康指导，基于未点击商品实体词（健康养生课、千聊、华佗）与点击行为（快速浏览商品橱窗）相反的特征。",2,complete
1645528,"### 用户兴趣偏好总结（场景2）
喜欢：该用户偏好餐饮品类如生煎（鑫震源苏式生煎、鲜肉生煎）和快餐（必胜客、麦当劳），关键词包括出行（低碳出行、出行券）和红包（现金红包、优惠券），品牌如Apple（苹果产品、app store）和耐克（运动裤、运动袜），使用场景涉及在线购物（商品橱窗、淘宝）、理财（余额宝、理财服务）及出行服务（火车票、地铁）。  
不喜欢：该用户对电子证件照服务（证件照、电子证件照）和租车服务（滴滴租车）不感兴趣。",2,complete
775119,"喜欢：偏好品类包括医疗保健和游戏娱乐，关键词如医疗保障金、现金红包、光与魔法，品牌如好医保、蚂蚁保、聚和网络科技，使用场景为在线金融管理（如红包领取和保险服务）和移动游戏下载（如IOS游戏应用）。
不喜欢：基于未点击商品中与点击行为相反的特征，用户不喜欢家居用品（如厨房铁锅）和个人清洁设备（如眼镜首饰清洗机），表现为对实体商品和日常器具的回避。",2,complete
593137,"喜欢：用户偏好健康保险品类（如百万医疗险、好医保），关键词包括""医疗""、""租赁""、""免费体验""，品牌如蚂蚁保、人人租、滴滴，使用场景涉及在线金融服务、健康管理和设备租赁；同时青睐教育课程（如小熊美术、营养饮食课）、出行服务（如滴滴打车）和家居用品（如冰丝席、收银机），反映对健康保障、科技租赁、学习提升及日常便利的强烈兴趣。

不喜欢：基于未点击商品，用户不喜欢廉价促销商品（如""宝藏""）和特定厨房用具（如烤肉盘），与点击行为中健康保险、租赁服务等高端或功能性内容形成反差。",2,complete
1934849,"喜欢：用户偏好租赁服务（如电子产品租赁特惠、大疆航拍机、iPhone14）、回收服务（旧衣服免费上门现金回收）、教育产品（少儿美术绘画礼包）、健康保险（好医保、百万医疗险）、食品优惠（乳酸菌饮品）；搜索关键词显示兴趣在基金（如华泰柏瑞、银华基金）、理财、红包、租机；品牌偏好蚂蚁保、饿了么、人人租；使用场景为优惠活动（红包、抽奖）、任务完成（做任务、签到）、金融管理（转账、理财直播）。

不喜欢：用户不喜欢400万元保额医疗险产品，可能与高保额特征相关，基于未点击行为。",2,complete
1413129,"喜欢：用户偏好家居消耗品类如卷纸，关键词竹浆卷纸和商品橱窗（促销活动），品牌兴琪兴，使用场景在线免费领取日常用品活动，基于点击行为体现对节能环保家居产品的兴趣。

不喜欢：用户不感兴趣于服装配饰品类如真皮皮带和厨房工具品类如菜刀，关键词真皮和锋利，品牌巴迪克保罗和雷兔，使用场景时尚或烹饪场景，基于未点击商品与点击行为相反的特征推断。",2,complete
1545051,"喜欢：用户偏好健康品类如艾草枕头和颈椎枕头，关键词包括红包、现金和省钱（从搜索关键词体现），品牌如晨艾坊（从点击商品体现），使用场景涉及健康维护（如颈椎护理）和参与省钱活动（如领现金红包）。

不喜欢：用户不喜欢保险类产品，如医疗险（从未点击商品体现）。",2,complete
1278488,"喜欢：偏好品类包括口腔护理产品（如牙膏）和水果，关键词如美白、护齿、小苏打，品牌如高露洁，使用场景为个人日常卫生护理（基于点击商品实体词如护齿牙膏、高露洁、小苏打牙膏，以及交易行为中的芭芭农场和服务使用中的水果、果树）。

不喜欢：偏好品类为时尚配饰（如太阳镜）、鞋类（如凉鞋）、个人护理工具（如电动剃须刀）、清洁工具（如拖把）、洗涤用品（如洗衣液）和金融服务（如医疗保险），关键词如防紫外线、防滑、香氛，品牌如欧珀拉，使用场景涉及户外时尚、家居清洁和金融管理（基于未点击商品实体词如太阳镜、凉鞋、电动剃须刀、免手洗拖把、香氛洗衣液、好医保，与点击行为的口腔护理和日常护理特征相反）。",2,complete
1119997,"喜欢：用户偏好背包品类（如双肩背包），关键词涉及电子设备（手机、电脑、租赁服务）、金融分期（免押租赁、分期免息）和在线购物（电商平台、快递物流）；品牌倾向小米和苹果；使用场景包括户外活动（防水加厚设计）和在线购物（支付宝、电商服务）。

不喜欢：用户不喜欢鞋类（如仿皮凉鞋）和外卖优惠券服务（如饿了么券包），基于未点击商品与点击背包行为相反的特征。",2,complete
460735,"喜欢：用户偏好出行服务（如滴滴打车）、电子产品（如迷你充电宝）、安全防护设备（如电动车头盔）、珠宝清洁工具（如黄金珠宝清洗器）、护肤品（如Avene活泉水喷雾）和装饰品（如转运珠手串），品牌包括滴滴、贝壳、有品、绅雅士、Avene、smart和星巴克，使用场景涉及交通（公交、打车）、娱乐（电影票）、健康（支付宝运动）和公益（捐步）。  
不喜欢：用户对服装类产品（如家居服）和防晒护肤品（如防晒喷雾）不感兴趣。",2,complete
672192,"喜欢：用户偏好电子产品品类如无线蓝牙耳机和电动剃须刀（品牌如婠偲、德国），户外装备如电动车头盔和太阳镜（品牌如有品、维斯特），服装如休闲短裤和套装（品牌如卫鲨），健康设备如体脂秤（品牌如爱木森），以及零食如果脯和芒果干（品牌如百草味）；关键词包括支付、手机、优惠券（基于搜索）；使用场景涉及购物、旅行（如火车票、登机箱）、健康管理和休闲娱乐（如电影票、公益种树）。

不喜欢：用户不喜欢软底运动鞋（基于未点击商品），以及贝壳和南极人品牌的剃须刀（与点击的德国剃须刀相反，表明不偏好这些品牌或便携/水洗类型）。",2,complete
1082739,"喜欢：用户偏好家居用品品类（如抽纸和玻璃杯），品牌包括五季和甄臻；使用场景涉及家庭日常（如厨房或清洁）和公益捐赠（基于服务使用实体如蚂蚁庄园、公益种树）；关键词显示对数码、电影票和健康服务（如核酸检测、献血证）的兴趣。

不喜欢：用户不喜欢服装类商品，如纯棉t恤，基于未点击行为与点击家居用品的相反特征。",2,complete
519271,"喜欢：用户偏好医疗险品类（如好医保品牌），关键词包括""医疗险""和""起名""，品牌涉及好医保、蚂蚁保和星巴克，使用场景为在线保险购买（如免费体验400万保额）和起名服务（时尚大气风格）；同时关注汽车试驾（smart精灵#1）和商品橱窗购物，体现健康保障和个性化消费兴趣。

不喜欢：基于未点击商品，用户不喜欢智能起名特征（与点击的起名服务相反，如未点击""在线智能起名字""）和1688平台的宝藏平价商品（如烤肉盘等，与点击的商品橱窗购物行为相悖）。",2,complete
1449998,"喜欢：用户偏好医疗健康保险品类（如高保额短期医疗险，关键词包括""百万医疗""、""医疗保障金""），品牌涉及好医保和蚂蚁保；同时热衷电子产品租赁（如苹果手机和大疆航拍机，品牌包括人人租和苹果），使用场景聚焦健康保障和设备租赁娱乐；此外，对优惠活动（如降价、补贴）和支付服务（如支付宝相关）有较高兴趣。

不喜欢：用户不喜欢长期医疗险产品（如好医保·长期医疗），与点击的短期体验式医疗险（如""首月最低0.01元""）形成鲜明对比。",2,complete
1362508,"喜欢：用户偏好品类包括交通罚款缴纳、新车购买和平价购物平台（如1688），关键词如交警罚单、宝藏、BMW i3，品牌涉及BMW和1688，使用场景为交通出行、汽车消费和在线购物支付账单。

不喜欢：用户不喜欢个人护理产品（如电动剃须刀）和服装类商品（如短裤、运动鞋、皮带），基于未点击行为中与点击偏好相反的特征。",2,complete
502412,"喜欢：用户偏好个人护理品类如剃须刀（智能、电动类型）和时尚配饰如蛤蟆镜，关键词包括""智能""、""电动""和""蛤蟆镜""，品牌涉及南极人、格卡诺和卡文迪许，使用场景为日常个人护理、时尚购物及浏览低价促销商品（如商品橱窗和0.01元好物）。

不喜欢：用户不喜欢医疗健康产品（如好医保）、口腔护理用品（如牙膏）、交通票务（如火车票）及安全装备（如电动车头盔），基于未点击商品中与点击行为（个人护理和时尚）相反的特征。",2,complete
1230887,"喜欢：偏好品类为食品（特别是快餐和烘焙），关键词包括吐司、咖啡和肯德基相关术语（如大神卡），品牌如肯德基（KFC），使用场景为早餐或休闲餐饮（基于点击商品""吐司配咖啡""及交易行为中的早餐店、餐饮小吃实体）。
不喜欢：基于未点击商品""乳胶枕""，不喜欢家居用品品类（如枕头），与点击食品行为相反的特征（非食品类商品）。",2,complete
1926577,"喜欢：用户偏好现金红包、源头一手价商品和1688平台等在线购物品类，关键词包括现金、红包、源头和1688，品牌涉及1688，使用场景集中于日常消费、支付服务（如支付宝、花呗）和数字娱乐（如抽奖、游戏）。
不喜欢：用户对医疗相关产品如百万医疗不感兴趣，基于未点击行为与点击的消费优惠特征相反。",2,complete
1165826,"喜欢：该用户偏好医疗保健品类（如高保额医疗险），关键词包括医疗险、抽纸和凉鞋，品牌如蚂蚁保和清风，使用场景涉及健康管理（如保险购买）、家居清洁（如抽纸使用）和夏季时尚穿着（如防滑凉鞋）。

不喜欢：该用户不偏好免费或低成本医疗险产品（如好医保），以及批发购物平台（如1688），这与点击行为中付费医疗险和零售商品的偏好相反。",2,complete
1729921,"喜欢：用户偏好教育类内容（如配音课程和声音技能学习）、旅行服务（如火车票预订），关键词包括""配音""、""火车票""和""商品橱窗""，品牌涉及飞猪旅行，使用场景主要为副业技能提升和在线购物浏览。

不喜欢：用户对男士护肤产品（如洁面乳）、办公技能课程、高端电子产品（如iPhone手机）和厨房用品（如保温饭盒）不感兴趣，这些特征与点击的教育和旅行偏好相反。",2,complete
1946510,"喜欢：该用户偏好电子产品品类（如数据线、充电器、手机），日常消费品（如洗衣液、纸巾、牙膏），食品（如螺蛳粉、胡辣汤）和学生用品（如作业神器、同步作文）；关键词包括苹果、公益、租机；品牌涉及苹果、华为、荣耀、支付宝相关服务；使用场景涵盖学生日常生活、日常消费购物、公益参与（如公益捐步、种树）和游戏娱乐（如互动小游戏、养小鸡）。

不喜欢：基于未点击商品特征，用户不喜欢美容护肤品类（如补水喷雾）和保险服务（如好医保），与点击的浏览行为相反。",2,complete
1966616,"喜欢：用户偏好电商购物品类（如1688批发平台和宝藏平价商品），关注数码家电关键词（如苹果、华为、vivo手机），青睐品牌如苹果、华为和小米，使用场景包括在线批发购物、手机购买、金融理财（如余额宝、红包服务）和游戏娱乐（如打麻将、电商平台）。

不喜欢：用户对教育类内容不感兴趣，如公共营养师培训和儿童阅读包（如叫叫阅读），避免职业培训、儿童产品及教育服务场景。",2,complete
582922,"喜欢：用户偏好浏览商品橱窗，对宠物用品（如猫砂、猫咪零食、猫绳）和饮品（如葡萄蜜桃乌龙茶、东鹏特饮、优酸乳）有强烈兴趣，关键词包括公益慈善、支付服务（如支付宝、花呗）和在线购物，品牌涉及东鹏、统一、伊利等，使用场景主要为在线探索商品、参与公益捐赠（如蚂蚁庄园）和日常支付消费。

不喜欢：基于未点击行为，用户不喜欢免押租机服务，特别是高端手机（如iPhone 14 ProMax）的租赁，反映出对手机租赁、免押金机制和苹果品牌相关产品的低兴趣。",2,complete
1096358,"喜欢：偏好医疗健康（如医疗险、养生课）、回收服务（如包包回收、旧衣回收）和家居用品（如电蒸锅、冰丝席）品类；关键词包括医疗、回收、养生、阅读；品牌如好医保、先科、杜卡逊、资生堂、叫叫；使用场景涉及健康保障、家庭生活改善和学习娱乐。

不喜欢：基于未点击的老花镜商品，不喜欢视力辅助产品（如老花镜）和品牌欧珀拉。",2,complete
359191,"### 用户兴趣偏好总结（场景2）
喜欢：该用户偏好金融和健康相关品类，如现金红包、医疗险、手机租赁；关键词包括消费券、基金、免押金租赁；品牌涉及蚂蚁保、银泰百货；使用场景聚焦在线消费（如外卖点餐、话费充值）、任务赚钱（如芭芭农场、集金蛋）和健康管理（如长期医疗险体验）。  
不喜欢：该用户不喜欢个人护理品类，如牙膏（基于未点击商品SP-4益生菌亮白护齿牙膏），与点击行为中金融和科技主题相反。",2,complete
1793383,"喜欢：用户偏好游戏品类（如永恒世纪），关键词包括现金红包和商品橱窗，品牌涉及支付宝和恺英，使用场景为在线互动和福利获取，具体表现为点击游戏下载、现金奖励活动及商品浏览服务。

不喜欢：用户不喜欢鞋类（如洞洞鞋、凉鞋）、电子产品（如充电宝）、个人护理（如剃须刀）、服装（如t恤）、安全装备（如头盔）及医疗产品，基于未点击商品中与点击游戏和现金奖励相反的实物特征。",2,complete
648043,"喜欢：用户偏好教育类（如配音课程和声音技能）、汽车试驾活动（涉及品牌阿维塔）、家居用品（如天然乳胶枕，品牌希尔顿）和金融优惠（如现金红包和咖啡券），关键词包括副业、配音、乳胶枕和咖啡券，品牌涉及希尔顿、阿维塔和瑞幸（隐含），使用场景涵盖副业学习、汽车体验、家居改善和优惠获取。

不喜欢：用户对办公效率提升课程（如Excel工作技能）和运动品牌礼品卡（如Nike电子礼品卡）不感兴趣，反映出对工作相关技能培训和运动品牌消费的回避。",2,complete
550568,"喜欢：用户偏好电商购物平台（如1688），关键词包括宝藏、源头、红包，品牌为1688，使用场景为在线浏览平价商品、下载应用获取日常用品（如垃圾桶）和优惠活动。
不喜欢：用户不感兴趣于男士护肤产品（如洁面乳），关键词如御泥坊、黑茶，品牌为御泥坊，使用场景为个人清洁控油护肤。",2,complete
281460,"喜欢：用户偏好浏览商品橱窗，涉及品类包括食品（如大米面、干果炒货、鲜鸡蛋）、日用品（如纸巾、清洁剂、收纳用品）和服装（如裤子、衬衫）；关键词如购物、消费券（从搜索词""消费券""、""租赁""推断）；品牌如心相印、维达、海天（从交易行为实体）；使用场景为线上购物浏览和日常消费（如支付宝相关服务）。

不喜欢：用户不喜欢清洁工具，如平板拖把和懒人拖把，特征包括品类为清洁用品（与未点击实体""平板拖把""、""懒人拖把""对应）；关键词如免手洗（从未点击实体""免手洗大面板""推断）；品牌如小小好物（从未点击实体""小小好物""推断）；使用场景为家庭清洁任务（如拖地等家务）。",2,complete
1370707,"喜欢：用户偏好医疗健康保险品类（如长期医疗险、百万医疗险），品牌包括好医保和蚂蚁保，关键词如免费体验、智能起名字和1688（电商平台），使用场景涉及健康保障和在线购物省钱（如平价商品和大牌平替）；同时关注电商平台1688的宝藏平价商品。

不喜欢：基于未点击商品""大牌同源好物尽在1688""（实体词1688），用户不喜欢某些1688相关的特定推广或重复电商内容，与点击行为中医疗险偏好形成对比。",2,complete
1106444,"喜欢：用户偏好优惠活动（如新人红包、现金福利）和学习课程（如易学入门精品课），关键词包括现金、红包、易学，品牌涉及宝达，使用场景为在线获取福利、浏览商品橱窗和学习新技能；同时，对家居用品（如垃圾桶）和源头厂货商品展示感兴趣。

不喜欢：用户不喜欢平价商品（如宝藏）和厨房用品（如烤肉盘），基于未点击行为与点击主题相反的特征。",2,complete
1296064,"喜欢：用户偏好品类包括服装（如纯棉t恤）、厨房用品（如保温饭盒）、电子产品（如移动电源）和家居用品（如水龙头、烤肉盘）；关键词涉及纯棉、万能、宝藏；品牌如KKDDNN、起点如日、1688；使用场景涵盖日常穿着、食物携带、设备充电、家居维修及电商购物。
不喜欢：用户不喜欢的内容包括眼镜（如防蓝光老花镜）和医疗产品（如医疗险），品牌如欧珀拉和蚂蚁保，关键词如防蓝光和医疗，使用场景为视力辅助和保险服务。",2,complete
393540,"喜欢：用户偏好通信产品（如流量靓号卡、中国联通服务）、健康保险（百万医疗险）、电子产品（苹果手机、租赁平台如人人租）、安全装备（电动车头盔）和健康管理设备（体脂秤）；关键词涉及流量、医疗、租赁和苹果；品牌包括中国联通、好医保、苹果和星巴克（间接通过咖啡券）；使用场景涵盖通信服务、健康保障、安全出行和汽车体验（如smart精灵试驾）。

不喜欢：基于未点击商品，用户不喜欢好运主题的生日号码促销（如""送您生日号码""附带好运相伴）和新人红包权益（如66元新人红包），以及特定家居用品如桌上垃圾桶或源头厂货产品。",2,complete
1359203,"### 用户兴趣偏好总结（场景2）

喜欢：该用户偏好珠宝饰品（如多宝手串、转运珠）、咖啡券（如瑞幸）和酒类（如领匠品鉴），关键词包括""手串""、""瑞幸""、""1688""和""电动车""，品牌涉及绅雅士、瑞幸、领匠品鉴、阿维塔、支付宝和星巴克，使用场景主要为在线购物（1688平台商品橱窗）、出行服务（打车、公交）和休闲活动（农场游戏、公益捐步）。

不喜欢：基于未点击商品，用户不喜欢普通服装（如纯棉t恤）和低价、非品牌商品（如平价宝藏商品），与点击的高价值或特定品类商品形成鲜明对比。",2,complete
1618419,"喜欢：用户偏好平价宝藏商品（如1688平台上的大牌同源好物），偏好品类包括食品（烧烤、小笼包）和公益服务；关键词涉及1688、宝藏、公益、消费券和红包；品牌倾向支付宝相关服务（如蚂蚁庄园）；使用场景涵盖在线购物、移动支付（花呗、扫码收款）和公益参与（蚂蚁庄园、捐步）。

不喜欢：用户不感兴趣于租车服务（光速超跑）、休闲鞋类（洞洞鞋）、品牌礼品卡（Nike电子礼品卡）和个人护理产品（护齿牙膏），这些特征与点击的平价宝藏商品形成反差。",2,complete
1979030,"喜欢：用户偏好游戏应用下载（如三国吧兄弟、长安幻想）、电商购物（1688平台）和优惠红包（新人红包），关键词包括下载、红包、1688，品牌涉及1688、九游、支付宝，使用场景为移动娱乐和在线优惠活动。
不喜欢：用户不喜欢安全防护产品如电动车头盔，与点击行为中虚拟商品和优惠活动形成鲜明对比。",2,complete
320383,"喜欢：用户偏好家居清洁品类（如香氛洗衣液和抽纸）、健康保险品类（如百万医疗险），关键词集中于现金红包、免费体验和积分相关（如签到领现金），品牌包括植护（纸巾）、苹果（电子产品）和金正（家电），使用场景涉及省钱优惠（如领红包）和健康保障（如医疗险体验）。

不喜欢：用户不喜欢持久留香洗衣液（与点击的香氛洗衣液特征相反）和长期医疗险（与点击的百万医疗免费体验特征相反），基于未点击商品行为。",2,complete
1803625,"喜欢：用户偏好品类包括手机租赁、医疗健康保险、交通服务和美容健康服务；关键词如现金红包、医疗保障、免费福利和低首付优惠；品牌涉及滴滴、苹果、好医保、啄木鸟、人人租、悟空祛痘和宝马；使用场景涵盖在线服务（如租赁和支付）、健康管理（医疗咨询和美容）、出行（打车和火车）以及优惠购物（红包和折扣）。

不喜欢：用户对珠宝手链类装饰品（如十八籽多宝手串）和被动商品橱窗浏览不感兴趣，与点击的实用服务导向相反。",2,complete
1297537,"喜欢：用户偏好平价宝藏商品（如烤肉盘等商品橱窗展示），偏好品类包括电子产品租赁回收（如手机、电脑、无人机）和支付宝服务（如芭芭农场、生活缴费），关键词涉及""宝藏""、""租赁""、""回收""、""兼职""，品牌倾向苹果、vivo、oppo等手机品牌，使用场景主要为在线购物平台（如1688）和支付宝应用中的游戏与缴费服务。

不喜欢：用户不喜欢大牌同源商品（如源头厂货）、红包权益促销（如新人红包）以及日常用品（如垃圾桶），基于未点击行为中与大牌、红包和垃圾桶相关的特征相反于点击的平价宝藏商品偏好。",2,complete
960487,"喜欢：用户偏好口腔医疗（如种植牙、爱牙工程）、高端汽车（如BMW i3、别克新能源E5）、旅行服务（如火车票）和购物优惠（如黄金红包、购物金），涉及品牌包括德伦口腔、雅诗兰黛、飞猪旅行和银泰百货，使用场景涵盖医疗咨询、汽车购买、旅行预订和在线优惠活动。

不喜欢：用户对日常家居用品如纸巾（如抽纸）和挂钩不感兴趣，这与点击行为中高价值服务（口腔医疗、汽车）和优惠活动形成相反特征。",2,complete
1064281,"喜欢：该用户偏好金融奖励和汽车相关品类，如现金红包、电动车（BMW i3）和商品橱窗浏览；关键词包括现金、红包、BMW和商品展示；品牌倾向BMW、苹果（从搜索和交易数据）和饿了么；使用场景集中于购物浏览、汽车购买（0首付）和日常消费奖励领取。

不喜欢：该用户不偏好医疗保险品类，如未点击的百万医疗险，关键词医疗和品牌蚂蚁保，与点击的金融奖励和汽车内容形成反差。",2,complete
1260578,"喜欢：用户偏好金融品类如医疗险和现金红包，关键词包括红包、现金、支付宝、玩赚、月月赚和余额，品牌涉及好医保、蚂蚁保、支付宝和来应数码，使用场景涵盖理财管理（如余额宝交易）、健康保险（如点击医疗险）、赚钱活动（如服务中的赚小钱和搜索中的玩赚）及游戏互动（如服务中的养小鸡和蚂蚁庄园）。

不喜欢：用户不喜欢纯医疗险产品，如未点击的长期医疗险，而偏好有附加激励特征（如现金红包或免费体验）。",2,complete
911778,"喜欢：该用户偏好在线购物平台（如1688的商品橱窗，涉及大牌同源好物），偏好品类包括家居清洁用品（如塑料盆、清洁刷、洗碗布）、汽车配件（如汽车挂钩、车用垃圾桶）和支付宝服务（如芭芭农场、蚂蚁庄园）；关键词涉及支付宝、蚂蚁会员、公益和运动；品牌偏好1688；使用场景包括商品浏览、支付宝互动游戏（如种果树、养小鸡）、公益活动和实用查询（如今日油价、公积金）。

不喜欢：基于未点击行为，用户不喜欢厨房刀具品类（如菜刀），尤其避免品牌雷兔，这与点击行为中偏好商品浏览而非具体厨房工具形成对比。",2,complete
2002434,"喜欢：用户偏好品类包括教育（如少儿美术课和儿童阅读包）、日用品（如卷纸）、电子产品（如苹果手机）和旅行（如机票优惠券）；关键词涉及陕西、西安市、芒果和运动；品牌如小熊美术、苹果和飞猪旅行；使用场景涵盖在线购物（如百货商场和零售电商）、家庭教育（如美术培训）和旅行预订（如机票和酒店）。

不喜欢：基于未点击的自动健腹轮，用户对健身器材类产品不感兴趣，这与点击偏好中教育、日用品和旅行等特征相反。",2,complete
1617928,"喜欢：用户偏好手机游戏品类（如三国吧兄弟、永恒世纪、长安幻想等），关键词包括红包、下载试玩和1688购物，品牌涉及支付宝、九游、恺英和apple，使用场景主要为在线娱乐（下载游戏试玩、领取红包）和移动购物（浏览商品橱窗、使用1688平台）。

不喜欢：基于未点击商品，用户不喜欢珠宝饰品品类（如手串转运珠、情侣饰品），关键词包括多宝多福和绅雅士，品牌无明确提及，使用场景为传统饰品佩戴。",2,complete
351987,"喜欢：用户偏好医疗险品类（如好医保品牌），关键词涉及""医疗""、""红包""和""租赁""，使用场景包括保险保障和赚钱活动（如点击百万医疗险、黄金红包和免押金租手机）；同时青睐1688购物平台、游戏娱乐（如三国吧兄弟）及美妆品牌（如阿玛尼），反映对金融保险、设备租赁和线上娱乐的强兴趣。

不喜欢：用户对租赁单反相机（如未点击免押租单反数码相机）、证件照服务（如未点击上传图片拍电子证件照）及苹果产品清仓（如未点击苹果严选降价清仓）不感兴趣，与点击行为中偏好手机租赁和医疗险形成明显反差。",2,complete
365995,"喜欢：用户偏好安全装备品类（如电动车头盔和防摔安全帽），关键词包括""运动""和""安全""，品牌如""有品""，使用场景涉及骑行防护、运动训练（基于交易实体中的跑步鞋、训练专用鞋）和外卖餐饮（基于服务实体中的外卖平台、点餐平台）。

不喜欢：用户不喜欢浏览商品橱窗等被动探索行为，与点击具体商品（如安全装备）的行为相反，表明对非目标性浏览或泛化展示不感兴趣。",2,complete
1132916,"喜欢：用户偏好品类包括金融促销（如现金红包、购物金）、租赁服务（如手机租赁）、日用品（如抽纸）和美容产品（如面膜），关键词如租赁、红包、消费券、苹果（从搜索和点击苹果产品），品牌如银泰和苹果，使用场景为在线购物、省钱优惠和租赁设备（基于点击商品和搜索行为）。

不喜欢：用户不喜欢品类如珠宝首饰（如珍珠手链），关键词如会员、积分，品牌如周六福，使用场景为奢侈品购买或会员服务（基于未点击商品特征与点击行为相反）。",2,complete
1719193,"喜欢：用户偏好美容护肤品类（如芦荟胶、防晒霜），关键词包括红包、消费券、能量，品牌如完美、蜜丝婷、雅鹿，使用场景涉及在线购物（如手机租赁、现金红包领取）、公益捐赠（如芭芭农场、公益慈善）和日常理财（如余额宝、花呗），具体体现在点击商品如完美芦荟胶（强调补水祛痘）、蜜丝婷防晒霜、苹果手机租赁及家居用品（泡脚桶、枕头）。

不喜欢：用户不喜欢强调淡化痘印功能的美容产品，如未点击的完美芦荟胶（标题突出修复肌肤和淡化痘印），与点击行为中偏好补水祛痘的特征相反。",2,complete
759777,"喜欢：该用户偏好家居用品（如柔软抽纸、不易破抽纸）、装修相关（装修宝典手册）和平价商品（宝藏、源头厂货），关键词包括福利、派送、0.1元抢和亲肤柔软，品牌涉及1688、宝达和乐享屋，使用场景为省钱购物、家庭日常消耗和装修参考。

不喜欢：该用户不喜欢特定功能或高价值商品（如超声波清洗机用于眼镜首饰），与日常低价消耗品相反。",2,complete
1970737,"喜欢：用户偏好品类包括服饰配件（如防晒帽）、饮品（如咖啡券）、教育产品（如趣味阅读包）和汽车相关（如试驾）；关键词涉及淘宝、瑞幸、阿维塔和叫叫；品牌偏好淘宝、瑞幸、阿维塔和叫叫；使用场景涵盖夏季户外活动（防晒）、休闲餐饮消费（咖啡券领取）、家庭教育娱乐（阅读包）和在线购物浏览（商品橱窗）。

不喜欢：用户不喜欢电子礼品卡（虚拟商品品类）和运动品牌如Nike，这与点击行为中实际商品（如防晒帽、咖啡券）和品牌（如瑞幸、淘宝）形成相反特征。",2,complete
311213,"喜欢：用户偏好医疗健康品类（如医用敷贴、纱布）、公益服务（如公益种树、捐步）、理财投资（如金融投资、学理财）、教育辅导（如课后辅导、教培机构）、母婴亲子（如母婴品牌、用品）、运动健身（如足球运动、支付宝运动）、外卖餐饮（如饿了么、外卖点餐）；关键词包括租赁服务（租机、免押金）、电子产品（苹果手机、电脑）、回收（旧衣回收）；品牌涉及支付宝、苹果、荣耀；使用场景涵盖医疗支付（门诊缴费）、公益参与（蚂蚁森林）、理财管理（公积金查询）、日常生活消费（外卖点餐）。

不喜欢：基于未点击行为，用户不喜欢批发平台如1688相关的大牌同源商品，与点击的商品橱窗浏览行为相反。",2,complete
453411,"喜欢：用户偏好母婴用品（如婴儿辅食、玩具、婴幼儿海藻钙）、日常用品（收纳盒、纸巾）、电子产品（单反相机、平板电脑），关键词包括单反相机、平板、华为，品牌如英氏、贝因美、支付宝，使用场景涉及育儿、家庭生活、在线浏览商品橱窗和游戏服务（如芭芭农场、蚂蚁庄园）。
不喜欢：基于未点击行为，用户不喜欢红包优惠（如新人红包）、批发平台商品（如1688源头厂货）和垃圾桶等促销或低价商品。",2,complete
1315644,"喜欢：用户偏好教育类品类如少儿美术和趣味阅读（如点击""29元领10节少儿美术课""和""领叫叫5日趣味阅读包""），金融优惠关键词如红包和基金（如点击""5元红包抵用券""和""至高享80000元购车福利""），品牌涉及叫叫（阅读）和滴滴青桔（交通），使用场景包括在线学习、理财管理和出行规划（如服务实体""铁路12306""和点击""领百元旅行礼包""）。

不喜欢：用户不喜欢汽车试驾相关（如未点击""试驾阿维塔 11""实体词）、齿科诊疗服务（如未点击""一键获取齿科诊疗价格""实体词""口腔医院""）以及咖啡券优惠（如未点击""瑞幸咖啡券""），表明对医疗、汽车和咖啡领域兴趣较低。",2,complete
1338546,"喜欢：用户偏好医疗健康保险品类（如百万医疗险、门诊险），关键词包括医疗保障、免费体验、立减优惠，品牌如好医保和颐莲，使用场景涉及在线保险购买（如蚂蚁保平台）、健康管理（如免费领取保障金）以及美容护理（如补水喷雾）；同时关注科技产品优惠（如苹果手机立减）、教育服务（如公共营养师证书）和购物探索（如商品橱窗）。

不喜欢：用户不喜欢购物平台下载（如1688 APP）、汽车试驾服务（如smart精灵#1）、餐饮优惠（如星巴克咖啡券）以及家居用品（如烤肉盘、桌上垃圾桶），这些特征与点击行为中的健康主题相反，体现对非健康相关消费和日常用品的低兴趣。",2,complete
353840,"喜欢：用户偏好电商购物品类（如1688平台上的商品橱窗），关键词涉及租赁（租手机、租车）、回收（回收手机、旧衣服）和生活服务（缴费、理财）；品牌倾向支付宝相关服务（如芭芭农场、余额宝）及餐饮品牌（如狗不理、品味面馆）；使用场景聚焦在线消费、生活缴费（电费、水费）和日常服务（如快递、保险）。

不喜欢：基于未点击商品，用户对个人电子产品（如无线蓝牙耳机）和时尚配件（如真皮皮带）不感兴趣，表现为与点击的泛化商品展示相反的特征。",2,complete
564729,"喜欢：用户偏好社会保障和公益慈善相关的品类（如社保服务、养老金、捐赠），关键词包括社保、税务、健康（如搜索""社保查询""、""税务局""、""健康码""），品牌如夜夜臻选（从点击商品），使用场景为在线政府服务和公益捐赠（如交易中的""社会保障""、""公益基金会""和服务中的""公益项目""、""捐赠""）。

不喜欢：用户不喜欢平价商品购物和批发平台相关的品类（如未点击的""宝藏平价商品""），关键词如宝藏、下载（从未点击实体词），品牌如1688（从未点击商品），使用场景为在线购物下载和批发交易（如未点击标题的""下载1688""）。",2,complete
1735095,"喜欢：用户偏好家居清洁用品（如柔软抽纸和懒人抹布）、汽车购买服务（如BMW新车低月供）、打车服务（如滴滴出行5折起）、旅游景点（如千年瑶寨）以及牙科补贴服务（如种牙补贴金）；关键词包括柔软、不易破、低月供；品牌涉及滴滴、BMW；使用场景涵盖日常家庭清洁、出行便利和健康优惠。

不喜欢：用户不喜欢进口种植牙和公益种牙服务，基于未点击行为与点击的牙科补贴形成对比。",2,complete
771453,"喜欢：用户偏好医疗健康品类（如医疗险、长期医疗保障）、租赁服务（如手机、车辆租赁）、消费优惠（如火车票优惠、饿了么券包）和食品服务（如饿了么），关键词包括好医保、租赁、优惠券、火车票，品牌如蚂蚁保、饿了么、瑞幸、星巴克、飞猪、哈啰，使用场景涉及出行交通（如公交、地铁、火车）、健康管理（免费体验医疗险）和生活便利（消费券、租赁特惠）。

不喜欢：基于未点击商品与点击行为相反的特征，用户不喜欢直接下载电商应用（如1688平台）和被动浏览商品橱窗，暗示对商品购买或应用下载行为不感兴趣，与偏好服务型消费（如租赁、保险）形成对比。",2,complete
24193,"喜欢：用户偏好生鲜食品品类（如冷鲜肉、橙子、手擀面）、出行服务（如滴滴出行、公交）、支付优惠关键词（如现金、红包、消费券）、品牌如饿了么和1688，使用场景包括电商购物（商品橱窗、平价商品）和日常消费（超市、生鲜超市）。
不喜欢：用户不喜欢高端品牌如希尔顿和非日常家居产品如乳胶枕，基于未点击商品与点击行为（平价电商优惠）相反的特征。",2,complete
410641,"喜欢：用户偏好品类包括金融理财（如现金红包、医疗险、优惠券）、健康产品（如汗蒸泡脚桶）和汽车（如纯电动BMW i3）；关键词涉及现金、红包、医疗、理财和优惠；品牌如BMW/宝马、好医保、银泰百货和薇诺娜；使用场景涵盖健康保健（医疗险使用）、理财投资（基金和现金红包）、购物优惠（优惠券活动）以及公益捐赠（如公益项目和捐步）。

不喜欢：用户不感兴趣于时尚配饰如太阳镜，这与点击行为中偏好的实用金融、健康产品形成鲜明对比。",2,complete
527927,"喜欢：用户偏好在线购物平台（如1688）上的大牌平替商品、游戏下载（如九游、三国吧兄弟）和儿童教育产品（如小熊美术课、小鸡叫叫阅读包），关键词包括""宝藏""、""红包""、""免押租机""和""下载""，品牌涉及1688、高露洁、苹果和叮咚租机，使用场景涵盖日常消费（如牙刷、绘本）、娱乐游戏（如蛋仔派对）和家庭活动（如少儿美术课）。

不喜欢：用户对摄影配件如自拍杆（如""有品""品牌）不感兴趣，这与点击行为中缺乏摄影相关产品一致。",2,complete
1408114,"喜欢：用户偏好免押金的数码产品租赁服务（如手机、相机和航拍机）、现金回收的旧物处理（如旧衣服回收）、出行优惠（如打车和火车票折扣）、以及健康保险产品（如医疗险），关键词包括""免押租赁""、""现金回收""、""租赁特惠""和""立减""，品牌涉及人人租、滴滴、大疆、苹果和飞猪旅行，使用场景涵盖在线租赁数码设备、便捷回收旧物、出行服务和健康保障购买。

不喜欢：用户不喜欢免费体验版的健康保险服务（如""百万医疗险免费体验""），与点击的付费或热卖版本形成对比，表明回避试用性质的产品。",2,complete
1304884,"喜欢：该用户偏好家居装修（如装修宝典手册）、日常用品（如卷纸）和金融红包类（如现金红包）内容，关键词包括现金、红包和消费款，品牌涉及乐享屋、物语本邑等，使用场景覆盖日常消费、外卖点餐和城市生活（基于点击商品和搜索关键词）。

不喜欢：该用户不喜欢医疗险和保险相关产品（如百万医疗险），与点击行为中家居和金融偏好相反（基于未点击商品实体）。",2,complete
1209039,"喜欢：用户偏好浏览商品橱窗，兴趣集中在数码产品（如电脑、3c数码产品）、餐饮外卖（如华莱士全鸡汉堡）、公益服务（如蚂蚁森林种树、公益捐步），关键词涉及电脑、火车票、公益，品牌包括支付宝、饿了么、Apple，使用场景为日常消费浏览、外卖点餐、出行交通（如公交、地铁）和公益活动（如种果树、捐步）。

不喜欢：用户不喜欢租赁二手手机或苹果手机，基于未点击行为，表明对租赁服务（如免押金租赁）、二手设备（如安卓手机）和特定品牌（如苹果手机）不感兴趣。",2,complete
745825,"喜欢：用户偏好健康护理品类（如护颈按摩枕），关键词包括护颈和按摩，品牌婷好，使用场景为家居放松和缓解疲劳。
不喜欢：用户不喜欢个人护理产品如剃须刀，品牌南极人，与点击的健康护理特征相反。",2,complete
1849857,"喜欢：偏好品类为口腔护理（如牙膏），关键词包括美白和小苏打，品牌偏好高露洁，使用场景为日常口腔清洁和快速浏览商品橱窗的冲动消费场景。

不喜欢：基于未点击行为，不喜欢厨房刀具类产品（如菜刀），特征包括锋利工具和雷兔品牌。",2,complete
1786000,"喜欢：该用户偏好租赁服务（如手机和汽车租赁）、电子产品（如iPhone14）、阅读材料（如趣味阅读包）和家居用品（如舒柔枕），关键词包括新人特惠、信用免押、安心出行，品牌涉及苹果、人人租、叫叫、莉莫尔，使用场景涵盖租赁消费（如以租代买）、阅读学习（如儿童阅读体验）、家居舒适（如枕头使用）和购物优惠（如红包抵用券）。

不喜欢：该用户对健康护理产品如老花镜不感兴趣，基于未点击商品特征（如防蓝光老花镜）与点击行为（租赁、电子、阅读等）相反。",2,complete
1330295,"喜欢：用户偏好手游（如永恒世纪、光与魔法、三国吧兄弟）、个人护理用品（如高露洁小苏打美白牙膏、至本洁面乳）和休闲服装（如YUIJENY运动套装），关键词包括游戏下载、美白牙膏、洁面乳和运动套装，品牌涉及Colgate、至本、恺英和YUIJENY，使用场景涵盖娱乐游戏下载、日常口腔护理和休闲活动。

不喜欢：基于未点击商品橱窗，用户不喜欢浏览商品橱窗或被动广告展示，这与点击行为中主动下载游戏和购买具体商品的特征相反。",2,complete
764365,"喜欢：该用户偏好电子商务和金融产品品类（如1688平台的商品橱窗和信用卡活动），关键词包括现金、理财、签到；品牌涉及1688和建行；使用场景为在线支付、任务完成（如打卡签到）和日常消费（超市、咖啡店），基于点击商品和搜索行为（如""现金""、""理财""、""支付宝""）。

不喜欢：用户不喜欢时尚配饰类产品（如太阳镜），基于未点击商品中的欧珀拉品牌和太阳镜特征，与点击的金融促销行为（信用卡、红包）相反。",2,complete
1349153,"喜欢：该用户偏好心理咨询和健康管理服务，偏好品类包括在线教育（如心理咨询师报名）和健康保险（如医保、健康福），关键词涉及健康、心理、政务服务，品牌倾向中国平安（从交易行为中的中国平安财产保险），使用场景为个人发展、在线学习和健康管理（基于搜索关键词如健康福、医保和点击商品）。

不喜欢：该用户不喜欢奢侈品租赁服务，偏好品类排除奢侈品（如奢侈品租赁），关键词避免信用免押和租赁，品牌不倾向奢侈品相关（如未点击商品中的己悦己租包），使用场景不涉及高端消费或租赁场景（基于未点击商品特征）。",2,complete
247709,"喜欢：用户偏好平价商品和宝藏类商品橱窗，关键词包括""宝藏""和""平价""，品牌方面对1688平台感兴趣，使用场景涉及电商购物和日常消费，偏好品类涵盖食品（如下酒菜、零食）、服装（如宽松短裤、跑步鞋）和日用品（如肥皂、收纳盒）。
不喜欢：用户不喜欢大牌或高端品牌商品，基于未点击""大牌同源好物""的特征，与点击行为中平价偏好相反。",2,complete
396510,"喜欢：该用户偏好品类包括个人护理（如剃须刀）、服装（如纯棉T恤）、汽车租赁（如0首付用车）、健身器材（如握力器）和家居用品（如护颈枕头）；关键词涉及租赁（免押金租赁）、金融额度（如备用金、花呗）和实用商品（如源头厂货）；品牌倾向南极人、孜涵、广汽丰田和1688；使用场景涵盖电商购物（如下载1688）、金融管理（如借呗、余额宝）和游戏娱乐（如芭芭农场、喂小鸡）。

不喜欢：基于未点击商品特征，用户不喜欢鞋类（如洞洞鞋、凉鞋）、智能穿戴设备（如智能手环）、教育课程（如毛笔书法课）以及特定品牌剃须刀（如贝壳），表明对时尚鞋类、教育服务和某些电子产品缺乏兴趣。",2,complete
990946,"喜欢：用户偏好电子产品租赁（如iPhone14系列）、流量套餐、游戏娱乐（如永恒世纪）、食品优惠（如巴比馒头）和生活用品（如保温饭盒）；关键词包括免押租赁、现金红包、消费券和流量；品牌如苹果、人人租、银泰；使用场景涉及在线娱乐、购物优惠和租赁服务。

不喜欢：用户对医疗险产品（如住院报销、百万医疗）和批发平台（如1688）不感兴趣。",2,complete
509951,"喜欢：用户偏好健康保险品类（如好医保医疗险），关键词包括现金红包、免费领取和医疗相关（如“好医保”），品牌涉及好医保、珂拉琪（化妆品）和1688（电商平台），使用场景主要为支付宝平台上的金融服务（如现金领取、健康保障）和日常购物（如平价商品选购）。

不喜欢：用户不喜欢汽车试驾活动（如华为阿维塔）、商品橱窗浏览以及强调住院报销的保险促销，基于未点击商品中与点击行为相反的特征（如试驾咖啡券和住院报销标题）。",2,complete
850348,"### 用户兴趣偏好总结（场景2）
喜欢：用户偏好金融和在线购物品类，关键词如现金、红包、新人权益，品牌如1688平台，使用场景为省钱购物、获取优惠（如下载APP领红包、源头厂货采购）。
不喜欢：用户不喜欢医疗相关产品（如健康保险），基于未点击行为中医疗特征（如百万医疗）与点击的金融优惠相反。",2,complete
690585,"喜欢：用户偏好浏览商品橱窗，涉及食品（如香肠、冰淇淋、豆浆套餐）、美容护肤（如眼霜、海蓝之谜、双萃精华）、服装（如吊带裙、连衣裙）等品类；关键词包括消费券、理财、麦当劳；品牌如怡宝、娇韵诗、凯司令西饼屋；使用场景主要为外卖点餐、直播购物和支付服务（如支付宝、花呗）。

不喜欢：用户对健康保险产品如好医保不感兴趣，与点击的购物浏览行为相反，表现为对医疗保险类服务的回避。",2,complete
1006235,"喜欢：用户偏好零食品类（如瓜子），关键词包括宝藏、平价，品牌如洽洽，使用场景涉及在线浏览商品橱窗（如1688平台）和寻找平价商品。
不喜欢：用户不喜欢护肤品品类（如芦荟胶），品牌如完美，基于未点击行为。",2,complete
1742806,"喜欢：偏好品类为家居整装和商品橱窗，关键词包括""整装""和""一口价""，品牌为中商环球，使用场景为家庭装修和在线购物（基于点击商品标题""逛15秒商品橱窗|全屋整装一口价5.98万""及实体词""中商环球|商品橱窗""）。
不喜欢：偏好品类为医疗险，关键词为""医疗""和""保险""，品牌为蚂蚁保，使用场景为保险服务（基于未点击商品标题""百万医疗险免费领取""及实体词""医疗,蚂蚁保""，与点击行为中实物家居服务形成相反特征）。",2,complete
765953,"喜欢：该用户偏好健康保险品类（如医疗险和好医保），出行服务（如滴滴打车），以及金融理财优惠（如现金红包和基金）；关键词包括医疗险、好医保、滴滴、红包；品牌涉及好医保和滴滴；使用场景主要为在线健康保障（如投保和理赔）、日常出行（如打车服务）和金融管理（如理财和红包领取）。

不喜欢：基于未点击商品，用户不喜欢骑行相关产品（如骑行优惠券和电动车）和家居用品（如乳胶枕），与点击的健康保险和出行服务形成明显反差。",2,complete
1245517,"喜欢：用户偏好出行服务（如打车、公交）和手机租赁品类，关键词包括""乘车码""、""租机""、""出行""和""打车福利""；品牌倾向滴滴、苹果和随心租；使用场景聚焦日常通勤、手机升级和支付宝平台上的优惠消费活动，如红包抵用券和商品浏览。

不喜欢：用户不喜欢批发购物平台（如1688），与个人消费导向的出行和租赁服务相反，表现为对B2B或企业级商品缺乏兴趣。",2,complete
1810842,"喜欢：用户偏好护肤品类如洁面乳、补水喷雾和面霜，品牌包括至本、雅漾和大水滴，关键词涉及温和净澈和熬夜，使用场景为日常护理；同时偏好运动器材品类如羽毛球拍，品牌惠选，关键词实用高颜值，使用场景运动活动。

不喜欢：用户不喜欢Avene品牌的舒护活泉水喷雾，表明对特定护肤品牌或补水产品缺乏兴趣。",2,complete
579088,"喜欢：该用户偏好教育类产品（如儿童阅读包和趣味阅读体验），尤其关注品牌""叫叫阅读""；在美容服务方面，对植发相关品类（如植发报价和机构）有浓厚兴趣；使用场景集中于在线学习和个人护理咨询，关键词包括""阅读""和""植发""。

不喜欢：基于未点击行为，该用户不偏好旅游租赁服务（如旅游大巴包车）、心理咨询报名以及企业代办服务（如公司注册），这些特征与点击的教育和美容兴趣相反。",2,complete
1017933,"喜欢：该用户偏好品类包括医疗险（特别是好医保品牌）、免押租赁服务（如苹果产品）、在线购物平台（如1688）、酒类（酱香酒和干红葡萄酒）以及游戏娱乐（如永恒世纪）；关键词涉及理财、医疗、红包和支付宝服务；品牌偏好好医保、苹果、雅诗兰黛和澳特斯；使用场景聚焦金融服务（如理财和保险）、娱乐活动（如游戏下载）和日常消费（如酒类和起名服务）。

不喜欢：该用户不喜欢火车票和旅行相关服务（如飞猪旅行），基于未点击行为中与点击偏好相反的特征。",2,complete
1039028,"喜欢：用户偏好品类包括电子产品（如苹果手机）、服装（如短袖t恤）、食品饮料（如咖啡、果汁、大闸蟹）和通信服务（如流量卡）；关键词涉及苹果14、NASA、大闸蟹、流量卡等；品牌偏好苹果、NASA、雀巢、汇源；使用场景涵盖日常购物（如银泰百货）、通信消费（如手机费、流量卡）和饮食休闲（如咖啡、果汁、大闸蟹礼盒）。

不喜欢：用户不喜欢浏览商品橱窗等泛泛的商品展示方式，偏好直接点击具体的促销或实用商品，而非探索性内容。",2,complete
651656,"喜欢：用户偏好浏览商品橱窗（偏好品类包括食品如燕麦、谷物基、早饭相关，服装如裤子、牛仔裤，宠物用品如猫条、猫草，以及电子产品如手机；关键词涉及租机服务、苹果产品、麦当劳；品牌如美团、拼多多、抖音；使用场景如日常消费、公益参与如捐赠、缴费服务）。
不喜欢：用户不喜欢美容护肤产品，如芦荟胶，基于未点击行为中与浏览商品相反的特征。",2,complete
466180,"喜欢：用户偏好品类包括出行服务（如打车、火车票）、金融服务（如黄金交易、医疗保险）和科技产品租赁（如手机）；关键词涉及打车、黄金、租手机、医疗；品牌偏好滴滴、人人租、苹果、蚂蚁保；使用场景集中于旅行（如机票、酒店）、健康保障和理财管理。

不喜欢：用户不喜欢潮玩好物等非实用时尚或娱乐物品的租赁，与点击的实用金融产品特征相反。",2,complete
1610583,"喜欢：用户偏好品类包括教育产品（如少儿美术、阅读和练字）、健康保险、美容护肤及科技租赁；关键词涉及少儿、美术、保险、面膜、苹果；品牌倾向伊菲丹、苹果、叫叫、YAYASHI；使用场景聚焦家庭教育（如少儿美术课）、个人健康维护（医疗体验）、美容护理（面膜使用）和科技产品升级（手机租赁）。

不喜欢：用户对副业相关内容和特定形式的现金红包（如下载游戏领红包）不感兴趣，这与点击的教育和健康产品特征相反。",2,complete
1674974,"喜欢：该用户偏好汽车相关品类（如二手车查询、BMW电动车）、纸巾品牌（心相印）、电商平台（1688）和红包优惠（新人红包），关键词包括宝藏、平价、免费领券，使用场景涉及购物（如商品橱窗）、理财（如余额宝）、游戏（如芭芭农场）和生活缴费（如充值话费）。  
不喜欢：该用户不喜欢智能穿戴设备（如多功能智能手环）和医疗保险产品（如长期医疗险），基于未点击行为与点击的汽车、纸巾和电商商品形成对比。",2,complete
988676,"喜欢：用户偏好时尚配饰品类（如石英手表和美妆产品），关键词包括手表、唇釉、牙膏和租机，品牌倾向马克华菲、珂拉琪和高露洁，使用场景集中于个人消费、在线租赁服务和日用品购物，体现对免押金手机租赁、美妆护理及商品浏览的兴趣。

不喜欢：用户不感兴趣于通信流量服务（如联通流量卡）、特定手机租赁选项（如叮咚租机）、家居清洁设备（如超声波清洗机）和寝具（如乳胶枕），基于未点击行为与点击偏好相反的特征。",2,complete
1240125,"喜欢：用户偏好保险品类（如医疗险）和打车服务；关键词包括""医疗险""、""打车""、""财富生活""；品牌偏好好医保、滴滴、蚂蚁保；使用场景为健康保障和出行便利（如点击医疗险和打车福利商品）。
不喜欢：用户不喜欢特定保险品牌如中国人民健康保险，或涉及投保须知等详细条款的内容（基于未点击商品中特有特征）。",2,complete
1973824,"喜欢：该用户偏好医疗险品类（如多次点击好医保、百万医疗险），关键词包括租赁（如信用免押、分期租机）、回收（如高价回收、旧衣回收）和游戏（如仙凡幻想、手游），品牌涉及苹果、雅诗兰黛和smart，使用场景涵盖金融保障（医疗险）、科技产品租赁（手机、平板）和娱乐休闲（游戏下载、优惠券领取）。

不喜欢：该用户不喜欢火车票相关优惠，基于未点击行为中与点击偏好相反的特征（如旅行票务服务）。",2,complete
717007,"喜欢：该用户偏好现金红包、电商购物和游戏下载等品类，关键词包括现金、红包、消费、省钱，品牌如1688和三国吧兄弟，使用场景涉及在线赚取现金、参与促销活动（如商品橱窗浏览）和下载娱乐应用。  
不喜欢：该用户不喜欢护肤产品（如控油洁面乳）和医疗产品（如长期医疗），关键词如控油洁面乳、医疗，品牌如御泥坊和好医保，使用场景包括个人美容护理和健康保险。",2,complete
297903,"喜欢：用户偏好出行服务（如打车，品牌滴滴）、教育类少儿美术课（品牌小熊美术）、优惠券和红包（关键词打车、红包、亲情卡）；使用场景包括日常通勤、儿童兴趣培养和在线支付优惠获取，涉及支付宝相关服务。
不喜欢：用户不喜欢无附加优惠的少儿美术课商品，如未点击的""小熊美术10节少儿美术课包邮赠工具大礼包""，表明对纯商品offer缺乏兴趣。",2,complete
848589,"喜欢：用户偏好租赁服务（如手机、镜头）、优惠折扣（打车券、购物券）、高端美容化妆品（口红、面膜）和健康保险（百万医疗险）；关键词包括租机、免押金、红包、医疗；品牌涉及迪奥、资生堂、伊菲丹、滴滴、佳能；使用场景为在线租赁、出行打车、美容护理和健康保障。

不喜欢：用户不喜欢平价护肤产品（如补水喷雾、玻尿酸精华）、某些医疗险（好医保）以及低价日常商品（宝藏平价），这些特征与点击行为中高端美容和租赁偏好相反。",2,complete
1937578,"喜欢：该用户偏好科技产品品类（如手机，尤其iPhone14系列），关键词包括信用免押、美白祛斑和现金红包，品牌涉及甄心优选（铁锅）和御雪（祛斑霜），使用场景为日常电子设备使用、美容护理、厨房烹饪及购物浏览（商品橱窗）。

不喜欢：该用户不喜欢教育服务（如少儿美术课）、个人护理用品（如洗发水、沐浴露）、眼镜（如老花镜）和服装（如t恤），这些特征与点击行为中的科技、美容、厨房和金融优惠相反。",2,complete
1109669,"喜欢：用户偏好电商平台的品牌商品（如1688），关键词包括""大牌""和""好物""，品牌涉及1688平台，使用场景为在线购物和浏览商品橱窗，体现对高质量、品牌化商品的兴趣。
不喜欢：用户不喜欢平价商品或强调""宝藏""实惠的营销，基于未点击行为中与点击相反的""平价""特征。",2,complete
1434483,"喜欢：用户偏好电子产品品类如无线蓝牙耳机（品牌婠偲），服装品类如软底透气运动鞋和凉感速干短裤（品牌卫鲨），以及小家电品类如便捷式风扇；关键词包括无线、蓝牙、软底、透气、凉感、速干、冰丝和便捷式；使用场景涉及夏季休闲活动、运动穿戴和便携日常使用，同时表现出对浏览商品橱窗的兴趣。

不喜欢：用户对安全防护装备如电动车头盔和防摔安全帽不感兴趣，这与点击的时尚休闲商品特征（如轻便、电子化和个人消费）形成鲜明对比。",2,complete
1019948,"喜欢：用户偏好电商购物品类，特别是1688品牌的源头厂货和现金红包，关键词如""宝藏""和""商品橱窗""，使用场景涉及省钱任务（如签到、做任务）和生活缴费（如话费充值、电费），体现对在线优惠和平台活动的兴趣。

不喜欢：用户对个人护理产品（如电动剃须刀）、健身器材（如可调计数握力器）和保险服务（如百万医疗险）不感兴趣，这些与点击行为中的省钱电商偏好相反。",2,complete
1251132,"喜欢：偏好品类包括租赁服务（如手机、相机）、医疗险、现金红包和打车福利；关键词如免押金、红包、租赁；品牌涉及滴滴、好医保、银泰；使用场景覆盖金融理财（如理财服务、转账）、健康医疗（如种牙公益、百万医疗险）、出行优惠（如火车票、打车券）和公益消费（如旧衣回收、种树）。

不喜欢：基于未点击行为，不喜欢医疗险升级版（如长期医疗险升级）和汽车试驾相关产品（如smart精灵#1），以及星巴克品牌，与点击的基础医疗险和出行服务形成对比。",2,complete
1186834,"喜欢：用户偏好平价宝藏类商品，涉及食品品类（如黄牛肉、纯豆乳粉、菠萝面包）、日用品品类（如卷纸巾、卫生纸），关键词包括""宝藏""、""平价""，品牌如1688（电商平台），使用场景主要为在线购物（如商品橱窗）和日常生活消费（如外卖订单、超市购物）。

不喜欢：用户不喜欢教育类产品（如儿童阅读体验课）、美容护肤类（如黄芪霜）、出行服务（如打车福利）以及大牌商品（与大牌同源相对），这些特征与点击的平价宝藏类商品形成鲜明对比。",2,complete
472984,"喜欢：该用户偏好游戏下载（如三国吧兄弟、永恒世纪等魔性割草和射击类游戏）、现金红包领取（如天天领现金红包、新人红包）、电商购物（1688源头工厂价宝藏商品）、健康护理产品（碧素堂益生菌牙膏）和医疗险（百万医疗险），关键词包括现金、红包、下载、三国、1688、源头、益生菌、医疗，品牌涉及九游、碧素堂、巴迪克保罗和支付宝服务（如花呗、余额宝），使用场景为在线娱乐（游戏玩乐）、理财红包（攒现金）、健康管理（投保医疗险）和日常购物（源头厂货电商）。

不喜欢：用户不喜欢智能穿戴设备（如婠偲多功能智能手环）、特定游戏（原神自抽号）、流量服务（年享流量卡）、高端手机租赁（95新iPhone13 Pro免押租赁）和服装（卫鲨五分短裤），关键词包括智能手环、原神、流量卡、iPhone、短裤，品牌如婠偲、乐外、交易猫和中国联通，使用场景为健身追踪（智能闹钟）、游戏账号交易、通信套餐和服装购物。",2,complete
678097,"喜欢：用户偏好医疗健康保险（如好医保品牌）、在线教育课程（特别是易学/易经类，如7天入门课和名师大讲堂）、电子产品（如迷你便携式胶囊剃须刀）、家居清洁用品（如内衣洗衣液品牌植护）、零食（如洽洽品牌），关键词包括现金、消费券、支付宝服务（如乘车码、话费充值），使用场景涉及在线支付（如武汉通、转账）、充值服务（如电费、电话费）、健康保障和学习提升。

不喜欢：用户不喜欢纯免费或低价值的医疗险推广（如免费领取产品），而偏好有实质保障和价值的版本（如付费或体验型医疗险）。",2,complete
818152,"喜欢：用户偏好浏览商品橱窗（偏好品类：数码产品和日常消费品），关键词涉及租赁（如租手机平台）、回收（如回收旧手机）、维修（如空调维修）和公益（如公益种树），品牌包括Apple、小米、华为等数码品牌以及天猫、拼多多等平台，使用场景为在线快速消费、日常支付（如花呗、手机扫码支付）和娱乐互动（如芭芭农场小游戏）。

不喜欢：用户不喜欢租赁高端苹果手机（如苹果14ProMax）的免押租机服务，特别是通过叮咚租机平台，这与点击行为中浏览商品橱窗的轻量消费偏好相反。",2,complete
160550,"喜欢：用户偏好电商购物（如1688平台）、游戏娱乐（如三国杀）、家居清洁产品（如香氛洗衣液）、租赁服务（如手机和相机租赁）、食品（如水果、蛋糕）及公益参与；关键词包括1688、源头货、罗曼蒂克、租赁、鲜花；品牌涉及1688、罗曼蒂克、legrand；使用场景涵盖在线消费、休闲娱乐、日常生活维护和公益互动。

不喜欢：用户对办公效率培训（如Excel课程）和职场技能提升内容不感兴趣；关键词如Excel、秒可；品牌如秒可；使用场景为工作办公环境。",2,complete
14518,"喜欢：用户偏好品类包括美容护肤（如超级面膜）、交通服务（如电单车）、促销活动（如购物金、优惠券）、健身器材（如自动健腹轮）、儿童教育（如少儿美术课、趣味阅读包）和清洁用品（如洗衣凝珠）；关键词涉及芭芭农场、滴滴青桔、优惠券和开学季；品牌如伊菲丹、滴滴青桔、小熊美术、叫叫阅读、三得利和漫苑；使用场景涵盖个人护理、出行交通、家庭购物、儿童学习和日常健身。

不喜欢：基于未点击商品特征，用户不喜欢儿童阅读包的特定低价促销形式（如0.01元领叫叫儿童阅读包），与点击的趣味阅读包相比，反映出对低价或单一教育产品形式的排斥。",2,complete
381779,"喜欢：用户偏好金融保险品类（如医疗险、长期医疗险）、电商购物（如1688平台源头厂货）、汽车试驾活动（如阿维塔、smart精灵）和红包任务；关键词包括现金、红包、支付宝、转账、签到；品牌涉及好医保、蚂蚁保、1688、华为、荣耀、苹果；使用场景涵盖在线理财投资（如余额宝、基金）、任务型活动（如做任务、集分宝）、公益参与（如蚂蚁森林种树、捐步）及交通出行（如公交、扫码订单）。

不喜欢：用户对时尚配饰类内容不感兴趣，如太阳镜，基于未点击商品中与点击行为相反的时尚特征（如欧珀拉品牌太阳镜）。",2,complete
1659321,"### 用户兴趣偏好总结（场景2）

喜欢：用户偏好电商购物品类（如1688平台上的平价商品和宝藏产品），关键词包括降价清仓、狂欢派兑和宝藏，品牌涉及1688、苹果（如苹果严选）和可口可乐，使用场景聚焦在线消费（如商品橱窗浏览）、健康保障（如百万医疗险）和日常个人护理（如电动剃须刀、美白牙膏）。

不喜欢：用户不喜欢长期医疗险和免费体验的医疗险形式（如好医保·长期医疗），以及对手机租赁服务（如免押金租手机）不感兴趣，基于未点击行为与点击的百万医疗险和苹果配件租赁形成反差。",2,complete
740378,"喜欢：用户偏好医疗险品类（如好医保、百万医疗险），美容护肤关键词（面膜、雅诗兰黛、阿玛尼），品牌包括蚂蚁保、银泰百货和云享租机，使用场景集中于金融保险购买、美容产品优惠和免押金设备租赁（如手机）。

不喜欢：用户不喜欢与点击行为相反的特征，如特定美容品牌（伊菲丹、御泥坊）、相机租赁服务、打车福利、以及家居清洁用品（抽纸、清洗机）、睡眠产品（乳胶枕）和厨房用具（菜刀）。",2,complete
1278088,"喜欢：用户偏好美容护肤品类（如祛斑霜和美白产品），关键词包括""美白""、""祛斑""和""饿了么""，品牌如御雪，使用场景涉及在线购物促销（如饿了么现金奖池）和健康美容消费。
不喜欢：用户不喜欢睡衣品类，基于未点击Camanda睡衣商品，与点击的美容产品形成鲜明对比。",2,complete
1477178,"喜欢：用户偏好出行服务（如打车）和在线购物（如商品橱窗），关键词包括滴滴、打车券、1688，品牌涉及滴滴出行和1688，使用场景为日常通勤、优惠活动（如免单）和在线浏览商品。

不喜欢：用户不喜欢健康家居产品（如枕头），关键词如艾草组合枕、颈椎枕头，品牌涉及晨艾坊，使用场景为家居护理和健康改善。",2,complete
1679058,"喜欢：用户偏好3C数码产品租赁品类，特别是苹果iPhone 14 Pro Max等高端手机，关键词包括信用免押、当天发货和租赁服务，品牌倾向苹果和严选，使用场景为免押金快速获取设备，支持交易行为中的租机租赁、服务使用中的手机租赁和搜索中的租物、优品租等数据。

不喜欢：用户对美容护肤产品如洁面乳不感兴趣，关键词包括洁面乳和洗面奶，品牌如至本，使用场景为个人护理，这与点击行为中纯租赁偏好相反，基于未点击商品实体词中的洁面乳特征。",2,complete
1928385,"喜欢：用户偏好手机租赁服务（如iPhone14免押金租赁）、现金红包奖励（如天天领现金红包）、平价购物平台（如1688宝藏商品）、医疗健康产品（如好医保百万医疗）、以及饰品（如转运珠手串），关键词包括免押金、信用免押、红包、滴滴打车福利，品牌涉及1688、滴滴出行、苹果、周生生、人人租、好医保，使用场景聚焦省钱消费（如领券和红包）、健康管理（如医疗体验）、交通出行（如打车福利）和日常娱乐（如游戏化奖励）。

不喜欢：基于未点击商品，用户不喜欢重复的医疗险推广内容，特别是其他保险品牌如中国人民健康保险的产品，以及对1688平台中类似""大牌同源""商品的额外推广，表明对饱和或非差异化的营销不感兴趣。",2,complete
896250,"喜欢：用户偏好汽车品类（特别是纯电动车）、护肤品品类（如芦荟胶用于补水保湿祛痘印）、健身器材品类（如握力棒和臂力器）、基金理财品类（如中欧医疗健康混合C等），关键词包括""0首付购车""、""补水保湿""、""运动""和""健康卡""，品牌如BMW、完美、荣耀，使用场景涉及购车消费、护肤保养、健身锻炼、投资理财和公益服务（如芭芭农场和蚂蚁森林）。

不喜欢：用户不喜欢丰田品牌的汽车，具体表现为未点击凯美瑞车型，与点击的宝马纯电动车形成对比。",2,complete
645499,"喜欢：用户偏好在线批发购物品类（如1688平台的源头货和低价好物），关键词包括1688、源头货、优酷、万古剑神和车况查询，品牌涉及1688和优酷，使用场景为电商平台购物（如浏览商品橱窗和领取红包）以及数字娱乐（如观看影视内容）；同时，从交易和服务数据看，用户还倾向汽车相关服务（如车况查询）、支付工具（如支付宝）和日常消费（如超市购物），但点击行为更突出在线批发和娱乐。

不喜欢：用户不喜欢服装类产品，特别是t恤品类（如NASA联名短袖t恤），这与点击行为中偏向数字服务和娱乐的特征相反。",2,complete
758126,"喜欢：用户偏好浏览商品橱窗（偏好品类包括食品如饼干、牛奶、零食，日用品如洗衣液、洗发水，母婴产品如婴儿尿不湿、奶嘴，以及电子产品如过滤器）；关键词涉及快递、社保、租机、理财等实用服务；品牌如珀莱雅、伊利、威露士；使用场景在支付宝、饿了么等数字平台的外卖点餐、抽奖游戏和日常消费中。

不喜欢：基于未点击行为，用户不喜欢护肤喷雾类产品，如Avene舒护活泉水喷雾，这与点击的商品橱窗浏览行为形成反差，表明对特定高端美容或护肤单品缺乏兴趣。",2,complete
1700312,"喜欢：偏好品类包括美妆护肤（如防晒喷雾、补水喷雾）、家居用品（如舒柔枕）、汽车出行（如纯电动车）、宠物相关（如犬粮）和促销活动（如现金红包、购物券）；关键词如尝鲜、抢券、红包、美妆、补水、防晒、保温；品牌如佰草世家、雅漾、莉莫尔、BMW、苏泊尔、银泰百货；使用场景涉及促销购物（抢券尝鲜）、美容保养（防晒补水）、家居舒适（枕头使用）和出行便利（电动车购买）。

不喜欢：基于未点击商品特征，不喜欢电子产品（如自拍杆、小风扇）、男装（如短裤）、厨房用品（如菜板、饭盒）、个人护理（如剃须刀、牙膏）、健康监测设备（如体脂秤）、摄影技巧服务和副业信息。",2,complete
573452,"喜欢：用户偏好电子产品（如苹果14ProMax手机）、家电（如台式立式两用电风扇）、家居用品（如被罩被芯防跑偏固定器），关键词包括苹果、风扇、被罩、购物金，品牌如苹果、金正、宝达，使用场景涉及在线购物优惠（如新人专属购物金）和家庭生活改善（如防跑偏固定器）。

不喜欢：基于未点击商品，用户不喜欢安全防护装备如电动车头盔和防摔安全帽。",2,complete
588230,"喜欢：用户偏好娱乐视频（如优酷的万古剑神）和摄影技巧学习（如手机摄影拍照技巧），关键词包括万古剑神、摄影拍照技巧、新人红包；品牌涉及优酷、千聊、starbucks/星巴克、apple；使用场景为休闲观看、技能提升和在线购物（如商品橱窗浏览）；偏好品类包括数字娱乐、教育内容和优惠获取。

不喜欢：用户对美容护肤产品如芦荟胶缺乏兴趣，与点击的娱乐、摄影和红包优惠内容相反。",2,complete
1692391,"喜欢：用户偏好金融服务（如医疗险、理财）、租赁服务（如手机、航拍机）、优惠活动（现金红包、购物券），关键词包括""租赁""、""免押金""、""医疗险""，品牌涉及好医保、人人租、苹果、雅诗兰黛、苏泊尔，使用场景主要为在线消费、健康保障和数码产品租赁。

不喜欢：用户不喜欢时尚鞋类（如洞洞鞋、凉鞋）、礼品鲜花、家居硬货（如铁锅、头盔），这些特征与点击行为中的租赁、金融和优惠偏好相反。",2,complete
1367437,"喜欢：用户偏好浏览商品橱窗，在电商场景下表现出对食品（如人参果、小蛋糕、芝麻香油）、家居用品（如分装盒、保鲜盒、餐盘）和健康产品（如艾灸罐、雷火灸）的强烈兴趣，关键词涉及消费券、红包和维修服务，品牌倾向抖音、支付宝和天猫，使用场景集中于在线购物、生活缴费（如水费、电费）和理财（如余额宝、存钱）。

不喜欢：用户对保险产品（如医疗险、好医保）和金融红包（如黄金红包）不感兴趣，这基于未点击商品的特征，与点击行为中浏览商品橱窗的偏好形成鲜明对比。",2,complete
826298,"喜欢：用户偏好食品品类（如蛋挞、蛋糕和生鲜），关键词包括现金红包、新人红包和饿了么，品牌如KFC、肯德基和1688，使用场景涉及在线购物优惠活动、游戏娱乐下载和红包领取。  
不喜欢：用户不感兴趣兼职工作、教育课程和医疗保健产品，基于未点击行为中与点击偏好相反的兼职、健康养生课和医疗险特征。",2,complete
600484,"喜欢：用户偏好租赁品类（如手机、无人机）、金融产品（如医疗险、现金红包）、出行服务（如打车优惠），关键词包括租机、红包、医保、理财，品牌如滴滴、银泰百货、苹果，使用场景涉及在线省钱活动（如芭芭农场种果树）、娱乐游戏和便捷交易。  
不喜欢：用户不感兴趣于实体防护装备如电动车头盔，与点击的数字化、优惠类商品特征相反。",2,complete
366141,"喜欢：用户偏好科技产品租赁（如iPhone、无人机）、时尚鞋类（如洞洞鞋、防滑凉鞋）、健康保险（如好医保）、美容品牌（如资生堂），以及食品品类（如雪糕、纯牛奶），关键词包括夏日福利、租赁特惠和医疗配置，使用场景集中于在线购物、健康管理和夏日活动。

不喜欢：用户对装修指南（如装修宝典）、鲜花配送和重复医疗险推广不感兴趣，基于未点击商品中与点击行为相反的特征，如装修相关内容和鲜花服务。",2,complete
87047,"喜欢：用户偏好出行服务（如滴滴青桔电单车）、游戏娱乐（如三国吧兄弟）、电子产品（如手机、电脑），关键词包括租赁（免押租赁）和优惠（优惠券），品牌涉及滴滴、华为、apple，使用场景为日常出行、在线购物和休闲娱乐。

不喜欢：用户不喜欢借贷服务（如惠押）、教育课程（如叫叫少儿阅读、公共营养师）、医疗检查（如彩超）、包车服务（如KINGLONG）、纸巾（如植护）、租车（如光速超跑）、摄影课程、凉鞋和护肤品（如完美芦荟胶）。",2,complete
908754,"喜欢：该用户偏好品类包括日用品（如抽纸）、游戏应用（如长安幻想）、电子产品（如手机）、保险服务（如医疗险）、厨具和酒类；关键词涉及回收、医疗、游戏、购物和金融（如花呗）；品牌倾向OPPO、诺顿、植护、好医保和1688；使用场景集中于在线购物（通过1688平台）、游戏娱乐、健康保障和日常消费，体现对品牌商品和实用服务的兴趣。

不喜欢：该用户不喜欢平价商品（如低价经济型物品），尽管其点击行为涉及1688平台，但未点击强调""平价""的商品，与点击的品牌或优质商品（如iPhone、OPPO手机）形成反差。",2,complete
892913,"喜欢：用户偏好个人护理品类（如细毛牙刷），品牌如高露洁，使用场景为日常卫生；同时喜欢电商平台1688的源头商品和商品橱窗，以及娱乐游戏三国吧兄弟，关键词包括牙刷、源头和三国主题。

不喜欢：基于未点击商品特征，用户不喜欢烤肉盘等厨房用具品类，与点击行为中的个人护理和娱乐偏好相反。",2,complete
174408,"喜欢：用户偏好在线购物品类，特别是1688平台的商品橱窗，涉及大牌同源好物；关键词包括消费券、优惠券和红包（源自搜索行为）；品牌偏好1688；使用场景为浏览商品橱窗和在线购物。

不喜欢：用户不喜欢运动鞋相关产品，如休闲运动鞋和吱积分品牌，以及烤肉盘；基于未点击商品的特征，与点击行为中通用商品橱窗相反。",2,complete
136850,"喜欢：该用户偏好健康保险品类（如百万医疗险、好医保），金融优惠关键词（如红包、黄金券），电商品牌（如淘宝、饿了么、1688），以及使用场景涉及省钱消费（如平价商品、新人权益）、日常任务赚钱（如集分宝、领现金）和食品杂货（如水果、坚果），基于点击行为和服务使用数据，体现对预防性保障和实惠购物的兴趣。

不喜欢：基于未点击商品，用户不喜欢眼科牙科治疗（如近视手术、种牙补贴）、搬家服务、高端电子产品租赁（如苹果严选）和特定金融红包（如黄金红包），这些特征与点击的保险预防性和电商消费相反，反映对侵入性医疗、生活服务及高端租赁的回避。",2,complete
972125,"喜欢：该用户偏好电子产品（如手机）、家居用品（如乳胶枕）和出行服务（如打车），关键词包括信用免押、天然乳胶和打车券，品牌涉及苹果、希尔顿和滴滴，使用场景涵盖在线购物、免押金购买和优惠出行。  
不喜欢：该用户不喜欢鲜花礼品相关的内容，基于未点击行为与点击偏好相反的特征。",2,complete
1544116,"喜欢：用户偏好清洁设备品类（如超声波清洗机），关键词包括眼镜首饰，品牌偏好不明显（点击商品无品牌提及），使用场景为个人物品维护（如珠宝和眼镜清洁）；从交易行为实体（如珠宝、鱼缸）和服务使用实体（如海洋保护）推断，可能对水族和环保相关产品有潜在兴趣。

不喜欢：用户不喜欢批发平价商品品类（如烤肉盘），关键词包括宝藏和烤肉盘（基于未点击商品实体词），品牌如1688（未点击商品平台），使用场景为批发购物（如厨房用具或廉价商品）；这与点击行为（清洁设备）形成反差，表明对一般批发或厨房用品缺乏兴趣。",2,complete
402043,"喜欢：该用户偏好商业服务品类（如公司注册代办），关键词包括公司注册、宝藏、支付宝相关（如商户服务、花呗），品牌涉及1688和支付宝，使用场景涵盖商业代办、在线平价购物（如商品橱窗）、理财支付（如余额宝、收款码）和游戏互动（如芭芭农场、答答星球）。

不喜欢：基于未点击商品，用户不喜欢奢侈品（如干红葡萄酒、高尔夫专用酒）、健康诊疗服务（如齿科诊疗价格）、特定消费品（如凉拖鞋、老花镜）、红包活动（如黄金红包）、家居产品（如乳胶枕）和安全装备（如电动车头盔）。",2,complete
1273622,"喜欢：用户偏好个人护理品类（如智能剃须刀，品牌南极人）、汽车品类（如小型车或电动车，品牌smart）、运动品类（如羽毛球，品牌yonex尤尼克斯）以及公益相关服务；关键词包括智能、汽车、运动；使用场景涉及个人美容、汽车购买、运动健身和公益捐赠。

不喜欢：基于未点击商品，用户不喜欢口腔护理产品如牙膏（品牌YAYASHI）。",2,complete
624378,"喜欢：该用户偏好健康管理、营养教育和理财服务品类，关键词包括公共营养师、基金、公益和缴费（如电费、水费），品牌如支付宝（基于蚂蚁庄园、余额宝等服务）和古茗（茶饮），使用场景涉及在线学习（如公共营养师报考）、投资理财（基金搜索）和公益参与（捐赠、种树）。

不喜欢：该用户不喜欢护肤美容品类，关键词如芦荟胶，品牌如完美，使用场景为美容护肤（基于未点击的芦荟胶产品，与点击的健康教育行为相反）。",2,complete
256300,"喜欢：用户偏好服装品类（如短袖t恤），关键词包括NASA、公共营养师和商品橱窗，品牌涉及NASA，使用场景聚焦在线购物（如浏览商品橱窗）和学习（如营养师证书教育）。

不喜欢：基于未点击商品特征，用户不喜欢凉鞋（与点击的t恤服装品类相反）、儿童阅读产品（如绘本包，与成人教育兴趣相反）和电子产品（如苹果手机，与点击的服装和学习主题相反）。",2,complete
1767029,"喜欢：偏好品类包括数码产品（如iPhone14）、汽车（如纯电轿车）、食品饮料（如汇源果汁）和医疗健康服务（如百万医疗险）；关键词涉及车险、医保、回收手机和iPhone；品牌如Apple、BMW、汇源、滴滴和饿了么；使用场景涵盖在线购物（如逛商品橱窗）、出行服务（如打车）、健康保障（如医疗保障金）和娱乐消费（如外卖券包）。

不喜欢：偏好品类为房地产（如二手房）；关键词包括买房和二手房；品牌如天猫好房；使用场景为购房（如急售品质二手房）。",2,complete
1457998,"喜欢：用户偏好电子产品品类（如平板、电脑、手机），关键词包括免押金租赁、Apple和租赁服务，品牌倾向Apple，使用场景涉及浏览商品橱窗和租赁设备用于个人探索。
不喜欢：用户不喜欢促销红包和实用垃圾桶等物品，基于未点击行为中与浏览兴趣相反的特征。",2,complete
1948639,"喜欢：用户偏好医疗健康品类（如医疗险和精准测漏服务）、金融理财品类（如现金红包和理财服务），关键词包括""医疗""、""现金""、""红包""、""蓝牙""和""幻想""，品牌如好医保、蚂蚁保和长安（游戏相关），使用场景涉及健康保障（如保险购买）、理财储蓄（如红包领取）和娱乐消费（如游戏下载和商品橱窗浏览）。

不喜欢：用户不喜欢服装类商品，特别是t恤（如短袖t恤和纯棉t恤），基于未点击的t恤相关商品与点击行为中医疗、金融等特征相反。",2,complete
1529166,"### 用户兴趣偏好总结（场景2）
喜欢：用户偏好数码产品租赁（如iPhone14 Pro手机租赁）、健康保险（如百万医疗险）、鲜花礼品（如品质鲜花精选）、汽车相关（如BMW i3纯电动车）以及1688平台商品（如源头厂货）；关键词包括免押金、租赁、医疗险、鲜花；品牌涉及Apple、BMW、1688、星巴克；使用场景涵盖在线租赁服务、保险免费体验、电商购物和娱乐游戏（如马上三国下载）。

不喜欢：用户不感兴趣的内容包括个人护理产品（如洗发露、剃须刀）、日用品（如抽纸）、商业服务（如营业执照代办、公司注册）和教育课程（如健康养生课）；关键词涉及牙齿、洗发露、剃须刀、抽纸、营业执照；使用场景偏向个人卫生维护、办公服务申请和在线学习活动。",2,complete
1222522,"喜欢：偏好品类包括运动鞋（如软底透气型）、洗液（薰衣草洗衣液）和流量卡；关键词涉及现金红包、运动（支付宝运动）和公益（芭芭农场）；品牌如中国联通（流量卡）和支付宝（支付服务）；使用场景涵盖日常消费（小卖部、超市）、优惠活动（红包领取）和理财（花呗、余额宝）。

不喜欢：基于未点击商品，用户不偏好洞洞鞋、酱香老酒、强劲剃须刀、鲜花、多功能智能手环、休闲运动鞋（如吱积分款）、纯棉t恤和电动车头盔等与点击行为相反的特征。",2,complete
594697,"喜欢：偏好品类包括健康保险（如医疗险）、科技产品租赁（如iPhone14）、出行服务（如打车优惠）、美容化妆品（如口红、面膜）、时尚鞋类（如凉鞋）和回收服务（如旧衣服回收）；关键词涉及租赁、打车、黄金、美妆、iPhone14和回收；品牌偏好阿玛尼、资生堂、滴滴出行、人人租和银泰百货；使用场景覆盖健康保障投保、产品免押租赁、日常出行优惠、美容购物抵券和环保回收处理。

不喜欢：基于未点击""天天领现金红包""商品，用户不喜欢现金红包类优惠，这与点击行为中偏好特定优惠（如黄金红包或美妆券）形成对比。",2,complete
393409,"喜欢：用户偏好品类包括阅读/教育（如古诗词三字经成语故事、叫叫阅读）、口腔健康（如牙齿种植）、儿童用品（如儿童内裤、亲子票、童鞋）、宠物用品（如猫砂、幼猫、宠物滴耳液）以及食品（如纯牛奶、脆皮全鸡）；关键词涉及回收（废旧衣物回收）、医保（湘医保、社会保障）、公益（公益种树）；品牌如叫叫阅读；使用场景主要为家庭娱乐（芭芭农场、蚂蚁庄园游戏）、健康维护（口腔机构）和日常消费（香江百货、华莱士）。

不喜欢：用户对手机租赁服务和高档电子产品（如苹果14ProMax、免押租机）不感兴趣，基于未点击商品特征。",2,complete
1894802,"喜欢：用户偏好医疗险品类（如百万医疗险），关键词包括医疗险、现金红包、瑞幸咖啡券，品牌如好医保、蚂蚁保、中国联通，使用场景涉及金融保险购买（如保费抵扣）、促销活动参与（如现金红包领取）和租赁服务（如手机租赁）。

不喜欢：用户不喜欢0免赔特征的医疗险产品（基于未点击商品与点击行为相反的特征）。",2,complete
1517190,"喜欢：用户偏好健康保险、汽车试驾和生鲜食品等品类；关键词如现金、红包、支付宝；品牌如华为、好医保、蚂蚁保；使用场景包括移动支付（如手机扫码支付）、在线服务（如抖音电商）和日常健康管理。  
不喜欢：基于未点击1688下载商品，用户不喜欢批发购物平台和下载应用相关特征。",2,complete
1662088,"喜欢：用户偏好健康保险品类（如百万医疗险）、通信服务（如靓号卡）、食品饮料（如酱香酒和零食）以及日用品（如内衣洗衣液），关键词涉及""医疗险""、""靓号""、""酱香酒""和""优惠券""，品牌包括好医保、洽洽和中国联通，使用场景涵盖理财（如余额宝转账）、购物（如1688平台）和健康管理（如医疗险投保）。

不喜欢：用户不喜欢征天下品牌的酱香酒（与点击的初湛酱香酒相反）、免费医疗险产品（与点击的高保额付费医疗险相反）以及个人护理用品如剃须刀（未点击相关商品）。",2,complete
962007,"喜欢：用户偏好个人护理和美容品类（如氨基酸洗沐套装、超级面膜），关键词包括负离子、氨基酸和商品橱窗；品牌如伊菲丹、浅香和锤子；使用场景涉及家庭护理、在线购物和美容，基于点击商品如洗沐套装和吹风机。

不喜欢：用户不喜欢电子小家电和健康监测品类（如冷风扇、体脂秤），关键词如便携式、智能和平价；品牌如婠偲和爱木森；使用场景可能涉及户外或健康管理，基于未点击商品与点击行为相反的特征。",2,complete
1596241,"喜欢：偏好租车服务（如滴滴租车）、现金红包、医疗保障和商品浏览；关键词包括租车、现金、医保、商品橱窗；品牌涉及滴滴；使用场景涵盖交通出行（如租车）、金融优惠（如红包）、健康保障（如医保）和在线购物（如商品橱窗）。

不喜欢：对租手机服务（如免押租机）和苹果手机（如苹果14ProMax）不感兴趣。",2,complete
1404984,"喜欢：用户偏好电子产品租赁品类（如苹果手机、大疆航拍机）、健康保险（如好医保百万医疗）、优惠券（现金红包、打车福利）和食品饮料（乳酸菌饮品），关键词包括""租赁""、""免押""、""优惠""、""红包""和""医疗""，品牌涉及苹果、人人租、滴滴和好医保，使用场景主要为个人消费升级（租用高端设备）、健康保障和日常节省（领取优惠券）。

不喜欢：用户不感兴趣于酒类产品（如白酒、贵宾酒）和某些促销红包（如新人红包），基于未点击商品中与点击租赁和优惠行为相反的特征。",2,complete
1484144,"喜欢：用户偏好服装品类如纯棉t恤（中国风设计），清洁用品如超声波清洗机（用于眼镜首饰），关键词包括运动、公交和消费券（从搜索行为体现），品牌如苹果花园（交易中多次出现）和支付宝（服务使用中主导），使用场景涉及运动健身（如支付宝运动、健身服务）、交通出行（如公交卡、打车）和公益捐赠（如蚂蚁庄园、捐步）。

不喜欢：用户不喜欢厨房用具如章丘铁锅（未点击商品特征）和床上用品如天然乳胶枕（未点击商品特征），基于未点击行为与点击偏好相反。",2,complete
1228779,"喜欢：用户偏好健身器材（如可调计数握力器）、智能穿戴设备（如智能运动手环和通话手环）以及个人护理产品（如智能剃须刀），关键词包括""智能""、""运动""、""计数""、""通话""，品牌涉及婠偲、汇智、南极人和乐外，使用场景主要为健身锻炼、日常护理和通讯需求。

不喜欢：用户不喜欢防水或多功能特性的智能运动手环，基于未点击商品中与点击行为相反的特征。",2,complete
1795749,"喜欢：用户偏好日用品品类如洗衣液（品牌爱博）、个人护理品类如高颜值剃须刀（品牌贝壳）、家居用品品类如保温杯（品牌苏泊尔），以及汽车相关品类如哈弗汽车；关键词包括优惠券、现金红包和商品橱窗浏览；使用场景集中于在线购物优惠活动、个人护理产品购买和汽车交易。

不喜欢：基于未点击商品特征，用户不喜欢电动剃须刀（品牌贝壳），这与点击行为中偏好非电动剃须刀的特征相反。",2,complete
1002375,"喜欢：用户偏好餐饮品类（如快餐、海鲜自助餐和汉堡），关键词涉及支付优惠（如消费券、红包、支付宝），品牌包括支付宝、饿了么和哈啰出行，使用场景集中于在线点餐、外卖和出行支付（如扫码收款、单车骑行）。  
不喜欢：用户不喜欢医疗险产品（如百万医疗险和好医保），基于未点击商品与点击行为（商品橱窗浏览）相反的特征，表现为对健康保险和医疗报销服务的回避。",2,complete
502923,"喜欢：用户偏好教育提升类内容，如练字特训、营养师证等成人学习品类，关键词包括硬笔书法、营养师，品牌涉及简小知和1688平价电商平台，使用场景聚焦于个人技能提升和健康改善；同时青睐实用健康产品如护颈枕头（关联希尔顿酒店品牌），以及平价购物和宝藏商品发现。

不喜欢：用户对儿童阅读包等儿童教育内容不感兴趣，且回避红包促销类物品如新人红包和垃圾桶相关商品，这与点击行为中成人实用导向相反。",2,complete
1025156,"喜欢：偏好品类包括家居用品（如菜板）、金融优惠（如现金红包和医疗保障）、旅行服务（如火车票优惠）和教育内容（如阅读包）；关键词涉及新人权益、宝藏商品和健康保障；品牌偏好康巴赫、1688和飞猪旅行；使用场景主要为电商购物（如商品橱窗浏览）、健康管理和休闲阅读。
不喜欢：基于未点击羽毛球拍商品，不喜欢运动器材品类（如羽毛球拍）；关键词或品牌涉及惠选，与点击的实用家居和金融优惠特征相反。",2,complete
928262,"喜欢：偏好品类包括健康保险、个人护理（如牙膏、沐浴露）、电子产品（如手机）、清洁用品（洗衣液）、交通服务（汽车票）、金融产品（现金红包）、食品饮料（酸奶券）、家居用品（电风扇、冰丝席）；关键词如医保、医疗险、优惠券、现金红包、洗衣液；品牌如苹果、舒肤佳、冷酸灵、蓝月亮、一只酸奶牛；使用场景涉及健康管理、日常清洁、个人卫生、出行、家庭生活、促销活动（如双11、暑期补贴）。

不喜欢：基于未点击商品特征，不喜欢香氛洗衣液或香氛精油相关的产品，与点击的普通洗衣液（如蓝月亮）形成对比。",2,complete
115959,"喜欢：用户偏好金融投资品类（如基金、债券），关键词包括新能源车、沪深指数、生活缴费等，品牌涉及支付宝、蚂蚁财富、apple和小米，使用场景涵盖理财直播、在线浏览商品橱窗、公益捐步和生活缴费服务。

不喜欢：用户不喜欢手机租赁服务，如苹果手机随心租，基于未点击商品中与点击行为（商品橱窗浏览）相反的特征。",2,complete
42767,"喜欢：用户偏好个人护理品类，特别是电动剃须刀（品牌如格卡诺），关键词包括""电动""和""迷你""，使用场景为快速浏览购物（如商品橱窗）和日常实用产品，这与交易行为中的手机相关消费（如手机费）和服务使用中的支付宝生态（如运动、公益）相呼应，体现对实用电子产品的兴趣。

不喜欢：用户对鲜花礼品类产品不感兴趣，基于未点击行为（如""鲜花优惠1小时配送""），这与点击的实用个人护理产品形成对比，体现对非实用、礼品类内容的排斥。",2,complete
1155047,"喜欢：用户偏好品类包括零食（如香辣藕片、牛肉干）、熟食制品（如卤蛋、煎饺）和数字服务（如花呗、余额宝）；关键词涉及红包、下载、游戏和1688购物；品牌倾向九游、贝壳剃须刀和支付宝相关服务；使用场景聚焦在线娱乐（如游戏下载、红包领取）、数字支付（转账、账单管理）和家居舒适（护颈枕使用）。

不喜欢：基于未点击商品特征，用户对冰丝席等家居寝具（如闻芳阁品牌）不感兴趣，与点击行为中偏好的娱乐和数字产品形成明显反差。",2,complete
1835208,"喜欢：偏好品类包括出行服务（如打车、火车票）、美容护理产品（如面膜）、医疗保健服务（如长期医疗险）和电子产品租赁（如苹果手机）；关键词如优惠、租赁、医疗、保险；品牌如滴滴、伊菲丹、蚂蚁保、好医保、星巴克、人人租；使用场景涉及日常出行省钱（如打车折扣）、健康保障（如医疗保障金）、美容护理和电子产品使用租赁。

不喜欢：基于未点击商品特征，对免费体验形式的医疗险产品（如百万医疗险免费试用）不感兴趣，而偏好实际保障的付费版本。",2,complete
355689,"喜欢：用户偏好电子设备品类（如移动电源、体脂秤），关键词包括三国、充电宝、蓝牙智能体脂秤，品牌如KKDDNN、爱木森、1688，使用场景为娱乐消遣（游戏下载、视频观看）和健康监测（体脂秤使用、种牙咨询）。

不喜欢：用户不喜欢亲子用品品类（如凉拖、安全帽），关键词如宝宝凉拖、防摔安全帽，品牌如有品，使用场景为家庭日常（拖鞋穿戴）或安全防护（头盔使用）。",2,complete
1300203,"喜欢：用户偏好品类包括医疗健康保险（如百万医疗险）、金融现金红包、搬家服务、酒类（酱香酒）、家居装修（全屋精装）和日用品（抽纸）；关键词如免费体验、领现金、试驾；品牌如好医保、蚂蚁保、植护、星巴克；使用场景涉及健康保障、省钱优惠、生活便利和日常消费。

不喜欢：基于未点击商品，用户不喜欢强调住院报销或0免赔额的医疗险产品（如与点击行为相反的高门槛报销特征），以及牙膏等口腔护理用品（如益牙膏），反映出对复杂报销条款和特定个人护理的回避。",2,complete
1230081,"喜欢：用户偏好手机通信服务品类（如流量靓号、生日号），关键词包括租赁（免押金租赁、租机租赁）、红包（现金红包）、回收（回收旧手机），品牌涉及中国联通和支付宝相关服务，使用场景聚焦在线服务（如商品橱窗浏览）、生活缴费（电费、医保）和日常消费（超市购物、外卖）。

不喜欢：用户不喜欢服装配饰类商品，如真皮皮带，这与点击的手机服务特征相反。",2,complete
1943950,"喜欢：该用户偏好金融理财品类（如保险、基金）、健康医疗（如口腔护理、医疗险）和汽车购买（如电动车），关键词包括""医疗险""、""宝马""、""公益""，品牌如支付宝、宝马、中国人民健康保险，使用场景涉及在线理财服务、健康保障和公益捐赠活动（如蚂蚁庄园）。

不喜欢：基于未点击的NASA联名t恤商品，该用户不喜欢服装品类（如短袖t恤），具体表现为对时尚服饰或联名产品缺乏兴趣。",2,complete
739394,"喜欢：用户偏好浏览商品橱窗等探索性购物行为，偏好品类包括个人护理（如洗发水、洗面奶）、食品（如零食、餐饮小吃）和公益服务（如捐赠、种树），关键词涉及租赁、维修和回收，品牌如天猫、支付宝和饿了么，使用场景集中于在线购物、外卖点餐和公益参与。

不喜欢：用户不喜欢美容护肤产品（如完美芦荟胶）、家居清洁设备（如超声波清洗机）以及1688平台相关商品（如烤肉盘），这些特征与点击行为中探索性浏览相反。",2,complete
878158,"喜欢：用户偏好租赁服务（尤其是手机免押租赁，如苹果14系列）、优惠活动（红包、优惠券）、健康保险（百万医疗险）、回收服务（旧衣上门回收）、美妆产品（阿玛尼口红券、雅诗兰黛）、交通出行（火车票、打车福利）；关键词包括免押、优惠、红包、回收、医疗、流量；品牌涉及人人租、银泰百货、阿玛尼、滴滴、中国联通；使用场景为在线消费（租赁、抢券）、健康保障（医疗险体验）、环保回收（旧物现金回收）、日常出行（火车票优惠）。

不喜欢：用户不喜欢多功能智能手环，如婠偲品牌的多功能版本，基于未点击行为与点击的智能手环基本款形成对比。",2,complete
1688311,"喜欢：用户偏好健康保险（如医疗险、好医保）、闲置物品回收（如黄金、钻戒回收）、日用品清洁（如抽纸、洗衣液）和健身器材租赁（如瑜伽垫、手机租赁）等品类；关键词包括租、回收、医疗、黄金、证件照；品牌如星巴克、植护、银泰百货、莉莫尔、smart；使用场景涉及健康保障、回收服务、日常消费、娱乐租赁（如游戏上分）和外卖服务（如饿了么）。

不喜欢：用户不喜欢航拍设备租赁（如大疆无人机）、打车服务（如滴滴福利）和苹果配件清仓（如保护壳、数据线），关键词如大疆、滴滴、苹果严选；品牌如大疆、滴滴；使用场景如摄影航拍、出行打车和电子配件购买。",2,complete
898720,"喜欢：偏好健康保险、职业培训和电子产品品类，关键词如现金红包、医疗险、营养师、电动车头盔，品牌包括1688、好医保、联想，使用场景涉及在线购物优惠、健康管理学习和家庭安全防护。

不喜欢：儿童产品、美容护肤用品和特定品牌礼品卡。",2,complete
1073791,"喜欢：用户偏好食品类（如纯牛奶、魔方吐司面包、豆腐丝）、日用品（碗筷、盘子、餐具碗）、服务（充值卡、医保、电影票），关键词涉及科技产品（单反相机、苹果耳机）和回收兼职（回收手机、旧衣服），品牌如九龙城、Meitu、支付宝相关服务，使用场景包括日常消费（早饭、下午茶）、在线活动（支付宝运动、蚂蚁庄园）和季节性需求（冬季、夏季）。

不喜欢：基于未点击行为，用户不感兴趣于美容护肤产品（如完美芦荟胶）、红包领取服务（如现金红包、下载应用领红包），以及特定厨具或平价商品（烤肉盘、宝藏平台），关键词如红包和宝藏，品牌如完美。",2,complete
1520632,"喜欢：用户偏好运动鞋品类（如登山鞋），关键词包括淡斑、防滑耐磨和登山，品牌如啄木鸟，使用场景涉及户外活动和美容护肤；此外，从交易行为（如跑步鞋、运动鞋）、服务使用（如芭芭农场、公益种树）和搜索关键词（如电影票、红包）中，还体现出对公益、理财和日常娱乐的兴趣。

不喜欢：用户不喜欢牙科相关服务，如种植牙，这与点击行为中运动鞋和美容产品的偏好相反，未点击商品特征（口腔医院、种牙）表明对医疗类内容缺乏兴趣。",2,complete
1435120,"喜欢：用户偏好平价商品品类（如从点击的""宝藏平价商品""推断），关键词如""宝藏""（突出性价比），品牌如1688（电商平台），使用场景为电商浏览（商品橱窗）。

不喜欢：用户不喜欢晴雨伞品类（从未点击的""防紫外线晴雨伞""推断），品牌如优品佳（与点击的1688相反），使用场景为户外防护（基于防紫外线特征）。",2,complete
484798,"喜欢：用户偏好高端品牌商品，包括电子产品（如iPhone14 Pro手机）、家电（如立式两用电风扇）、酒类（如坤沙酱酒、加拿大冰酒）和汽车（如宝马i3、朗逸新锐）；关键词涉及限时抢购、现金钜惠和医疗保障；品牌如Apple、BMW、金正；使用场景涵盖在线购物（移动支付、快递）、理财（医疗险、现金红包）和公益（捐赠、公益项目），体现对品质和便利性的追求。

不喜欢：用户不喜欢平价批发商品，如1688平台上的宝藏类商品，与点击的高端消费行为（如品牌手机、酱酒）形成鲜明对比，反映出对低价、大众化商品的回避。",2,complete
1654865,"喜欢：用户偏好科技产品（如无线蓝牙耳机、BMW新车）、家居用品（如可折叠冰丝席）、健康服务（如百万医疗、健康饮食训练营）和个人护理（如果酸沐浴露），关键词包括理财、医疗、生鲜（谊品生鲜），品牌如追梦者、闻芳阁、BMW、碧素堂，使用场景涉及购物（银泰百货）、健康管理、娱乐直播（淘宝直播）和公益服务（蚂蚁公益）。

不喜欢：用户不喜欢时尚配饰（如太阳镜）和休闲鞋类（如运动鞋），这与点击行为中缺乏此类商品的兴趣一致。",2,complete
463423,"喜欢：偏好品类包括手机租赁服务（如随心租手机）、电子产品（如苹果手机）、个人清洁用品（如香氛洗衣液）、摄影配件（如自拍杆）和购物优惠（如雅诗兰黛购物券）；关键词涉及租机、免押、回收、苹果产品；品牌偏好苹果、雅诗兰黛、有品；使用场景为租赁试用（如随租随还）、日常清洁、自拍摄影和线上购物浏览。

不喜欢：基于未点击商品特征，不喜欢家居用品（如睡衣、置物架）、健康监测设备（如体脂秤）、厨房用具（如保温饭盒）、安全防护装备（如电动车头盔）和男性护理产品（如剃须刀）。",2,complete
344120,"喜欢：用户偏好个人护理用品（如剃须刀，品牌南极人）、厨房配件（如锅盖手柄、提盘器）、调味品（如藤椒油、芝麻香油）和低脂零食（如西梅干）；在服务上倾向支付宝理财（如余额宝、基金）、公益（如公益捐步）和快递查询；使用场景聚焦日常卫生、家庭烹饪和金融管理。

不喜欢：用户对健身器材类产品（如自动健腹轮）不感兴趣，这与点击的剃须刀（个人护理）特征相反。",2,complete
23542,"### 用户兴趣偏好总结（场景2）
喜欢：用户偏好教育品类（如叫叫阅读、小学课本教材）、商业服务（如个体户营业执照代办）、金融促销（如黄金红包）和购物场景（如商品橱窗），关键词包括阅读、红包、消费券和营业执照，品牌涉及银泰百货，使用场景多为孩子教育（如幼儿园、小学生）和商业活动（如个体户经营）。  
不喜欢：用户对护肤品类不感兴趣，特别是面膜和洁面乳，关键词如保湿面膜、眼霜，品牌如御泥坊，使用场景为美容护理。",2,complete
305274,"喜欢：用户偏好1688平台的大牌平替产品，涉及下载应用（如点击行为）；偏好品类包括电子产品（从搜索关键词如苹果耳机、iPhone、电脑）、租赁服务（车辆租赁、租机短租）、餐饮（交易行为如小吃摊、川菜馆）和支付服务（服务使用如花呗、现金红包）；关键词如苹果、租赁、现金、红包（搜索和服务使用）；品牌如1688、苹果（搜索和点击）；使用场景为支付宝相关活动（赚现金、游戏玩乐如蚂蚁庄园）、支付（手机扫码支付、转账）和休闲娱乐（电影、外卖）。

不喜欢：基于未点击商品（大牌同源好物尽在1688|逛15秒商品橱窗），用户不喜欢被动浏览商品橱窗内容，表明对非行动导向的互动（如单纯逛橱窗而非下载或具体交易）不感兴趣。",2,complete
1873479,"喜欢：用户偏好1688平台上的低价源头商品，品类集中于电子配件（如手机壳、数据线、充电线）和手机相关产品，关键词包括""大牌平替""、""源头货""、""低价好物""，品牌涉及苹果、华为、小米等，使用场景涵盖在线购物（如1688平台）和公益服务（如芭芭农场、支付宝运动）。

不喜欢：用户对服装类商品如纯棉t恤不感兴趣，这与点击行为中偏好电子配件和低价源头货的特征相反。",2,complete
968013,"喜欢：偏好品类包括租赁服务（如手机租赁）、交通优惠（如打车福利）、美妆产品（如面膜、香水）和金融红包（如现金红包、信用卡优惠）；关键词涉及免押金、理财、优惠券；品牌倾向雅诗兰黛、滴滴、饿了么、coco香水；使用场景聚焦省钱活动（如领红包）、便捷生活（如打车、租赁）和数字平台购物（如支付宝相关服务）。

不喜欢：基于未点击商品，不喜欢餐饮促销（如比萨牛排）和家居用品（如玻璃杯、磨毛四件套），与点击行为中偏好租赁、金融和便捷服务的特征相反。",2,complete
620698,"喜欢：用户偏好教育服务品类（如少儿美术课和趣味阅读包）、生活便利用品（如全自动晴雨伞），关键词包括购物金、红包和优惠券，品牌涉及雅诗兰黛、1688、优品佳和小熊美术，使用场景聚焦在线购物、教育学习和日常生活消费。

不喜欢：用户对技能学习类（如摄影拍照技巧）和安全装备品类（如电动车头盔和防摔安全帽）不感兴趣。",2,complete
1279831,"喜欢：偏好品类包括酒类（如白酒、酱酒、贵宾酒）、金融产品（如现金红包、理财服务、新车购买）和科技产品（如手机租赁）；关键词如现金、红包、酒、新车、黄金；品牌如周生生、BMW、苹果、钓台酒业；使用场景涉及购物消费（如买酒、购车）、金融投资（如领取红包、理财）、生活服务（如缴费）和娱乐（如彩铃）。

不喜欢：基于未点击商品橱窗，用户不喜欢泛泛的商品浏览或被动广告推荐，表现为对非具体商品展示（如橱窗式推广）缺乏兴趣。",2,complete
843413,"喜欢：用户偏好品类包括电商平台（如1688）、手机配件（如手机壳）、家居用品（如储物箱、衣柜）和生活服务（如缴费、回收）；关键词涉及""源头货""、""低价""、""租赁""和""回收""；品牌偏好1688相关平台；使用场景为日常生活省钱（如二手交易、免押金租赁）和便利服务（如上门回收、缴费）。

不喜欢：用户不喜欢护肤类产品（如补水喷雾），特别是高端品牌如Avene，这与点击行为中偏好低价、实用商品的倾向相反。",2,complete
1676941,"喜欢：用户偏好纸制品（如抽纸）和美容产品（如气垫），关键词涉及1688平台和植护品牌，品牌包括植护，使用场景为在线电商购物（如1688平台上的日常用品采购）。

不喜欢：用户不喜欢外卖服务，基于未点击饿了么商品（餐饮券包），与点击的电商购物行为相反。",2,complete
2014176,"喜欢：偏好品类包括电子产品租赁（如手机、相机）、医疗保险服务、闲置物品回收（如黄金、奢侈品）和优惠券服务（如外卖、旅行）；关键词如免押金、租赁、回收、好医保、饿了么；品牌涉及人人租、好医保、蚂蚁保、饿了么、大疆；使用场景为租赁数码产品（如免押租手机）、保障医疗（如百万医疗险）、回收贵重物品和获取餐饮旅行优惠。

不喜欢：基于未点击行为，不喜欢贷款服务（如惠押）和苹果配件（如保护壳、充电头），与点击的租赁和回收兴趣相反。",2,complete
1443306,"喜欢：该用户偏好汽车（如smart精灵）、家居用品（如五季玻璃杯）、电子产品租赁（如免押租单反相机）和医疗美容服务（如种牙公益、祛眼袋），关键词包括免押租赁、上门服务和公益种牙，品牌涉及五季、佳能、smart和可玉，使用场景涵盖家居生活、汽车试驾、摄影设备租赁及牙科美容咨询。

不喜欢：该用户对医疗保险产品（如长期医疗、百万医疗）和特定汽车品牌（如传祺影豹）不感兴趣。",2,complete
855824,"喜欢：用户偏好金融服务品类（如医疗险、理财、回收服务），关键词包括医疗、火车票、滴滴、1688、苹果、回收，品牌如滴滴、植护、1688、苹果、蚂蚁保，使用场景涵盖在线消费（如电商购物、手机租赁）、出行（如打车、火车票）、健康保障（如医疗保障金）和闲置处理（如高价回收手表、钻戒）。

不喜欢：用户不喜欢新人权益红包或垃圾桶类产品，这与点击的实用服务和金融产品特征相反，体现为对促销红包和低价值日用品的回避。",2,complete
929099,"喜欢：偏好品类包括租赁服务（手机、无人机）、金融服务（现金红包、医疗险）、出行优惠（打车、火车票）和回收服务（黄金、旧衣）；关键词涉及红包、租赁、医疗、打车；品牌如滴滴、人人租、好医保；使用场景聚焦省钱、便利和健康保障。

不喜欢：基于未点击商品与点击行为相反的特征，不偏好潮玩类租赁（如iPhone14潮玩特惠）、高保额医疗险的特定推广形式、火车票立减券的优惠方式以及流量卡服务。",2,complete
1522384,"喜欢：用户偏好租赁服务（如手机、汽车）、医疗健康保险（如百万医疗险）、省钱优惠（如红包、折扣券）和日常购物（如食品、家居用品），关键词包括现金、红包、缴费，品牌如好医保、哈啰租车、滴滴、银泰百货，使用场景涉及出行（如打车、租车）、健康保障、家庭消费（如宝宝起名）和节省开支（如免押金租机、抢优惠券）。

不喜欢：用户不喜欢潮玩好物相关的租赁特惠或特定主题促销（如夏日福利），这与点击行为中实用、省钱导向的兴趣相反，表现为对类似租赁服务（如iPhone14系列）但附加娱乐元素的商品缺乏兴趣。",2,complete
1785455,"喜欢：用户偏好美容护肤品类，特别是平价宝藏商品，关键词如""宝藏平价""和""修复肌肤""，品牌如完美（完美芦荟胶），使用场景为个人日常护理和肌肤修复（如淡化痘印）。

不喜欢：用户不喜欢大牌同源好物，表明对高端品牌或同源商品缺乏兴趣。",2,complete
1170431,"喜欢：偏好品类包括服装（如工装裤、休闲裤、直筒裤）和食品（如儿童煎饼、黑椒牛肉酥皮馅饼），关键词涉及租赁服务（如租手机平台、免押金租赁）和回收（如旧衣服回收、二手机回收），品牌如以纯yishion（服装）、古茗（饮品）和美邦（服装），使用场景聚焦支付宝服务（如芭芭农场、蚂蚁庄园）及日常消费（如外卖订单、商场购物），基于高频交易和服务使用实体。

不喜欢：基于未点击商品特征，不喜欢美容护肤产品（如活泉水喷雾）和厨房刀具（如菜刀），与点击行为中偏好服装、食品及服务类实体形成反差。",2,complete
397387,"喜欢：用户偏好租赁服务（如手机、相机租赁）、数码电子产品（如iPhone14、航拍机）、医疗保健产品（如高保额医疗险）、美妆个护（如玻尿酸喷雾、美妆券）以及红包优惠活动（如现金红包、黄金券）；关键词包括“租赁”、“医疗”、“数码”、“红包”；品牌涉及苹果、大疆、佳能、颐莲、银泰百货；使用场景主要为在线购物、设备升级、健康保障和美容护理。

不喜欢：用户对打车服务（如滴滴打车券）和医疗险产品兴趣较低，基于未点击商品中打车券、滴滴出行及医疗险等特征与点击行为相反。",2,complete
1689470,"喜欢：用户偏好外卖餐饮（如饿了么、炭烤热狗）、公益慈善（如捐赠、公益种树）、健康保险（如医保、健康险）和果园种植（如芭芭农场、水果）；常用关键词包括外卖、饿了么、水果、备用金；品牌偏好饿了么、支付宝；使用场景涉及点餐、捐赠、种树、完成任务（如做任务、抽奖），点击商品橱窗显示对浏览促销内容感兴趣。

不喜欢：用户未点击租赁苹果手机的商品，表明不喜欢租赁高端电子产品如苹果手机或相关品牌。",2,complete
1668184,"喜欢：用户偏好数码产品（如手机、剃须刀）、金融服务（如现金红包、黄金红包、流量卡）、生活用品（如抽纸）、健康服务（如健身、医疗），关键词包括黄金、消费券、签到、饿了么、花呗，品牌如苹果、格卡诺、植护、滴滴，使用场景涉及在线购物、数字支付、健康管理和日常消费娱乐。

不喜欢：用户不喜欢鞋类产品，特别是户外登山鞋和休闲运动鞋，品牌如啄木鸟、吱积分。",2,complete
190662,"喜欢：用户偏好医疗险、保险产品、贵重物品回收服务和设备租赁；关键词包括医疗、保险、回收、免押金；品牌偏好好医保、蚂蚁保、1688；使用场景为在线金融保险购买、贵重物品回收和电商平台购物。

不喜欢：用户不喜欢休闲娱乐类商品如吃喝玩乐券，以及百货购物服务，与点击的金融保险和回收服务特征相反。",2,complete
860770,"喜欢：偏好品类包括在线游戏和金融促销活动，如""永恒世纪""、""三国""等游戏下载试玩和""现金红包""、""宝藏平价商品""；关键词如""现金""、""红包""、""宝藏""、""武器""；品牌如""恺英""；使用场景涉及下载试玩游戏、领取现金红包、浏览商品橱窗等在线娱乐和省钱活动。

不喜欢：偏好品类如回收服务和日常用品，如""旧衣服回收""、""抽纸""、""皮带""、""剃须刀""、""头盔""；关键词如""上门回收""、""原木臻品""、""真皮皮带""、""智能剃须刀""、""防摔安全帽""；品牌如""优品汇""、""巴迪克保罗""、""南极人""、""有品""；使用场景包括回收旧物、购买个人护理产品等实用消费。",2,complete
1952090,"喜欢：用户偏好品类包括电子产品租赁（如手机）和口腔护理产品（如牙膏），关键词涉及租赁、免押金、理财和回收，品牌如1688和苹果，使用场景涵盖在线购物（电商平台）、设备租赁服务和公益理财活动（如支付宝相关服务）。

不喜欢：用户不喜欢服装类商品，特别是男性休闲短裤，这与点击行为中电子产品及口腔护理的偏好形成鲜明对比。",2,complete
1897546,"喜欢：用户偏好日用品、个人护理和家居品类（如卷纸、沐浴露、枕头、保温杯），关键词包括促销、优惠券和折扣，品牌包括维达、舒肤佳、苏泊尔、莉莫尔和珍天下，使用场景为日常家庭消费、省钱购物和优惠活动。

不喜欢：基于未点击商品特征，用户不喜欢电动剃须刀等数显个人护理电子产品。",2,complete
425704,"喜欢：用户偏好金融优惠品类（如现金红包、消费券），关键词包括红包、消费券、支付宝、vip会员，品牌如1688，使用场景涉及日常消费（如早饭、停车支付）和促销活动（如双11、春季消费节）。  
不喜欢：用户不喜欢时尚配饰品类（如真皮皮带），关键词和品牌如巴迪克保罗，使用场景与服饰相关，基于未点击商品特征与点击行为相反。",2,complete
482721,"喜欢：该用户偏好电子产品租赁品类（如高配游戏本），关键词包括现金、红包、赚钱、支付宝和交通相关（如铁路、公交）；品牌涉及神舟（从点击商品）和支付宝（从服务使用）；使用场景涵盖游戏娱乐（如游戏本租赁）、免押金在线支付（如收款码、余额宝）、交通出行（如网约车、骑行订单）以及赚钱活动（如赚小钱、领现金红包），体现对金融支付和便捷服务的兴趣。

不喜欢：该用户不喜欢摄影设备品类（如无人机和微单相机），关键词和品牌涉及大疆、富士及1688下载（从未点击商品），使用场景包括高端摄影租赁或电商平台应用，这与点击行为中偏好游戏本租赁的特征相反。",2,complete
31478,"喜欢：用户偏好食品品类（如吐司、烤肉盘），关键词包括平价和宝藏，品牌涉及KFC和肯德基，使用场景为快速消费和商品橱窗浏览，基于点击商品实体词（KFC、吐司、烤肉盘）及交易行为实体（如香肠、冰淇淋）的食品相关特征。

不喜欢：用户不喜欢家居用品品类（如冰丝席），品牌闻芳阁，使用场景为舒适透气床上产品，基于未点击商品实体词（冰丝席、可折叠冰丝席）与点击行为中食品偏好相反的特征。",2,complete
893745,"喜欢：用户偏好医疗险、租赁服务和优惠券等品类（如多次点击好医保百万医疗险、免押金租手机、抢黄金红包），关键词包括医疗、租赁、红包、回收和教育（基于搜索""红包、健康""和点击""百万医疗免费体验、放下手机培养书写兴趣""），品牌如好医保、植护、银泰百货、雅诗兰黛（点击商品中高频出现），使用场景涉及省钱购物、健康保障、环保回收和技能提升（如参与支付宝蚂蚁保服务、旧衣服回收任务）。

不喜欢：用户不喜欢运动鞋、清洗机和头盔等实物商品（未点击""吱积分休闲运动鞋、超声波清洗机、电动车头盔""），与点击的服务型、优惠型产品特征相反（如偏好租赁和医疗险而非实体装备）。",2,complete
119955,"喜欢：用户偏好教育类产品（如少儿美术课和教材思维导图）、电商服务（1688平台）及文具（如绘画工具），关键词包括""1688""、""美术课""、""红包""和""源头货""，品牌涉及""1688""和""小熊美术""，使用场景主要为在线学习、购物优惠和获取低价商品。
不喜欢：用户不喜欢护肤品（如芦荟胶），品牌涉及""完美""，关键词包括""补水祛痘""和""深层修复""。",2,complete
1015379,"喜欢：用户偏好健康保险品类（如医疗险），关键词包括免费体验、百万保额、积分和任务赚钱，品牌如好医保、YIMI和1688，使用场景涉及健康保障（如医保相关消费）、娱乐休闲（如游戏下载）和在线省钱购物（如宝藏商品平台），同时关注金融任务应用（如积分兑换和赚钱服务）。

不喜欢：用户对手机靓号定制服务（如生日号、爱情号）不感兴趣，这与未点击行为中缺乏类似主题一致，且与点击偏好（健康保险和实用商品）形成对比。",2,complete
258121,"喜欢：用户偏好公益慈善品类（如芭芭农场、公益捐步和慈善基金会），关键词包括租赁（如零押金、租借）和回收（如回收手机、旧衣服回收），品牌涉及支付宝相关服务（如余额宝、蚂蚁庄园），使用场景主要为在线捐赠、理财管理和游戏化应用互动。
不喜欢：用户不喜欢口腔护理产品，如牙膏，基于未点击行为与点击浏览商品橱窗的相反特征。",2,complete
1711260,"喜欢：该用户偏好电子产品品类，特别是苹果品牌的手机（如iPhone 14 Pro Max和iPhone 13P）；关键词包括""苹果""、""iPhone""和""租赁""（源自搜索""appleiphone""和点击""免押租赁""）；使用场景涉及在线租赁服务（如免押分期）和商品橱窗浏览。

不喜欢：该用户不喜欢美容护肤品类（如防晒喷雾）、奢侈品租赁和金融产品（如黄金红包），基于未点击行为中与点击电子产品相反的特征，包括品牌""娜丽丝""和使用场景如防晒或奢侈品消费。",2,complete
1731215,"喜欢：该用户偏好品类包括儿童服装（如婴儿裤子、宝宝上衣、儿童短裤）、休闲服饰（如t恤、卫衣、运动裤）和家居用品（如床上用品、被子、被套），关键词涉及季节（夏季、春秋）和支付方式（支付宝、花呗），品牌如nuby努比和bobdog巴布豆（儿童用品），使用场景主要为家庭育儿、外出休闲（如外出服、泳装）以及线上购物（如商品橱窗浏览）。

不喜欢：该用户不喜欢办公效率提升类产品，如Excel课程或教育软件，这与点击行为（商品橱窗浏览）相反，表明对实用技能培训或工作相关工具缺乏兴趣。",2,complete
1320094,"喜欢：用户偏好健康保险（如医疗险、好医保）、个人护理用品（如牙刷、内衣洗衣液）、零食优惠（如零食券）、科技租赁服务（如租手机）、教育课程（如易学入门课）和购物平台（如1688源头货）；关键词包括优惠券、现金红包、免押和免费体验；品牌涉及植护、滴滴、1688；使用场景聚焦省钱购物、健康保障、日常清洁和学习提升。

不喜欢：用户对特定医疗险产品""好医保·长期医疗""不感兴趣，与点击行为中偏好优惠版医疗险的特征相反。",2,complete
1949817,"### 用户兴趣偏好总结（场景2）
喜欢：用户偏好健康保险品类（如好医保百万医疗险），关键词包括""医疗险""、""现金红包""、""装修""，品牌如好医保、植护、洽洽、smart，使用场景涉及健康保障（如免费领取医疗险）、日常消费（如抽纸和零食）、汽车试驾（如smart精灵）及家居改善（如全屋整装），同时关注优惠活动（如抵扣保费和抢券）。  
不喜欢：用户未点击内衣洗衣液（如纯欲晚香内衣洗衣液），表明不喜欢个人护理品类；未点击带""安心豆""的医疗险（如领安心豆投保抵保费），显示对保险附加功能不感兴趣；尽管点击了试驾smart精灵，但忽略相同标题商品，反映对重复内容无兴趣。",2,complete
1580141,"喜欢：偏好品类包括打车服务、洁面产品和电商购物；关键词如打车、优惠券、红包、洁面泥；品牌如滴滴、美心、BUV、1688；使用场景涉及出行（如网约车）、美容护理（日常洁面）和日常消费（电商平台购物）。

不喜欢：基于未点击商品与点击行为相反的特征，不喜欢仁和匠心品牌的洁面产品（对比点击的BUV洁面）、KKDDNN品牌的充电宝（对比点击的蓝牙耳机）以及完美品牌的芦荟胶（对比点击的洁面品类）。",2,complete
