user_id,user_interest_summary,scene,data_type
1003628,"喜欢：用户偏好家居用品（如按摩垫、珊瑚绒浴裙、风扇防尘罩）、个人护理产品（如收腹裤、足浴包、内衣）和数码设备（如华为手机、Apple产品、平板电脑），关键词包括回收、家庭积分、健康养生，品牌涉及华为、Apple、vivo，使用场景为家庭生活（如家庭服务、资产管理）和健康养生（如足疗）。  
不喜欢：用户不喜欢酒店服务（如万豪婚宴）、快餐食品（如麦当劳甜品）和娱乐会员（如爱奇艺VIP），关键词如优惠券、会员卡、积分兑换，品牌如万豪、中国移动，使用场景为旅行住宿（如城市酒店）和娱乐消费（如会员订阅）。",1,complete
337888,"喜欢：用户偏好出行服务（如打车、租车、专车）、外卖和电子产品（品牌如滴滴出行、华为、小米），使用场景为日常出行和在线消费，关键词涉及滴滴出行、公交和外卖点餐。
不喜欢：用户不喜欢信用报告查询服务和高端折叠屏手机（如三星、vivo），与点击行为相反。",1,complete
1446163,"喜欢：用户偏好支付宝平台的现金红包和日常消耗品（如棉柔巾、湿巾），关键词包括红包、赚一点和消费金，品牌倾向支付宝，使用场景为日常小额消费和赚取现金奖励，体现对金融红包类服务和基础生活用品的兴趣。

不喜欢：用户不喜欢赚零花的签到奖励应用（如多多有礼）和特定商品（如电吹风、运动袜），基于未点击行为，与点击偏好相反的特征包括间接赚取机制和非消耗性日用品。",1,complete
1966571,"喜欢：用户偏好品类包括超市购物（如京客隆、物美超市）和外卖服务（如饿了么、美团），关键词涉及优惠券、红包、积分和任务赚钱（如月月赚），品牌倾向京客隆、全家FamilyMart、支付宝和哈啰出行，使用场景为日常消费、在线点餐、出行通勤（如低碳出行）及参与赚钱活动（如芭芭农场种树）。

不喜欢：用户不喜欢招聘求职类服务（如青团社招聘）和特定餐饮点餐服务（如久久丫点餐），基于未点击商品中与点击行为相反的招聘、求职特征（如找工作、兼职）及火锅类餐饮（如番茄锅、麻辣锅）。",1,complete
530809,"喜欢：用户偏好红包领取和现金任务类活动（如月月赚、公交地铁乘车红包），关键词集中于现金、红包和消费福利，品牌涉及支付宝相关服务（如蚂蚁庄园），使用场景为日常通勤交通支付和消费优惠活动。

不喜欢：用户不喜欢转账操作，特别是批量转账和劳务费相关服务。",1,complete
288253,"喜欢：用户偏好金融任务服务品类（如红包、现金奖励和任务完成），关键词包括支付宝、理财、红包和淘票票，品牌如阿里妈妈、支付宝和淘票票，使用场景涉及日常在线任务管理（如打卡赚钱、转账红包）和娱乐消费（如电影票购买），具体体现在点击叮咚买菜、睡觉打卡、月月赚等商品，结合搜索关键词如转帐交易、理财和支付宝。

不喜欢：用户不喜欢早起打卡任务、运动追踪应用和求职服务品类，基于未点击商品中与点击行为相反的特征（如未点击早起打卡-嗨豹校园、多多走路和青团社招聘），关键词包括运动、求职和早起，品牌如乐动力和青团社，使用场景涉及健身追踪和就业平台。",1,complete
774589,"喜欢：用户偏好加油服务品类（如易捷加油），关键词包括油卡、充值、支付宝，品牌如易捷、中石化、支付宝，使用场景为出行加油和在线支付充值，基于点击商品（证件中心|易捷加油）和搜索关键词（易加油、油卡）体现对证件管理、支付功能的兴趣。

不喜欢：用户不喜欢其他加油服务品牌（如团油、中油好客），以及折扣优惠、开票等促销特征，基于未点击商品（支付宝加油|团油|中油好客e站）实体词（折扣优惠、发票、优惠券）与点击行为相反。",1,complete
836702,"喜欢：用户偏好金融理财品类，如红包、现金红包和任务赚钱（如月月赚），关键词包括现金、月月赚、支付宝和任务，品牌倾向支付宝相关服务，使用场景聚焦日常理财和赚取额外收入（如通过红包任务获取收益）。

不喜欢：基于未点击商品特征，用户不喜欢提现机制（如天天提现）和开宝箱类任务，以及非金融品类如美妆个护、装饰装修和电话费充值。",1,complete
870314,"喜欢：该用户偏好金融储蓄品类，如支付宝的小荷包功能，关键词包括攒现金、攒钱计划、小程序app和计划，品牌偏好支付宝，使用场景涉及个人财务管理、通过移动应用进行储蓄和音频内容消费（如读书听书）。

不喜欢：该用户不喜欢与金融储蓄无关的内容，如情侣互动（情侣相册）、特定食品（小熊荷包鸡）和教育费用相关（小钱袋），这些特征基于未点击商品与点击行为相反。",1,complete
329575,"喜欢：该用户偏好通信服务品类，关键词包括流量卡、电话费、王卡和中国联通，品牌如中国联通、腾讯（通过王卡）和电信，使用场景为办理手机卡、充值话费及管理流量服务，体现对手机通信和流量管理的强烈兴趣。  
不喜欢：基于未点击商品中与点击行为相反的特征，该用户不喜欢金融储蓄产品（如笔笔攒）、投资工具（如赚金币）、非通信相关电商商品（如女装、美妆）以及签到赚现金活动（如集宝星球）。",1,complete
656606,"喜欢：该用户偏好金融品类（如信用卡申请和现金红包服务），关键词包括现金、红包、信用卡、任务，品牌涉及中信银行，使用场景为在线申请金融产品和参与任务获取现金奖励（如到店支付红包）。

不喜欢：基于未点击商品，用户不喜欢花呗相关服务（如花呗账单）、话费充值（如手机话费流量），以及特定红包类型（如红包封面）。",1,complete
1817555,"喜欢：该用户偏好出行服务（如公交、地铁）、个人护理用品（棉柔巾、湿巾）和金融优惠（现金红包），关键词包括现金红包、优惠券、公交出行，品牌涉及滴滴出行、美团外卖，使用场景为日常通勤和省钱消费。  
不喜欢：该用户不喜欢管理类应用（如个人中心、签到）、美容产品（如香水）和积分系统（如集分宝），这些特征与点击的出行和现金奖励行为相反。",1,complete
197842,"喜欢：用户偏好赚钱任务和红包奖励类活动，包括品类如在线赚钱平台（如月月赚）、关键词如任务、红包、转账红包和现金红包，品牌涉及支付宝（搜索关键词和服务使用实体中高频出现），使用场景为日常红包领取、转账操作及话费充值（交易行为和服务使用实体中手机费、电话费、转账等反复出现）。

不喜欢：用户不喜欢求职招聘和存钱管理类服务，基于未点击商品的特征如兼职、工作、提现和签到（未点击商品实体词中求职就业、岗位、提现等与点击行为中娱乐赚钱特征相反）。",1,complete
462144,"喜欢：用户偏好通过到店支付积累现金的活动，涉及品类如数码产品（如手机配件、电脑）、家纺、美妆和母婴等，关键词包括""攒现金""、""红包""、""现金""和""到店支付""，品牌如中国联通和Apple，使用场景为超市购物支付（如收银台）和参与任务赚钱（如抽奖、签到）。

不喜欢：基于未点击商品，用户不喜欢涉及平台红包、赚钱红包或支付宝的现金奖励商品，具体表现为对""赚钱红包""和""平台红包""等实体词的回避。",1,complete
1163409,"喜欢：用户偏好医药健康品类，关键词包括""买药""、""医疗报销""、""健康险""和""医保""，品牌如""饿了么""（用于健康服务）、""同仁堂""和""协和""，使用场景为在线健康管理、医疗报销和药品购买，体现在点击""饿了么买药""服务及交易实体中的""医药健康|BRAND""、""气管炎丸""和""vc片""。

不喜欢：用户不喜欢超市相关商品，如食品、饮料和生鲜品类，基于未点击""饿了么超市""商品中的实体词""伊利巧乐兹""、""可口可乐""、""新鲜鸡蛋""和""果蔬肉蛋""，与点击行为中健康服务相反。",1,complete
1906578,"喜欢：用户偏好教育费用和亲子游费用相关的理财储蓄工具，偏好品类包括教育规划、亲子活动及家庭理财；关键词涉及理财、零花钱和支付宝；品牌偏好支付宝（从点击商品和搜索词体现）；使用场景聚焦于家庭日常储蓄、教育资金管理和亲子游规划（基于点击商品实体词及搜索关键词如""理财""、""零花钱""）。

不喜欢：用户不喜欢公益慈善相关的产品或服务，基于未点击商品""支付宝成长派""的实体词""做公益""，与点击行为中理财储蓄特征相反。",1,complete
118828,"喜欢：该用户偏好在线赚钱和红包领取平台，品类包括任务完成工具和现金奖励应用，关键词如现金、红包、任务、签到、金币和提现，品牌如支付宝、花小宝和淘宝红包，使用场景为日常签到赚零钱、完成任务获取现金红包以及省钱应用互动（如芭芭农场和蚂蚁庄园）。

不喜欢：基于未点击商品，用户不喜欢宠物服务（如狗狗驱虫和宠物体检）、借贷产品（如360借条和信用卡）以及数码运动用品（如数码设备和男装），这些特征与点击的赚钱任务和现金主题相反。",1,complete
1269791,"喜欢：用户偏好运动健身品类（如足球、篮球、跑步、跳绳），关键词包括运动步数和支付宝运动，品牌主要为支付宝，使用场景涉及日常运动追踪、健康管理和任务型活动（如通过支付宝运动进行健身、登山或骑行）。

不喜欢：用户不喜欢金钱激励相关的运动应用，如那些强调现金领取、金币奖励或兑换现金的品类（如走路赚钱类应用），偏好纯运动导向而非现金红包、金币或VIP会员等金融元素。",1,complete
1656564,"喜欢：该用户偏好金融赚钱类产品（如现金红包、转账红包）和日常消耗品（如湿巾、棉柔巾），关键词包括月月赚、任务、提现、签到、电话费，品牌倾向合创，使用场景涉及在线任务完成、赚取小额现金和日常支付（如电话费充值）。

不喜欢：该用户不喜欢数码产品、内衣、母婴用品、居家用品、美妆产品，关键词如文章、地铁出行红包，品牌如佳米，使用场景包括阅读文章或特定出行相关红包活动。",1,complete
1194241,"喜欢：该用户偏好旅游品类（如景点、机票、门票）、电子产品品牌（如苹果、荣耀）、医疗保健使用场景（如医保亲情账户、就医购药），关键词包括顺风车、飞猪等出行服务，以及搜索中的物流、车票等交通相关词。

不喜欢：该用户不喜欢金融储蓄品类（如余额宝、工资转入），关键词如钱管家、信用卡还款等转账管理服务，使用场景涉及银行存款、货币基金等理财操作，与点击的旅游和医疗行为相反。",1,complete
1047619,"喜欢：偏好品类包括公共服务（如人社查询、补贴申请）、文化景点（如博物院、纪念馆参观）、出行服务（如打车、租车）和餐饮外卖（如甜品饮品、无骨炸鸡）；关键词涉及社会保障、芝麻信用、花呗和公交；品牌偏好支付宝、滴滴出行、饿了么和华为；使用场景为在线服务使用（如政务查询、支付）、出行预订和餐饮点单。

不喜欢：基于未点击行为，对超市购物（如生鲜食品、日用品）和药品购买（如健康产品）不感兴趣，具体表现为避免维他柠檬茶、新鲜鸡蛋、防晒喷雾、面霜等超市商品及药品相关实体。",1,complete
1513751,"喜欢：该用户偏好金融奖励品类（如红包、现金红包）和个人护理品类（如棉柔巾、湿巾），关键词包括""红包""、""现金红包""和""消费券""（基于搜索数据），品牌方面无明显偏好（点击商品未涉及特定品牌），使用场景集中于在线省钱和日常消费（如支付宝、余额宝服务使用）。

不喜欢：该用户不喜欢任务导向活动（如任务、签到）、租赁服务（如租机租赁）、证件相关（如证件照）以及蔬菜品类（如绿色蔬菜、西红柿），这些特征在未点击商品中出现且与点击行为（红包、个人护理）相反。",1,complete
867699,"喜欢：用户偏好理财和赚钱任务品类，关键词包括月月赚、红包、转账红包、任务，品牌涉及支付宝相关服务如蚂蚁财富、花呗、余额宝，使用场景为日常通过移动支付平台完成任务赚取现金红包的理财活动。

不喜欢：用户不喜欢求职就业相关的内容，基于未点击商品的特征如招聘、兼职、公司信息、岗位、学历等。",1,complete
501806,"喜欢：用户偏好金融理财品类，关键词包括黄金票、现金红包、理财年金和余额宝，品牌如蚂蚁财富和支付宝，使用场景为在线投资管理和红包领取活动。

不喜欢：用户不喜欢保险类产品，如商业保险和保费支付服务，基于未点击商品的特征如保险管家和诊断证明。",1,complete
1534209,"喜欢：用户偏好金融和任务互动品类，如现金红包、提现服务和签到任务；关键词包括现金、红包、提现、任务、签到；品牌如支付宝（高频出现）；使用场景为在线赚钱、日常金融管理和参与简单游戏任务（如开宝箱、领现金）。

不喜欢：用户不喜欢金币兑换和租赁品类，如金币系统、设备租赁；关键词如金币、兑换、租赁、回收；品牌如租机服务（如逗鱼租机）；使用场景为复杂赚钱机制（如金币兑换红包）和设备回收交易。",1,complete
1469119,"喜欢：用户偏好品类为金融任务和现金奖励类内容，关键词包括现金、红包、任务、签到、集分宝、月月赚，品牌涉及支付宝生态服务如集集星球、月月赚、集集攒，使用场景为日常签到、做任务、领取现金红包及转账红包活动。

不喜欢：用户不喜欢品类如求职招聘和全职工作类内容，关键词如招聘、求职、公司、全职兼职，品牌如青团社，使用场景为找工作、求职活动或公司相关服务。",1,complete
40155,"喜欢：用户偏好流量卡服务和信用卡申请品类，关键词集中于分期、额度、办卡等，品牌倾向中国联通、交通银行和中信银行，使用场景涉及移动支付（如支付宝、余额宝）和金融管理（如话费充值、理财服务），体现对通信便利和信贷产品的兴趣。

不喜欢：用户不喜欢信用卡还款、房贷计算和银行卡优惠等特征，基于未点击商品中与点击行为相反的还款、房贷、银行卡优惠等实体，反映出对债务管理和传统银行优惠的回避。",1,complete
1846160,"喜欢：用户偏好手机卡服务、话费充值和流量服务等品类，关键词包括流量卡、中国联通卡和充值话费，品牌如中国联通，使用场景在日常通信支付和手机服务管理。

不喜欢：用户不喜欢银行信用卡申请相关品类，包括银行品牌（如招商银行、中信银行）、信用卡关键词和办卡使用场景。",1,complete
1378050,"喜欢：该用户偏好金融服务和任务赚钱类品类，如红包、现金领取和理财平台；关键词包括月月赚、任务、转账红包和支付宝；品牌涉及支付宝相关服务（如集集钱包）；使用场景为日常理财管理、赚取现金奖励和完成在线任务。

不喜欢：基于未点击商品特征，该用户不感兴趣于招聘求职类内容，如兼职工作、岗位招聘和求职平台（如青团社），表现为避免关键词如招聘、求职和工作相关实体。",1,complete
923496,"喜欢：用户偏好出行服务（如打车、租车代驾）、餐饮品类（如老乡鸡的快餐菜品，包括梅菜扣肉、鸡汁辣鱼、鸡肉粥、香菇鸡汤面等）、医疗服务（如医院就诊、儿科门诊）、电子产品（如手机、充电器），关键词涉及优惠券、滴滴出行、外卖、健康管理，品牌包括滴滴出行、老乡鸡、华为、小米、农夫山泉，使用场景覆盖日常通勤、在线点餐、医疗保健和在线购物。

不喜欢：用户对老乡鸡品牌馆不感兴趣，表明对品牌推广页面或非具体产品展示的偏好较低，与点击行为中偏好实际菜品和服务的特征相反。",1,complete
1135534,"喜欢：该用户偏好运动鞋服品类（如跑鞋、运动裤、鸭舌帽），关键词包括运动、出行、红包和支付宝，品牌如安踏、李宁、小米和华为，使用场景涉及日常运动、家庭出行和在线支付服务（如打车、租车）。
不喜欢：基于未点击商品特征，用户不喜欢芝麻GO相关的用车服务。",1,complete
396904,"喜欢：偏好金融理财品类，关键词如支付宝、小荷包、蚂蚁探险、攒钱计划、理财投资，品牌支付宝，使用场景为储蓄管理和探险类金融游戏（如教育费用规划）。
不喜欢：基于未点击商品特征，反感支付功能优化（如免密支付、自动扣钱）和红包活动（如赚钱红包、提现免费额度）。",1,complete
1684009,"喜欢：该用户偏好金融抽奖活动品类，关键词包括红包、黄金票、现金红包、黄金和开奖，品牌涉及蚂蚁财富和支付宝相关服务，使用场景为支付宝平台上的日常抽奖、红包领取及黄金投资活动。

不喜欢：该用户不喜欢美容护肤品类（如御泥坊）、流量充值服务（如流量钱包）和分期付款服务（如优品分期），关键词包括御泥坊和流量钱包，品牌如御泥坊，使用场景涉及美容护理和流量管理。",1,complete
1192443,"喜欢：用户偏好金融任务类内容，包括现金领取、红包、签到、提现、金币兑换和话费充值等关键词；品牌如支付宝、花小宝和合创；使用场景为日常赚钱活动、任务完成和奖励领取，涉及品类如现金红包、集分宝和话费服务。

不喜欢：用户不喜欢证件考试相关内容和游戏类产品，如会计、国考、护照、教师证和扭蛋工厂等关键词；品牌如扭蛋工厂；使用场景为学习或娱乐，与点击行为中的任务赚钱特征相反。",1,complete
1560078,"喜欢：用户偏好品类包括服装（如女秋装、女裤、女鞋）、电子产品（电动车、手机壳）、家居用品（杯子、鱼缸）和金融服务（现金红包、提现）；关键词集中于金币、现金、红包、签到、任务、兑换；品牌涉及小米、饿了么、交通银行；使用场景为日常赚钱任务（如签到赚金币）、在线活动（喂鸡、种树）和消费兑换（红包换商品），体现对互动式赚钱和实用消费的倾向。

不喜欢：用户不喜欢回收服务（旧衣服回收）、特定食品（甜食）和泳装等品类；基于未点击商品中与点击行为相反的特征，包括租赁服务（如租机）和甜食，关键词如租机、回收、甜食，品牌如阿里妈妈、巨头租机，使用场景涉及物品回收和甜食消费。",1,complete
106440,"喜欢：用户偏好金融产品品类如现金红包和社保服务（如电子社保卡），个人护理用品如棉柔巾和湿巾；搜索关键词显示对餐饮优惠（如外卖优惠）、保险服务（如健康险）和回收相关（如旧物回收）感兴趣；常用品牌包括支付宝（支付和金融服务）；使用场景覆盖日常消费（如外卖订单、停车费）、健康管理（如健身服务）和金融活动（如赚现金）。

不喜欢：用户不喜欢签到任务类应用（如天天赚一点涉及签到和任务）、育儿产品（如孕妈妈相关吸奶器）、话费充值服务，以及特定电子品牌如oppo的推广，这些特征与点击的金融和个人护理偏好相反。",1,complete
268888,"喜欢：该用户偏好水果品类（如苹果、橘子、芒果），关键词包括芭芭农场、集集星球、游戏中心和月月赚，品牌涉及支付宝和饿了么，使用场景涵盖日常水果消费、娱乐游戏（如泡泡龙、贪吃蛇）、健身服务（乐动力）及在线赚钱任务（现金红包、转账红包）。
不喜欢：用户对基金投资（如指数晴雨表）、工作招聘应用及纯签到赚点服务不感兴趣，这与点击的积极赚钱任务和游戏行为相反。",1,complete
1145388,"喜欢：用户偏好金融储蓄类活动，包括月月赚、红包（尤其是现金红包和转账红包）、任务完成等关键词，涉及支付宝平台（如蚂蚁庄园、蚂蚁保）的使用场景，用于日常赚钱、攒现金和红包领取，同时支持生活缴费（如电费、水费）相关服务。

不喜欢：用户不喜欢招聘求职类服务（如兼职、找工作）、保险产品（如相互宝、守护金）、抽奖活动（如领话费、抽奖），以及某些现金领取形式（如天天领现金拆红包），这些特征与点击行为相反，体现在未点击商品的实体词中。",1,complete
1042672,"喜欢：用户偏好金融服务中的信用卡申请，特别是中信银行的银联金卡或白金卡产品，关键词包括""申请信用卡""和""办卡""，品牌集中于中信银行，使用场景涉及金融交易和在线支付（如条码支付、银行卡安全险）。

不喜欢：用户不喜欢其他银行的信用卡申请（如招商银行、建设银行、交通银行）以及流量卡服务（如联通流量卡、话费充值），关键词包括""流量卡办理""和""话费充值""，品牌涉及联通、支付宝等非中信银行实体。",1,complete
645231,"喜欢：该用户偏好金融借贷和信用卡申请品类，关键词集中于信用、分期、贷款和额度（如搜索中的""分期申请""、""贷款分期额度""），品牌倾向360借条和中信银行（点击商品实体词显示""360借条""、""中信银行""），使用场景涉及个人财务管理需求，如借款额度领取和信用卡办理（点击商品标题如""360借条借钱额度领取""、""中信银行办理信用卡""）。  
不喜欢：基于未点击商品中与点击行为相反的特征，用户不喜欢其他银行的信用卡产品（如未点击标题中的""招商银行信用卡申请""、""交通银行-信用卡申请""）、快递服务（如未点击实体词中的""寄快递""、""国际快递邮小哥""）以及特定金融产品如伶俐贷（未点击标题中的""伶俐贷""）。",1,complete
169651,"喜欢：该用户偏好金融奖励品类（如现金红包、优惠券）和日常消耗品（如棉柔巾、湿巾），关键词集中于""红包""、""现金""、""任务""和""签到""，品牌倾向支付宝相关服务，使用场景为在线平台（如支付宝、饿了么）参与任务赚取小额奖励和日常消费优惠。

不喜欢：该用户不偏好未点击商品中与点击行为相反的特征，如特定红包形式（公交红包、到店红包）、游戏化元素（鱼干、兑换记录）以及高价值消费（iphone14、格力空调），反映出对复杂领取方式或电子产品的回避。",1,complete
572146,"### 用户兴趣偏好总结（场景1）

喜欢：用户偏好金融理财品类，如红包活动、话费充值和任务奖励；关键词包括月月赚、现金红包、转账红包和黄金票；品牌如蚂蚁财富、中国电信和支付宝；使用场景涉及在线理财、日常支付和话费充值服务，体现对金融工具和便捷支付的兴趣。

不喜欢：用户不感兴趣于招聘求职服务品类，如兼职工作和岗位招聘；关键词如青团社、求职和招聘；品牌如青团社；使用场景包括求职平台和食品超市配送（如饿了么），与点击行为中的金融主题形成鲜明对比。",1,complete
1582884,"喜欢：用户偏好金融服务和通信服务，包括信用卡申请（品牌如浦发银行、中信银行）、流量卡办理（品牌如中国联通），关键词涉及办卡、领卡、充值话费，使用场景为在线金融产品申请和通信服务激活。
不喜欢：用户不喜欢现金红包活动、签到赚金币任务以及美妆家纺等非核心服务，基于未点击商品如天天领现金、美妆产品和家纺用品的相反特征。",1,complete
1037107,"喜欢：用户偏好数码产品回收（如手机、平板）和黄金投资（黄金票、现金红包），品牌倾向苹果、华为、三星等，关键词包括回收、租赁、红包和健身，使用场景涉及日常金融交易（转账、红包）、娱乐抽奖（集金蛋、互动小游戏）及健身活动（运动马拉松、乐动力）。  
不喜欢：用户对股票基金投资（如指数、猜涨跌）和贷款计算（年化利率、等额本息）等金融产品不感兴趣，基于未点击行为与点击偏好相反的特征。",1,complete
587479,"喜欢：用户偏好金融赚钱服务品类，如月月赚，关键词包括现金红包、红包、任务和转账红包，品牌涉及月月赚，使用场景为在线任务赚钱和红包获取。
不喜欢：用户对招聘求职服务不感兴趣，如青团社招聘和兼职侠，关键词包括招聘、求职和岗位，品牌如青团社，使用场景为找工作兼职。",1,complete
550654,"喜欢：用户偏好理财和任务赚钱品类，关键词如任务、红包、现金、提现、签到和金币，品牌包括支付宝、中国移动和银行（如中信银行），使用场景为日常赚零钱、通过任务和签到获取现金红包、以及理财服务（如余额宝和话费充值）。  
不喜欢：用户不喜欢招聘求职相关的赚钱方式，如兼职工作或岗位申请，基于未点击商品中出现的青团社、求职、岗位等特征，与点击行为中任务赚钱主题相反。",1,complete
1071238,"喜欢：用户偏好红包、湿巾和棉柔巾等个人护理及现金奖励品类，关键词如""红包""和""支付宝""，品牌涉及支付宝相关服务（如余额宝），使用场景包括在线现金红包领取和日常卫生护理。
不喜欢：用户不喜欢任务赚钱、贷款服务等金融任务品类，关键词如""任务""和""贷款""，品牌如360借条，使用场景涉及信用贷款和奖金任务。",1,complete
250556,"喜欢：用户偏好金融相关品类如现金红包、黄金票和任务型奖励活动，关键词包括现金、红包、提现、黄金和财运红包，品牌如蚂蚁财富（从点击标题推断），使用场景涉及在线赚钱、提现操作以及日常消费如美妆个护和装饰装修（基于点击商品实体词和搜索关键词）。

不喜欢：用户不喜欢实物黄金饰品、黄金回收服务和银行金融产品，关键词如手镯、戒指、回收、金价查询和银行额度，品牌如中国黄金、久久金管家和光大银行（从未点击商品标题和实体词推断），使用场景为黄金买卖交易和银行服务查询（与点击行为相反的特征）。",1,complete
747907,"喜欢：该用户偏好金融理财品类，如月月赚、红包任务和转账服务；关键词包括月月赚、红包、转账红包和任务；品牌涉及支付宝（从服务使用和搜索中高频出现）；使用场景为日常转账、收款、赚取现金及生活缴费（如电费、水费），体现对便捷理财和消费返利的兴趣。

不喜欢：基于未点击商品，用户不喜欢工作招聘和求职就业相关的内容，如兼职、技能培训、岗位招聘和求职申请（从青团社兼职等实体词中提取），反映出对职业中介和蓝领就业服务的回避。",1,complete
762816,"喜欢：用户偏好品类包括在线消费服务（如红包、消费款）、旅行预订（如酒店、航班）和生活用品（如洗衣液、牙刷）；关键词如金币、兑换、签到；品牌如支付宝、携程、考拉海购；使用场景涉及移动支付、日常任务（如签到赚金币）和在线购物。

不喜欢：用户不喜欢品类如金融借贷服务（如贷款、信用卡申请）；关键词如额度、还款；品牌如交通银行、北银消费金融；使用场景在金融管理（如贷款计算、还款计划）和借贷申请。",1,complete
490806,"喜欢：偏好金融服务品类如助学贷款和还款，关键词包括国家开发银行、余额和电话费，品牌如国家开发银行和vivo，使用场景涉及教育贷款申请、日常财务任务（如话费充值）和优惠获取（如红包、优惠券）。

不喜欢：基于未点击商品特征，不喜欢赚零花钱的任务型应用（如签到和简单现金任务），与点击的正式金融服务相反。",1,complete
2002194,"喜欢：用户偏好交通出行服务（如打车、租车、专车）、食品（包括蛋糕、面包、零食如草莓慕斯杯、全麦面包、凉皮）、服装（如t恤、卫衣、冲锋衣）、游戏和电子产品（如电脑），关键词涉及网约车、租车、红包、基金，品牌如滴滴出行、camel/骆驼、ovenlab乐欧酵室，使用场景涵盖日常通勤、休闲娱乐（如烧烤、游戏）和在线理财（如余额宝、基金服务）。

不喜欢：基于未点击商品，用户不喜欢高端电子产品（如apple watch、iphone14）、家电（如格力空调）和玩具类商品（如扭个蛋），这些与点击行为中偏好的交通服务、食品及服装形成反差。",1,complete
971882,"### 用户兴趣偏好总结（场景1）

喜欢：偏好通信服务品类如流量卡和电话卡申请，关键词包括流量服务、话费充值、信用卡申请，品牌如中国联通、阿里宝卡、中信银行，使用场景涉及在线充值、移动支付和金融服务（基于点击商品标题和实体词中高频出现的流量卡办理、话费充值、申请信用卡等特征）。

不喜欢：基于未点击商品中与点击行为相反的特征，不喜欢现金红包、任务型赚钱应用、提现服务和红包封面等泛娱乐或非核心服务（从未点击商品实体词如现金红包、任务、提现、兑换现金等推断，与点击的通信/金融服务形成对比）。",1,complete
1206082,"喜欢：用户偏好省钱活动品类（如薅羊毛赚话费），关键词包括""薅羊毛""和""电话费""，品牌涉及淘宝、支付宝和中国移动，使用场景聚焦赚取话费和国际相关服务（如新加坡、马来西亚）。

不喜欢：用户不喜欢金币、红包和任务导向的赚话费方式（如兑话费、提现任务），避免品牌如光大。",1,complete
1990735,"喜欢：用户偏好娱乐活动（如电影、音乐会和脱口秀）、金融优惠（如红包、现金和赚钱活动）及科技产品（如苹果14），关键词包括电影、红包、支付宝和跑腿服务，品牌涉及支付宝、印鸽（照片打印定制）和肯德基，使用场景集中于在线娱乐消费、支付服务和餐饮外卖。

不喜欢：用户不喜欢正式证件照制作服务（如英语四六级和社保凭证）及特定电子产品（如格力空调和apple watch），这些特征与点击行为相反，表明对实用教育类服务和部分品牌兴趣较低。",1,complete
331367,"喜欢：该用户偏好与在线赚钱任务和日常消费相关的品类，如签到任务、现金红包领取和湿巾、棉柔巾等日用品；关键词包括""签到""、""任务""、""红包""和""集分宝""；品牌倾向华润万家超市和支付宝；使用场景集中于通过互动应用（如集集攒）赚取现金奖励、超市购物及在线支付。

不喜欢：该用户不偏好租赁服务（如手机租赁、租物）、保险产品（如人身意外保险）及非日常用品（如香水、幼儿早教启蒙），这些特征在未点击商品中突出，与点击行为中强调的赚钱任务和实用日用品形成反差。",1,complete
1211847,"喜欢：用户偏好金融理财类服务，特别是现金奖励和任务完成相关的品类，关键词包括现金、红包、任务、提现；品牌偏好支付宝；使用场景涉及签到赚小钱、做任务领现金、公交地铁乘车红包等虚拟现金获取活动。

不喜欢：用户不喜欢涉及实物商品（如洗衣液）或非纯现金任务（如兼职、商品订单）的特征，基于未点击行为中出现的洗衣液、波司登等实体词。",1,complete
572349,"喜欢：用户偏好日用品品类（如湿巾、棉柔巾）和出行服务（如滴滴出行），关键词包括红包、现金红包、赚一点，品牌涉及滴滴出行和支付宝，使用场景为通过互动任务赚取现金红包结合实用出行服务（如打车、骑行）。
不喜欢：用户不喜欢纯现金赚取任务（如签到、金币收集）和信用卡相关特征，基于未点击商品如多多有礼和小猪存钱罐，这些缺乏服务结合且涉及简单现金领取。",1,complete
600754,"喜欢：用户偏好现金奖励任务、签到活动和租赁服务（如手机租赁），关键词包括现金、红包、任务、集分宝、租赁，品牌如招商信诺、小鹏汽车、饿了么，使用场景为在线赚取现金红包、话费充值、外卖服务（如雪顶蛋糕奶茶）和日常任务完成（如喂鸡领鸡蛋）。

不喜欢：用户不喜欢日用品（如压缩毛巾、餐巾纸）、回收服务和抽奖活动，关键词如回收、抽奖、打卡，品牌如中国移动、伊利、华为，使用场景为二手物品回收、简单打卡任务和抽奖游戏（如天天抽奖）。",1,complete
88010,"喜欢：该用户偏好家庭用品和个人护理产品品类，包括内衣、足浴包、珊瑚绒浴裙、按摩器、冬裤等，关键词如家庭积分、家庭资产、足疗养生、冬季保暖，使用场景集中于家庭环境和健康养生；品牌方面无明显偏好，仅从交易行为中涉及大家乐等，但点击商品未体现特定品牌。
不喜欢：该用户不喜欢游戏任务和现金赚取类内容，如做任务、蚂蚁庄园、红包、现金、赚零花钱等，以及宠物食品、正式服装和点餐服务，这些特征与点击的家庭用品和个人护理行为相反。",1,complete
331520,"喜欢：用户偏好医疗健康服务品类，特别是互联网医院和在线就诊相关服务，关键词包括挂号、就诊人、门诊结算和互联网医院，品牌涉及浙江省人民医院和浙大妇院，使用场景为在线预约、报告查询和居家护理。

不喜欢：用户不喜欢体检服务品类，包括体检预约和团检等，关键词如体检、预约体检和宫颈筛查，品牌如浙江省妇保医院，使用场景为体检服务预约和筛查项目。",1,complete
1540309,"喜欢：用户偏好租赁服务（如手机、平板电脑租赁）、数码产品（如华为、荣耀、Apple品牌）、抽奖活动（如心愿金、中奖率）和回收服务（如旧物回收）；关键词包括免押金租赁、短租、抽奖；使用场景集中于在线平台参与信用免押租赁、抽奖开奖及回收处理。

不喜欢：用户不感兴趣于旅游相关（如民宿、门票、景点）、运动活动（如NBA、乒乓、篮球）及特定抽奖类型（如财运大抽奖），这些特征与点击行为中的租赁、数码和通用抽奖偏好相反。",1,complete
85908,"喜欢：用户偏好品类为手机流量服务和信用卡申请，关键词包括流量卡、话费充值、信用卡（如中信银行、交通银行），品牌如中国联通、电信、腾讯（大王卡）、中信银行、交通银行，使用场景涉及移动通信（如在线办卡、话费充值）和日常金融服务（如信用卡申请）。

不喜欢：用户不喜欢品类为借钱贷款服务和其他银行信用卡（如招商银行、平安银行），关键词如借钱、贷款、招商、平安，品牌如招商银行、平安银行、360借条、北银消费金融，使用场景为借贷申请（如分期计算、借款）和非偏好银行的信用卡办理。",1,complete
467722,"喜欢：用户偏好便利店服务（特别是美宜佳品牌），关键词包括外卖到家、饮料（如百事可乐、可口可乐）和在线支付（如花呗、支付宝），品牌涉及美宜佳、百事可乐和Apple，使用场景集中于日常购物、外卖配送和数字支付。
不喜欢：用户不喜欢卡类优惠服务（如领卡、早餐卡和省钱卡），基于未点击行为中与点击相反的特征。",1,complete
1277332,"喜欢：用户偏好金融产品（如信用卡申请、贷款计算）、房地产服务（租房买房新房二手房）和签到任务领现金红包；关键词包括现金、红包、签到、集分宝；品牌如浦发银行、中信银行、天猫好房；使用场景为在线金融管理和房地产搜索。

不喜欢：用户不喜欢日常消费品（如兑换牙刷、马桶清洁剂）或无关签到应用（如集集星球），这些特征与点击的金融和房地产主题相反。",1,complete
742376,"喜欢：用户偏好红包任务（如月月赚）、转账红包、名酒品牌茅台酒以及超市品牌大润发，使用场景集中在在线完成任务、转账和购物消费，关键词包括红包、任务和名酒，品类涉及金融理财和酒类。

不喜欢：用户不喜欢签到红包、现金红包和向多人转账功能，基于未点击行为中与点击相反的特征，如纯现金红包或多人转账操作。",1,complete
34147,"喜欢：该用户偏好现金红包领取服务（如摇摇领现金红包、实体店红包），特别关注交通支付优惠（如公交红包、地铁红包、ETC服务）；关键词集中于红包、现金、摇摇、公交、任务；品牌涉及中信银行信用卡；使用场景包括日常省钱、移动支付、通勤优惠和任务型游戏化奖励（如攒现金红包）。
不喜欢：用户不喜欢需要主动做任务来赚取零花钱的方式（如""赚零钱""服务），这与点击行为中偏好简单、直接领取现金红包的特征相反。",1,complete
1270648,"喜欢：用户偏好金融理财和任务奖励类内容，包括品类如红包、任务、月月赚；关键词如现金、支付宝、转账红包；品牌如支付宝、携程；使用场景为在线赚钱、日常缴费（如医保查询、公交红包）和消费金管理，基于点击商品（如""月月赚""、""支付宝消费金""）和搜索关键词（如""现金""、""转账红包""）的频繁出现。

不喜欢：用户不喜欢求职招聘服务和日常家居用品，基于未点击商品（如""青团社招聘-商家版""）中与点击行为相反的特征，包括品类如求职就业、洗发水；关键词如找工作、洗衣液；品牌如青团社；使用场景为蓝领就业和清洁护理，与点击的金融奖励形成反差。",1,complete
155724,"喜欢：用户偏好360借条品牌的金融借贷服务，关键词包括借款、还款、等额本息和优惠券，使用场景为个人额度管理（基于点击商品标题和实体词，如""360借条借钱额度领取""及借条、借款等高频词）。

不喜欢：用户不喜欢其他借贷平台（如北银消费金融、伶俐贷）和信用卡申请（如中信银行），关键词涉及利息计算、货币汇率和身份证，使用场景包括计算工具（如社保计算器）和信用卡办理（基于未点击商品标题和实体词，如""北银消费金融借钱""及利息计算、信用卡等特征）。",1,complete
1446431,"喜欢：偏好品类包括现金奖励服务和日常清洁用品（如棉柔巾、湿巾）；关键词如现金、红包、话费、签到、任务和提现频繁出现；品牌涉及合创和电信；使用场景集中于在线赚钱、签到领奖、话费充值等小额收益获取活动。

不喜欢：基于未点击商品特征，不喜欢品类如美妆、女装、家纺和养殖；关键词如鱼干、防晒衣、随机红包和攒现金红包；品牌无明显差异；使用场景涉及非直接奖励活动（如美妆购物或养殖相关任务），与点击行为中的直接现金收益偏好相反。",1,complete
1728661,"喜欢：用户偏好金融服务品类，如红包活动、现金领取、签到任务、信用卡申请和保险；关键词包括现金、红包、任务、贷款；品牌涉及中信银行、招商信诺；使用场景聚焦在线金融管理和日常省钱任务，如通过签到或任务赚取现金。

不喜欢：用户不喜欢非金融主题内容，如生活用品、服装和家居商品；基于未点击商品中与点击行为相反的特征，包括日常消费品类（如近视镜、连衣裙、洗衣液）、非任务型应用（如鱼缸、筋膜枪）和泛化商品（如集分宝的泛化使用），关键词和品牌与金融无关。",1,complete
1713369,"喜欢：该用户偏好金融理财和现金红包任务，包括基金投资（如天弘、德邦基金、中信建投证券）、月月赚、转账红包等关键词，使用场景为在线理财平台（如支付宝）和任务赚钱应用（如集集钱包），涉及品类如红包领取、投资理财和日常小额赚钱活动。

不喜欢：基于未点击商品，用户不喜欢运动类活动（如走路换钱、集步宝）、招聘兼职（如青团社招聘）、以及设备租赁和家电维修服务（如租机租赁、修家电），这些特征与点击的理财任务行为相反。",1,complete
923691,"喜欢：用户偏好金融任务和红包活动类内容，关键词包括现金、红包、任务、积分、优惠券、赚零花钱；品牌涉及淘宝红包等平台；使用场景为在线参与任务赚钱和领取现金红包。

不喜欢：用户不喜欢签到打卡活动、实物奖励（如鸡蛋）、基金邀请以及化妆品相关商品，这些特征与点击行为中的主动任务赚钱相反。",1,complete
1369371,"### 用户兴趣偏好总结（场景1）
喜欢：用户偏好金融理财类内容，包括现金红包、任务赚钱和签到领奖等品类，关键词如现金、红包、任务、支付宝、提现，品牌涉及支付宝、中国移动、电信、波司登，使用场景为在线赚钱任务（如做任务赚现金）和日常消费支付（如支付宝红包、湿巾棉柔巾购买）。

不喜欢：用户不喜欢涉及正式工作招聘和金融借贷的内容，包括兼职求职、贷款保险等品类，关键词如工作、兼职、车贷、寿险，品牌如青团社、平安银行，使用场景为求职就业（如青团社招聘）和长期金融承诺（如车贷申请）。",1,complete
1922041,"### 用户兴趣偏好总结（场景1）
喜欢：用户偏好外卖餐饮品类，关键词如红包、美食外卖和饿了么，品牌如必胜客和雀巢咖啡，使用场景包括点餐平台配送、酒店餐饮（如速8酒店）和红包优惠活动。  
不喜欢：用户不喜欢超市购物和药品购买品类，基于未点击商品如饿了么超市和买药服务，关键词如超市、买药和时令水果，品牌如屈臣氏和钱大妈，使用场景涉及便利店采购和健康服务。",1,complete
1989364,"喜欢：偏好金融品类如信用卡和贷款产品，关键词包括借款、还款、信用额度、优惠券，品牌如360借条和交通银行，使用场景为在线申请信用卡和获取借钱额度（基于点击商品标题和实体词中高频出现的360借条、交通银行、借款、还款等特征）。
不喜欢：基于未点击商品中与点击行为相反的特征，不喜欢其他贷款平台（如伶俐贷、度小满）、其他银行信用卡（如中信银行、浦发银行），以及货币汇率换算、社保计算器等辅助工具（从未点击商品标题和实体词如伶俐贷、中信银行、货币汇率等推断）。",1,complete
963243,"喜欢：用户偏好金融红包和黄金票等奖励性产品，偏好品类为金融投资类（如现金红包、黄金票），关键词包括""黄金""、""现金红包""、""财运红包""，品牌涉及蚂蚁财富和支付宝生态（如芭芭农场、蚂蚁森林），使用场景集中在支付宝服务的金融投资、公益参与（如公益捐步、种果树）和日常支付（如扫码充值、收款码）。

不喜欢：用户不喜欢借贷和还款相关服务，如360借条、借款、等额本息等，基于未点击商品中与点击行为相反的债务特征（如借条、还款），同时避免优惠券、健康产品（如植物染发剂）及地点服务（如酒店、汽修店）。",1,complete
638784,"喜欢：用户偏好交通出行品类，特别是打车、顺风车和租车服务；关键词包括顺风车、滴滴出行、哈啰顺风车；品牌如滴滴、哈啰；使用场景涉及日常通勤、城市移动和长途旅行（如机场、火车票相关）。

不喜欢：用户不喜欢电子产品（如三星手机）、非出行相关商品（如烤肉酱），以及可能与打车服务不直接匹配的哈啰打车（基于未点击商品特征与点击行为相反）。",1,complete
1167313,"喜欢：用户偏好金融赚钱类应用和任务平台（如月月赚、集集钱包），关键词包括现金、红包、任务、签到、支付宝和月月赚，品牌涉及支付宝、国信和中悦，使用场景为日常小额赚钱、签到领现金、完成任务获取奖励及话费充值。  
不喜欢：用户不感兴趣于招聘服务（如青团社招聘）、工具类应用（如图片处理）和清洁用品（如洁厕纸），关键词涉及招聘、工具、洁厕纸和图片拼接，品牌如青团社，使用场景为求职、图像处理和家庭清洁。",1,complete
1520992,"喜欢：用户偏好金融投资品类（如黄金票），关键词包括财富、黄金和红包（基于点击商品实体词""黄金票""、""黄金""、""财运红包""），品牌如蚂蚁财富（来自点击商品标题），使用场景涉及在线支付和健康管理（交易行为实体如""支付宝""、""花呗""、""收款""，服务使用实体如""蚂蚁森林能量""、""健康证""）。

不喜欢：用户不喜欢借款品类（如借条），关键词如借款和还款（基于未点击商品实体词""借条""、""借款""、""还款""），品牌如360借条（来自未点击商品标题），使用场景涉及贷款服务（未点击商品标题""360借条借钱额度领取""）。",1,complete
1073156,"喜欢：用户偏好金融红包、任务活动和游戏玩乐等品类，关键词如现金、红包、任务、话费，品牌如支付宝和中国移动，使用场景包括日常签到、领现金红包、话费充值及租赁服务（如手机租赁），基于点击商品标题和实体词（如""天天集宝-签到领现金红包""、""做任务""、""话费充值""、""游戏""）及搜索关键词（如""现金""、""红包""、""话费账单""）的频繁出现。

不喜欢：用户不喜欢湿巾和棉柔巾等日用品，基于未点击商品实体词（""湿巾""、""棉柔巾""）与点击行为中偏好金融活动（如现金红包）相反，且未点击商品标题""赚一点""未触发兴趣。",1,complete
444355,"喜欢：该用户偏好公益慈善活动（如器官捐献、志愿者服务）和娱乐消费（如电影、音乐现场），涉及品类包括公益产品、影音娱乐，关键词如公益、志愿者、科幻片、陈奕迅，品牌如alibaba、淘票票，使用场景多为捐赠、观影和音乐会参与。

不喜欢：基于未点击芝麻公约，用户对金融信用管理类服务不感兴趣。",1,complete
1055875,"喜欢：该用户偏好赚钱任务和红包领取类内容，包括品类如现金奖励、任务进度兑换；关键词如现金、红包、月月赚；品牌如月月赚相关服务；使用场景涉及日常省钱、任务赚钱和红包兑换，基于点击商品标题""月月赚|多多有礼|赚一点""及实体词如领钱、红包、现金红包、任务、兑换现金等数据。

不喜欢：用户不喜欢储蓄导向的赚钱工具（如笔笔攒）、婴儿用品、家纺和数码产品，基于未点击商品标题如""赚钱红包|笔笔攒|集宝星球""及实体词如婴儿纸尿裤、家纺、数码、美食、运动等特征，与点击行为相反。",1,complete
1156527,"喜欢：该用户偏好金融红包类（如现金红包、支付宝红包）、租赁服务（如手机租赁、电脑手机租赁）、日常任务（如装饰装修、美妆个护任务）和日常用品（如湿巾、棉柔巾），关键词包括现金、月月赚、集宝星球，品牌涉及中国移动和集宝星球，使用场景主要为在线赚钱、任务完成和设备租赁。

不喜欢：该用户不喜欢求职就业相关服务（如青团社招聘、兼职岗位）、签到金币类活动（如领鸡蛋、集集鸡蛋），以及到店红包等线下优惠，这些特征与点击行为中的在线任务和红包相反。",1,complete
1216884,"喜欢：该用户偏好通信服务品类（如流量卡办理和话费充值），关键词包括中国联通、电信、流量服务、王卡、阿里宝卡和信用卡；品牌偏好中国联通、电信、中信银行和交通银行；使用场景涉及手机卡申请、日常话费充值管理和信用卡办理。

不喜欢：基于未点击行为，用户不喜欢其他银行的信用卡申请（如招商银行、浦发银行、平安银行），以及借贷服务（如北银消费金融借钱）和贷款计算相关产品。",1,complete
764262,"喜欢：用户偏好公益服务品类，关键词包括公益、志愿者和器官捐献，品牌涉及alibaba和支付宝，使用场景为在线捐赠和志愿者活动（如通过支付宝公益平台参与器官捐献项目）。
不喜欢：用户不喜欢金融投资和快餐品类，关键词如猜涨跌和指数估值，品牌如fila，使用场景包括投资理财（如基金猜涨跌）和快餐消费（如德克士点餐）。",1,complete
458417,"喜欢：用户偏好金融品类（如信用卡申请和现金红包），关键词包括任务、现金、金币、签到和信用卡，品牌集中于中信银行和中国联通，使用场景涉及日常赚钱应用（如做任务赚零钱）、通信服务（如电话费充值）和签到活动。

不喜欢：用户不喜欢支付宝相关服务（如小荷包和笔笔攒）、攒钱计划（如余额宝和储蓄卡）、特定物品（如口罩和湿巾）、红包封面、租机服务（如中国移动租物）、还款功能以及其他银行信用卡（如交通银行）。",1,complete
1676282,"喜欢：用户偏好旅游预订品类（如酒店、机票、火车票、汽车票、门票和旅游度假），关键词包括赚钱、红包、奖金、旅游和打车，品牌如支付宝、飞猪和高德，使用场景涉及主动赚取现金奖励（如通过活动获取红包）和出行便利（如打车服务、旅行规划）。

不喜欢：用户不喜欢被动红包形式（如签到红包、扫码红包和祝福红包），基于未点击商品中与点击行为相反的特征（点击的赚钱红包强调主动参与，而未点击的则涉及简单领取）。",1,complete
776093,"喜欢：用户偏好餐饮品类（如咖啡、快餐和奶茶），科技产品（如手机），以及清洁用品（如湿巾、棉柔巾）；关键词包括麦当劳、瑞幸咖啡、出行优惠和点餐；品牌如瑞幸咖啡、麦当劳、茶百道和aveda；使用场景涉及外卖点餐、到店取餐、出行支付（如停车、公交）和现金红包领取。

不喜欢：用户不喜欢环保主题产品（如生物降解制品、回收相关商品）、任务型红包活动（如赚钱红包、淘宝红包），以及养殖品（如鱼干），这些特征与点击行为中的具体餐饮和科技产品形成鲜明对比。",1,complete
526250,"喜欢：用户偏好金融品类，如互联网银行服务、还款、信用卡管理、理财和保险；关键词包括支付宝、网商银行、还款和理财；品牌如支付宝和网商银行；使用场景为在线金融操作、支付管理和还款事务。

不喜欢：用户不喜欢与网商银行相关的特定工具或辅助应用，如云资金小程序和电子工牌，表明对非核心银行功能或衍生服务缺乏兴趣。",1,complete
1905,"喜欢：用户偏好金融品类，特别是信用卡申请和银行服务；关键词包括""信用卡""、""办卡""、""流量服务""；品牌偏好中信银行、浦发银行和中国联通；使用场景涉及在线金融管理、信用评估和支付服务（如交易行为中的""转账收款""和服务使用中的""话费充值""）。

不喜欢：基于未点击商品，用户不喜欢招商银行的信用卡、花呗服务以及流量卡服务（如未点击实体词中的""招商银行""、""花呗""和""流量服务""）。",1,complete
368456,"喜欢：用户偏好金融奖励服务类品类，关键词包括月月赚、任务、红包、转账红包，品牌涉及支付宝相关服务（如月月赚），使用场景为在线平台完成任务获取现金奖励和转账红包活动。

不喜欢：用户不喜欢求职就业类内容，包括招聘、兼职、工作相关特征（如公司信息、岗位、求职者），与点击的赚钱服务形成鲜明对比。",1,complete
1157050,"喜欢：用户偏好外卖食品品类（如美食外卖、甜品饮品、火锅食材），关键词包括""外卖""、""饿了么""、""薯条""、""肯德基""，品牌如必胜客、茶百道、雀巢咖啡，使用场景为点餐、下午茶和便利购物（如超市便利、打卡消费），基于点击行为和搜索数据。

不喜欢：用户不喜欢超市杂货品类（如绿色蔬菜、水果生鲜、粮油调味）和健康护理产品（如口腔护理、美妆洗护），基于未点击商品中与点击食品外卖行为相反的特征。",1,complete
664681,"喜欢：偏好品类包括食品（如方便面、糕点）、书籍（高考英语相关）、服务（赚钱任务和红包）；关键词如现金、红包、理财、省钱卡；品牌如蜜雪冰城、支付宝；使用场景涉及省钱活动（如月月赚）、生活缴费、教育学习（高考英语词汇）和日常便利（如话费充值）。

不喜欢：基于未点击商品，不喜欢数码产品（如手机、空调）、运动装备、母婴用品等品类，以及相关关键词如到店支付和优惠券。",1,complete
1504981,"喜欢：用户偏好节能省钱类内容，具体包括品类如电能相关优惠券和百货券（基于点击商品实体词），关键词如""攒电能""（来自搜索和点击标题），品牌无明显偏好（交易行为涉及比瑞吉等但点击未体现），使用场景涉及公益活动（如搜索""公益""）和日常消费如红包支付（服务使用实体包括红包、转账）。

不喜欢：用户对高端电子产品和家电不感兴趣，如Apple Watch、iPhone14和格力空调（从未点击商品实体词），以及游戏类内容如""扭个蛋""（从未点击标题），这些特征与点击的节能省钱行为相反。",1,complete
1713725,"### 用户兴趣偏好总结（场景1）

喜欢：用户偏好房地产相关品类（如租房、买房、特价房），关键词包括现金、任务、红包和房产估值，品牌如天猫好房、喵屋汇，使用场景为在线房产交易（如找房、购房资格查询）和赚现金活动（如任务完成、抽奖）。

不喜欢：用户不喜欢外卖服务（如美团外卖）、出行服务（如滴滴出行）以及通用支付红包任务（如赚零花钱、福利中心），这些特征与点击行为中的房地产和特定现金赚取相反。",1,complete
392658,"喜欢：用户偏好3C数码产品租赁品类，特别是手机、平板电脑和智能手表等，关键词包括""免押""、""租赁""、""租机""和""信用免押""，品牌如苹果（Apple）、华为（Huawei）、小米（Xiaomi）和三星（Samsung），使用场景为免押金租赁服务和数码设备日常使用。

不喜欢：用户不喜欢Apple Watch SE和华硕（ASUS）品牌的租赁产品，基于未点击商品中与点击行为相反的特征，如智能手表和电脑配件。",1,complete
1637347,"喜欢：用户偏好通过支付宝平台的任务（如月月赚）赚取现金红包和消费金，偏好品类包括个人卫生用品（湿巾、棉柔巾），关键词如""红包""、""消费款""，品牌涉及支付宝相关服务，使用场景聚焦日常奖励获取和家庭护理。

不喜欢：用户不喜欢涉及养殖、小鱼、扭蛋工厂等游戏化主题的赚钱应用，以及签到或金币积累等非直接现金奖励机制，与点击行为中直接现金红包和实用卫生用品的特征相反。",1,complete
358721,"喜欢：用户偏好金融任务和日常优惠品类，如现金领取、红包、任务奖励和优惠券；关键词集中于现金、红包、任务、优惠券；品牌涉及支付宝、余额宝；使用场景为赚零花钱、支付优惠和任务互动，同时关注日用品（湿巾、棉柔巾）、数码、美食等实体。

不喜欢：用户不喜欢金币系统、香薰产品（如香水、香薰吊坠）和银行卡优惠相关特征，这与点击行为中简单现金任务形成反差。",1,complete
1245763,"喜欢：用户偏好通过完成任务赚取积分和现金红包，用于获取个人护理用品（如棉柔巾、湿巾和口罩）及健康用品；关键词涉及理财、免押金租赁和回收旧手机；品牌包括支付宝和芭芭农场；使用场景为日常消费、互动活动（如赚积分和红包奖励）及理财管理。

不喜欢：用户不喜欢纯签到、提现或抽象赚钱任务（如未点击商品中的签到领奖励和提现操作），避免无实物结合的金融活动（如电话费充值或卡币赚取），表明对重复性签到或纯现金赚取方式缺乏兴趣。",1,complete
1249346,"喜欢：用户偏好证件照制作服务（如二寸证件照电子版）、教育相关场景（如云校园家校通、语言考试、旅行签证准备）；偏好品类包括证件照和教育服务，关键词如证件照、云校园、语言考试，品牌如若颜（从点击商品标题推断），使用场景涉及教育管理、旅行准备和健康申报（基于搜索关键词和点击实体词）。

不喜欢：用户不喜欢家电产品（如电饭锅、微波炉）和小米品牌；偏好品类相反为家电，关键词如电饭锅、微波炉，品牌如小米，使用场景为家庭厨房或电子设备购买（基于未点击商品标题和实体词）。",1,complete
1504479,"喜欢：用户偏好娱乐品类（如电影、演出和音乐节），关键词包括""电影""、""淘票票""和""看展""，品牌如淘票票，使用场景涉及在线购票（如电影票、音乐会）和休闲消费活动（如观看科幻片或脱口秀），基于点击行为（淘票票商品及影城、音乐节等实体词）和搜索关键词（淘票票电影、电影）的支持。

不喜欢：用户不喜欢出行品类（如公共交通和地铁服务），基于未点击商品（上海地铁Metro大都会）及相反特征（乘车、申通地铁等实体词），与点击的娱乐行为形成对比。",1,complete
1196834,"喜欢：用户偏好旅行预订（如酒店、机票、门票）、娱乐消费（电影、音乐会）和餐饮（咖啡、生煎），关键词包括红包、任务、月月赚、出行和瑞幸咖啡，品牌如飞猪、淘票票、小杨生煎，使用场景为在线赚取现金任务和休闲活动预订。

不喜欢：用户不感兴趣招聘求职（如青团社招聘）、生活缴费（电费）和工作相关（岗位、加班补助），关键词包括招聘、电费和物业管理费，品牌如青团社，使用场景为找工作或缴纳日常费用。",1,complete
1833010,"喜欢：偏好金融理财品类，关键词如红包、现金、任务、月月赚、借条，品牌如交通银行、360借条，使用场景为在线赚钱、借贷和信用卡申请服务，体现对现金奖励和任务型金融产品的兴趣。  
不喜欢：偏好话费充值和小额抽奖品类，关键词如提现、电话费、签到，品牌如合创、度小满，使用场景为每日小额任务和抽奖活动，反映对琐碎提现操作和话费相关服务的回避。",1,complete
680201,"喜欢：该用户偏好品类包括食品饮料（如零食、果汁、熟食）、日用品（如纸巾、湿巾、洗衣液）和抽奖活动；关键词涉及红包、现金、麦当劳、外卖；品牌偏好如麦当劳、维达、洁柔；使用场景集中于日常消费（如早餐、下午茶）、抽奖赚钱（如心愿金、赚一点）和外卖点餐。

不喜欢：基于未点击商品中与点击行为相反的特征，用户不喜欢旅行住宿（如民宿、温泉票）、体育娱乐（如NBA、球星）以及家具家电（如空调、工学椅），这些与偏好抽奖和日常用品形成反差。",1,complete
657432,"喜欢：用户偏好回收服务（如旧衣服、手机、家电回收）、数码产品租赁（如手机、电脑免押租赁，品牌涉及华为、苹果、荣耀）、金融服务（如借款、花呗分期）、生活便利服务（如证件照回执、搬家、流量卡），关键词包括回收、租赁、免押、分期、证件照，使用场景集中于环保回收、设备更新、金融借贷及日常生活便利。

不喜欢：用户不喜欢宠物托运、信用卡申请、银行服务及托运相关服务，这些特征与点击的回收租赁和借款行为相反，体现对非核心兴趣如宠物护理或传统金融产品的回避。",1,complete
1278560,"喜欢：用户偏好快餐外卖品类（如汉堡、鸡肉卷），关键词包括宅急送、肯德基和蚂蚁森林能量，品牌如肯德基和支付宝相关服务，使用场景为点餐外卖和环保能量收集活动。

不喜欢：用户不喜欢公益捐赠或浇水相关的公益活动（如基金和植物园），基于未点击商品中与点击行为相反的特征（如浇水、基金）。",1,complete
974761,"喜欢：用户偏好数字租赁服务（如手机租赁、租物）、现金红包活动（如支付宝消费金、集宝星球）和旅游预订（如酒店、携程），关键词包括现金、红包、租赁、任务、支付宝，品牌涉及支付宝、携程、中国移动、稻喜租机，使用场景为在线赚取现金、租赁设备、旅行消费和参与任务活动。

不喜欢：用户不喜欢基金投资（如摩根士丹利基金）和信用卡服务（如中信银行信用卡），关键词包括基金、信用卡、投资，品牌涉及摩根士丹利、中信银行、浦发银行，使用场景为金融投资和信贷申请。",1,complete
1317677,"### 用户兴趣偏好总结（场景1）
喜欢：用户偏好环保公益类内容，包括品类如种树、能量收集和在线公益参与；关键词如""蚂蚁森林能量""、""绿色能量""、""公益林""；品牌如支付宝旗下的蚂蚁森林；使用场景为日常环保活动（如通过蚂蚁森林收集能量、参与公益种树），基于点击行为（如点击""蚂蚁森林""商品）和搜索关键词（如""蚂蚁森林能量""、""公益捐款""）的支持。

不喜欢：用户不喜欢回收服务（如旧衣回收、数码回收）、阅读服务（如咪咕阅读）、充电服务（如新电途）及其他公益游戏（如蚂蚁庄园），基于未点击商品（如""飞企鹅旧衣回收""、""咪咕阅读""、""新电途""、""蚂蚁庄园""）中与点击行为相反的特征（如回收品类、数码回收实体词）。",1,complete
827342,"喜欢：用户偏好出行相关品类如加油服务和油卡充值，关键词包括油价、公益和浙江，品牌如易捷（中石化旗下），使用场景涉及汽车维护、公益捐赠（如基金会交易）和本地出行（基于交易实体中的网约车、停车费用和服务实体中的打车、公交）。

不喜欢：用户不喜欢消费券、红包等促销活动（如未点击商品的现金红包、领消费券），以及茶饮、女装、美妆个护等品类（如未点击商品的半发酵茶、女装、美妆个护），这些特征与点击的加油行为形成鲜明对比。",1,complete
1883467,"喜欢：用户偏好交通出行品类（如乘车码、羊城通），关键词包括低碳出行、地铁、支付宝，品牌如羊城通、联想，使用场景为公共交通支付和日常通勤。

不喜欢：用户不喜欢任务型促销活动（如现金领取、做任务），关键词如中国移动、红包，使用场景为移动运营商服务和积分抽奖。",1,complete
348134,"喜欢：该用户偏好体育健身品类（如步数追踪、场馆活动），关键词包括运动、走路和乐动力，品牌如乐动力，使用场景涉及健身服务、运动追踪和公益捐步。
不喜欢：基于未点击商品，用户不喜欢外卖服务（如饿了么平台）、食品相关品类（如甜品面包、活力早餐）以及美妆洗护品类（如面霜、口腔护理）。",1,complete
1552893,"喜欢：用户偏好手机回收服务（特别是趣收吧品牌）和麦当劳相关快餐商品，偏好品类包括3C数码产品（如手机回收）和餐饮小吃，关键词如""回收""、""麦当劳""、""苹果""、""华为""，品牌涉及苹果、华为、小米等手机品牌，使用场景为旧设备回收和外卖点餐。

不喜欢：用户不喜欢其他手机回收服务品牌如沃友和闪回收，基于未点击行为，表现为对特定品牌（如荣耀）和类似服务（如""卖手机""）的回避。",1,complete
1583342,"喜欢：该用户偏好金融和任务型活动品类，关键词包括红包、任务、月月赚、转账红包和支付宝；品牌上倾向支付宝；使用场景集中于在线做任务、抽奖获取现金奖励（如天天抽奖、赚现金服务）。

不喜欢：基于未点击商品，用户不喜欢泛化赚钱工具（如集集钱包、赚小钱）、特定金融服务（如网商银行、跨境红包）以及非核心家居用品（如电动剃须刀），与点击的焦点任务和红包活动特征相反。",1,complete
92752,"喜欢：用户偏好外卖服务（如饿了么）、食品饮料（如甜品饮品、无骨炸鸡）、红包优惠（如赚钱红包、亲情卡），常用品牌支付宝和茶百道，使用场景为在线点餐和日常消费便利，涉及品类包括餐饮小吃、便利商店和任务互动。

不喜欢：用户不喜欢超市购物（如饿了么超市）、药品相关（如男科用药）、护肤产品（如面霜）以及花呗账单报告，这些特征与点击行为中的外卖和红包偏好相反，体现在未点击实体如超市服务、药品和花呗周报上。",1,complete
537589,"喜欢：该用户偏好理财服务（如月月赚）、现金红包和转账红包，偏好品类包括手机回收（估吗）、充值服务（福禄）、数码产品（苹果、三星手机）和娱乐会员（爱奇艺vip）；关键词涉及红包、任务、回收、充值；品牌包括苹果、三星、支付宝；使用场景为在线支付、理财管理和娱乐消费。

不喜欢：该用户不喜欢招聘求职（如青团社）、兼职工作、实体零售购物（潮玩店、美妆店）和技能培训（学剪辑、文案编辑）等内容，这些特征与点击行为中的理财和娱乐服务相反。",1,complete
839835,"喜欢：用户偏好数字消费服务品类，如消费金、红包和租赁服务；关键词包括支付宝、消费券、租赁和任务完成；品牌如支付宝、考拉海购、携程和布尔玛；使用场景为在线支付、酒店预订和日常任务（如签到、抽奖）。

不喜欢：用户不喜欢某些积分任务平台（如集集攒、集宝星球）、特定租赁服务（如迪瓜租机、租小易）以及回收服务（如旧衣服回收），这些特征与点击行为中的消费金和租赁服务相反。",1,complete
1163719,"喜欢：偏好在线任务赚现金和红包的品类，关键词包括赚零钱、提现、任务、水果、蔬菜，品牌偏好支付宝、饿了么、蚂蚁财富相关平台，使用场景为日常通过手机应用完成小额任务获取现金及购买生鲜食品。
不喜欢：基于未点击商品特征，不喜欢涉及出行消费或非必需实物商品的赚钱方式，如公交红包、到店红包或香水、香薰吊坠等产品。",1,complete
630802,"喜欢：用户偏好现金红包、红包、湿巾和棉柔巾等个人护理及省钱品类，关键词集中于支付宝、月月赚、集分宝和玩赚相关，使用场景为数字支付、日常省钱和红包领取活动，体现对便捷金融服务的兴趣。

不喜欢：用户不喜欢招聘求职、兼职任务、小鱼干兑换等与现金红包无关的服务，基于未点击商品的特征，反映出对招聘平台、任务型应用和无关实体（如青团社、小鱼干）的回避。",1,complete
382742,"喜欢：该用户偏好金融理财和生活服务品类，如红包、现金任务、签到领奖；关键词包括赚现金、提现、理财直播、支付宝；品牌涉及支付宝、淘宝、华为、小米；使用场景为日常赚钱任务（如签到领现金）、理财投资（如基金直播）和娱乐消费（如领水果、鸡蛋）。

不喜欢：基于未点击商品中与点击行为相反的特征，用户不喜欢兼职招聘（如青团社）、外卖服务（如美团外卖）、二手回收（如远物数码）和手机租赁（如稻喜租机）等内容。",1,complete
1090959,"### 用户兴趣偏好总结（场景1）
喜欢：偏好手机卡和流量卡办理品类，关键词如话费充值、流量服务、王卡、领卡，品牌如中国联通和电信星卡，使用场景包括手机卡申请、话费充值及流量管理（基于点击商品标题和实体词中高频出现的中国联通、话费充值、流量服务等特征）。  
不喜欢：基于未点击商品中与点击行为相反的特征，不喜欢赚钱任务（如赚金币、做任务）、信用卡申请（如中信银行信用卡）以及非手机卡相关服务（如亲子应用或支付宝成长派）。",1,complete
477156,"喜欢：用户偏好餐饮品类（如烧烤串、雪花猪颈肉和点心），关键词包括""芝麻公约""、""联联周边游""和""吃喝玩乐""，品牌如必胜客、点都德和优衣库，使用场景涉及娱乐休闲（如蹦床公园）和公益服务（如支付宝运动）。
不喜欢：用户不喜欢租房和房租支付服务，基于未点击""芝麻信用-见证""商品中的""见证""和""房租""实体特征。",1,complete
673593,"喜欢：用户偏好旅行预订品类，如酒店、机票、火车票、门票、租车和拼车；关键词包括携程、同程旅行、铁路12306、高铁票和酒店；品牌偏好携程和同程旅行；使用场景为出行交通和景点预订服务，涉及地点如上海虹桥、丽江和民宿。

不喜欢：用户不喜欢飞猪品牌的服务以及铁行火车票；未点击实体中包括机票、船票、皮具箱包和化妆品（如黛珂紫苏精华水），表明对非核心旅行服务或特定品牌（如飞猪）不感兴趣。",1,complete
1696874,"喜欢：用户偏好数字会员服务和在线娱乐充值品类，关键词集中于会员、充值、学生特惠和视频音乐，品牌如支付宝、知乎、喜马拉雅、百度网盘和网易云，使用场景为在线学习、娱乐消费和学生优惠活动。

不喜欢：用户不喜欢餐饮美食和实物商品品类，关键词如美食、礼品卡和抽奖，品牌如京东、橙券和餐饮相关，使用场景为线下消费、礼品兑换和餐饮服务。",1,complete
952406,"喜欢：用户偏好金融理财和现金奖励类应用，关键词包括现金、红包、任务、签到、提现、金币、月月赚和电话费，品牌涉及集集钱包、汪汪金铺和高阳相关服务，使用场景为日常任务完成、现金红包领取、话费充值及签到打卡活动。

不喜欢：用户不感兴趣招聘求职和美妆个护类内容，关键词如招聘、求职、美妆、装饰装修，品牌包括青团社和兼职侠，使用场景为找工作、美妆消费及装饰服务，基于未点击商品中与点击行为相反的招聘、美妆等特征。",1,complete
837490,"喜欢：用户偏好品类包括电子产品（如华为智能手表）、食品（如麦当劳快餐、奥利奥零食）、政府服务（如税务、社保）和鲜花配送；关键词涉及麦当劳、税务局、辽宁省、到店支付；品牌偏好如麦当劳、华为；使用场景主要为到店消费（如快餐）、政府事务处理（如缴费认证）和日常购物（如会员日优惠）。

不喜欢：基于未点击商品特征，用户不喜欢红包、现金相关的促销活动，如领红包、攒现金等游戏化元素。",1,complete
892627,"喜欢：该用户偏好运动健身类内容，包括品类如健身、骑行、球类运动（如足球、排球）和日常活动（如登山、跳舞），关键词如步数、运动币、任务和支付宝运动，品牌偏好支付宝，使用场景为健康追踪、运动数据记录和通过支付宝完成任务获取奖励。

不喜欢：该用户不喜欢现金奖励导向的运动应用，避免品类如金币兑换或现金红包类活动，关键词如现金、金币、红包和捐赠，使用场景为以赚钱为目的的运动任务（如走路领钱），而非纯粹的运动健康管理。",1,complete
811295,"喜欢：偏好金融品类如贷款、信用卡和现金奖励活动，关键词包括现金、红包、任务和签到，品牌如支付宝、360借条和中信银行，使用场景涉及在线赚取现金、申请金融产品及完成任务获取奖励（如点击商品中的红包领取、贷款额度和信用卡办理）。
不喜欢：基于未点击商品中与点击行为相反的特征，不喜欢非金融品类如食品、娱乐和家电，具体实体如华莱士炸鸡汉堡（食品）、嘻游记（娱乐）和格力空调（家电），表明避免消费娱乐、餐饮及日常购物场景。",1,complete
128670,"喜欢：用户偏好交通出行品类（如地铁电子日票、打车服务），金融服务品类（如赚钱红包、基金指数拼图），餐饮品牌麦当劳，以及移动服务品牌支付宝和中国移动；关键词包括现金、红包、出行优惠；使用场景涉及日常通勤（如公交、地铁）、在线金融管理和快餐消费。

不喜欢：用户不感兴趣于需要到店付款或门店参与的攒现金活动，避免实体店消费场景（如门店红包领取），与偏好品类（在线服务）相反的特征包括线下门店和到店支付关键词。",1,complete
1027812,"喜欢：用户偏好出行服务（如打车接送）、电子产品（苹果耳机、平板电脑等）、支付理财（支付宝、花呗）和租赁服务（手机租赁），关键词包括""高德打车""、""apple""、""理财""和""租赁""，品牌倾向高德、苹果和支付宝，使用场景涉及出行接送、会员福利（白金/钻石会员）和数字任务完成（如做任务、赚现金）。

不喜欢：用户不喜欢公交地铁相关服务，如线路图、乘车码和优惠券，基于未点击行为中与点击打车服务相反的特征，包括公交站、地铁站和乘车账单。",1,complete
1739121,"喜欢：用户偏好红包相关品类（如现金红包、普通红包、红包封面），关键词包括红包、月月赚、任务、转账红包，品牌如支付宝和饿了么，使用场景涉及在线赚钱任务、数字支付和红包领取活动（如做任务、游戏玩乐、兑换现金）。

不喜欢：基于未点击商品，用户不喜欢与求职招聘、兼职工作相关的实体，如青团社、招聘、岗位、加班补助、兼职等，表明对工作相关活动（如求职就业、岗位申请）不感兴趣。",1,complete
959387,"喜欢：用户偏好加油服务品类，关注油价、加油优惠和石化等关键词，青睐中石化品牌，使用场景包括加油站充值、获取折扣优惠和发票处理（基于搜索关键词中的""今日油价""、""加油优惠""、""石化""和点击商品实体词中的""中石化""、""折扣优惠""、""充值""）。

不喜欢：用户不喜欢支付宝加油服务或冠德石油等品牌，可能因缺乏中石化关联或优惠特征（基于未点击商品标题""支付宝加油""和实体词""冠德石油""，与点击行为中的中石化和折扣相反）。",1,complete
925285,"喜欢：用户偏好出行服务（如打车、专车）、通信服务（如手机号码卡）、金融赚钱任务（如月月赚、赚一点、现金红包），关键词包括现金、红包、任务、转账，品牌如滴滴出行、中国移动，使用场景涉及日常消费（如湿巾、棉柔巾等清洁用品）、在线任务完成和移动支付。

不喜欢：用户不喜欢招聘类服务（如青团社招聘、工作求职）、养殖相关活动（如鱼干、养殖）以及签到式储蓄工具（如天天赚红包签到、存钱罐），这些特征在未点击商品中突出，与点击行为中的出行、通信和赚钱任务形成相反趋势。",1,complete
1513287,"喜欢：用户偏好现金红包领取和任务型赚钱活动（如月月赚和蚂蚁森林能量），关键词包括现金红包、赚钱红包和月月赚，品牌倾向支付宝相关服务（隐含于点击行为），使用场景为支付转账、公益环保（如蚂蚁森林）和日常任务赚钱。

不喜欢：用户不感兴趣硬件维修、设备租赁和兼职工作服务，基于未点击商品中的回收、租物和兼职特征（如上门维修、租机租赁和外卖兼职）。",1,complete
455686,"喜欢：用户偏好金融借贷服务（如借款、借条、优惠券）、兼职赚钱平台（如青团优聘）、手机回收和品牌（如苹果、荣耀、联想），以及签到奖励活动（如点点成金）；关键词包括回收手机、贷款、兼职、借钱；使用场景涉及在线赚钱、任务打卡和金融管理，体现对现金获取和电子产品处理的兴趣。

不喜欢：基于未点击商品，用户不喜欢利息计算工具、社保相关计算器、以及纯金融借贷品牌如伶俐贷，偏好更直接的兼职和回收服务，而非复杂计算或非目标借贷产品。",1,complete
699478,"喜欢：该用户偏好理财品类（如黄金票、现金红包）、健康运动相关（走路红包、运动鞋垫），关键词包括步步挣、黄金票和走路红包，品牌涉及支付宝和步步挣，使用场景为日常健康打卡（如早起、睡觉打卡）和理财任务管理（如做任务、签到）。

不喜欢：该用户不喜欢彩票开奖、信用借款和保险服务，基于未点击商品如彩票查询和借贷额度，特征包括彩票（七星、双色球）、借贷（360借条、借款）和保险（相互宝、保费）。",1,complete
1912713,"喜欢：用户偏好旅行交通品类（如火车票购买，基于点击的铁路12306和实体词买票、城市名），日常消费品类（如纸巾、清洁剂，基于交易实体的维达纸巾、清洁剂），理财服务品类（如基金、余额宝，基于服务实体的基金、理财和搜索关键词基金），以及公益慈善品类（如种树、养小鸡，基于服务实体的芭芭农场、蚂蚁庄园）；关键词包括现金、水果、基金、医保、加油优惠（基于搜索关键词）；品牌涉及维达（交易实体）、12306（点击商品）；使用场景涵盖出行规划（如车票预订）、支付消费（如扫码收款）、理财管理（如余额宝）和公益参与（如种果树）。

不喜欢：基于未点击商品（如扭个蛋、apple watch、格力空调、iphone14），用户不喜欢电子产品品类（如智能手表、手机、空调）和娱乐应用品类（如游戏扭个蛋）；关键词和品牌对应未点击实体的Apple、格力；使用场景为娱乐消费（如游戏玩乐）和高科技设备购买。",1,complete
914555,"### 用户兴趣偏好总结（场景1）

喜欢：用户偏好通信服务品类（如流量卡和手机卡办理）、金融服务品类（如信用卡申请），关键词包括""流量服务""、""信用卡""、""办卡""、""赚零钱""和""现金红包""，品牌集中于中国联通、中信银行和浦发银行，使用场景为在线业务办理（如话费充值、流量卡申请）和参与赚钱任务（如抽奖、签到赚金币）。

不喜欢：用户不喜欢招商银行的信用卡服务、通用红包活动（如未指定品牌的赚钱红包），以及手机充值或笔笔攒等金融服务，这些特征与点击行为中偏好的品牌（如避开招商银行）和具体活动形式（如偏好任务型赚钱而非通用红包）相反。",1,complete
1622179,"喜欢：偏好品类为金融理财（如基金、投资、保险）和任务奖励（如红包、现金领取），关键词包括""理财直播""、""月月赚""、""红包""、""饿了么""，品牌涉及国信证券、中信建投证券、天弘基金和饿了么，使用场景集中于在线理财投资、日常赚取现金奖励及点外卖餐饮。

不喜欢：偏好品类为招聘求职（如兼职、工作），关键词包括""招聘""、""求职""、""兼职""，品牌如青团社，使用场景涉及求职就业和兼职工作。",1,complete
1806443,"### 用户兴趣偏好总结（场景1）

喜欢：用户偏好金融支付服务（如现金红包、话费充值）和日常消耗品（如湿巾、棉柔巾），关键词集中于现金、红包、充值、任务和优惠券，品牌涉及乐动力和中国移动，使用场景主要为移动支付省钱、在线任务赚钱及日常消费（如话费缴纳、生活缴费）。

不喜欢：用户不偏好游戏化金融应用（如集集钱包、小金盒）和虚拟收支任务（如鱼苗收支），与点击行为中直接现金奖励和实用服务相反。",1,complete
1822162,"喜欢：用户偏好金融支付和任务赚钱类内容，包括品类如现金红包、话费充值、优惠券领取；关键词如现金、任务、签到、提现；品牌如中国移动、中信银行、支付宝；使用场景涉及理财、日常消费优惠和话费充值服务，基于点击商品中高频出现的现金红包、任务赚钱和电话费相关实体。

不喜欢：用户对实物商品和个人账单服务不感兴趣，包括品类如水果蔬菜、个人护理产品（如洗发水、洗衣液）和花呗账单；基于未点击商品中与点击行为相反的特征，如水果、绿色蔬菜、西瓜、洗发水、花呗账单等实体，而点击行为集中于金融任务而非实物消费。",1,complete
368707,"喜欢：用户偏好运动相关品类（如滑雪、排球、轮滑、乒乓、足球），关键词包括""任务""和""做任务""，品牌为支付宝运动，使用场景在支付宝平台上参与运动活动和挑战任务，体现对互动式休闲娱乐的积极兴趣。

不喜欢：用户不喜欢理财管理相关品类（如钱管家、财运红包、还信用卡、信用卡、转出计划），反映出对信用卡还款、红包理财及资金转出计划等金融服务的回避倾向。",1,complete
575151,"喜欢：该用户偏好金融理财品类（如月月赚、黄金票、现金红包、财运红包）、生活日用品（如湿巾、棉柔巾）、服装配饰（如女装、项链、手链）、电商购物（如考拉海购、携程）和任务赚钱（如赚现金、金币、提现）；关键词包括现金、红包、金币、签到、消费款；品牌涉及小米、妮维雅、好来；使用场景集中于日常在线任务（签到赚金币）、旅行预订（酒店、锦江酒店）和消费支付（转账红包、支付宝消费金）。

不喜欢：基于未点击商品中与点击行为相反的特征，用户不喜欢证券投资（如etf基金、指数晴雨表）、兼职招聘服务（如青团社兼职、招聘）、信用卡申请（如中信银行金卡）、电影娱乐（如封神第一部）、特定食品（如熟食制品、火锅）和租赁服务（如租机租赁），这些品类和关键词（如基金、投资、工作岗位）与用户偏好的金融理财和日常任务形成反差。",1,complete
31970,"喜欢：用户偏好赚钱任务和金融服务（如信用贷、银行产品）、电子产品（如手机、平板）、通信服务（如流量、话费），关键词包括赚零花钱、领红包、做任务，品牌如苹果、vivo、中国移动，使用场景涉及在线赚钱应用（如芭芭农场）和游戏化活动（如集金蛋）。

不喜欢：用户不喜欢食品会员（如坚果、龙虾）、办公软件会员（如WPS）、保险服务（如相互宝）、家电设备（如电视、投影机），关键词包括会员福利、健康问题，品牌如洽洽、必胜客，使用场景为餐饮消费和办公任务。",1,complete
194183,"喜欢：用户偏好餐饮品类（如快餐、外卖和零食），关键词包括麦当劳、饿了么、红包、月月赚和天猫好房，品牌如麦当劳、支付宝、全家FamilyMart，使用场景涉及外卖点餐、房产交易（租房买房）和金融消费（红包、消费金）。

不喜欢：用户不喜欢股票模拟、基金投资和信用卡办卡等金融产品，基于未点击行为中与点击行为相反的特征（如模拟炒股、指数晴雨表和信用卡申请）。",1,complete
878666,"喜欢：该用户偏好金融理财品类（如黄金票、现金红包），关键词包括黄金、现金、任务和签到，品牌倾向蚂蚁财富和OPPO，使用场景涉及储蓄（存钱罐）、日常任务完成（如做任务、签到）和健康服务（如健康就医）。

不喜欢：基于未点击商品特征，用户不喜欢高端电子产品品类（如iPhone），关键词如苹果14和新人红包，品牌如Apple，使用场景为新用户注册优惠或高端消费。",1,complete
1355282,"喜欢：用户偏好游戏玩乐品类（如集集星球、喂鸡和集金豆任务），关键词包括红包、签到、鸡蛋和外卖，品牌如饿了么、人人租机和布尔玛，使用场景涉及日常任务完成（如签到、集步）和休闲娱乐（如游戏互动与外卖点餐）。

不喜欢：用户不喜欢回收服务（如旧衣服回收）、教育产品（如幼儿早教启蒙）和家居用品（如洗衣液、筋膜枪），这些特征在未点击商品中与点击的游戏和租赁行为相反。",1,complete
921187,"喜欢：用户偏好租赁服务品类，特别是设备租赁，关键词包括租赁、免押金和优惠券，品牌如兔丫租赁、机蜜租机和萌果租机，使用场景涉及金融支付（如免押金租赁和优惠券兑换）。

不喜欢：用户不喜欢日常消费商品品类，如生鲜水果、家居清洁和美容产品，关键词包括预制菜、洗面霜和现金红包，品牌如饿了么，使用场景为购物消费（如超市拼团和餐饮服务）。",1,complete
1682912,"喜欢：偏好品类为在线赚钱任务和红包活动（如月月赚、现金红包、任务、签到），关键词包括红包、任务、转账红包、金币，品牌涉及支付宝、蚂蚁财富、考拉海购，使用场景聚焦日常金融管理（如话费充值、消费优惠）和简单互动（如签到领奖）。

不喜欢：基于未点击商品中与点击行为相反的特征，用户不喜欢求职招聘（如青团社招聘、岗位工作）、借贷服务（如360借条、借钱额度）以及结合非金融元素的促销（如时尚饰品、泳装）。",1,complete
1884018,"喜欢：用户偏好日用品品类如棉柔巾和湿巾，关键词包括红包和现金红包，使用场景涉及个人护理和节省开支的日常消费活动，基于点击商品实体词中反复出现的棉柔巾、湿巾、红包、现金红包等特征。
不喜欢：用户不喜欢保险产品、借贷服务以及任务型赚钱应用，这些特征基于未点击商品实体词中与点击行为相反的相互宝、互助金、保费、提现、做任务、借贷等元素。",1,complete
196096,"喜欢：用户偏好旅游出行品类，关键词包括酒店、机票、火车票、乘车码、门票等出行相关服务，品牌如飞猪（旅游平台），使用场景涉及旅行预订（如酒店住宿、景点门票）和城市通勤（如地铁乘车码），基于点击行为和搜索关键词（如出行、车票、酒店）一致体现。

不喜欢：用户不喜欢金融保险品类，关键词如重疾险、保费、火车票优惠券等保险相关特征，品牌如蚂蚁保，使用场景如保险购买或金融管理，基于未点击商品（相互宝）与点击行为（出行票务）相反的特征推断。",1,complete
1839074,"喜欢：该用户偏好金融理财品类，关键词包括红包、理财、转账、月月赚、黄金票和现金红包，品牌涉及天弘、德邦基金、中信建投证券等基金机构，使用场景为理财直播、任务赚现金和投资管理。  
不喜欢：该用户不喜欢美容护肤、装饰装修、借贷服务（如借条、信用额度）以及日常购物（如女装、拍摄）等内容，这些特征与点击的理财投资行为相反。",1,complete
351094,"喜欢：该用户偏好金融品类，特别是黄金相关产品（如黄金票、黄金）和支付服务（如花呗），关键词包括""黄金票""、""花呗""和""宝呗青年""，品牌涉及蚂蚁财富、支付宝，使用场景集中于在线支付、公益参与（如蚂蚁庄园捐赠）和日常消费（如生鲜、餐饮）。
不喜欢：用户不喜欢猜涨跌游戏和指数基金投资，避免大成基金、etf基金等产品，与点击行为相反的特征包括赚金币、消费红包和指数晴雨表。",1,complete
1766507,"喜欢：用户偏好参与赚钱任务和红包领取活动，关键词包括任务、红包、现金、签到和集分宝，品牌如饿了么，使用场景涉及日常赚钱、外卖点餐和话费充值，偏好品类为金融赚钱服务及餐饮外卖。

不喜欢：用户不感兴趣于与点击行为相反的日常家庭用品如纸巾、洗衣液，以及租赁服务、服装类商品和无关赚钱的抽奖活动。",1,complete
1150888,"喜欢：用户偏好现金红包、任务赚钱和日常清洁用品（如棉柔巾、湿巾）等品类；关键词包括""月月赚""、""红包""、""任务""、""现金""；品牌涉及支付宝生态系统（如花呗、蚂蚁庄园）；使用场景为在线赚取零花钱和家庭日常清洁。

不喜欢：用户不喜欢签到类任务、话费相关奖励（如话费红包、电话费）和抽奖等间接赚钱方式，基于未点击商品的特征。",1,complete
1966621,"喜欢：用户偏好金融理财和任务赚钱服务，包括赚现金、红包领取（如现金红包、话费红包）、签到任务、提现操作，涉及品牌如支付宝、电信、光大，使用场景为日常小额现金赚取、话费充值、流量服务和信用卡相关活动，偏好品类集中在现金收益类服务。
不喜欢：用户不喜欢游戏化赚钱元素（如鱼苗、福袋）、招聘求职服务（如青团社招聘）、证件照服务、花呗相关产品，以及非核心金融的电子产品（如华为matepad），这些特征在未点击商品中与点击行为形成反差。",1,complete
358675,"喜欢：用户偏好金融红包和黄金投资品类，关键词包括现金、红包、黄金、问卷，品牌如蚂蚁财富，使用场景涉及在线答题、红包领取、黄金投资以及公益服务（如公益捐步、支付宝运动）和互动游戏（如芭芭农场、答答星球）。

不喜欢：用户不喜欢基金投资和指数跟踪品类，关键词如指数、基金、投资，品牌如兴业证券、大成基金、中信保诚，使用场景为基金投资、市场预测和指数估值活动。",1,complete
1927259,"喜欢：用户偏好金融品类（如黄金票、现金红包、财运红包）、在线购物品类（如考拉海购）、酒店预订品类（如如家酒店、锦江酒店）和外卖服务品类（如饿了么），关键词包括红包、消费金、备用金和花呗，品牌涉及支付宝、饿了么、如家酒店和考拉海购，使用场景集中在支付理财（如支付宝黄金票）、外卖点餐（如饿了么）和旅行预订（如酒店查询）。  
不喜欢：用户不喜欢借贷品类（如借条、借款）、分期服务品类（如优品分期）、超市购物品类（如时令水果、火锅）和药品购买品类（如男科用药），基于未点击商品中与点击行为相反的特征，如借贷（vs. 金融红包）、超市（vs. 在线购物）和药品（vs. 外卖服务）。",1,complete
1086260,"喜欢：用户偏好现金领取、红包任务和签到提现等赚钱服务品类，关键词集中于现金、红包、任务和签到，品牌涉及支付宝、电信及银行相关服务（如集集钱包、招商银行），使用场景为日常零花钱赚取和消费红包活动。

不喜欢：用户不喜欢兼职工作、景点门票和会员充值等休闲娱乐内容，基于未点击商品中与点击行为相反的特征（如兼职、景点、会员服务），反映出对非直接赚钱活动的排斥。",1,complete
1271127,"喜欢：偏好支付宝相关的金融服务（如消费金、银行卡优惠和现金红包）、餐饮点餐（如达美乐比萨）、日用品（如棉柔巾和湿巾），以及赚钱活动；关键词包括红包、现金和消费款；品牌涉及达美乐和支付宝；使用场景聚焦在线支付、点餐优惠和日常购物（如超市消费）。

不喜欢：不喜欢借贷产品（如贷款、信用额度和借钱无忧）、复杂的任务赚钱应用（如做任务赚现金和签到提现），以及无关实体如针织衫；这些特征与点击行为中的正规金融服务和简单赚钱活动相反。",1,complete
1440146,"喜欢：用户偏好金融理财品类（如现金红包、黄金票），关键词包括公益、支付宝、黄金，品牌如网商银行，使用场景涉及在线公益参与（如器官捐献、志愿者活动）和支付宝平台服务（如还款、转账）。
不喜欢：用户不喜欢签到任务型现金活动（如领现金福利）、借贷服务（如借钱额度、360借条），以及实物消费品（如干货杂粮、米面粮油）。",1,complete
871352,"喜欢：用户偏好理财投资品类，关键词包括月月赚、红包、基金、任务和转账红包，品牌涉及中信建投证券、德邦基金、国泰君安资管等金融品牌，使用场景为在线理财任务、现金红包领取和基金投资活动（如理财直播）。

不喜欢：用户不喜欢兼职求职、招聘就业相关内容，如存钱罐、求职平台和签到提现任务，基于未点击商品中与点击行为相反的特征（如青团社招聘、集集钱包等）。",1,complete
243139,"喜欢：用户偏好生鲜食品品类，包括调味品（如香醋、沙拉酱）、零食（如果肉果冻、黄米凉糕）、蔬菜（如青菜包、荸荠|苦瓜）和肉类（如回锅肉、爆浆豆腐）；关键词如叮咚买菜；品牌偏好叮咚买菜平台；使用场景涉及家庭日常饮食（如早饭、省钱购物），强调省钱和便捷采购。

不喜欢：用户不喜欢出行服务品类，如顺风车和汽车租赁；关键词如嘀嗒、哈啰；品牌涉及高端汽车（如奥迪A6L、凯迪拉克CT6）和电子产品租赁（如苹果14 Pro、华为P50 Pocket）；使用场景包括乘车、接单和租赁服务，基于未点击行为与点击食品偏好相反。",1,complete
14877,"喜欢：用户偏好优惠券、消费金、零食券等消费相关品类，关键词如现金、红包、健康金、电能，品牌如支付宝、饿了么、锦江酒店，使用场景包括在线消费、外卖点餐、积分任务（如攒电能、集步数）和健康防护（如一次性口罩）。

不喜欢：用户不偏好基金、投资产品等金融品类，关键词如猜涨跌、指数、租赁，品牌如中信保诚基金、兴业证券，使用场景涉及金融投资（如基金分析）和社区公共服务（如生活缴费）。",1,complete
76098,"喜欢：用户偏好现金红包、签到任务和赚钱应用（如月月赚、支付宝），涉及品类包括金融服务（如提现、转账红包）、数码产品租赁（如苹果iphone、投影仪）和日用品（如湿巾、棉柔巾），关键词如现金、红包、任务、签到，品牌如支付宝、苹果、极米，使用场景为在线赚小钱、做任务领奖励及日常消费。
不喜欢：用户不喜欢大额转账服务（如批量转账）、跨境金融（如跨境汇款）和特定日用品（如洗衣凝珠），这些特征基于未点击商品与点击行为相反，表明对复杂金融操作和某些清洁产品不感兴趣。",1,complete
490955,"喜欢：该用户偏好体育健身品类，关键词包括运动、步数、场馆和赛事，品牌偏好乐动力，使用场景涉及健身服务、运动场馆活动和日常锻炼（如篮球、羽毛球、游泳）。

不喜欢：该用户不喜欢任务型活动和租赁服务，这些特征基于未点击商品中的任务、现金红包和租机相关元素（如做任务、集分宝、租机平台），与点击的体育健身兴趣相反。",1,complete
1596536,"喜欢：用户偏好任务型、红包领取类服务，如多多有礼和支付宝红包，涉及现金奖励、签到任务和互动游戏（如小鱼干、鱼塘）；偏好品类包括数码产品租赁（如免押租机）、关键词为红包、现金、任务；品牌如支付宝；使用场景为在线赚取现金和参与游戏化活动。
不喜欢：用户不喜欢证件照服务、花呗借贷服务、以及回收维修类服务（如上门维修、回收），如未点击商品中的证件照、花呗和回收维修特征所示。",1,complete
1368526,"喜欢：用户偏好政务服务（如浙里办、医保参保、计算机等级考）、彩票消费（中国体育彩票、中国福利彩票）、餐饮（点都德、艇仔粥）、手机服务（手机费、充值话费）和金融产品（蚂蚁财富、余额宝）；关键词包括租手机平台、单反相机、苹果产品（耳机、电脑）、浙里办、电影；品牌涉及支付宝、中国移动、点都德；使用场景涵盖日常消费（餐饮、手机费）、政务服务（医保、考试）、娱乐（电影票）和投资理财（蚂蚁财富）。

不喜欢：基于未点击车辆查询平台（车牌号查询平台-信车），用户对车辆信息查询（查车况）、理赔服务和汽车品牌（路虎）不感兴趣。",1,complete
1000455,"喜欢：用户偏好金融赚钱类品类（如月月赚和红包任务）和日常用品（如棉柔巾、湿巾），关键词包括月月赚、红包、任务、转账，品牌偏好支付宝（基于高频交易和服务使用），使用场景涉及在线赚钱任务、红包转账和日常消费。

不喜欢：用户不喜欢签到类和小额现金领取品类（如签到和领钱），关键词如签到、现金领取、鱼干，品牌如oppo（基于未点击实体），使用场景涉及被动奖励系统和游戏化任务。",1,complete
810242,"喜欢：偏好品类为金融理财服务和现金奖励任务；关键词包括现金、月月赚、红包、投资、理财；品牌涉及支付宝、余额宝、天弘基金；使用场景集中于在线任务完成、移动支付理财和赚取额外收入。
不喜欢：基于未点击商品特征，不喜欢兼职工作相关的内容，如工作岗位、招聘、体力劳动（如搬运工）和设计兼职（如psd设计）。",1,complete
1431447,"喜欢：用户偏好交通出行服务（如打车、租车）、快餐餐饮（如麦当劳）、政府事务（如社保查询）等品类；关键词包括滴滴出行、医保、运动步数；品牌涉及滴滴、麦当劳、支付宝、华为；使用场景涵盖日常通勤、餐饮消费、在线支付和健康管理。

不喜欢：基于未点击行为，用户不喜欢汽车加油服务（如加油站、石油相关）等品类；关键词如加油；品牌如团油；使用场景为驾车燃料补给和发票处理。",1,complete
333949,"喜欢：用户偏好运动健身品类，关键词包括运动、健身、跑步、篮球等，品牌如支付宝运动，使用场景为日常健身活动（如徒手健身、登山、骑行）和支付宝运动服务（如步数记录、运动币获取）。

不喜欢：用户不喜欢运动相关的金融保险产品，如相互宝，特征为保险保障（如重疾险、守护金）而非实际运动参与，与点击行为中的纯运动健身相反。",1,complete
636349,"喜欢：偏好品类包括电子产品（如耳机、蓝牙音箱）和汽车用品（如雨刮器、水蜡），关键词如游戏耳机、优惠券，品牌如诺必行、索爱、漫步者，使用场景涉及游戏娱乐、汽车维护和优惠购物。

不喜欢：基于未点击商品，不喜欢美妆个护、女装、装饰装修、健身按摩、茶饮和体育赛事相关品类。",1,complete
621609,"喜欢：用户偏好现金奖励和红包相关活动（偏好品类），如多多有礼、兑换现金、小鱼游戏和纸巾等兑换商品；关键词包括赚现金、红包、任务进度；品牌涉及饿了么和支付宝；使用场景为在线互动任务（如养鱼、种树）和外卖点餐平台上的即时奖励系统。

不喜欢：用户不喜欢实体商品购买（如生鲜、家居清洁）和运动任务（如走路赚），以及租赁服务（如手机租赁）和公用事业缴费（如水费、电费），这些未点击商品的特征（关键词如走路、租物、话费充值）与点击行为中的游戏化现金奖励和简单兑换相反。",1,complete
1128106,"喜欢：用户偏好赚钱相关服务，品类集中于任务平台和现金红包（如做任务、签到、提现）；关键词包括赚零花钱、现金红包、金币；品牌涉及支付宝、启梦、合创、花小宝；使用场景为日常通过手机应用赚取小额现金，支持个人财务管理。

不喜欢：基于未点击商品特征，用户不喜欢涉及优惠券的赚钱方式（如未点击实体词中的优惠券）和品牌佳米（如未点击标题），反映出对直接现金领取的排斥。",1,complete
1420195,"### 用户兴趣偏好总结（场景1）

喜欢：偏好金融支付和旅行住宿品类，关键词包括支付宝、消费金、红包、酒店，品牌涉及支付宝、如家酒店、锦江酒店、格林豪泰，使用场景集中于在线消费、旅行预订和奖励获取（如点击支付宝消费金和酒店相关实体）。

不喜欢：偏好到店支付和家庭用品品类，关键词如到店付款、现金红包、攒现金，使用场景为实体店消费和日常购物（基于未点击商品中与点击行为相反的到店支付和母婴、家纺等特征）。",1,complete
805550,"### 用户兴趣偏好总结（场景1）
喜欢：偏好通信服务和金融服务品类，如手机卡、流量卡及信用卡申请，关键词包括话费充值、流量服务、现金和信用卡，品牌集中于中国联通、中信银行和浦发银行，使用场景涉及日常通信管理、在线支付和金融事务处理。  
不喜欢：基于未点击商品特征，不喜欢储蓄和投资品类如支付宝小荷包及基金产品，关键词如红包、笔笔攒和基金，品牌如招商银行，使用场景包括储蓄积累、红包分享和投资理财。  

（字数：198）",1,complete
1898541,"喜欢：用户偏好交通出行品类（如打车、租车、网约车）、金融服务（如花呗、余额宝、借贷）、生活服务（如水费充值、电费、公寓租赁）、游戏交易（如交易猫）和租房服务（如简单住）；关键词包括滴滴出行、花呗、交易猫、简单住；品牌涉及滴滴出行、花呗（支付宝）、交易猫、简单住；使用场景涵盖日常出行（如打车、租车）、生活缴费（如水费、电费）、金融管理（如转账、借贷）和游戏娱乐。

不喜欢：用户不喜欢代驾服务，基于未点击滴滴代驾商品（实体词包括代驾），与点击行为中偏好的打车和租车服务形成对比。",1,complete
1999150,"喜欢：用户偏好金融服务品类，特别是信用卡申请和借贷产品，关键词集中于""申请""、""额度""、""测评""和""芝麻分""，品牌偏好中信银行和交通银行，使用场景为在线金融管理和额度评估，如办卡进度查询和额度测评。

不喜欢：用户不喜欢的内容包括其他银行的信用卡申请（如招商银行、浦发银行）、还款服务以及特定借贷平台（如360借条），基于未点击商品中与点击行为相反的特征，如还款相关和特定非银行借贷服务。",1,complete
886661,"喜欢：用户偏好食品品类（如韩式炸鸡、超市商品和鲜花配送），关键词包括外卖、饿了么和骑行相关服务，品牌如饿了么和雀巢咖啡，使用场景为外卖点餐和在线购物（基于点击商品标题""饿了么""及实体词""韩式炸鸡""、""香槟玫瑰""、""大型超市|雀巢咖啡""等，结合搜索关键词""外卖""、""饿了么""和服务使用实体""外卖点餐""、""外卖平台""）。

不喜欢：用户不喜欢药妆、银行服务和异常处理相关特征（基于未点击商品标题""饿了么超市|饿了么买药""及实体词""屈臣氏""、""洗面霜""、""口腔护理""、""美妆洗护|移动电话""、""中国银行""、""订单异常""、""海王星辰""等，与点击行为中食品和鲜花偏好形成相反）。",1,complete
923930,"喜欢：用户偏好出行服务品类（如打车、骑行和租车代驾），关键词包括滴滴出行、京东到家、停车和交费，品牌偏好滴滴出行，使用场景涉及日常交通出行和支付服务（如通过网约车和公交服务实现便捷移动）。

不喜欢：用户不喜欢租车服务和顺风车服务，基于未点击商品如滴滴租车和花小猪打车，特征包括车辆租赁（如送车、还车）和特定打车平台（如顺风车），与点击的打车行为相反。",1,complete
883955,"喜欢：用户偏好金融服务品类（如信用卡申请、流量卡办理和任务奖励），关键词包括""每日打卡""、""赚现金""、""红包""和""流量服务""，品牌如中信银行和电信，使用场景涉及金融管理（如办卡和理财）、通信服务（如流量充值）及日常任务（如签到赚金币）。

不喜欢：基于未点击商品特征，用户不喜欢光大银行的信用卡服务，这与点击行为中偏好中信银行等品牌形成对比。",1,complete
823876,"喜欢：用户偏好金融理财品类（如理财、基金、保险），关键词包括红包、转账、黄金和森林，品牌如支付宝、网商银行和蚂蚁财富，使用场景涉及在线支付、投资管理和环保参与（如蚂蚁森林能量积累）。
不喜欢：用户不喜欢抽奖、返现、兑换现金等促销活动，与点击的理财和红包行为相反。",1,complete
1921431,"### 用户兴趣偏好总结（场景1）
喜欢：用户偏好金融投资品类，特别是基金（如指数基金、黄金投资）和红包类产品；关键词包括基金、黄金、红包、财富日；品牌如天弘基金；使用场景为个人在线理财和投资管理，涉及炒股工具、余额宝等金融活动。

不喜欢：用户不喜欢借贷服务（如借款、借条）、分期付款产品（如优品分期），以及非金融消费类商品（如电子产品、奢侈品），这些特征与点击的金融投资行为相反。",1,complete
580637,"喜欢：用户偏好外卖餐饮品类（如美食外卖、点餐平台），关键词包括饿了么、预订和apple，品牌如饿了么、支付宝和麦当劳，使用场景涉及在线点餐、支付服务和互动游戏（如芭芭农场），基于点击行为如""饿了么""商品和实体词""美食外卖""、""奶粉""。

不喜欢：用户不喜欢超市购物相关商品，如饮品、水果和蔬菜品类，基于未点击""饿了么超市""商品及实体词""酒水饮料""、""时令水果""、""绿色蔬菜""和""洗面奶""，与点击行为形成反差。",1,complete
339789,"喜欢：用户偏好金融红包服务品类（如现金红包、到店支付），关键词包括现金、红包、公交支付和签到领奖，品牌涉及支付宝相关服务（如余额宝、花小宝），使用场景集中于日常消费支付、公共交通和在线红包领取活动。  
不喜欢：用户不喜欢女装、居家用品、数码产品、母婴用品、运动装备、美妆产品、美食、保险和汽车等品类，基于未点击商品中与点击行为相反的实体特征。",1,complete
779900,"喜欢：用户偏好理财和赚钱应用（如月月赚），关键词包括现金、红包、任务和转账，品牌如支付宝和蚂蚁财富，使用场景为日常小额收益获取和金融管理任务。

不喜欢：用户不喜欢批量转账服务、游戏化赚钱应用（如多多有礼）和签到领奖励系统，以及特定红包形式如口令红包或封面红包。",1,complete
411058,"喜欢：该用户偏好互动游戏和设备租赁品类，关键词包括步数赚钱、金币、红包、签到和喂鸡，品牌如饿了么、人人租机和布尔玛，使用场景涉及游戏娱乐、日常消费和外卖点餐。  
不喜欢：该用户不喜欢金融积分系统和保险产品品类，关键词如集分宝、现金红包和房贷计算，品牌如招商信诺，使用场景包括金融管理和保险购买。",1,complete
1084631,"喜欢：偏好品类包括出行服务（如顺风车）和电子产品租赁（如手机、电脑）；关键词涉及租手机、交通、顺风车（从搜索关键词）；品牌偏好苹果、三星、华为（从点击商品实体词）；使用场景聚焦日常出行、交通租赁和移动设备需求（基于点击行为和交易实体）。

不喜欢：不喜欢车主相关服务（如成为顺风车车主）和买断方式（与租赁行为相反），基于未点击商品特征（如车主角色和买断实体词）。",1,complete
1768409,"### 用户兴趣偏好总结（场景1）
喜欢：偏好娱乐品类（如电影票务、动画片和音乐会），关键词包括月月赚、红包和淘票票，品牌如耐克、盒马和红旗连锁，使用场景涉及在线支付管理（转账、理财）和休闲消费（电商购物、观影）。  
不喜欢：基于未点击商品，对招聘求职服务（如兼职、青团社）、工作管理内容（如花呗周报）以及特定品牌活动（如麦当劳会员店）不感兴趣。",1,complete
1442927,"喜欢：用户偏好红包相关活动（如现金红包、任务奖励）、房产服务（如天猫好房的租房、买房、验房）、加油服务（如易捷加油）、运动品牌（如阿迪达斯运动T恤），使用场景涉及理财任务互动（如赚现金、集分宝）、房产查询（如楼盘、二手房）和日常消费支付（如支付宝、花呗），关键词包括红包、天猫好房、任务、现金奖励，品牌涵盖阿迪达斯、天猫好房、易捷加油。

不喜欢：用户不喜欢低吸引力摇摇奖励任务（如抢现金形式），尽管涉及红包和现金元素，但未点击此类商品表明反感其特定实现或低价值特征。",1,complete
299885,"喜欢：用户偏好任务导向的奖励系统品类，如月月赚，关键词包括红包、任务、转账红包，品牌涉及支付宝（基于服务使用和搜索数据），使用场景为在支付宝平台上完成任务赚取小额红包和转账奖励。

不喜欢：用户不喜欢直接的现金红包、红包封面、批量转账和跨境汇款等非任务相关的金融服务，这些特征与点击行为中的任务奖励系统相反。",1,complete
867775,"喜欢：偏好品类包括餐饮外卖和金融服务（如支付宝小荷包储蓄功能），关键词如支付宝、饿了么和小荷包，品牌涉及支付宝和饿了么，使用场景为在线点餐（如美食外卖）和储蓄管理（如攒钱计划）。

不喜欢：偏好品类包括药品和超市商品（如洗面奶、活力早餐），关键词如买药和超市，使用场景为药品购买（如饿了么买药）和超市购物（如半日达配送），基于未点击商品与点击行为相反的特征（如未点击实体词中的平板电脑、移动电话等电子产品未在点击中出现）。",1,complete
100228,"喜欢：用户偏好通信服务品类，特别是手机卡和流量卡，关键词包括中国联通、大王卡、流量服务和充值话费，品牌集中于中国联通和中信银行，使用场景为在线申请和管理日常通信需求，如话费充值和信用卡办理。  
不喜欢：用户不喜欢其他银行的信用卡服务，如招商银行和平安银行，以及特定流量卡类型如阿里宝卡或蚂蚁小宝卡，反映出对非首选品牌（如招商银行）和附加服务（如阿里相关卡）的回避。",1,complete
1686440,"喜欢：用户偏好金融借贷品类，如信用卡申请和借贷额度，关键词包括借款、分期、额度（从搜索和点击实体词提取），品牌如交通银行和360借条（基于点击商品），使用场景涉及在线个人财务管理、资金需求（从服务使用实体如支付宝、任务推断）。

不喜欢：用户不喜欢涉及复杂金融计算、社会保障或货币换算的产品，如社保计算器、利息计算工具（基于未点击商品实体词与点击行为相反的特征）。",1,complete
1966809,"喜欢：用户偏好与现金奖励、红包提现相关的活动，偏好品类包括步数运动（如走路、步数换钱）、任务打卡和签到福利；关键词如日进斗金、步步挣、多多走路、乐动力；品牌如凌硕；使用场景涉及日常健身、在线赚钱和休闲娱乐（如通过走路赚现金、参与打卡任务获取红包）。
不喜欢：基于未点击商品，用户不喜欢涉及钱包管理、账单明细或设备相关（如电脑手机）的赚钱活动，以及更泛化的运动赚应用如集步宝，表现为对财务管理类特征（如能量币、账单明细）的回避。",1,complete
1838845,"喜欢：用户偏好手机卡和流量服务（如中国联通品牌），信用卡申请（中信银行、交通银行品牌），以及借贷服务（360借条品牌），关键词包括现金、赚零钱、贷款、分期、流量卡，使用场景涉及在线任务赚取现金（如签到、做任务）、话费充值、流量管理。
不喜欢：用户不喜欢招商银行相关服务（如信用卡申请）、伶俐贷等贷款产品，以及外币兑换服务（如英镑、欧元），基于未点击商品中与点击行为相反的特征。",1,complete
968603,"喜欢：用户偏好金融产品品类如现金红包、黄金票和信用卡服务，关键词包括现金红包、签到、做任务、金币、黄金票、财运红包、信用卡，品牌如中信银行和蚂蚁财富，使用场景为在线赚取现金、参与任务型签到活动和申请信用卡。

不喜欢：用户不喜欢通信服务品类如流量卡和话费充值，关键词包括流量卡、话费充值、中国联通、电信、电话费，品牌如中国联通和电信，使用场景为办理流量卡、充值话费和手机卡相关服务。",1,complete
1422383,"喜欢：用户偏好通信服务品类（如流量卡和话费充值），关键词包括流量卡、大王卡和话费充值，品牌如中国联通和腾讯（大王卡），使用场景涉及手机卡在线办理和流量服务充值，基于点击商品（如联通流量卡和话费充值标题）及搜索关键词（流量王卡、电话卡）的强关联行为。

不喜欢：用户不喜欢现金积累品类（如赚现金和领红包），关键词如赚现金、任务和红包，品牌如集宝星球，使用场景为攒钱任务和现金领取应用，基于未点击商品（如赚零钱和领现金标题）中与点击行为相反的现金相关特征。",1,complete
1563322,"喜欢：用户偏好出行服务（如打车、租车）、金融理财（现金红包、提现）和日常用品（湿巾、棉柔巾），关键词包括滴滴出行、花小猪、现金、任务，品牌涉及滴滴出行、花小猪打车、支付宝，使用场景为在线出行（如叫车、行程）、赚现金任务（如签到、做任务）和生活缴费（如话费、电费）。

不喜欢：用户不喜欢非出行相关的商品（如香水、车载香水、照片）和非实用赚现金活动（如鱼干、香薰吊坠），基于未点击商品如多多有礼涉及车载物品和照片等特征，与点击行为中出行和实用现金偏好相反。",1,complete
714432,"喜欢：该用户偏好出行服务（如打车、网约车和公交）、外卖配送及红包优惠获取，关键词包括""滴滴出行""、""阳光出行""、""赚钱红包""和""优惠券""，品牌涉及滴滴出行、高德打车和支付宝，使用场景主要为日常通勤、在线消费支付及参与公益互动游戏（如蚂蚁庄园）。

不喜欢：基于未点击商品特征，用户不喜欢顺风车服务、抽奖类游戏（如扭个蛋）、高端折叠智能手机（如三星Galaxy系列、vivo X Fold+和Apple产品）以及信用报告查询服务。",1,complete
503062,"喜欢：该用户偏好金融服务品类，如现金积累、红包领取和任务赚钱，关键词包括现金、红包、攒钱和签到，品牌涉及支付宝（基于服务使用实体），使用场景为线下支付（如到店付款）和日常任务完成（如充值、做任务）。

不喜欢：用户不喜欢服装类商品，如西装裤和工裤，基于未点击商品中与点击行为（现金相关活动）相反的特征，尽管未点击商品包含现金元素。",1,complete
850109,"喜欢：用户偏好公益慈善和环保活动类内容，偏好品类包括器官捐献、绿色低碳和在线公益服务，关键词如公益、捐赠、绿色行动，品牌如Alibaba，使用场景涉及支付宝平台的神奇海洋、蚂蚁庄园等互动公益参与。

不喜欢：用户不喜欢红包任务、健康管理及社保事务类内容，基于未点击商品特征，如赚钱红包、健康码、核酸报告和社保卡挂失。",1,complete
1725394,"喜欢：该用户偏好家庭用品（如家庭积分、家庭资产、风扇防尘罩）、个人护理产品（内衣、收腹裤、珊瑚绒浴裙）、按摩设备（按摩器、按摩垫、按摩仪器）和冬季服装（冬裤、加绒裤），关键词包括家庭积分（从搜索和点击突出）和支付宝（从搜索），品牌涉及miniso（交易行为中相关个人护理）和真维斯（交易行为中服装类），使用场景主要为家庭环境（如积分管理、资产整理）和健康养生（足浴包、足疗养生）。

不喜欢：该用户不喜欢金融投资服务（如财富号、投资、现金）、签到打卡活动（如打卡福利、签到红包、积分兑换）和抽奖游戏（如抽奖、红包、抽奖红包），这些特征与点击行为相反，体现在未点击商品的虚拟或娱乐属性上。",1,complete
217916,"喜欢：用户偏好交通出行品类，特别是公交乘车卡服务；关键词包括公交乘车卡、电子公交卡、乘车码、红山通和乌鲁木齐市；品牌偏好红山通（基于点击商品标题和实体词）；使用场景为城市公交出行，在乌鲁木齐市通过电子支付实现便捷乘车（基于搜索关键词和点击行为）。

不喜欢：用户不喜欢停车场、加油站、找停车场等辅助服务（基于未点击商品实体词，与点击的公交卡服务形成直接对比）。",1,complete
206701,"### 用户兴趣偏好总结（场景1）
喜欢：用户偏好金融红包和现金奖励类品类，关键词包括赚零钱、现金红包、签到和任务，品牌如鑫诺、众冠（基于点击商品高频出现），使用场景为日常省钱、在线赚小钱和消费红包（从点击商品标题和实体词如""天天赚点零花钱红包""、""做任务""、""到店红包""体现）。

不喜欢：用户不喜欢信用卡申请和复杂金融产品类品类，关键词如信用卡办理、学历要求（基于未点击商品中高频出现），品牌如浦发银行、平安银行（从未点击标题和实体词如""浦发银行信用卡在线办理""、""学历""体现），使用场景为正式金融申请和证件相关服务（与点击行为相反，未点击商品强调""信用卡申请""、""证件号""等）。",1,complete
1533559,"### 用户兴趣偏好总结（场景1）
喜欢：用户偏好出行服务品类，如打车和租车，关键词包括叫车、优惠券、滴滴出行和花小猪品牌，使用场景涉及日常城市交通和便捷移动，具体表现为点击花小猪打车服务，并关联滴滴出行驾车、优惠券等实体词，同时搜索关键词如顺风车、花小猪打车、共享租车等支持该偏好。

不喜欢：用户不喜欢设备租赁和高科技产品品类，基于未点击商品人人租，关键词包括VR一体机、手持云台，品牌如科沃斯和天玑，使用场景可能涉及消费电子租赁或科技设备，与点击行为（出行服务）形成相反特征，未点击实体词如VR一体机、手持云台进一步印证此倾向。",1,complete
1695780,"喜欢：用户偏好金融借贷品类，关键词包括信用卡申请、借款额度、借条和优惠券，品牌如交通银行、360借条和中信银行，使用场景为信用额度管理和快速贷款申请。

不喜欢：用户不喜欢涉及复杂计算工具（如利息计算、汇率换算）和非偏好品牌（如招商银行、浦发银行）的贷款产品。",1,complete
153403,"喜欢：用户偏好环保回收和公益慈善品类，关键词如""回收""、""绿色""、""低碳""和""公益""，品牌如白鲸鱼（从搜索和点击商品体现），使用场景包括家庭旧物回收（如预约上门回收）和在线公益参与（如捐赠、种果树）。
不喜欢：用户不喜欢政府服务、健康管理和税务相关事务，基于未点击商品特征如官方服务（随申办、国家政务服务平台）、健康证明（健康码）和税务（房产税、保单），与点击的环保主题相反。",1,complete
48892,"喜欢：用户偏好金钱赚取和提现服务，品类包括签到奖励、金币兑换和现金领取；关键词如现金、提现、集分宝和金币；品牌涉及开心赚米相关应用；使用场景为在线游戏化任务、日常签到和即时提现活动。

不喜欢：用户不喜欢储蓄计划、投资产品和教育费用管理，基于未点击商品如支付宝小荷包、大成基金等，品类包括长期储蓄、基金投资和电话卡；关键词如笔笔攒、基金和流量卡；品牌如支付宝特定服务和大成基金；使用场景为金融投资、教育费用规划和电话充值优惠。",1,complete
971833,"### 用户兴趣偏好总结（场景1）
喜欢：用户偏好金融任务类应用（如月月赚）、现金红包领取（包括转账红包和现金红包）、日常用品（如湿巾和棉柔巾）以及话费相关服务（如话费券），品牌涉及vivo和oppo，使用场景集中于在线赚钱活动、任务完成和日常消费，关键词包括任务、红包、现金和转账。

不喜欢：用户不喜欢保险产品（如重疾险）、招聘服务（如找工作）和清洁用品（如洗衣液和洗发水），这些特征在未点击商品中与点击行为相反，突出于保险、招聘和清洁品类。",1,complete
70137,"喜欢：该用户偏好快餐食品品类（如汉堡、鸡腿和饮料），关键词包括麦当劳、辣堡和板烧鸡腿，品牌偏好为麦当劳，使用场景涉及外卖点餐和快餐消费（基于点击麦当劳商品及服务使用如饿了么）。

不喜欢：基于未点击行为，用户不喜欢交通出行服务（如顺风车和打车），以及相关特征如汽车品牌（凯美瑞、比亚迪）、车站和教育机构（乌镇风景区、烟台黄金职业学院）。",1,complete
929477,"喜欢：偏好品类包括金融任务和现金奖励服务（如签到赚钱、兑换现金），关键词如现金、任务、红包、理财、步数，品牌如人人租机、布尔玛、华泰证券，使用场景为在线完成任务赚取现金收益、租赁设备（如手机租赁）以及参与集金蛋等互动游戏。

不喜欢：基于未点击商品，不喜欢特定租赁服务（如租机租赁、云享租机）以及无关品类（如家用电器切肉机、服装羽绒服），与点击行为中偏好任务和现金奖励的特征相反。",1,complete
404502,"喜欢：用户偏好汽车服务品类，特别是加油和红包领取相关，关键词包括车辆型号、车牌号和短信验证码，品牌如易捷加油，使用场景为出行便利和在线交易支持。

不喜欢：用户不感兴趣于政府及健康服务平台，如核酸查询、疫苗接种点和教育金融类服务，与点击行为中的汽车主题相反。",1,complete
1178515,"喜欢：用户偏好体育健身品类（如足球、篮球、网球）和理财投资品类（如黄金、基金、保险），关键词包括乐动力、红包、黄金票，品牌涉及德邦基金、国信证券、中信建投证券等金融投资品牌，使用场景集中在运动健身（如篮球馆活动）、在线理财（如现金红包和财运红包活动）以及支付宝相关支付服务。

不喜欢：用户不喜欢借贷债务品类（如借款、还款），关键词如借条，品牌如360借条，使用场景在金融债务管理（如等额本息还款）。",1,complete
551902,"### 用户兴趣偏好总结（场景1）
喜欢：用户偏好交通出行和通信服务品类，关键词如实时公交、线路、话费充值和流量服务，品牌如高德和中国联通，使用场景包括日常通勤导航、手机卡办理及公交查询。  
不喜欢：用户不喜欢信用卡申请等金融产品品类，关键词如信用卡、额度测评和账单查询，品牌如交通银行和建设银行，使用场景为银行服务申请和金融额度评估。",1,complete
627132,"### 用户兴趣偏好总结（场景1）
喜欢：用户偏好交通出行服务品类（如打车、租车、代驾），关键词包括""打车""、""代驾""、""租车""和""优惠券""，品牌如滴滴出行、高德打车、华为和苹果，使用场景涉及出行支付、会员权益（如白金会员、钻石会员）和日常消费。  
不喜欢：用户不喜欢公交服务品类（如实时公交）、领消费券活动（如红包、现金）和加油服务，基于未点击商品特征如公交线路、红包领取和油站相关。",1,complete
1546145,"喜欢：该用户偏好金融优惠品类（如现金红包、银行卡优惠），关键词包括支付宝、支付优惠、低碳出行，品牌涉及支付宝、中国石油（中油好客e站），使用场景为日常消费、出行加油和在线支付管理。

不喜欢：基于未点击商品特征，用户不喜欢时尚（如女装、男装）、电子产品（数码）、育儿（母婴）和运动品类，反映出对非核心金融及出行服务的低兴趣。",1,complete
240820,"### 用户兴趣偏好总结（场景1）
喜欢：用户偏好金融管理类服务（如信用卡还款、黄金票和现金红包）、回收服务（如旧衣服回收）、生活便利工具（如支付宝小荷包和棉柔巾）以及阅读内容（如读书听书）；关键词包括""赚一点""、""回收""、""红包""和""还款""；品牌涉及支付宝、蚂蚁财富和清风；使用场景涵盖日常理财、环保回收、生活卫生和休闲阅读。

不喜欢：用户不喜欢借贷产品（如360借条和优品分期）、任务型金融活动（如开宝箱红包和签到）、高消费物品（如iPhone和黄金珠宝）以及美妆护肤类商品（如装饰装修），这些特征与点击行为中的金融管理和生活服务相反。",1,complete
84258,"喜欢：用户偏好现金红包、任务型赚钱活动和信用卡还款服务，关键词包括现金、红包、任务、金币和领钱，品牌如支付宝、中国建设银行和招商银行，使用场景为省钱赚钱、支付管理和生活缴费（如电力缴费），体现对金融奖励和日常支付的兴趣。  
不喜欢：用户不喜欢花呗账单和花呗周报等花呗相关报告内容，基于未点击商品中与点击行为相反的特征（如花呗焦点而非现金红包）。",1,complete
1746749,"喜欢：用户偏好金融支付服务（如支付宝消费金、红包、积分），关键词包括赣服通、消费款、网络购物，品牌如阿里妈妈、如家酒店、锦江酒店，使用场景为在线消费管理、旅行预订（如酒店）和日常红包领取。

不喜欢：用户不喜欢任务型赚钱应用（如玩一玩赚一点钱）、现金领取游戏（如关注有礼），以及互动玩法（如任务、现金领取），与点击的金融消费服务形成反差。",1,complete
851552,"喜欢：用户偏好金融投资品类（如基金指数上证50、沪深300、中证医药）、省钱消费关键词（攒电能、消费券、抽奖）、品牌如天弘基金和华为，使用场景包括理财投资（指数基金拼图）、数码租赁（平板电脑）和优惠券领取（零食券、百货券）。
不喜欢：用户不感兴趣简单红包活动（如口令红包、签到红包）、签到任务（如领鸡蛋、花呗账单）和日常消费管理（花呗周报、现金领取），关键词如现金红包、花呗周报，使用场景为日常签到和账单查看。",1,complete
1345294,"喜欢：用户偏好消费相关的品类，如在线购物和旅行预订（如酒店、航班），关键词包括消费金、红包和网络购物，品牌如携程、考拉海购和格林豪泰，使用场景涉及日常消费优惠获取和旅行计划。
不喜欢：用户不喜欢金融投资类内容，如基金和猜涨跌游戏，与点击行为中消费导向相反。",1,complete
614082,"喜欢：用户偏好娱乐品类如电影和音乐现场，关键词包括演出、动画片和imax，品牌如淘票票和饿了么，使用场景涉及休闲娱乐（如观影和餐饮外卖）及城市生活服务（如出行和公共服务）。

不喜欢：用户不喜欢医疗健康品类如买药，以及鲜花等礼品类内容，基于未点击商品中与点击娱乐餐饮行为相反的特征。",1,complete
634724,"喜欢：用户偏好赚钱任务和红包奖励的品类，如月月赚、集集钱包和支付宝消费金；关键词集中于月月赚、支付宝和消费金；品牌涉及携程、考拉海购和锦江酒店；使用场景聚焦在线支付、转账红包和日常消费任务（如签到、做任务），体现对现金收益和便捷消费的强兴趣。

不喜欢：用户不喜欢招聘求职类内容（如青团社招聘）和健康管理服务（如辽宁健康通行码），这些未点击商品的特征与点击行为相反，缺乏直接现金奖励和消费关联，偏好避免兼职、核酸检测等非红利导向活动。",1,complete
1675821,"喜欢：用户偏好金融服务品类，如花呗、消费券和贷款分期额度等关键词，品牌包括支付宝和蚂蚁财富，使用场景涉及在线支付、转账和红包等移动金融活动。

不喜欢：用户不喜欢电子产品品类，如iphone14、apple watch和格力空调等，与点击行为相反的特征表现为对家电和数码设备的低兴趣。",1,complete
499759,"喜欢：偏好品类包括抽奖活动、现金红包、任务赚钱、设备租赁和回收服务；关键词如月月赚、集宝星球、心愿金、花呗和支付宝消费金；品牌涉及支付宝、中信银行、中国移动、华为和apple；使用场景为在线金融交易、赚钱任务参与、3C数码租赁及旧物回收。

不喜欢：基于未点击商品，不喜欢生活缴费（如水费、电费）、旅游预订（如机票、民宿）、体育内容（如NBA）和招聘兼职服务（如青团社），这些特征与点击的抽奖、任务和租赁行为相反。",1,complete
972513,"喜欢：用户偏好积分兑换、消费券和红包相关品类（如金融优惠），关键词包括花呗、香溢家和年终狂欢，品牌如香溢家，使用场景涉及小程序、水电缴费和公交地铁红包支付。
不喜欢：用户不喜欢花呗账单或周报类内容（如财务报告），表明对花呗相关账单详情不感兴趣。",1,complete
1842870,"喜欢：用户偏好食品品类如曲奇、茶、酱料和兰花豆，家居用品如粘蝇纸和粘鼠板，以及求职服务如养老保险查询；关键词包括免押租赁、单反相机和消费券；品牌涉及丹麦皇冠曲奇和华麟；使用场景集中于小吃店、超市购物、理财服务和公益种树活动。

不喜欢：基于未点击商品，用户不喜欢家居清洁品类如卫生纸和垃圾袋，以及金融管理工具如花呗账单和花呗周报。",1,complete
625529,"喜欢：该用户偏好赚钱服务品类（如月月赚任务和红包转账），关键词包括现金、红包、任务和转账，品牌涉及月月赚（从点击商品实体词），使用场景为在线任务完成和红包领取活动（基于点击商品标题和实体词）。

不喜欢：该用户不喜欢求职招聘品类（如工作招聘和求职服务），关键词包括招聘、工作和求职，品牌如青团社（从未点击商品实体词），使用场景为找工作活动（基于未点击商品标题和实体词）。",1,complete
1266128,"### 用户兴趣偏好总结（场景1）
喜欢：用户偏好金融和现金奖励相关品类，如红包、现金红包、支付宝服务；关键词包括现金、支付宝、消费金；品牌如支付宝、芝麻信用；使用场景为到店付款攒现金、理财和在线支付奖励。

不喜欢：用户不喜欢非金融消费类产品，如女装、男装、内衣、美妆、美食；避免这些品类和关键词，如签到任务、天天领红包、美食相关场景。",1,complete
477914,"喜欢：用户偏好金融借贷和信用卡申请品类，关键词包括贷款、分期、信用额度（如搜索""芝麻分贷款""、""分期贷款""），品牌如360借条、交通银行和中信银行（点击商品涉及这些品牌），使用场景为支付宝平台的借贷需求、信用卡办理及还款管理（服务使用如""芭芭农场""、""蚂蚁庄园""支持金融任务）。

不喜欢：基于未点击商品，用户不喜欢平安银行、浦发银行等品牌的信用卡产品（如未点击""平安银行信用卡中心""、""浦发银行信用卡""），以及度小满有钱花等借贷平台（未点击""度小满有钱花""），反映出对特定竞争品牌和复杂金融产品（如白金卡）的回避。",1,complete
902154,"喜欢：用户偏好通信服务品类，关键词包括流量服务、话费充值、王卡和阿里宝卡，品牌以中国联通为主（如腾讯大王卡），使用场景为日常手机通信和上网流量需求，具体体现在频繁点击联通流量卡、话费充值及信用卡申请（如中信银行）商品。

不喜欢：用户不喜欢中国移动和中国电信的通信产品（如流量卡），以及浦发银行和建设银行的信用卡服务，基于未点击商品中这些品牌与点击行为相反的特征（如未点击移动电话卡或浦发信用卡）。",1,complete
1048012,"喜欢：该用户偏好3C数码产品租赁（如智能手机、平板电脑、游戏机），尤其关注免押金、信用分期服务，品牌倾向苹果、华为、小米、vivo，关键词包括租机、回收旧衣物、分期月付，使用场景集中于电子产品租赁和环保回收服务。

不喜欢：用户不喜欢宠物托运、充电宝租赁、信用报告查询及家电回收等非核心租赁服务，这些未点击商品的特征与点击行为中的3C租赁和旧衣回收相反。",1,complete
600977,"### 用户兴趣偏好总结（场景1）
喜欢：用户偏好与现金奖励、红包、鸡蛋领取相关的活动，偏好品类包括鸡蛋（如鲜鸡蛋、真鸡蛋）、红包、在线任务和酒店预订；关键词如""领鸡蛋""、""兑换现金""、""饲料""、""签到赚钱""；品牌如支付宝、阿里妈妈、携程、锦江酒店；使用场景为游戏化互动（如蚂蚁庄园养小鸡、芭芭农场种果树）和消费金领取任务。  
不喜欢：用户不喜欢特定高端或特殊鸡蛋产品（如虾青素鸡蛋、可生食鸡蛋、笨鸡蛋），与点击行为中普通鸡蛋奖励相反的特征。",1,complete
1613284,"喜欢：用户偏好流量服务（如流量钱包）、电子产品（迷你洗衣机、苹果耳机）、积分机制和抽奖活动；关键词集中于流量相关（流量服务、流量钱包）和苹果品牌；使用场景涉及移动数据管理、家庭清洁和奖励获取。

不喜欢：用户不喜欢境外流量充值、手机充值、通信号码服务，以及移动运营商特定充值（如中国电信、中国移动），与点击的国内流量服务形成鲜明对比。",1,complete
671048,"喜欢：用户偏好酒店预订（如汉庭酒店、桔子酒店）、外卖服务（饿了么）、共享充电（街电）和政务服务（苏服办），关键词包括红包、会员权益、社保缴费查询，使用场景涉及旅行住宿、餐饮外卖、充电便利和日常政务办理。
不喜欢：基于未点击铁路12306，用户不喜欢铁路旅行、长途交通服务，如硬卧和特定地点（如南通市、呼和浩特市）相关服务。",1,complete
114127,"喜欢：用户偏好金融理财品类，关键词包括现金、红包、转账、任务和月月赚，品牌涉及支付宝和花呗，使用场景为在线任务赚钱和日常省钱，具体体现在点击商品如""月月赚""及其实体词（现金红包、转账红包、棉柔巾、湿巾），结合搜索关键词（现金、红包、理财）和服务使用（现金、任务）。  
不喜欢：用户不喜欢装饰装修和美妆护肤品类，避免口令红包、天天提现和开宝箱等任务类型，基于未点击商品实体词（装饰装修、美妆护肤、口令红包、天天提现）与点击行为相反的特征。",1,complete
1356080,"喜欢：用户偏好金融借贷品类，如信用卡申请和借款额度服务，关键词包括银行、借条、额度评估和支付分，品牌如交通银行和360借条，使用场景为在线金融服务、支付工具（如支付宝）和积分赚取活动。

不喜欢：用户不喜欢与汽车燃料（如柴油、车用汽油）或货币兑换（如人民币、欧元）相关的金融产品，以及特定贷款计算服务，基于未点击商品中与点击行为相反的实体特征。",1,complete
732324,"### 用户兴趣偏好总结（场景1）
喜欢：用户偏好餐饮外卖品类（如饿了么、沙县小吃、必胜客），关键词包括铁路、外卖、出行，品牌如饿了么、康尔馨，使用场景涉及交通服务（铁路12306、动车接送）和日常订餐（餐饮订单、鲜活水产品券包）。

不喜欢：基于未点击饿了么超市及相关实体，用户不喜欢超市购物场景（如世纪联华超市、半日达配送）、零食品类（如麻辣龙虾、皮蛋），以及饮料酒水中的特定类型（如阳光青提）。",1,complete
56246,"喜欢：用户偏好茶饮品类（如奶茶和汉堡），关键词包括优惠（领券购买、抽奖）和外卖配送，品牌如蜜雪冰城、一点点和汉堡王，使用场景为移动点餐（小程序）和外卖服务，基于点击商品标题（蜜雪冰城|1点点+|汉堡王小程序）和实体词（奶茶茶饮、茉莉绿茶、安格斯牛堡、外卖配送服务）推断。  
不喜欢：用户不喜欢退款相关、通信号码和水果茶品类，品牌如益禾堂，使用场景如手机点餐，基于未点击商品标题（益禾堂手机点餐）和实体词（退款、水果茶、通信号码、中奖记录）中与点击行为相反的特征推断（如偏好奶茶而非水果茶，偏好优惠而非退款）。",1,complete
1271233,"喜欢：偏好品类为外卖食品、甜品饮品和零食（如干米线、无骨炸鸡、遵义羊肉粉），关键词包括外卖、红包、优惠券和地址相关（如收件地址），品牌涉及饿了么和必胜客，使用场景集中于在线点餐、外卖配送及使用红包优惠的餐饮服务。

不喜欢：基于未点击商品，不喜欢品类如超市购物、药品、美妆护理和母婴产品（如买药、面霜、母婴），关键词涉及美妆、买药和到店付款，使用场景包括药品购买、美容护理及到店消费服务。",1,complete
1600485,"喜欢：用户偏好赚钱任务和红包奖励活动，品类集中于金融奖励和日常任务（如月月赚、多多有礼），关键词包括红包、任务、兑换现金、鱼塘，品牌涉及华为（如华为matepad、华为p50e）等3C数码产品，使用场景聚焦于日常赚钱任务完成、现金红包领取和农场游戏互动（如芭芭农场、蚂蚁庄园）。

不喜欢：基于未点击商品，用户不喜欢运动类活动（如步数换钱、走路）、高端产品租赁（如手机租机）、阅读内容（如小说、保健养生）和兼职服务（如招聘求职），这些特征与点击行为中的赚钱任务和红包活动相反。",1,complete
220457,"### 用户兴趣偏好总结（场景1）
喜欢：用户偏好金融奖励类活动，如现金红包、赚奖金和签到任务（关键词：赚钱、红包、签到），关注品牌如大润发、茅台酒和adidas/阿迪达斯，使用场景集中于在线任务赚钱和日常购物，同时涉及日常用品品类如湿巾、棉柔巾及名酒茅台。

不喜欢：用户不喜欢涉及特定无关实体如口罩、鱼塘或形式如提现、电话费券的赚钱活动，基于未点击商品中与点击行为相反的实体特征。",1,complete
897456,"喜欢：用户偏好金融服务品类（如信用卡申请、赚钱任务和红包领取），关键词包括赚一赚、签到、提现和现金红包，品牌集中于中信银行、支付宝和中国联通，使用场景涉及日常赚钱任务（如签到领奖）、金融管理（如支付宝小荷包攒钱）和在线支付（如充值话费）。

不喜欢：用户不喜欢还款相关操作（如信用卡还款和自动还款）、借贷产品（如360借条借钱）和征信查询，避免高风险金融品类（如等额本息借款）、非核心银行品牌（如浦发银行和招商银行的信用卡申请），以及非任务型商品（如商品拍摄和车载挂件）。",1,complete
1247845,"喜欢：用户偏好金融理财品类（如现金红包、支付宝、赚钱红包），关键词包括省钱赚钱、移动支付，品牌如支付宝、饿了么，使用场景为日常消费和交通出行（如掌上公交、外卖点餐），并关注生活必需品如棉柔巾和湿巾。

不喜欢：用户不喜欢任务密集型的红包活动（如月月赚、天天提现开宝箱），以及非核心品类如装饰装修和美妆个护，这些特征与点击行为中直接的金融工具和生活用品相反。",1,complete
1394798,"喜欢：用户偏好水果品类（如梨子、苹果、芒果），关键词红包、优惠券和地铁，品牌如蚂蚁财富、芭芭农场和Metro大都会，使用场景包括出行（公共交通、地铁优惠）和金融理财（黄金票、现金红包）。  
不喜欢：用户不喜欢黄金投资品类（如购买金条、黄金估价），关键词黄金价格、回收和投教，品牌如久久金管家、速回收和答答星球，使用场景涉及投资咨询（黄金价格查询）和回收服务（设备回收）。",1,complete
1253991,"喜欢：偏好品类包括金融理财（如红包、现金转账）和日用品（如湿巾、棉柔巾），关键词如现金、月月赚、任务，品牌如考拉海购、携程，使用场景涉及在线赚钱任务、消费金管理和日常支付，基于点击商品实体词如红包、现金红包、月月赚、湿巾、棉柔巾、考拉海购、携程等。  
不喜欢：基于未点击商品实体词如染发膏、招聘求职、信用卡申请、运动袜、咖啡杯，用户不喜欢美发护理产品、招聘求职服务、信用卡办理、健身用品和咖啡器具，这些特征与点击行为中的金融和日用品偏好相反。",1,complete
1186055,"喜欢：偏好金融借贷品类（如借款、信用卡和手机回收），关键词包括借款、贷款、现金、回收和电话卡；品牌如中国联通、交通银行和360借条；使用场景涉及金融管理、通信服务和兼职赚钱（基于点击商品如中国联通营业厅电话卡、交通银行信用卡办卡和趣收吧手机回收，以及搜索关键词如现金、回收手机和兼职）。

不喜欢：避免复杂金融计算工具品类（如贷款计算器、社保计算器和货币兑换），关键词如信用额度测评、货币汇率和油价；品牌如中信银行和北银消费金融；使用场景包括金融计算、货币兑换和汽车相关主题（基于未点击商品如度小满有钱花和中信银行信用卡申请办理，其实体词如贷款计算、货币汇率换算和今日油价，与点击行为相反）。",1,complete
251959,"喜欢：该用户偏好国内交通出行服务（如公交、地铁、打车和乘车码）、通讯流量充值（包括境外流量服务）、发票管理工具（如发票管家和在线开票）；关键词集中于出行、乘车码、流量服务和发票；品牌偏好中国移动、滴滴出行、支付宝、华为和荣耀；使用场景为日常通勤、在线充值和生活服务（如停车和洗车）。

不喜欢：基于未点击行为，用户不喜欢出境相关服务，如签证、免税购物、跨境汇款和境外上网，反映出对国际旅行或跨境消费的回避。",1,complete
34721,"喜欢：用户偏好基金投资品类，关键词包括基金、投资、红包和财富号，品牌如华泰保兴（基于点击行为），使用场景为理财服务和红包获取（从交易行为、服务使用和搜索关键词中高频出现基金、短债、理财、红包等实体）。

不喜欢：用户不喜欢邀请推荐新人好友和盘后估值等特征（基于未点击商品实体词与点击行为相反，点击涉及基金关注和红包，但未点击项强调社交推荐和估值服务）。",1,complete
1564265,"喜欢：用户偏好理财和任务类活动，包括赚取现金红包、参与签到任务、租赁服务（如租机）；关键词如现金、红包、任务、签到；品牌如中国移动、阿里妈妈、携程；使用场景为日常省钱、在线赚零花钱和游戏互动。
不喜欢：用户不喜欢金融借贷相关的内容，包括贷款、还款、利息计算；关键词如贷款期数、年化利率；品牌如马上金融、交通银行；使用场景为信用还款和信用卡申请。",1,complete
308604,"喜欢：用户偏好金融理财品类（如红包任务和月月赚），关键词包括红包、任务、转账、房产（新房、租房），品牌如花小猪打车、天猫好房和喵屋汇，使用场景为在线赚钱任务、房产搜索及打车服务。
不喜欢：用户不喜欢签到类任务、提现操作、点餐服务以及日用品（如洗衣液），基于未点击商品中与点击行为相反的签到、提现、点餐和洗衣液等特征。",1,complete
7180,"喜欢：用户偏好红包相关商品，包括现金红包、祝福语红包和红包封面等品类，关键词如现金、红包和财富（从搜索关键词体现），品牌关联支付宝（通过交易和服务使用实体），使用场景涉及社交分享、游戏互动（如养小鸡、蚂蚁庄园）和公益慈善（如爱心包裹）。

不喜欢：用户不喜欢赚钱红包相关商品，如支付宝的赚钱红包功能（基于未点击商品实体）。",1,complete
1487831,"喜欢：该用户偏好旅行品类（如酒店、机票、火车票、门票）和医疗品类（如挂号、医院服务），关键词包括旅程、挂号预约、旅行，品牌如维也纳酒店集团，使用场景涉及旅行预订（如携程平台）和医疗预约（如余杭一院小程序）。

不喜欢：该用户不喜欢金融服务品类，如花呗等信贷产品。",1,complete
75419,"喜欢：用户偏好在线现金奖励和红包领取服务，品类聚焦金融奖励与任务赚钱，关键词包括""现金""、""红包""、""赚现金""，品牌涉及支付宝、中信银行、交通银行，使用场景为移动端APP日常任务、签到和即时小额奖励获取。  
不喜欢：基于未点击商品特征，用户不感兴趣长期储蓄（如余额宝、储蓄卡）、投资产品、信用卡申请服务，以及特定运营商（如中国联通）的话费充值和流量卡办理。",1,complete
416077,"喜欢：用户偏好金融理财和任务奖励类内容，包括现金红包、赚零花钱、签到提现等关键词；偏好品类为在线任务平台（如月月赚、收钱有奖）和现金获取活动；品牌涉及支付宝生态（蚂蚁财富、黄金票）；使用场景聚焦省钱赚现金的日常理财管理，如做任务领红包、转账红包操作。

不喜欢：用户不喜欢运动健身服务（如步数追踪、篮球培训）、贷款产品（如360借条借款）、信用卡申请（如交通银行办卡），以及纯公益捐赠（如消费捐、蚂蚁森林），这些特征与点击行为中赚现金任务相反。",1,complete
80044,"喜欢：用户偏好金融赚钱服务品类，特别是月月赚相关活动，涉及关键词红包、现金红包、转账红包和任务；品牌偏好支付宝（基于服务使用实体）；使用场景为在线完成任务获取即时现金奖励。

不喜欢：用户不喜欢抽奖类活动（如玛丽安娜奖池）、话费充值服务、以及涉及优惠券或余额明细的赚钱方式，基于未点击商品中与点击行为相反的抽奖和间接奖励特征。",1,complete
1867616,"喜欢：该用户偏好金融优惠品类（如红包、保险和贷款计算），关键词包括签到、领现金和话费充值，品牌涉及饿了么、淘宝和小鹏汽车，使用场景聚焦移动支付、日常任务领取和优惠活动（如通过支付宝进行充值或集分宝兑换）。

不喜欢：该用户不喜欢二手回收和家居清洁品类（如切肉机、垃圾带），关键词如抽奖和直播，使用场景涉及二手交易（如手机租赁）和娱乐抽奖活动（如每日权益或积分抽奖）。",1,complete
453961,"喜欢：用户偏好个人护理品类（如棉柔巾、湿巾）和金融红包（现金红包），关键词包括红包、消费券，品牌涉及支付宝生态（如蚂蚁财富、余额宝），使用场景在日常消费支付（如超市购物）和金融管理（如红包领取）。  
不喜欢：用户不喜欢任务型赚现金商品（如签到、做任务、提现），偏好品类不匹配（如染发膏），关键词如兑换现金、任务奖励，使用场景在繁琐操作（如签到领奖）和无关服务（如话费充值）。",1,complete
1004730,"喜欢：用户偏好金融理财品类，特别是红包、任务和转账红包相关关键词，涉及支付宝品牌（如余额宝、花呗），使用场景包括在线完成任务赚取红包、转账和理财管理（如月月赚服务）。
不喜欢：用户不喜欢招聘和兼职工作品类，关键词如兼职、招聘和工作，品牌如青团社，使用场景为求职和岗位申请（如青团社招聘服务）。",1,complete
1890208,"喜欢：用户偏好优惠券、话费充值、赚钱任务等品类（如居家日用和特色美食），关键词包括现金、红包、理财和省钱，品牌涉及支付宝相关服务（如集分宝和天天好券），使用场景为日常消费省钱和在线任务赚取现金（如通过做任务提现或充值话费获取优惠）。  
不喜欢：用户不喜欢涉及投诉、订单问题或单纯充值话费的商品（如未点击商品中的订单号和投诉特征），这与点击行为中强调赚钱和互动优惠的特征相反。",1,complete
1435827,"喜欢：用户偏好快餐食品和饮品品类（如咖啡、汉堡），关键词包括消费券、优惠和交通服务，品牌如瑞幸咖啡和麦当劳，使用场景涉及日常餐饮消费（如点餐优惠）和移动交通出行（如共享单车）。

不喜欢：用户不喜欢麦当劳官方会员店服务及相关产品（如麦乐鸡、麦辣鸡翅），反映出对会员制或特定快餐单品缺乏兴趣。",1,complete
1656521,"喜欢：该用户偏好金融服务品类（如信用卡申请和话费充值）、通信服务品类（如电话卡和流量卡办理），以及赚钱应用品类（如每日打卡和赚零钱），关键词包括信用卡、流量卡、打卡、现金、赚零钱，品牌涉及中信银行、浦发银行、中国联通、电信、阿里宝卡，使用场景为在线申请、充值管理及日常赚钱活动（如签到领奖励）。

不喜欢：该用户不喜欢特定银行信用卡服务（如招商银行和平安银行的信用卡申请）、无关品类（如教育信息“记忆大师”、服装“女装”和汽车服务“小鹏汽车”），关键词如招商、平安、记忆大师、女装、汽车，使用场景涉及房贷计算和汽车相关应用（如洗车券或房贷在线计算），基于未点击商品中与点击行为相反的特征。",1,complete
356894,"喜欢：该用户偏好金融任务和红包奖励类内容，偏好品类包括在线赚钱服务（如月月赚）和红包活动，关键词涉及月月赚、红包、任务和转账红包，品牌偏好支付宝（从交易和服务使用中多次出现），使用场景集中于在线任务赚钱、红包领取和金融管理（如转账和自动缴费）。

不喜欢：该用户不喜欢求职招聘和兼职就业类内容，基于未点击商品的特征，包括招聘信息、公司品牌和求职就业相关实体（如青团社、兼职和公司信息）。",1,complete
379556,"喜欢：用户偏好与挑战打卡、提现奖励相关的活动（如早起打卡挑战赛），在品类上涉及食品饮料（如冰淇淋、咖啡、汽水）、家居餐具（如酒杯、碗碟）；关键词包括打卡、提现、红包；品牌如支付宝（服务使用）、星巴克（搜索关键词）；使用场景主要为在线互动、日常消费和奖励获取。

不喜欢：用户不喜欢个人护理用品（如湿厕纸、婴儿纸）和购物补贴类产品；关键词包括水乳、纸巾；使用场景涉及婴儿护理或日常卫生，与点击行为中的挑战活动形成鲜明对比。",1,complete
1736825,"喜欢：该用户偏好理财和攒钱品类，关键词如现金、红包、支付宝和小荷包，品牌偏好支付宝及其小荷包功能，使用场景涉及通过支付宝小程序参与攒钱计划、任务活动（如校园任务和拍摄）获取红包奖励。
不喜欢：该用户不喜欢兼职众包、快递服务和养老金管理品类，基于未点击商品特征如寄快递、个人养老金开户和工商银行服务。",1,complete
5546,"喜欢：用户偏好任务赚钱相关的金融产品，特别是中信银行的信用卡申请（品牌），涉及打卡、现金红包、做任务等关键词（关键词），使用场景为参与日常打卡活动以获取奖励（使用场景），偏好品类包括信用卡和现金奖励服务（偏好品类）。

不喜欢：用户不喜欢其他银行的信用卡申请（如招商银行、平安银行、浦发银行）（品牌），以及非任务驱动的金融产品或手机卡服务（偏好品类），关键词如还款、贷款或非打卡元素（关键词），使用场景为常规银行办卡或非奖励性活动（使用场景）。",1,complete
571063,"喜欢：用户偏好打车服务（如高德打车）和移动通信服务（如中国移动话费充值），关键词包括优惠券、折扣券、会员特权（如钻石会员、黄金vip）和话费余额查询，品牌涉及高德和中国移动，使用场景为日常出行叫车和手机话费管理，基于点击商品实体词如打车、充值话费、查话费等。

不喜欢：用户不喜欢首汽约车品牌，以及涉及发票金额、开票金额等与点击行为相反的特征，表明对非偏好打车品牌和正式商务导向服务（如紧急联系人相关）不感兴趣，基于未点击商品实体词如乘车、发票金额等。",1,complete
381625,"喜欢：用户偏好金融投资品类（如黄金票、现金红包）和房产品类（如二手房、回龙观），关键词包括财运红包、房源、房产估值，品牌涉及蚂蚁财富、天猫好房、支付宝，使用场景为在线理财、购房准备和租房搜索。  
不喜欢：用户不喜欢借贷服务（如借钱、分期付款），关键词包括借钱额度、手机分期、美妆、包袋，使用场景为消费信贷和奢侈品分期。",1,complete
375539,"喜欢：该用户偏好金融任务类品类（如签到、红包领取和现金明细），关键词包括理财、保险、红包和任务，品牌涉及饿了么、苹果和雪顶蛋糕奶茶，使用场景集中于日常签到任务、在线支付和食品消费（如奶茶购买）。

不喜欢：基于未点击商品特征，用户不喜欢时尚品牌品类（如adidas）、特定电子产品（如华为和小米）以及工具类（如计米器和切肉片机），关键词无显著偏好，品牌如欧莱雅和oppo，使用场景涉及工具操作和时尚消费。",1,complete
810355,"喜欢：该用户偏好品类包括数码产品租赁（如手机、电脑租赁）和旧物回收服务（如旧衣服回收），关键词集中于现金红包、黄金票、神券、任务和租赁，品牌涉及支付宝、中国移动、adidas/阿迪达斯和伊利，使用场景为在线赚钱、参与游戏任务（如集宝星球）和租赁服务。

不喜欢：基于未点击商品特征，用户不喜欢美妆护肤、装饰装修、男装、母婴等消费品类，以及提现相关服务（如天天提现）。",1,complete
1093991,"喜欢：该用户偏好金融任务服务品类，关键词包括月月赚、任务、红包和转账红包，品牌偏好支付宝（从交易行为和服务使用中多次出现），使用场景涉及日常金融管理、赚取奖励和转账支付（基于点击商品""月月赚""及其实体词，以及服务使用实体如""月月赚""、""红包""、""转账""和交易行为实体如""支付宝""、""余额宝""）。

不喜欢：该用户不喜欢健康保险和医疗证明相关的内容，如诊断证明、病情证明和健康福（基于未点击商品""相互宝 (原)""及其实体词，与点击行为中金融任务服务特征相反）。",1,complete
1903131,"喜欢：用户偏好水果品类（如苹果、橘子、芒果）、现金红包关键词（现金、红包、集分宝）、支付宝品牌，使用场景集中于游戏玩乐（如芭芭农场、蚂蚁庄园）和理财服务（保险、车贷计算），涉及互动任务（签到、集分宝）和日常消费（电子产品如苹果手机、红酒）。

不喜欢：用户不喜欢回收服务（如二手数码）、纯任务型应用（如天天运动、做任务提现）和特定食品（如冰糖金桔干），这些特征与点击行为中的互动游戏和实用理财相反。",1,complete
1162923,"喜欢：该用户偏好个人护理品类如棉柔巾和湿巾，以及现金奖励服务；关键词包括""红包""、""现金红包""和""赚一点""；无特定品牌偏好；使用场景为日常省钱和便捷消费，体现对简单直接福利的青睐。  
不喜欢：该用户不喜欢任务型赚钱服务、话费充值等品类；关键词如""任务""、""现金领取""和""话费充值""；品牌如支付宝相关服务；使用场景为复杂金融操作或抽奖任务，反映对间接或繁琐机制的排斥。",1,complete
256203,"喜欢：用户偏好旅游票务品类，包括酒店、机票、火车票、汽车票和门票（如旅游景区、温泉、漂流）；关键词涉及度假活动如滑雪、泡汤、过山车；品牌如飞猪；使用场景为在线旅行预订和度假休闲，基于点击行为中的实体词如花呗支付、景点门票和酒店预订。

不喜欢：用户对金融产品如信用卡申请和银行服务不感兴趣，基于未点击行为中的实体词如平安银行、白金卡和信用卡额度，与点击的旅游票务特征相反。",1,complete
1232498,"喜欢：该用户偏好现金奖励活动（如月月赚和任务），关键词包括现金、红包、转账红包、咖啡券；品牌如瑞幸咖啡、滴滴出行、支付宝；使用场景涉及在线赚钱、移动支付、咖啡消费（如瑞幸咖啡）和出行服务（如滴滴出行）；品类包括生活用品（湿巾、棉柔巾）和日常消费（外卖、咖啡）。  
不喜欢：基于未点击商品，用户不喜欢签到类现金红包（如天天签到）、口令红包、集分宝、公交红包；在生活用品中偏好湿巾/棉柔巾而非卫生纸；也不喜欢领券活动和泳装相关商品。",1,complete
398845,"喜欢：用户偏好通信服务品类（如电话卡、流量卡）和金融服务品类（信用卡申请），关键词包括中国联通、大王卡、信用卡申请、流量服务，品牌偏好中国联通、中信银行和腾讯，使用场景为在线办理电话卡、充值话费、申请信用卡及参与打卡任务赚现金（基于点击商品标题和实体词中高频出现的中国联通、中信银行、大王卡等特征）。

不喜欢：用户不喜欢其他银行的金融服务品类（如信用卡申请），关键词如交通银行、浦发银行、招商银行，品牌避免交通银行、浦发银行和招商银行，使用场景中避免申请这些银行的信用卡（基于未点击商品标题和实体词中交通银行、浦发银行等与点击行为相反的特征）。",1,complete
354205,"喜欢：用户偏好支付宝生态服务（如理财、余额宝、公益种树和芭芭农场）、生鲜食品品类（水果、牛奶、绿色蔬菜）、运动相关活动（乒乓、乒乓球、健身），以及抽奖类互动（如天天抽奖），品牌涉及支付宝、饿了么、华为和索尼，使用场景包括在线支付（手机扫码、条码支付）、超市购物（永辉、物美）和健康生活管理。

不喜欢：基于未点击商品（如扭蛋工厂和扭个蛋），用户不喜欢扭蛋式游戏促销、退款相关事务，以及家电产品（如格力空调），与点击行为中偏好抽奖和电子产品（iphone14）形成对比。",1,complete
1859625,"喜欢：用户偏好游戏中心相关的休闲游戏品类（如植物大战僵尸、贪吃蛇大作战、泡泡龙王国），关键词包括红包、任务、转账红包和月月赚，品牌涉及支付宝（隐含于服务使用），使用场景为在线娱乐和赚取现金奖励（如通过做任务获取红包）。

不喜欢：用户不喜欢特定主题游戏品类（如武侠、哈利波特或斗地主类）和美容产品（如染发膏），关键词包括签到、赚积分、游戏充值和抽奖，品牌如oppo（未点击实体词），使用场景为积分系统或充值活动（如话费充值、拍摄相关）。",1,complete
683272,"喜欢：用户偏好咖啡饮品（如瑞幸咖啡和海盐芝士厚乳拿铁）和金融理财产品（如黄金票和现金红包），关键词包括现金、红包和黄金票，品牌如瑞幸咖啡和蚂蚁财富，使用场景涉及在线消费（如外卖点餐）和理财服务（如余额宝和基金投资）。

不喜欢：用户对借贷、信用额度及借款相关产品（如借条和借钱额度）不感兴趣，避免涉及信用风险和等额本金等特征。",1,complete
294232,"喜欢：用户偏好金融奖励和任务平台品类，关键词包括月月赚、任务、红包、转账红包，品牌涉及支付宝（基于搜索关键词），使用场景在游戏化服务如蚂蚁庄园和芭芭农场（基于服务使用实体）。

不喜欢：用户不喜欢保险相关产品，特征包括保险、理赔、投保等（基于未点击商品实体词如相互宝、蚂蚁保）。",1,complete
386357,"喜欢：用户偏好食品品类（如零食、饮料和方便食品，包括花甲粉丝、麻辣烤脖、红茶、方便米粉丝等），关键词如现金、红包和消费券（从搜索关键词如现金、红包、消费券体现），品牌如亿家馨、海天和nestle（从点击商品实体词和交易行为实体提取），使用场景涉及在线充值、生活缴费和日常消费（基于点击商品实体词如余额充值、电子储值，以及服务使用实体如电力缴费、生活缴费）。

不喜欢：用户不喜欢现金积累相关活动，如攒现金、红包领取等（基于未点击商品实体词如攒现金、领现金红包、开宝箱，与点击行为中偏好消费而非积累的特征相反）。",1,complete
1560249,"喜欢：用户偏好金融理财类内容，包括现金红包、签到任务和保险服务（如集分宝、消费金、终身寿险），关键词如现金、红包、签到、任务；品牌涉及支付宝、中国移动、麦当劳；使用场景聚焦在线任务（如天天集宝）、日常消费（如快餐、话费充值）和金融服务（如银行账户、车贷计算）。

不喜欢：用户不喜欢的内容包括租赁服务（如机蜜租机、租物）、美妆护肤、装饰装修和幼儿早教启蒙（如撕撕书、幼儿早教），这些特征与点击行为中的金融任务类相反，基于未点击商品中的租赁、家居和教育主题。",1,complete
645950,"喜欢：用户偏好金融投资品类如红包和黄金票，以及快餐品牌麦当劳；关键词包括黄金票、现金红包、财运红包和麦乐送；品牌如蚂蚁财富、支付宝和麦当劳；使用场景在在线理财（如余额宝和蚂蚁庄园）和快餐消费（如麦乐送服务）。

不喜欢：用户不喜欢花呗账单管理、基金猜涨跌游戏和借款服务，以及肯德基快餐；关键词如花呗、猜涨跌和借条；品牌如中信保诚基金、360借条和肯德基；使用场景在账单管理（如花呗周报）和投资游戏（如指数晴雨表）。",1,complete
511109,"喜欢：用户偏好金融理财和现金奖励任务类服务，偏好品类包括红包、任务完成和理财管理，关键词如红包、任务、月月赚、现金和支付宝，品牌如支付宝和蚂蚁财富，使用场景为在线完成任务获取现金红包、签到领奖和理财增值。

不喜欢：用户不喜欢求职服务、证件处理和借款平台类内容，偏好品类包括求职招聘、证件照和借款服务，关键词如证件照、求职、招聘和借条，品牌如360借条，使用场景涉及求职就业、证件申请和借款操作。",1,complete
1642548,"喜欢：偏好打卡签到类应用（如吃饭签到、全民打卡）、赚钱红包任务（如现金领取、金币兑换）和步数兑换现金（如多多走路、步数换钱）等品类；关键词包括打卡、签到、赚钱、红包、现金、金币、任务、步数；品牌如迈卡罗、阿里妈妈、全民打卡；使用场景为日常健康运动（走路、健身）、金融提现（支付宝、提现）和签到福利领取（如吃饭打卡、福利中心）。

不喜欢：基于未点击商品，偏好餐饮优惠（如老娘舅点餐、酸菜鱼套餐）、数码产品（如数码手机电脑、流量卡）和零售服务（如大润发、家乐福）等品类；关键词如食物相关（玉米饼、甜点）、通信服务（流量卡、手机靓号）；品牌如中国联通；使用场景为餐饮消费（地锅鱼、四川火锅）和数码购物（免流卡申请）。",1,complete
25438,"喜欢：用户偏好娱乐品类如电影票（淘票票）和金融服务如信用卡还款、理财直播，关键词包括喜剧片、科幻片、芝麻信用分，品牌如招商银行、平安银行，使用场景涉及观影娱乐和金融管理。

不喜欢：用户不喜欢设备租赁品类，特别是手机租赁服务，如三宜租机，与点击的娱乐和金融服务特征相反。",1,complete
780832,"### 用户兴趣偏好总结（场景1）
喜欢：用户偏好品类包括阅读娱乐（如读书听书）、电影票务（如淘票票）、移动通信服务（如话费充值）、餐饮消费（如海底捞火锅）和电商服务（如菜鸟）；关键词集中于""读书""、""电影""、""红包""和""话费""；品牌倾向中国移动、优酷和华为；使用场景主要为在线娱乐、日常消费和便捷服务（如红包领取和快递查询）。

不喜欢：用户不喜欢任务驱动型赚钱活动（如签到、做任务）、特定红包形式（如口令红包或摇红包）以及物流寄件服务（如菜鸟裹裹寄件），基于未点击行为中与点击相反的特征（如避免任务型活动而偏好直接现金红包）。",1,complete
1125728,"喜欢：偏好金融支付品类（如红包、现金红包）、卫生用品（如棉柔巾、湿巾）、交通服务（如易捷加油）；关键词包括现金、消费券、车险；品牌如支付宝、花呗；使用场景涉及在线支付、优惠活动、日常生活消费和政务服务。
不喜欢：不喜欢游戏化任务如签到、兑换记录和虚拟物品如鱼干，与点击行为中实际消费和支付偏好相反。",1,complete
199374,"喜欢：用户偏好娱乐品类（如电影、音乐现场），关键词包括电影、红包和电话费，品牌如淘票票，使用场景为在线消费和优惠获取（如会员服务、现金红包）。
不喜欢：用户不喜欢出行品类（如打车、代驾），关键词包括机票和洗车，品牌如滴滴出行，使用场景为交通服务和高级会员（如黑金会员）。",1,complete
109743,"喜欢：用户偏好回收服务（如旧衣服、手机、家电回收）、租赁服务（手机、电脑免押租赁）、金融服务（信用卡申请、贷款额度评估）以及生活服务（证件照拍摄、宠物托运、流量卡办理）；关键词包括回收、租赁、免押、证件照、信用卡、借钱、流量卡；品牌涉及苹果、华为、浦发银行、中国移动；使用场景为环保回收、数码产品租赁、金融申请、证件办理及同城配送需求。

不喜欢：用户不喜欢金融计算工具（如个税或房贷计算）、商标注册服务、营业执照查询及货币兑换；关键词如消费金融、360借条、个税、商标、货币；品牌如北银消费金融、中信银行；使用场景为金融管理、商业注册及国际货币兑换，这些特征在未点击商品中突出且与点击行为相反。",1,complete
237382,"喜欢：用户偏好金融理财品类，关键词包括现金、红包、提现和月月赚，品牌涉及支付宝和余额宝，使用场景为日常赚取现金、参与理财任务和红包领取活动。

不喜欢：用户不喜欢的内容包括家居装饰、美妆个护和求职招聘等品类，基于未点击商品中与点击行为相反的特征，如装饰装修、美妆个护和求职就业。",1,complete
510145,"喜欢：用户偏好金融产品品类，如信用卡申请（中信银行、交通银行）和借贷服务（360借条），关键词包括现金红包、借款、优惠券和额度评估，品牌涉及中信银行、交通银行和支付宝，使用场景集中于信用额度获取、优惠红包领取和金融交易。

不喜欢：用户不喜欢储蓄投资品类（如余额宝、基金）、日常任务应用（如签到打卡、赚零钱）和健康回收服务（如体检、旧衣服回收），这些基于未点击商品中与点击金融借贷行为相反的特征，包括关键词如储蓄卡、金币、任务进度和健康挂号。",1,complete
2008583,"喜欢：用户偏好出行服务品类，特别是打车、骑行、火车租车和代驾；关键词包括滴滴出行、专车、拼车；品牌为滴滴出行；使用场景涉及日常交通需求，如通勤和城市移动。

不喜欢：用户不喜欢芝麻GO相关的服务，基于未点击商品""滴滴出行x芝麻GO""中""用车""特征与点击行为中直接的出行服务（如打车、代驾）相反。",1,complete
28971,"喜欢：偏好品类包括外卖餐饮、打车出行、房产租赁、电影票务和汽车加油；关键词涉及电影、打车、外卖、加油；品牌偏好饿了么、花小猪打车、天猫好房、淘票票、易捷加油；使用场景聚焦在线生活服务、移动支付便利和日常消费。

不喜欢：不喜欢顺风车服务（如嘀嗒），以及线下足疗、出行保险和特定商场服务，与点击的即时在线服务特征相反。",1,complete
1562908,"喜欢：偏好红包活动、任务赚钱、数码产品（如apple手机和电脑）；关键词包括红包、月月赚、租赁和充电停车；品牌如apple和新电途；使用场景涉及在线支付、理财管理、租赁服务和游戏互动（如转账红包、新人礼包和充电停车）。

不喜欢：招聘求职相关的服务，如找工作、公司招聘和兼职信息。",1,complete
1510116,"### 用户兴趣偏好总结（场景1）
喜欢：用户偏好通信服务品类（如流量卡、电话卡）和金融借贷品类（如信用卡申请），关键词集中于流量服务、话费充值、信用卡和免流卡，品牌偏好中国联通（王卡、宝卡系列）和中信银行（信用卡），使用场景涉及移动通信（在线办卡、流量充值）和在线金融（分期申请、额度测算）。  
不喜欢：用户不喜欢其他银行的信用卡服务（如平安银行、招商银行、交通银行）以及非联通的借贷产品（如北银消费金融），基于未点击行为与点击行为相反的特征，表现为对非中信银行信用卡和特定联通产品（如免费申请类）的回避。  

（字数：198）",1,complete
1040644,"喜欢：用户偏好生鲜食品品类（如水果、水产品、肉禽蛋和乳品烘焙），关键词包括""淘鲜达""和""盒马""，品牌如""盒马""和""农夫山泉""，使用场景聚焦即时配送服务和家庭日常消费，同时涉及公益农业活动（如""芭芭农场""和""种果树""）。

不喜欢：用户不喜欢加工食品（如方便面和香肠）以及调味品（如黑胡椒粉和麻酱油麦菜），这些特征与点击行为中的生鲜偏好形成鲜明对比。",1,complete
261417,"喜欢：偏好公共服务（如社保、公积金、健康金）和健康管理品类，关键词包括医保卡、养老金、电子社保卡，品牌涉及支付宝、荣耀，使用场景在缴费（如电费、电话费）、健康保障和公益参与（如芭芭农场、医疗报销）。  
不喜欢：偏好金融投资（如基金、股票）品类，关键词如猜涨跌，品牌如大成基金、中信保诚，使用场景在股票交易和投资游戏（如赚金币、现金红包）。",1,complete
727641,"喜欢：用户偏好金融小工具和任务赚钱类产品，品类包括存钱罐、红包领取和签到赚钱应用；关键词集中于现金、红包、任务、签到和提现；品牌涉及支付宝相关服务（如花呗、余额宝）；使用场景为日常省钱、赚零花钱和手机端小额金融管理，体现对现金获取和话费充值的兴趣。

不喜欢：用户不喜欢储蓄卡、余额宝等传统金融产品或口令红包形式，基于未点击商品中与点击行为相反的储蓄导向特征。",1,complete
731168,"喜欢：该用户偏好现金红包领取、3C数码产品租赁（如手机租赁）和任务型营销活动；关键词包括现金、红包、租赁、任务；品牌涉及阿里妈妈、中国移动、云享租机；使用场景为在线赚取现金、参与集宝星球等互动游戏，并关注鸡蛋兑换和租赁服务。
不喜欢：该用户不喜欢基于步数或运动的赚现金活动，如走路签到、步数兑换等特征。",1,complete
1334888,"喜欢：该用户偏好健康护理品类（如慢病管理、饮食知识和高血压护理），关键词包括租机、家庭资产和运动健康；品牌涉及荣耀、OPPO等科技设备；使用场景涵盖日常健康维护、家庭服务管理和设备租赁服务，基于点击行为中的健康实体（如护理知识、营养师）和租机相关词（如租机租赁）。

不喜欢：该用户不喜欢中医医疗服务，包括医院挂号、科室咨询和中医药专家服务，基于未点击商品中的中医实体（如消化科、肝病科）与点击健康行为相反。",1,complete
863251,"喜欢：用户偏好金融任务类内容，包括现金红包、金币赚取和提现活动（偏好品类如签到任务和兑换红包）；关键词如现金、红包、金币、提现和签到；品牌涉及交通银行和小米；使用场景为在线日常签到赚现金任务（如通过多多有礼或天天签到应用）。

不喜欢：用户不喜欢电影票购买（如封神第一部）和厨房清洁用品（如干发帽），这些特征与点击的现金任务活动相反（未点击商品涉及电影和日常清洁，而非核心赚现金主题）。",1,complete
1702160,"喜欢：用户偏好品类包括日用品（如棉柔巾、湿巾）和食品（如冷冻饺子），关键词如红包、现金和集分宝，品牌涉及天猫淘宝和思念，使用场景聚焦赚取奖励和省钱购物（如""赚一点""特卖活动）。  
不喜欢：用户不喜欢任务型活动（如兑换现金、口令红包）和进度追踪机制（如任务进度、金币兑换），基于未点击商品中与点击行为相反的复杂兑换特征。",1,complete
1129497,"喜欢：用户偏好金融服务类应用，特别是月月赚相关的赚钱任务和现金红包，关键词包括红包、任务、转账红包，品牌如月月赚（服务名），使用场景为通过日常任务赚取现金奖励，用于理财或额外收入。

不喜欢：用户不喜欢每日签到领奖励的服务（如天天赚小钱）、话费红包、提现操作，以及未点击商品中的纸巾品牌蓝漂等日用品，反映出对繁琐签到任务和特定支付方式的排斥。",1,complete
1357477,"喜欢：用户偏好回收服务品类，特别是旧衣服回收，关键词包括回收、旧衣、上门和环保，品牌如铛铛一下和好意世界，使用场景涉及环保回收、上门取件和换现金或礼品（如现金红包、旧衣换钱）。

不喜欢：基于未点击商品，用户不喜欢手机回收服务（如闪回收、估吗），不喜欢特定回收品牌（如清拉基、旧衣狮），以及不喜欢电子产品回收或相关实体（如摄像头、华为）。",1,complete
2874,"喜欢：用户偏好政务服务类内容，包括证件办理（如居住证、无犯罪记录证明）、消费管理（如消费明细、欠款查询）和公共平台（如赣服通、国家政务服务平台），关键词涉及健康码、生育登记和高考成绩查询，品牌倾向国家政务相关服务，使用场景聚焦日常生活证件申领、消费记录查看和在线政务查询。

不喜欢：用户不喜欢出行租赁服务，包括车辆租赁（如租车、共享汽车）和促销活动（如优惠券、代金券），关键词涉及神州租车、车辆行驶证和免押金租赁，品牌回避GoFun出行等出行平台，使用场景避免租车出行、设备租赁促销和车辆相关服务。",1,complete
1008268,"喜欢：用户偏好金融投资品类（如基金、黄金票和现金红包），关键词包括理财、公益和红包；品牌涉及支付宝、蚂蚁财富；使用场景涵盖日常支付（如手机扫码、交通充值）、理财管理（如基金投资、余额宝）和公益参与（如蚂蚁庄园捐步、种树）。

不喜欢：用户不喜欢借贷相关产品（如借条和借款），基于未点击行为中与点击金融投资相反的债务特征（如还款、等额本息）。",1,complete
1869491,"喜欢：用户偏好外卖服务（如饿了么）、交通支付（如深圳通乘车码）和健康相关服务（如买药），关键词包括红包、团购券和乘车账单，品牌涉及饿了么和深圳通，使用场景为在线点餐、城市出行和健康管理。

不喜欢：用户不感兴趣于超市购物、生鲜食品（如蓝莓、果蔬肉蛋）和家居清洁，关键词如苹果梨蕉、土豆和辣酱，使用场景为日常杂货采购和家居用品消费。",1,complete
233051,"喜欢：用户偏好优惠活动相关品类，如优惠券、赚现金和心愿金；关键词包括签到、做任务和兑红包；品牌如adidas/阿迪达斯、华为和中国移动；使用场景涉及在线购物（如淘宝店铺）、任务完成（如做任务）和快递服务（如中通快递）。

不喜欢：用户对特定服务如滴滴出行和美团外卖不感兴趣，基于未点击商品中这些特征与点击行为（如偏好中国移动和饿了么）相反。",1,complete
1564732,"喜欢：用户偏好支付宝和饿了么平台的在线金融优惠服务，特别是红包、福利券和消费金相关品类，关键词包括红包、签到、外卖和消费券，品牌倾向支付宝和饿了么，使用场景为省钱、赚取小钱和日常消费（如外卖点餐）。

不喜欢：用户不喜欢涉及繁琐任务、实物商品或不直接提供红包的服务，如存钱罐、赚现金任务、话费充值或钻石奖励，基于未点击商品中与点击红包主题相反的特征（如电动剃须刀、香水或任务型现金领取）。",1,complete
1973282,"喜欢：该用户偏好金融理财品类（如现金红包、话费充值和任务奖励），关键词包括现金、话费、签到和任务，品牌涉及支付宝相关服务（如集分宝、余额宝），使用场景为通过日常任务（如签到、充值）赚取小额现金和话费奖励，体现对数字金融活动的兴趣。

不喜欢：基于未点击商品，用户不喜欢娱乐服务（如音乐、视频直播）和实物商品（如快递、小米音箱），这些特征与点击行为中的金融理财核心兴趣相反。",1,complete
1421220,"喜欢：用户偏好品类包括金融红包和个人护理用品（如棉柔巾、湿巾），关键词为红包、现金红包、棉柔巾、湿巾，品牌未明确但关联支付宝相关服务（基于交易和服务数据中的支付宝、花呗），使用场景为日常支付奖励和清洁需求（如红包用于支付返利，棉柔巾/湿巾用于卫生清洁）。

不喜欢：用户不喜欢任务型或签到驱动的赚现金方式，特征包括做任务、签到、赚零花钱等（基于未点击商品实体词如任务、签到、赚现金，与点击行为中直接红包获取相反）。",1,complete
1486966,"喜欢：用户偏好金融服务品类（如信用卡和手机卡申请），关键词包括任务、现金、签到、流量服务，品牌如中国联通和中信银行，使用场景涉及在线任务完成（如打卡赚零钱）和金融产品申请（如话费充值）。
不喜欢：用户不喜欢娱乐相关元素（如影音娱乐和游戏）以及社交红包功能（如红包封面和祝福语），这些特征在未点击商品中与点击行为相反。",1,complete
668509,"喜欢：该用户偏好旅游出行（如酒店、携程、航班管家）、电商购物（如考拉海购、网络购物）和日常消费优惠（如红包、优惠券、满减券包），关键词包括红包、消费券、餐饮品牌（如麦当劳、星巴克），品牌偏好携程、考拉海购、锦江酒店等，使用场景涉及数字任务平台（如蚂蚁庄园签到、金币赚取）、外卖点餐和短途出行（如单车骑行）。

不喜欢：用户不喜欢金融借贷产品（如信用卡办理、贷款申请）和高端消费（如iphone14、黄金饰品），基于未点击行为，避免相关实体如信用卡、借钱额度、黄金票。",1,complete
591909,"喜欢：用户偏好金融品类（特别是信用卡申请），关键词包括信用卡和中信银行，品牌偏好中信银行，使用场景涉及信用管理和消费支付。

不喜欢：用户不喜欢兼职服务、就业平台和流量卡产品，基于未点击行为中与点击相反的特征，如求职就业、兼职导购和手机流量充值。",1,complete
1534374,"喜欢：该用户偏好金融理财品类（如黄金票、消费金和财运红包），关键词包括红包、交通和酒店，品牌涉及支付宝、中国移动和哈啰，使用场景涵盖日常支付（如充值话费、公交乘车）、出行服务（如酒店预订、航班管家）以及娱乐互动（如蚂蚁庄园游戏）。
不喜欢：用户不喜欢纯黄金价格查询和珠宝首饰品类，如实时金价信息和钻石项链等商品特征。",1,complete
1853730,"喜欢：用户偏好任务型服务和智能出行品类，关键词包括任务、拍摄、红包和校园任务，品牌如哈啰（电动车）和友活，使用场景涉及校园兼职任务和日常智能出行（如电动车租赁），基于点击行为中对""友活来了|哈啰电动车""及相关实体词（任务、拍摄、校园任务）的积极互动。

不喜欢：用户不喜欢金融银行和快递服务品类，关键词如电子银行、密码和个人养老金，品牌如工商银行，使用场景涉及复杂金融操作或快递办理，基于未点击商品""有活来了地推拉新兼职众包""及实体词（电子银行、美团、寄快递、个人养老金）的消极行为。",1,complete
495938,"喜欢：该用户偏好金融投资品类，特别是黄金票和现金红包产品，关键词包括黄金票、财运红包和现金红包，品牌如蚂蚁财富，使用场景涉及在线理财、投资服务和红包领取，基于点击商品实体词和标题（如蚂蚁财富黄金票、黄金|现金红包）以及服务使用（如余额宝、花呗）和搜索关键词（如博时黄金、黄金票）。

不喜欢：该用户不喜欢黄金价格查询、回收服务和实物金条相关的内容，基于未点击商品的特征（如金价、黄金回收、金条、白银）与点击行为相反，表现为对实时金价监控、回收业务和实物贵金属购买缺乏兴趣。",1,complete
1358935,"喜欢：该用户偏好金融任务应用和互动游戏类服务，关键词包括任务、红包、签到、提现、赚现金，品牌如7-eleven和中国移动，使用场景涉及在线赚钱任务（如做任务领红包）、手机充值（如话费补贴）和便利店消费（如7-eleven会员）。

不喜欢：用户不喜欢工具类应用和招聘服务，关键词如积分兑换、水电缴费、招聘，品牌如中国联通（基于未点击商品对比），使用场景包括办公工具（如图片处理）和求职活动（如青团社招聘）。",1,complete
1487135,"喜欢：用户偏好理财品类（如月月赚和黄金票），关键词包括红包、任务和转账红包，品牌涉及蚂蚁财富、支付宝和饿了么，使用场景为在线理财任务奖励和日常红包消费。  
不喜欢：用户不喜欢借贷品类（如360借条）和求职平台（如青团社），关键词如借款、找工作和还款，品牌如360借条，使用场景为借贷申请和求职就业服务。",1,complete
57679,"喜欢：用户偏好健康医疗品类，包括体检、疫苗接种、健康评估和医院问诊；关键词涉及健康检查、流感疫苗和父母体检；品牌偏好阿里健康；使用场景为预防保健和健康管理，如周末挂号、家庭健康服务。

不喜欢：用户不喜欢口腔治疗相关的内容，如拔牙、补牙和儿童口腔服务，基于未点击商品的特征与点击行为相反。",1,complete
154609,"喜欢：用户偏好出行相关服务（如乘车码、打车、公交）和支付任务（如月月赚、转账红包、红包活动），在品类上倾向食品消费（如美食、面包、香肠）和日常支付（如支付宝、花呗）；关键词包括出行、红包、任务、转账；品牌涉及支付宝生态（如芭芭农场、蚂蚁庄园）；使用场景为日常通勤、支付管理和娱乐任务（如农场种树、养小鸡）。

不喜欢：用户对扭蛋游戏（如扭蛋工厂、扭个蛋）和高端电子产品（如苹果14、iPhone14、Apple Watch）不感兴趣，与点击行为相反的特征包括娱乐扭蛋和优惠券相关产品（如格力空调优惠券）。",1,complete
1638302,"喜欢：用户偏好车辆租赁品类，关键词包括租车、送车上门、还车、信用免押、优惠券、机场接送，品牌如神州租车、携程租车、滴滴租车、悟空租车、枫叶租车以及宝马、奔驰等高端车型，使用场景涉及机场接送（如首都机场、浦东机场）、城市商务出行（如中国香港、武汉市）和旅游自驾。
不喜欢：用户不喜欢哈啰租车、凹凸租车、一嗨租车等品牌，以及未点击商品中的特征如人脸认证、新车租赁和特定服务如中通快递或红包活动。",1,complete
512442,"喜欢：用户偏好金融理财相关品类，包括现金赚取、红包任务、话费流量充值；关键词如现金、红包、任务、提现；品牌如支付宝、中国移动、中信银行；使用场景为在线赚取零花钱、充值服务和移动支付管理。

不喜欢：用户不喜欢非金融核心任务的应用，如证件照服务、休闲零食或运动赚取；关键词如照片、运动、零食；品牌如vivo；使用场景为琐碎任务（如签到、做任务）和非现金相关活动（如证件处理或休闲消费）。",1,complete
1376034,"喜欢：该用户偏好理财品类，特别是红包和现金红包相关服务；关键词包括红包、任务、转账红包和基金定投；品牌如银华；使用场景为在线理财平台的游戏化投资任务，如支付宝的月月赚活动。
不喜欢：该用户不喜欢日常消费服务如话费充值、签到任务，以及求职就业平台等非理财内容，基于未点击商品中与点击行为相反的特征，如话费券、签到和求职信息。",1,complete
420525,"喜欢：用户偏好现金奖励和抽奖活动相关的品类，关键词包括现金、红包、抽奖和支付，品牌涉及荣耀、vivo、apple和华为（如点击的荣耀手机和平板租赁），使用场景主要为支付服务（如到店付款）和电子设备租赁（如平板电脑）。

不喜欢：用户不喜欢流量服务、游戏设备、美妆产品和旅游服务相关的品类，关键词如NBA、每日抽奖和旅游（基于未点击的流量包、游戏掌机等），品牌如中国移动（未点击标题），使用场景为流量充值、游戏娱乐和旅游预订（如未点击的流量包和景点门票）。",1,complete
157421,"喜欢：用户偏好公共服务品类如社保医保（基于点击商品""电子社保卡""及服务使用实体""社会保障、医保""），关键词包括社会保障、医保卡、电子社保卡（源自搜索关键词序列），品牌倾向支付宝相关服务（如服务使用实体""支付宝运动、余额宝""），使用场景为公共服务查询和日常支付（如交易行为实体""乘车码、条码支付""）。

不喜欢：用户不喜欢金融投资品类如基金指数（基于未点击商品""天天猜涨跌-中信保诚基金""及实体词""基金、投资""），关键词如指数、投资（从未点击实体词），品牌如中信保诚（从未点击实体词），使用场景为投资理财活动（与点击的公共服务场景相反）。",1,complete
1081711,"喜欢：该用户偏好餐饮外卖品类，如烤肉拌饭、火锅食材和美食外卖；关键词包括饿了么、红包和搜索地址；品牌涉及饿了么、速8酒店和康尔馨；使用场景主要为外卖点餐、餐饮消费和酒店相关服务，基于点击行为中的实体词如美食外卖、烤肉拌饭和饿了么。

不喜欢：该用户不喜欢超市和药品相关品类，如粮油调味、甜品面包和水果；关键词包括搜索地址（在未点击中与超市关联）、粮油调味和甜品面包；品牌如可口可乐（隐含于实体词）；使用场景为超市购物和药品购买，基于未点击商品标题如饿了么超市|饿了么买药及实体词如粮油调味、香菇水饺。",1,complete
1214278,"喜欢：该用户偏好理财和任务型赚钱服务，具体包括品类如月月赚和黄金票，关键词如红包、转账红包和现金红包，品牌如蚂蚁财富（支付宝生态），使用场景为在线完成任务赚取现金奖励和理财投资。

不喜欢：用户不喜欢花呗账单管理、求职就业服务以及基金投资，这些特征基于未点击商品（如花呗周报和蓝领找工作）与点击行为相反。",1,complete
603058,"喜欢：用户偏好电子产品品类（如平板电脑、手机），关键词包括""租赁""和""抽奖""，品牌涉及华为、苹果、三星，使用场景聚焦日常科技应用（如设备租赁）和健身（如跑步鞋），具体表现为点击""天天抽奖-心愿金""及相关实体如华为matepad、ipad 9、人人租和跑步鞋。

不喜欢：用户不喜欢政务健康服务（如健康码、疫苗预约）和旅游相关服务（如民宿、景点门票），以及泛泛的签到活动（如每日打卡、红包领取），基于未点击商品如""国家政务服务平台""、""木鸟民宿""和""天天签到-打卡福利""的实体特征（如往来港澳通行证、民宿、签到）。",1,complete
1657577,"喜欢：用户偏好品类为金融理财（如现金红包、月月赚任务）和日常清洁用品（如湿巾、棉柔巾）；关键词包括红包、任务、转账红包；品牌涉及支付宝（从服务使用和交易行为推断）和网易严选（交易行为中出现）；使用场景集中于在线赚钱任务（如参与月月赚活动）和家庭支付清洁（如生活缴费和日常用品购买）。

不喜欢：用户不喜欢基于未点击商品的特征，如养殖、香水香薰和健身兼职等实体商品与服务（例如鱼干、车载香水或健身馆兼职），这些与喜欢的数字化理财方式（如红包任务）相反，反映出对非核心金融或物理产品的低兴趣。",1,complete
524064,"喜欢：用户偏好金融奖励和个人护理品类，如红包、现金红包、湿巾和棉柔巾，关键词包括红包、现金和抽奖（基于搜索关键词和点击商品实体），品牌涉及书呆（来自点击商品标题），使用场景为在线参与抽奖活动、领取优惠券和赚取现金福利（从点击商品标题和实体推断）。

不喜欢：用户不喜欢话费充值服务和车载产品，如话费券和车载香水（从未点击商品实体中提取），这些特征与点击行为中的现金奖励和个人护理相反。",1,complete
512151,"### 用户兴趣偏好总结（场景1）
喜欢：用户偏好省钱优惠类内容，如薅羊毛赚话费，偏好品类包括在线购物（淘宝）和话费充值；关键词涉及红包、消费节和蚂蚁能量；品牌倾向支付宝相关服务（如花呗）；使用场景为在线支付（条码支付、转账收款）和公益参与（公益捐步、种果树）。

不喜欢：用户不感兴趣于拍卖二手交易类内容，如微拍堂和闲鱼，偏好品类排除退货换货（换货、退货）和特定商品（手串、运动相机）；关键词隐含拍卖（拍品）；品牌如微拍堂；使用场景涉及退货流程和电子产品消费（如gopro、佳能）。",1,complete
1455367,"喜欢：用户偏好金融任务和红包赚钱品类，关键词包括红包、现金、任务、签到和理财，品牌如花呗、支付宝和美团，使用场景涉及移动支付、在线任务平台和日常小额现金获取（基于点击商品标题如""多多有礼|赚一点""和实体词如""现金红包""、""花呗""、""答答星球""）。

不喜欢：用户不喜欢钱包服务和优惠券品类，关键词如钱包、优惠券和高端电子产品，品牌如vivo和苹果，使用场景为非任务导向的金融服务（基于未点击商品标题""集集钱包|扭蛋工厂""和实体词如""集集钱包""、""优惠券""、""苹果14""，与点击行为中任务赚钱特征相反）。",1,complete
1981903,"喜欢：用户偏好金融理财类服务，如红包、现金奖励（如现金红包、支付宝消费金）和在线任务（如多多有礼、赚金币），个人护理用品如湿巾和棉柔巾，品牌包括支付宝、考拉海购和如家酒店，使用场景涉及在线消费（网络购物）、用户反馈（用户反馈中心）和日常奖励领取（如做任务、领现金红包）。

不喜欢：用户对新鲜食品（如水果、鲜果果）、出行服务（如打车、物流货运）、高端电子产品租赁（如苹果手机租赁）和存钱工具（如集集钱包、小猪存钱罐）不感兴趣，这些特征与点击行为中的金融奖励和个人护理相反。",1,complete
831027,"喜欢：用户偏好交通支付服务品类，关键词包括乘车优惠、红包、账单管理、开票和乘车码，品牌涉及支付宝（从服务使用和交易行为体现）和上海地铁相关服务（如Metro大都会），使用场景为日常通勤、支付管理和省钱优惠活动（基于点击商品实体词如乘车优惠、红包，以及搜索关键词如地铁、乘车码、红包）。

不喜欢：用户不喜欢数字文创和记忆碎片等虚拟文化产品，基于未点击商品实体词（数字文创、记忆碎片）与点击行为（实用交通支付服务）相反的特征。",1,complete
78113,"喜欢：该用户偏好金融理财和红包任务类内容，具体包括偏好品类如现金赚取、支付服务（如易捷加油），关键词如红包、月月赚、提现、支付宝，品牌如支付宝、携程、如家酒店、中石化，使用场景主要为在线赚钱、任务完成和日常支付（如加油、转账）。

不喜欢：用户不喜欢求职招聘类内容（如青团社招聘）和抽奖活动，基于未点击商品中与点击行为相反的特征，包括偏好品类如求职就业、抽奖平台，关键词如招聘、抽奖、iphone14，品牌如青团社，使用场景涉及招聘求职和非核心赚钱应用（如集集钱包）。",1,complete
518043,"喜欢：该用户偏好医疗健康品类（如口腔就诊、拔牙、挂号服务）和食品饮料品类（如奶茶茶饮、芋泥小丸子），关键词包括口腔、浙江大学医学院附属、奶茶、茶饮和挂号费，品牌涉及古茗、娃哈哈和韵达快递，使用场景主要为在线医疗预约（如医院挂号、处方订单）和休闲饮品点单（如奶茶团购券、快递服务）。

不喜欢：该用户不喜欢娱乐玩具品类（如扭蛋工厂、扭个蛋）和消费电子产品品类（如苹果14、iphone14、apple watch），关键词包括扭蛋、优惠券和格力空调，品牌涉及苹果和格力，使用场景主要为娱乐消费和高端电子设备购买。",1,complete
1759455,"喜欢：偏好金融投资品类，如股票、基金和模拟炒股；关键词包括模拟炒股、投资、a股、基金经理和隆基绿能；品牌如招商银行、五粮液、海康威视和宁德时代；使用场景为模拟投资学习、股票交易和资产管理。

不喜欢：借贷服务品类，如借款和贷款计算；关键词如借款、还款、等额本息和社会保障；品牌如360借条和中信保诚；使用场景为贷款申请、利息计算和社会保障查询。",1,complete
809516,"喜欢：该用户偏好运动健身品类（如篮球、足球、网球）、金融理财品类（如现金红包、任务奖励）和生活日用品（如湿巾、棉柔巾），关键词包括现金、红包、任务、月月赚、运动、乐动力，品牌如支付宝、携程、锦江酒店、华住酒店、adidas/阿迪达斯，使用场景涉及在线任务赚钱（如支付宝支付、签到领奖）、运动活动（如篮球馆赛事）和旅行住宿（如酒店预订）。

不喜欢：用户不喜欢贷款服务品类（如电话费充值、借贷）、外卖服务品类（如美团外卖）和泛化红包形式（如口令红包、红包封面），关键词包括贷款、电话费、美团外卖、滴滴出行、优惠券、红包封面，品牌如美团外卖、滴滴出行，使用场景涉及借贷、电话缴费和外卖订购。",1,complete
1580837,"喜欢：用户偏好运动健身品类（如足球、步数）、公益活动（如捐赠、志愿者服务）、金融投资（黄金票、现金红包）和旅游出行（亚运路线、景点），关键词包括亚运会、足球、步数、捐赠，品牌如乐动力、麦当劳、蜜雪冰城，使用场景涉及体育赛事参与、公益捐赠、金融奖励获取及日常餐饮消费。

不喜欢：用户不喜欢借贷分期服务（如借款、手机分期）、直接黄金交易查询（如黄金价格），以及虚拟或教育类产品（如亚运元宇宙、芝麻公约），这些特征与点击的积极运动和公益兴趣相反，基于未点击商品中的借贷、分期和虚拟内容。",1,complete
1990217,"喜欢：用户偏好餐饮外卖品类，如炸鸡、米线、榴莲、羊肉粉等食品及饮品，关键词包括饿了么、顺丰速运、必胜客、团购券，品牌涉及饿了么平台、雀巢咖啡、familymart（全家便利店），使用场景为点外卖、快递服务和搜索优惠券（如红包、团购券）。

不喜欢：用户不喜欢超市购物和买药服务，具体表现为对生鲜食品（如蓝莓、果蔬肉蛋）、家居清洁用品、药品（如海王星辰）及银行服务（如中国银行）缺乏兴趣。",1,complete
871721,"喜欢：用户偏好家居用品品类（如浴裙、风扇防尘罩）、个人护理产品（如内衣、收腹裤）和健康保健用品（如按摩器、足浴包），关键词包括家庭积分、按摩、足浴和珊瑚绒，使用场景集中于家庭环境（如家庭服务、日常穿着）和个人放松（如足浴养生），但品牌偏好未在点击数据中体现。

不喜欢：用户不偏好与点击行为相反的非家庭导向服务，如""支小镇""代表的虚拟或外部服务，这与用户喜欢的实物家居和个人护理产品特征形成对比。",1,complete
1610101,"喜欢：偏好出行服务（如公交、地铁、共享单车）、红包/现金奖励（如支付宝红包、赚钱红包）、支付宝生态服务（花呗、消费金），关键词包括红包、支付宝、出行，品牌如支付宝、哈啰出行，使用场景为日常通勤和在线支付赚取奖励。

不喜欢：基于未点击行为，不喜欢证件照服务、存钱罐应用、信用卡申请、任务密集型赚钱应用（如签到、做任务），以及具体商品如照片拍摄、车载挂件。",1,complete
15510,"喜欢：用户偏好金融服务品类，如现金红包和理财工具，关键词包括现金、红包、理财，品牌涉及支付宝和余额宝，使用场景聚焦到店付款攒现金和日常理财任务（如签到红包和现金领取）。

不喜欢：用户不喜欢储蓄型工具如笔笔攒和非现金相关的红包形式如红包封面，基于未点击商品中与点击行为相反的特征（如储蓄卡和装饰性红包）。",1,complete
1646381,"喜欢：用户偏好支付宝平台上的红包任务（如月月赚、转账红包）和日常清洁用品（如湿巾、棉柔巾），关键词包括神券、月月赚，品牌涉及支付宝服务（如芭芭农场），使用场景为在线任务完成、红包领取及日常支付购物。

不喜欢：用户不喜欢纯金融操作如提现、电话费充值，以及签到红包等特征，这些在未点击商品中与点击行为（偏好任务结合日常用品）相反。",1,complete
677125,"喜欢：用户偏好快餐品类，特别是汉堡王和麦当劳品牌，关键词包括点餐优惠、特惠活动和汉堡相关食品（如王道嫩香鸡块、猪柳麦满分），使用场景为在线小程序点餐和餐饮服务，基于点击行为如""麦当劳|汉堡王小程序""和搜索关键词""汉堡王""、""点餐优惠""。

不喜欢：用户不喜欢外卖服务（如汉堡王外送），以及特定食品如薯饼和可乐，基于未点击商品""汉堡王外送""及其实体词""中可乐""、""薯饼""，与点击行为中偏好在线点餐而非外卖的特征相反。",1,complete
258436,"喜欢：偏好金融服务品类如信用卡申请（尤其中信银行品牌）、流量卡办理（中国联通品牌），关键词包括现金、红包、任务、签到，使用场景涉及金融交易（如话费充值、赚金币任务）和通信服务（如流量服务、手机卡办理），体现对赚钱应用和便捷支付的兴趣。

不喜欢：基于未点击商品特征，不喜欢其他银行信用卡产品（如平安银行、招商银行品牌）和非金融消费类商品（如母婴、运动、箱包品类），关键词如学历、年卡、亲子游费用，使用场景涉及非核心金融的消费或特定服务。",1,complete
361248,"喜欢：用户偏好金融服务品类，特别是中信银行的信用卡申请（如银联金卡和白金卡），关键词包括银行、信用卡、现金红包和消费券，使用场景为在线办卡获取优惠；同时，从交易和服务数据中反映出对日常生活用品（如生菜、燃气灶）和公益服务（如公益捐步、种果树）的兴趣。

不喜欢：基于未点击商品特征，用户不喜欢需要做任务的信用卡申请或普卡类型（如未点击实体词中的""做任务""和""普卡""），这与点击行为中强调的现金红包和便捷办卡形成相反偏好。",1,complete
1697544,"喜欢：用户偏好金融赚钱类活动，包括现金红包、任务签到和提现等品类；关键词如""现金""、""红包""、""签到""和""任务""频繁出现；品牌偏好支付宝、饿了么和拼多多等平台；使用场景集中于移动支付、在线任务和日常签到赚钱。

不喜欢：用户不喜欢生活用品如卫生纸、泳装等品类，以及新人专属红包或特定促销类型如""新人红包""和""领券""，这些特征在未点击商品中与点击行为相反。",1,complete
808193,"喜欢：该用户偏好金融理财品类（如黄金票和现金红包），关键词包括黄金基金、芝麻分和花呗金，品牌倾向蚂蚁财富和支付宝，使用场景涉及在线投资、节能活动（如攒电能）和支付宝红包互动。

不喜欢：用户不喜欢黄金价格监控品类（如金价查询和回收服务），关键词如金价和回收，使用场景为被动黄金投资查询。",1,complete
1612092,"喜欢：用户偏好外卖食品品类（如无骨炸鸡、甜品饮品和干米线），关键词包括饿了么和老乡鸡，品牌以饿了么为主，使用场景涉及在线餐饮订购（如团购券）和日常消费（基于交易行为中的米村拌饭、老娘舅等餐饮实体）。

不喜欢：基于未点击商品特征，用户不喜欢超市相关品类（如粮油调味、鲜活水产品和热带水果），关键词如鲜到家和壹度便利，品牌无特定偏好，使用场景偏向生鲜采购和美容护理（如水乳面霜），与点击行为的外卖服务形成对比。",1,complete
660952,"喜欢：用户偏好金融理财类服务，如红包、月月赚和支付宝小荷包，关键词包括任务、转账红包和现金红包，品牌涉及支付宝，使用场景为在线支付、理财管理和日常任务参与（如攒现金和赚钱红包），同时关注个人护理品类如湿巾和棉柔巾。

不喜欢：用户不感兴趣于招聘求职和健身相关服务，如兼职、招聘和健身馆，关键词包括高薪兼职和健身，使用场景为找工作或健身活动，基于未点击商品如兼职侠和青团社招聘的特征相反于点击行为。",1,complete
1349961,"喜欢：用户偏好交通出行品类如打车、租车和代驾，关键词包括滴滴出行、淘票票和电影，品牌如华为、苹果和滴滴出行，使用场景涉及日常通勤、娱乐消费和在线支付服务。

不喜欢：用户不喜欢汽车生活服务如卖车和车辆估值，以及金融借贷和健康监测设备，这些特征与点击行为中的即时出行需求相反。",1,complete
1863827,"喜欢：用户偏好环保公益类服务，特别是蚂蚁森林能量相关的在线互动游戏（偏好品类），关键词如绿色能量和种树（关键词），品牌涉及支付宝（从芭芭农场、蚂蚁庄园等服务推断），使用场景包括参与公益种树、养小鸡等虚拟环保活动（使用场景）。

不喜欢：用户对投资相关内容和商业化公益不感兴趣，如基金、徽章等实体（基于未点击商品如蚂蚁森林公益林和投资、宝盈基金等相反特征）。",1,complete
231891,"喜欢：用户偏好金融理财品类，如基金投资和现金红包任务；关键词包括理财直播、月月赚、红包；品牌涉及天弘基金、德邦基金、中信建投证券等；使用场景为在线理财投资和通过任务赚取现金红包。

不喜欢：用户不感兴趣求职就业服务（如招聘、兼职）、话费充值相关产品，以及非金融的日用品消费（如电动剃须刀、湿巾），基于未点击商品中与点击金融行为相反的特征。",1,complete
1481750,"喜欢：该用户偏好饮品品类（如奶茶、咖啡）、零食（如奥利奥、代餐面包）、纸巾品牌（维达、心相印），关键词包括签到、打卡、抽奖和饮品券，使用场景涉及日常消费（如门店购买）、出行服务（如哈啰打车）和公益参与（如芭芭农场）。
不喜欢：该用户不喜欢基金、投资类内容，如猜涨跌游戏和指数相关产品。",1,complete
287910,"喜欢：用户偏好电影娱乐和公交出行品类，关键词包括""电影""（如封神第一部、灌篮高手）、""公交""、""乘车码""、""红包""，品牌如支付宝（从搜索关键词），使用场景为移动支付支持的娱乐消费和城市日常出行服务。  
不喜欢：用户不喜欢物理交通卡如NFC交通卡，与点击的数字公交服务（如乘车码、红包）特征相反，避免传统出行支付方式。",1,complete
1340098,"喜欢：用户偏好娱乐充值品类（如会员月卡、q币和直播充值），关键词包括抖币、外卖红包和电影票，品牌如饿了么、优酷、虎牙和陌陌，使用场景涉及在线娱乐消费（如影音会员和直播）及餐饮外卖（如饿了么平台）。

不喜欢：用户不喜欢游戏相关充值（如原神和梦幻西游）、流量服务（如流量卡和手机充值）、公交卡（如乘车卡）及手机靓号选号，这些特征在未点击商品中与点击的娱乐充值行为相反。",1,complete
1452416,"喜欢：用户偏好餐饮品类如咖啡和快餐（如麦当劳、瑞幸咖啡、霸王茶姬），关键词包括""麦当劳""、""瑞幸咖啡""、""万达广场""、""停车""和""优惠券""，品牌涉及麦当劳、瑞幸咖啡、霸王茶姬和星巴克，使用场景集中在购物中心消费（万达广场）、停车优惠、优惠券兑换以及外卖点餐（如芭芭农场相关服务）。

不喜欢：用户不喜欢出行服务品类如打车和骑行（如花小猪打车、曹操出行），基于未点击商品的特征，包括关键词""打车""、""接送机""和""青桔单车""，品牌如高德打车和滴滴出行，使用场景涉及远途出行、会员服务和单车租赁。",1,complete
551956,"喜欢：用户偏好电子产品租赁服务，如苹果iPhone、小米手机和尼康相机等品类，关键词包括免押金租赁、租机和回收手机，品牌涉及苹果、荣耀和小米，使用场景为设备升级或维修需求。

不喜欢：用户对派对游戏和户外露营活动不感兴趣，基于未点击商品如动物派对和户外露营的特征，与点击行为中电子产品租赁形成相反偏好。",1,complete
336794,"喜欢：用户偏好在线金融任务和游戏活动（如签到、抽奖、赚取现金红包），涉及品类包括理财、基金和外卖服务，关键词如现金、红包、任务、理财，品牌如连码有钱、集集星球和饿了么，使用场景为赚取收益、手机充值和日常消费（如外卖点餐）。

不喜欢：用户对涉及手机租赁、实物商品（如切肉机、婴儿纸尿裤）或租赁服务（如租物、租机）的现金红包活动不感兴趣，尽管有红包元素，表明不喜欢偏离核心金融任务的实物或租赁相关服务。",1,complete
239446,"喜欢：用户偏好移动通信服务品类，特别是中国移动品牌的电话卡办理和订单查询服务，关键词包括移动卡办理和订单查询，使用场景涉及营业厅操作（如新卡申请），基于点击商品""中国移动电话卡营业厅""及其实体词""中国移动,移动卡办理,订单查询""，并得到搜索关键词""手机号码卡""和服务使用实体""话费服务""的支持。

不喜欢：用户不喜欢充值服务、流量包、话费账单查询等维护性事务，以及银行代收和卡券相关操作，这些特征与点击行为相反（未点击商品""中国移动10086""的实体词""充值,流量包,话费账单查询,银行,代收,卡券""），表明对被动或辅助性服务缺乏兴趣。",1,complete
568584,"喜欢：用户偏好饮品品类如咖啡和茶饮（如杨枝甘露、水果茶），关键词包括消费券、社会保障、瑞幸咖啡、蜜雪冰城、公交和红包，品牌如瑞幸咖啡和蜜雪冰城，使用场景涉及日常消费（外卖、小蛋糕）、公益参与（蚂蚁森林能量）和社会保障管理（电子社保卡、失业保险）。
不喜欢：用户不喜欢实用生活缴费服务，如燃气费、电费和缴费通知单，基于未点击行为与点击偏好相反的特征。",1,complete
1355505,"喜欢：用户偏好消费金融和旅游品类，关键词包括红包、金币、理财，品牌如支付宝、考拉海购、格林豪泰等酒店品牌，使用场景为在线消费、旅游预订和日常购物（基于点击商品""支付宝消费金""及实体词红包、酒店、航班管家等，结合搜索关键词理财、支付宝、余额宝）。
不喜欢：用户不喜欢体验类内容，如支付宝体验官，与点击的消费奖励特征相反（基于未点击商品""支付宝体验官""及实体词支付宝，对比点击行为中消费金、红包等直接收益特征）。",1,complete
456967,"喜欢：用户偏好现金奖励类服务（偏好品类如任务赚钱和提现），关键词如兼职、理财和红包（从搜索关键词体现），品牌如光大和电信（在点击商品中高频出现），使用场景为日常赚取额外收入和手机充值（基于服务使用实体如赚现金和话费充值）。

不喜欢：用户不喜欢出行或外卖相关的优惠服务（基于未点击商品实体词如公交红包、滴滴出行和美团外卖，与点击的现金奖励特征相反）。",1,complete
636507,"喜欢：用户偏好消防安全和教育类内容，偏好品类包括安全知识、防火设备（如防烟面罩、防火门）；关键词如消防、学习、警示、疏散；品牌方面无明显突出但倾向安全相关（如点击商品关联的消防平台）；使用场景涉及住宅小区、娱乐场所、建筑工地等公共安全领域，基于点击商品标题""全民消防学习平台""及实体词如""火灾警示""、""安全疏散指示图""、""学习积分""。

不喜欢：用户不喜欢现金奖励、红包促销以及服装类商品，如男装、内衣、箱包，基于未点击商品标题""到店付款攒现金省咖领""、""赚钱红包""及实体词""金币|红包""、""现金红包""、""男装""、""内衣""，与点击行为相反的特征（如现金相关 vs. 安全知识）。",1,complete
1867295,"喜欢：偏好品类包括餐饮（如咖啡、快餐）、金融支付（如消费金、红包）、出行服务（如打车、交通卡）和电商购物；关键词涉及消费券、支付宝、转账红包；品牌如瑞幸咖啡、85度C、携程、锦江酒店；使用场景涵盖日常消费、在线交易、出行支付和酒店预订。

不喜欢：基于未点击商品，不喜欢现金红包游戏（如开宝箱、提现活动）和零食（如萨其玛、酸奶山楂球），与点击的金融支付和餐饮偏好相反。",1,complete
1581991,"喜欢：该用户偏好红包、现金奖励和任务完成类内容，具体包括偏好品类如红包、转账红包和月月赚任务；关键词如现金、红包和任务；品牌如蚂蚁财富（黄金票）；使用场景涉及日常任务完成、红包领取和在线支付活动（如到店付红包），体现对金融收益和便捷支付的兴趣。

不喜欢：基于未点击商品，用户不喜欢求职招聘、兼职工作和信用卡相关服务，如青团社招聘和中信银行信用卡，这些特征与点击的现金奖励和任务完成相反，表明对工作搜索和金融信贷缺乏兴趣。",1,complete
50949,"### 用户兴趣偏好总结（场景1）
喜欢：用户偏好金融红包类内容，包括现金红包、赚现金、现金领取等关键词，无明显品牌倾向（如点击商品未涉及特定品牌），使用场景聚焦于在线赚取现金的活动（如每日红包领取），偏好品类为现金奖励服务（基于点击商品实体词如""现金红包""、""赚现金""）。

不喜欢：用户不喜欢泛化的红包活动（如""赚钱红包""或""天天有红包惊喜""），或涉及支付宝品牌的商品（基于未点击实体词），以及混合非金融品类如棉柔巾、湿巾的内容（与点击行为中纯现金主题相反）。",1,complete
358167,"喜欢：用户偏好交通服务（如ETC）和咖啡饮品（特别是瑞幸咖啡），关键词包括ETC、咖啡、优惠券，品牌涉及瑞幸咖啡、支付宝和美团，使用场景集中于出行支付（如ETC服务）和日常饮品消费（如咖啡点单），基于点击的瑞幸咖啡|ETC服务及相关实体词（如客车、优惠券、海盐芝士厚乳拿铁）。

不喜欢：用户不喜欢特定银行相关的ETC服务（如建行车主会）及车主附加服务（如洗车、加油站），基于未点击的建行车主会-ETC办理服务及其实体词（如建设银行卡、特价洗车、客车etc），与点击行为中通用ETC偏好相反。",1,complete
1990269,"喜欢：偏好品类包括食品外卖（如饿了么超市、火锅食材）、公共交通服务（公交充值、乘车）和金融支付（花呗、话费充值）；关键词如公交、充值、外卖、红包；品牌如饿了么、支付宝相关服务；使用场景涉及日常通勤（公交钱包、电子客票）、在线购物（超市便利、水果）和金融管理（充值额度、转账）。

不喜欢：基于未点击商品，不喜欢医疗相关服务（如买药）、出行信息查询工具（如公交线路图、地铁线路）、抽奖类活动（如抽红包）以及生活缴费小程序形式（如物业管理费、积分），与点击行为中偏好直接服务而非信息辅助或医疗的特征相反。",1,complete
793769,"喜欢：偏好便利商店商品、日用品和食品饮料品类，如面巾、纯牛奶、蓝莓牛奶；关键词包括红旗连锁、积分兑换、伞；品牌如蒙牛、伊利；使用场景为日常购物、便利消费和积分兑换活动。

不喜欢：基于未点击行为，对交通服务和停车支付不感兴趣，如地铁乘车码、停车缴费；关键词包括乘车码、停车、地铁；使用场景为公共交通出行和停车管理。",1,complete
1314124,"喜欢：用户偏好健身和运动相关品类，包括健身俱乐部、运动场馆、健身工作室；关键词如跳绳、飞盘、足球、NBA；品牌如小米（小米手环）、优私健身工作室、MyFit健身工作室；使用场景涉及健身任务中心、运动装备购买和场馆订场。

不喜欢：用户不喜欢旅游景区和园区相关活动，与点击的运动健身偏好相反，表现为对泰山冰雪文体中心等旅游实体缺乏兴趣。",1,complete
1055138,"喜欢：该用户偏好运动装备品类（如登山表、运动鞋）、美容产品（如香膏）、食品（如冷冻果肉）和游戏抽奖（如几羊天天抽奖），关键词包括抽奖、红包和租赁，品牌涉及安美拉和几羊，使用场景主要为在线娱乐（如抽奖游戏）和户外活动（如游泳、登山）。  
不喜欢：该用户不喜欢政府服务相关的内容，如公积金查询和房产估值，基于未点击商品市民中心及其实体词（武威、公积金、房产估值、公积金网点查询），与点击行为中的娱乐和运动特征相反。",1,complete
1547401,"喜欢：用户偏好红包、优惠券、积分兑换等品类（如纸巾、口罩、水壶等日常用品），关键词包括支付宝、余额宝、收钱有奖，品牌如支付宝和余额宝，使用场景涉及数字支付（如收款码、任务）、公益捐赠（如捐步、种树）和理财投资（如攒现金、资产管理）。

不喜欢：用户不喜欢收钱有奖的商业版，基于未点击行为与点击偏好相反的特征。",1,complete
1527153,"喜欢：用户偏好金融理财和赚钱任务应用品类，关键词包括现金、红包、任务、签到、理财（从搜索、服务和点击行为高频出现），品牌如支付宝、余额宝、智慧人社（在搜索和点击商品中突出），使用场景为在线理财管理、任务赚钱和红包领取（基于交易、服务和点击实体词）。
不喜欢：用户不喜欢贷款服务、证件处理以及日常消费品如香薰和内衣（基于未点击商品实体词如贷款、证件照、香薰、内衣，与点击的理财任务特征相反）。",1,complete
1071337,"喜欢：用户偏好红包、现金奖励类活动，关键词包括现金、红包、任务、消费，品牌如支付宝、淘宝红包和集分宝相关服务，使用场景为在线消费、支付宝任务和日常小额奖励（如公交红包、外卖红包），偏好品类集中在红包领取、任务完成和消费返现。
不喜欢：用户不喜欢非红包相关的品类，如女装、美食、洗发水、家居用品（如软抽纸、卫生纸），这些在未点击商品中突出，与点击行为中的现金主题相反。",1,complete
1916565,"喜欢：该用户偏好日常消费品（如鸡蛋、水果）、游戏服务（如蚂蚁庄园养小鸡任务）、支付优惠（红包、集分宝），关键词包括支付宝、小鸡、鸡蛋，品牌涉及支付宝、光明、淘宝，使用场景为在线支付、游戏玩乐和日常出行服务。  
不喜欢：用户不喜欢金融投资内容，如基金和投资产品，基于未点击商品的特征。",1,complete
1509576,"喜欢：用户偏好现金红包和提现服务，偏好品类包括日常理财和简单赚取活动（如开宝箱、天天提现），关键词涉及现金、红包、提现、开宝箱，品牌无特定但关联支付宝相关服务（如余额宝），使用场景为赚取小额现金、日常红包领取和便捷提现操作。

不喜欢：用户不喜欢基金投资、任务完成型赚取和装饰装修相关，偏好品类包括基金、任务和装饰装修，关键词如基金、任务、装饰装修、美妆个护，品牌如摩根士丹利，使用场景为复杂理财、非现金赚取活动（如兑换金币）和家居美化。",1,complete
1274787,"喜欢：用户偏好金融任务服务和地方政务服务，如月月赚和赣服通，关键词包括任务、红包、转账、赣服通，品牌涉及支付宝（从服务使用实体推断）和赣服通，使用场景为赚钱任务、红包领取活动、转账服务及地方便民服务（如江西政务服务）。

不喜欢：用户不喜欢招聘求职类服务，如青团社招聘所示，与点击行为相反的特征是工作、岗位、公司企业等求职就业内容。",1,complete
898623,"喜欢：偏好品类包括金融借贷（如信用卡申请、借钱额度）和赚钱任务（如攒零钱、赚现金）；关键词如借钱、信用卡、提现、优惠券；品牌如中信银行、交通银行、360借条；使用场景涉及在线金融管理（如还款计算、额度领取）和日常任务赚钱（如打卡、集步）。

不喜欢：基于未点击商品，避免外汇交易（如货币汇率换算）、社保计算工具（如社保计算器）和特定贷款产品（如伶俐贷），与点击行为中偏好核心金融借贷的特征相反。",1,complete
758842,"喜欢：用户偏好赚钱任务应用（如月月赚、赚一点）、现金红包和转账红包等金融品类，关键词包括现金、红包、任务，品牌涉及支付宝相关服务（如余额宝），使用场景集中在个人财务管理、日常任务互动和红包领取活动，同时关注日常用品如湿巾和棉柔巾。

不喜欢：用户不喜欢招聘求职服务（如青团社招聘）、存钱罐应用或求职就业相关任务，基于未点击商品特征（如签到、做任务、提现、钻石），避免与点击行为相反的招聘类品类、低价值任务应用及求职关键词。",1,complete
1145595,"喜欢：该用户偏好通信服务品类，如中国联通的电话卡、流量卡办理和话费充值，关键词包括中国联通、电话费、流量服务、王卡、阿里宝卡、领卡和充值话费；品牌上倾向中国联通和中信银行；使用场景涉及在线领卡、参与赚钱任务（如签到、做任务领现金红包）及信用卡申请（中信银行金卡/白金卡）。

不喜欢：该用户不喜欢其他银行信用卡申请（如平安银行、建设银行、浦发银行）、支付宝银行卡优惠和小荷包服务，以及基金、公益等非赚钱相关活动，表现为未点击这些商品中与点击行为相反的特征，如其他银行品牌、支付宝特定功能和非通信金融产品。",1,complete
973771,"### 用户兴趣偏好总结（场景1）
喜欢：该用户偏好餐饮品类如茶饮和咖啡（如喜茶、星巴克），关键词包括红包、话费、海关和健康申报，品牌如喜茶、中国移动和支付宝相关服务（如双V会员），使用场景涉及在线支付、话费充值、旅行预订（如船票）和健康管理服务，体现对便捷会员服务、政府事务及餐饮消费的强兴趣。

不喜欢：基于未点击行为，用户不喜欢生鲜购物品类如叮咚买菜（实体词如香醋、果冻），关键词如船票查询、儿童票和地方服务（如湖北省），品牌如携程，使用场景包括一般旅行预订、生鲜配送及儿童相关服务，与点击行为相反的特征是避免生鲜食品、综合票务和地方健康检测。",1,complete
1895986,"喜欢：用户偏好租赁服务（如手机、数码产品租赁）、金融服务（先用后付、借贷）和支付宝商家服务；关键词集中于安全、免押、租赁和支付宝；品牌倾向Apple、华为；使用场景涉及在线租赁、数字支付和商家安全管理。

不喜欢：用户不喜欢特定商家服务（如烟草相关）、游戏娱乐和夜间保护功能；基于未点击商品，与点击行为相反的特征包括需求提报、烟草、安全锁和游戏。",1,complete
1570201,"### 用户兴趣偏好总结（场景1）
喜欢：用户偏好金融理财品类（如黄金票、现金红包、财运红包），关键词集中于""赚一点""、""支付宝""和""租赁""，品牌涉及支付宝、携程和华住酒店，使用场景为在线赚取奖励（如红包活动）和日常消费（如湿巾、棉柔巾等日用品），同时表现出对旅行服务（如酒店预订）的兴趣。

不喜欢：用户不喜欢借贷服务（如借钱额度、360借条）、任务型赚钱产品（如做任务、提现活动）以及价格查询工具（如黄金价格），这些特征与点击行为中积极的赚取奖励和消费场景相反。",1,complete
1642845,"喜欢：用户偏好金融服务品类（如汇率查询、留学缴费、花呗支付）、超市购物（华润万家、大润发、家乐福）、出行服务（滴滴出行打车）、电子产品（苹果iPhone、华为手机）和食品（火锅、盐焗鸡）；关键词包括货币汇率换算、优惠券、公交红包；品牌涉及家乐福、中百、滴滴出行、苹果；使用场景集中于日常消费（超市购物、在线支付）、出行（打车、公交）和金融服务（外币兑换、缴费）。

不喜欢：用户不喜欢特定汇率服务提供者（如兴田德润）或纯外汇查询特征（如实时汇率换算、港币、美元），与点击行为中偏好综合服务（如结合优惠券或出行）相反。",1,complete
751470,"喜欢：用户偏好交通相关品类如乘车和地铁（从点击商品实体词""乘车""、""地铁""），金融产品如红包和现金红包（点击商品实体词""红包""、""现金红包""），以及个人护理用品如棉柔巾和湿巾（点击商品实体词""棉柔巾""、""湿巾""）；关键词包括都惠乘、消费券和理财（从搜索关键词""都惠乘""、""消费券""、""理财""）；品牌涉及蚂蚁财富和支付宝（从服务使用实体""蚂蚁财富""、""支付宝""）；使用场景聚焦日常通勤和小额理财（基于点击商品标题""都惠乘|赚一点""及交易行为如""公共交通卡""）。

不喜欢：用户对纯现金提取活动如提现和开宝箱（从未点击商品实体词""提现""、""开宝箱""），以及任务型游戏如做任务和金币兑换（从未点击商品实体词""任务""、""金币""、""兑换金币""）不感兴趣，这与点击行为中偏好""赚一点""的收益型服务相反。",1,complete
270847,"喜欢：用户偏好科技设备租赁品类（如电脑和VR设备），关键词包括租赁和数码产品（如搜索""租机租赁""），品牌如HTC和acer（从点击商品实体词），使用场景涉及工作或娱乐需求（如交易行为中的""办公室椅垫""和""电脑工作室""）。

不喜欢：用户不喜欢维修服务品类（如电脑维修和家电清洗），关键词如维修（从未点击商品实体词），使用场景为家庭上门服务（如未点击的""啄木鸟家庭维修""）。",1,complete
285662,"喜欢：该用户偏好金融理财品类（如黄金票和现金红包），关键词包括黄金、任务、积分和消防，品牌倾向支付宝和蚂蚁财富，使用场景涉及在线互动任务、积分兑换和消防安全学习。
不喜欢：基于未点击商品，用户不喜欢黄金价格监控和回收服务（如黄金估价和回收），以及商业报告形式（如花呗周报和收钱有奖商业版）。",1,complete
858643,"喜欢：偏好品类为数字红包和现金奖励活动，关键词包括签到、红包、攒钱、月月赚、任务，品牌涉及支付宝和饿了么，使用场景在日常签到、到店付款攒现金和消费奖励。
不喜欢：基于未点击商品，不喜欢投资理财（如指数基金）、兼职就业（如蓝领找工作）、设备租赁（如手机租赁）和回收服务。",1,complete
902283,"喜欢：用户偏好任务型应用（如签到、做任务）和充值服务（如话费充值、提现），涉及品类包括理财工具（如存钱罐）和优惠券；关键词聚焦任务、提现、优惠；品牌倾向中国移动、支付宝；使用场景为日常消费管理（如手机费充值）和赚取奖励（如积分、红包）。

不喜欢：用户不喜欢涉及现金领取、投诉或订单号的服务，基于未点击商品特征（如现金、投诉），反映出对繁琐流程或潜在纠纷的回避。",1,complete
65874,"喜欢：用户偏好金融理财类应用（如月月赚、红包任务），关键词包括""月月赚""、""红包""、""任务""、""转账红包""和""现金红包""，品牌涉及闪修侠、支付宝、锦江酒店、如家酒店、携程、OPPO、一加、三星和小米，使用场景集中于赚钱应用操作、红包领取、任务完成以及旅行预订服务。

不喜欢：用户对健身（如健步行、耳罩）、装修（如装饰装修）、美妆护肤、求职招聘（如青团社招聘、找工作）以及签到金币类内容不感兴趣，这些特征与点击行为中的金融理财偏好相反。",1,complete
1445552,"喜欢：偏好健康医疗和社保服务品类，关键词如医保、电子凭证、医疗健康，品牌涉及支付宝相关服务（如余额宝），使用场景为在线电子办事、健康管理和公益查询。  
不喜欢：基于未点击行为，不喜欢社保缴纳、保险自动缴费等特征。",1,complete
524035,"喜欢：该用户偏好生鲜食品品类（如水果、蔬菜、肉类和蛋类，基于点击商品实体词如红心蛋、耙耙柑、爆汁番茄和交易行为实体如农家鲜、鹌鹑蛋），关键词涉及电商购物、餐饮和移动服务（基于搜索关键词如淘菜菜、麦当劳、流量包和支付宝），品牌包括苹果、华为、康师傅等消费品牌（基于点击商品实体词如苹果 iphone 14 pro、荣耀honor），使用场景主要为日常家庭消费、在线点餐和移动支付（基于服务使用实体如社区电商、外卖点餐和交易行为实体如早饭、淘菜菜超市）。

不喜欢：基于未点击商品实体词如收款系统、收银机，用户不喜欢商业设备品类（与点击的生鲜食品和日用品相反），关键词如收款系统（与点击的消费相关关键词相反），品牌如Alibaba（与点击的消费品牌相反），使用场景为商业运营环境（与点击的个人消费场景相反）。",1,complete
1126622,"喜欢：用户偏好金融银行服务和教育学习平台，关键词包括""消防学习平台""和""网商银行""，品牌如网商银行，使用场景涉及在线金融管理、安全知识学习及支付服务（基于点击商品标题""网商银行|全民消防学习平台""、实体词""中国人民银行,互联网银行""、搜索关键词""消防学习平台""、服务使用""理财,支付宝""和交易行为""余额宝,信用卡""）。
不喜欢：用户不喜欢社交娱乐红包和现金奖励活动，基于未点击商品""红包""的实体词特征如红包封面、现金红包、祝福语等，与点击行为严肃金融/教育内容相反。",1,complete
1514751,"喜欢：用户偏好通过完成""月月赚""等任务型服务获得现金红包、转账红包和红包奖励，涉及关键词如任务、红包、现金红包，使用场景为支付宝平台上的在线赚钱活动，偏好品类包括现金奖励服务和任务完成应用，品牌倾向支付宝相关服务（如红包功能）。

不喜欢：用户不喜欢涉及游戏玩乐（如""玩一玩""）、签到赚钱、流量服务、兼职找工作（如""青团社兼职""）以及具体娱乐活动（如洗浴、跳舞）的赚钱方式，这些特征与点击行为中的直接任务赚钱相反，体现在未点击商品如""玩一玩赚一点""和""兼职侠""中。",1,complete
1813446,"喜欢：用户偏好金融投资品类，如黄金票和现金红包；关键词包括理财、红包、支付宝；品牌涉及蚂蚁财富和支付宝；使用场景为在线红包领取和金融投资活动，体现在点击""蚂蚁财富黄金票""、搜索""黄金票""和""理财年金""、交易行为中的""蚂蚁财富""和""支付宝""使用。

不喜欢：用户不喜欢车服务品类、借贷产品和分期消费，如车生活、借款额度和美妆包袋，基于未点击商品""车生活|360借条借钱额度领取|优品分期""的实体词，与点击的金融红包行为相反。",1,complete
144917,"喜欢：用户偏好出行服务品类，如顺风车、打车和拼车，关键词包括嘀嗒、滴滴、哈啰和低碳出行，品牌涉及嘀嗒出行、哈啰顺风车和滴滴出行，使用场景为日常通勤、拼车和低碳交通。
不喜欢：用户不喜欢车主端服务如顺风车车主和代驾服务，以及非核心出行相关商品如棉絮加工和酒店预订。",1,complete
746448,"喜欢：用户偏好通信服务品类如流量卡和电话卡，关键词包括流量服务、话费充值、领卡、王卡，品牌偏好中国联通和中信银行，使用场景涉及在线申请通信卡、信用卡办理和现金红包领取活动。  
不喜欢：基于未点击行为，用户不喜欢招商银行和平安银行的信用卡申请服务，关键词如信用卡还款，品牌回避招商银行和平安银行，使用场景避免信用卡还款和特定银行金融服务。",1,complete
163893,"喜欢：该用户偏好餐饮外卖品类（如牛肉粉、盖浇饭、脆皮鸡饭）、水果（如金枕榴莲、鲜食玉米）、健康服务（如买药）和电子产品（如平板电脑）；关键词包括饿了么、支付宝、电影和健康；品牌涉及饿了么、支付宝、Apple、华为和小米；使用场景主要为在线点餐、健康管理、数字支付和娱乐消费。

不喜欢：该用户不偏好超市杂货品类（如饮品、零食、辣酱）、个人护理品（如洗面奶、卸妆水）和辣味食品（如麻辣龙虾）；基于未点击行为，与点击的健康服务相反，关键词和品牌如美宜佳相关；使用场景避免超市购物和日常个人护理。",1,complete
1177428,"喜欢：用户偏好金融支付和理财工具品类，关键词包括花呗、红包、理财和省钱卡，品牌如网商银行和支付宝，使用场景为在线支付、财务节省和小额现金赚取（如通过红包和还信用卡服务）。

不喜欢：用户不喜欢黄金投资和任务型赚钱品类，关键词如中国黄金、任务和签到，品牌如中国黄金，使用场景为商品券兑换、任务完成和签到活动（与点击行为中避免任务驱动和黄金相关特征一致）。",1,complete
1664362,"喜欢：用户偏好任务完成和游戏化金融品类，如签到、做任务、养殖游戏（如鱼塘养殖）和红包领取；关键词包括红包、现金、金币和任务进度；品牌倾向支付宝、芭芭农场和集集星球；使用场景集中在在线游戏玩乐（如养小鸡、种果树）和金融管理（如失业补助金申领、领现金红包），体现对互动式奖励机制的偏好。

不喜欢：用户不喜欢租赁和回收服务品类，如设备租赁（租机租赁、修家电）和旧物处理（旧衣服回收）；关键词如租机、回收和流量卡；品牌如迪瓜租机；使用场景涉及非游戏化金融（如集分宝现金领取）和实用服务（如通信卡、回收处理），与点击行为中的互动奖励特征相反。",1,complete
1564340,"喜欢：该用户偏好红包和现金奖励类活动，关键词包括支付宝、滴滴出行、红包、现金等，品牌涉及支付宝和滴滴出行，使用场景为移动支付、打车出行（如租车代驾）和参与线上红包活动（如扫码领红包），偏好品类集中于金融激励和出行服务。

不喜欢：该用户不喜欢顺风车服务、代驾服务以及家政保洁服务，基于未点击商品的特征如滴答出行、滴滴顺风车、滴滴代驾和好慷在家，反映出对非核心出行选项（如拼车、包车）和家庭服务（如保洁）的回避。",1,complete
386196,"喜欢：用户偏好支付宝相关的现金红包、棉柔巾和湿巾等日用品品类，关键词包括红包、现金、支付宝，品牌如支付宝，使用场景涉及省钱、游戏互动（如芭芭农场）和日常消费支付。
不喜欢：用户不喜欢需要任务、签到或提现的赚现金方式，如那些强调持续努力获取奖励的商品（例如任务、签到、提现电话费等特征）。",1,complete
896546,"喜欢：该用户偏好理财服务（如黄金票、月月赚）、个人护理用品（如棉柔巾、湿巾）和维修服务（如门窗维修）；关键词包括红包、现金红包、黄金票；品牌如蚂蚁财富；使用场景涉及金融管理（转账红包、任务）、日常消费（红包领取）和家庭维护（设备安装）。

不喜欢：基于未点击行为，用户不喜欢过度营销的现金领取任务（如天天提现、集分宝）、装饰装修服务、美妆个护产品以及保险相关服务（如投保、女装）。",1,complete
1692617,"喜欢：用户偏好快递物流服务品类，关键词包括寄件券、快递单号和物流，品牌如菜鸟裹裹和晟邦物流，使用场景为个人快递寄送、在线查询和优惠券领取。  
不喜欢：用户不喜欢商家寄件服务，关键词如天猫淘宝和帐单，使用场景为商业单据处理和商家导向操作。",1,complete
1394146,"喜欢：用户偏好餐饮品类（如麦当劳、古茗茶饮和奶茶茶饮），关键词包括信用卡、红包和电影，品牌如麦当劳、招商银行和古茗，使用场景涉及日常消费（如外卖订、餐饮小吃）、金融服务（如信用卡还款、银行服务）和娱乐休闲（如电影城、淘票票电影），基于点击商品如古茗茶饮点单、麦当劳、信用卡还款和证件中心，以及交易和服务数据中的相关实体。

不喜欢：用户不喜欢银行卡优惠活动、扭蛋游戏、消费电子产品和家电，基于未点击商品如支付宝银行卡优惠和扭个蛋，其实体词包括银行卡优惠、扭个蛋、iphone14、apple watch和格力空调，与点击行为中偏好的餐饮和金融服务形成相反特征。",1,complete
1634087,"喜欢：偏好品类包括游戏充值（如QQ币、黄钻会员）、金融服务（信用卡还款、现金红包）和出行服务（滴滴出行打车）；关键词如""赚一点""、""红包""、""任务""、""兑换""；品牌涉及腾讯（QQ、黄钻）、滴滴出行、淘票票、中国建设银行；使用场景为在线娱乐（游戏点券、电影票购买）、金融管理（还款、红包领取）和日常出行（打车、租车）。

不喜欢：偏好品类如二手交易平台（交易猫）、政府健康服务（医保电子凭证、社保）和高端电子产品（苹果手机）；关键词如""推广""、""凭证""、""待遇申领""；品牌如交易猫、阿里健康、医疗保障局；使用场景包括健康管理（电子社保卡）、政府事务（身份证办理）和企业差旅（酒店预订）。",1,complete
1139813,"### 用户兴趣偏好总结（场景1）
喜欢：用户偏好金融投资品类（如基金、黄金、红包），关键词包括黄金、现金红包、投资、基金；品牌倾向国泰、蚂蚁财富、支付宝、兴证全球；使用场景集中在理财直播、财富管理（如黄金票、财运红包）和生活服务（如支付宝加油、加油站），体现对稳健收益和便捷红包获取的需求。

不喜欢：用户不喜欢娱乐性内容（如砸金蛋、读书听书）和借贷服务（如360借条），这些特征（如赚金币、小说、借款）与点击的理财投资行为相反，反映出对非金融娱乐和高风险借贷的回避。",1,complete
889024,"喜欢：用户偏好通信服务品类，特别是中国联通的流量卡服务（如大王卡），关键词包括流量服务、话费充值和在线办理，品牌集中于中国联通，使用场景为手机卡申请和流量充值（基于点击商品和搜索关键词如""流量王卡""、""大王卡""）。

不喜欢：用户不喜欢信用卡申请和银行金融产品，基于未点击商品中与点击行为相反的特征，如交通银行、招商银行、中信银行等信用卡服务（关键词包括金卡、白金卡、办卡进度查询）。",1,complete
641022,"喜欢：该用户偏好金融管理类产品（如保险、车贷计算和现金红包），关键词包括现金、集分宝、签到和任务；品牌倾向招商信诺和小鹏汽车；使用场景涉及在线任务赚取现金（如签到领红包）、手机话费充值等日常金融服务。

不喜欢：用户不喜欢实物商品（如食品巴旦木夹心奶枣和服装波司登）、快递服务（如京东快递）、租赁平台（如粒粒租）以及抽奖活动（如抽奖机会），这些特征与点击行为中金融和任务型偏好相反。",1,complete
1184500,"喜欢：用户偏好与现金红包、赚钱活动相关的品类（如支付宝红包、赚钱红包），关键词包括现金、红包、支付宝，品牌如支付宝（从点击实体词体现），使用场景涉及移动支付（如扫码支付、付款码）和赚取奖励的日常消费（如交易行为中的付款码、余额宝）。
不喜欢：用户不喜欢话费服务、移动运营商相关的品类（如充值话费、查话费），关键词如查话费、话费红包，品牌如中国移动（从未点击商品体现），使用场景为话费管理和移动服务（如未点击实体词中的充值话费、积分查询）。",1,complete
296411,"喜欢：该用户偏好餐饮外卖品类（如点击新白鹿、饿了么、美团点餐），生鲜购物（如叮咚买菜、点击实体词猪肉片、土豆），公共服务（如浙里办、浙江税务社保缴费、点击挂号预约），交通相关（如公交乘车卡、地铁）；关键词包括饿了么、叮咚买菜、浙里办、公交；品牌如新白鹿、必胜客；使用场景在日常点餐、生鲜配送、线上缴费和交通出行。

不喜欢：该用户不喜欢超市购物（未点击饿了么超市）、健康及美妆产品（未点击实体词美妆洗护、皮肤健康、面霜），以及零食（未点击实体词零食、维他柠檬茶），这些特征与点击的餐饮、公共服务行为相反。",1,complete
158783,"喜欢：用户偏好交通服务（如打车、接送机）、金融服务（如消费金融、还款）和科技产品（如apple设备），关键词包括打车、金融、额度、还款，品牌如高德打车、杭银消金、apple，使用场景涉及出行（如叫车、交通管理）和金融管理（如借贷、还款）。  
不喜欢：用户不喜欢赚钱类应用（如赚点、攒零钱）、实时公交服务和服装商品，关键词包括赚钱、提现、红包、实时公交，使用场景涉及赚钱活动（如提现红包）和日常储蓄（如现金红包）。",1,complete
798302,"喜欢：用户偏好信用卡申请品类，关键词包括""办卡""、""申请信用卡""、""白金卡""等，品牌倾向中信银行（尤其女王卡、金卡等产品），使用场景涉及金融申请流程（如报名费、保证金等交易行为关联）。

不喜欢：用户不喜欢其他银行（如招商银行、浦发银行、平安银行）的信用卡申请服务，以及非申请相关金融服务如信用卡还款、借贷额度（如花呗、借钱额度等），基于未点击商品中与点击行为相反的特征。",1,complete
48872,"喜欢：偏好家庭服务和在线消费品类，关键词如家庭积分、消费款、红包和金币，品牌如支付宝、锦江酒店、如家酒店和考拉海购，使用场景包括家庭管理、旅行预订和在线购物，体现对便捷支付、酒店住宿和家庭资产管理的兴趣。

不喜欢：偏好储蓄计划和金融投资品类，关键词如攒现金、攒钱计划和指数晴雨表，品牌如支付宝小荷包和兴业证券，使用场景涉及财务规划、防诈骗和基金投资，反映对被动储蓄、风险投资和安全防护的回避。",1,complete
744572,"喜欢：用户偏好在线赚钱应用（如步步挣、天天星球）和设备租赁服务（如租机租赁），关键词包括现金、任务、支付宝和红包，品牌涉及支付宝和饿了么，使用场景为完成任务获取现金奖励、租赁电子产品（如苹果13）以及通过签到或抽奖活动赚取福利。

不喜欢：用户不喜欢流量服务、电话费充值相关商品（如中国移动话费充值），尽管涉及现金、任务和支付宝等相似特征，但未点击表明对移动通信服务缺乏兴趣。",1,complete
949822,"喜欢：偏好品类包括社会保障、公益慈善和生活服务（如养老保险、捐赠），关键词涉及个人参保、公益和公共服务（如人事考试、人才补贴），品牌主要为支付宝相关（如支付宝、余额宝），使用场景聚焦日常公共服务、公益参与和个人理财管理（如社保卡查询、公益捐步）。

不喜欢：基于未点击行为，不喜欢投资基金、猜涨跌等金融投机品类（如指数、ETF基金），关键词和品牌涉及猜涨跌、基金机构（如中信保诚基金、兴业证券），使用场景与风险性金融游戏和财富管理相关。",1,complete
40719,"喜欢：偏好品类包括现金红包、任务赚钱、生活缴费（如话费充值、电费）和日常省钱工具；关键词如红包、现金、任务、签到；品牌如支付宝、携程；使用场景为在线任务赚钱、生活缴费管理和日常金融管理（如领取红包、做任务赚零钱）。

不喜欢：基于未点击商品中与点击行为相反的特征，用户不喜欢直播形式（如超级直播间）和泛化任务系统（如天天领钱），这些与用户偏好的具体任务赚钱和红包领取形式相悖。",1,complete
519291,"### 用户兴趣偏好总结（场景1）

喜欢：用户偏好金融借贷服务（如360借条）和信用卡申请（如中信银行），关键词包括借款、还款、办卡、优惠券及生鲜食品（如螺蛳粉、猕猴桃），品牌涉及360借条和中信银行，使用场景为在线借贷额度领取、信用卡办理及日常超市购物（如淘菜菜超市）。

不喜欢：用户对金融计算工具（如贷款计算器、货币汇率换算）和辅助性服务（如社会保障计算）不感兴趣，基于未点击商品的特征与点击行为相反。",1,complete
1843103,"喜欢：用户偏好通信服务品类，如手机卡和流量卡申请（特别是无限流量卡和免费办理），关键词包括流量卡、话费充值、信用卡申请，品牌倾向中国联通、电信和中信银行，使用场景聚焦省钱通信（如在线申请免流卡）和赚钱任务（如签到领现金）。

不喜欢：用户不喜欢与点击行为相反的特征，如信用卡还款、借钱服务（如360借条）、直接手机充值，以及未点击品牌如招商银行的金融服务，关键词涉及还款、借款和随心选定制。",1,complete
1009875,"喜欢：用户偏好旅行相关品类（如酒店预订、景点门票、滑雪票），休闲游戏（如泡泡龙王国、贪吃蛇大作战），理财和任务服务（如月月赚、现金红包、任务），以及个人护理用品（如湿巾、棉柔巾）；关键词包括红包、任务、游戏、旅行；品牌涉及支付宝和飞猪；使用场景为在线娱乐、财务管理、旅行规划和日常消费支付。

不喜欢：用户不喜欢斗地主类游戏（如JJ斗地主）、招聘求职服务（如青团社兼职）、食品外卖相关应用（如久久丫鸭脖、奶茶烧仙草）、兼职工作平台（如兼职侠），以及特定品牌如青团社，这些特征与点击行为中的休闲游戏和任务服务形成鲜明对比。",1,complete
438539,"喜欢：用户偏好移动通信服务（如中国移动、山东移动、山西移动）、金融支付类（红包、任务、月月赚、转账红包）和生活服务（充值、账单查询、流量服务），关键词包括红包、任务、月月赚、充值，品牌涉及中国移动分支及优酷、iqiyi，使用场景为在线赚钱、手机充值管理和游戏参与（如世界杯、周边游）。

不喜欢：用户不喜欢求职招聘服务（如青团社招聘、找工作）和特定消费品类（女装、家纺、母婴），关键词如招聘、女装、青团社，品牌如青团社，使用场景为求职活动、到店付款攒现金和个人护理购物。",1,complete
990712,"喜欢：用户偏好金融奖励服务（如现金红包和消费金）、旅行预订服务（如酒店和航班），关键词包括红包、支付宝和消费款，品牌涉及支付宝、携程和考拉海购，使用场景为在线赚取奖励、旅行规划和日常用品购买（如湿巾和棉柔巾）。  
不喜欢：用户不喜欢抽奖类活动、话费充值服务和设备租赁服务（如手机租赁），基于未点击商品中与点击行为相反的抽奖、话费充值和余额管理特征。",1,complete
1026671,"喜欢：该用户偏好快餐、外卖、游戏和加油服务品类，关键词包括麦当劳、必胜客、支付宝和外卖，品牌如麦当劳、网易、支付宝、易捷，使用场景涉及餐饮消费（如火锅和快餐）、游戏娱乐（如手游和端游）以及在线支付和加油服务。

不喜欢：用户不喜欢买药服务、超市购物和特定加油服务品类，关键词如买药、超市和发票处理，品牌如中油好客，使用场景包括医疗相关（如买药）和超市购物（如水果和便利商品），基于未点击商品与点击行为相反的特征（如点击饿了么外卖但未点击饿了么买药或超市）。",1,complete
681917,"喜欢：用户偏好金融理财品类（如支付宝小荷包的攒现金计划和攒钱计划）、游戏交易平台（交易猫），关键词包括支付宝、小荷包、交易猫、红包和物流，品牌如支付宝和交易猫，使用场景涉及在线支付、储蓄管理、游戏道具交易和快递查询。

不喜欢：用户不喜欢借贷服务品类（如借呗），基于未点击行为，与点击的储蓄和交易特征相反。",1,complete
1444700,"喜欢：用户偏好食品饮料品类如奶茶、饼干和冰淇淋（基于点击商品实体词如三拼霸霸奶茶、饼干、华夫冰淇淋），关键词包括蜜雪冰城、外卖和回收服务（搜索关键词如蜜雪冰城、外卖、回收手机），品牌如蜜雪冰城和顺丰速运（点击商品标题和实体词），使用场景涉及餐饮消费、快递服务和娱乐观影（交易行为如餐饮小吃、淘票票电影，服务使用如支付宝）。

不喜欢：用户不喜欢打车服务品类（基于未点击商品实体词如打车），关键词如打车（未点击商品标题），品牌如高德打车（未点击商品实体词），使用场景包括出行会员服务（未点击商品实体词如黄金vip、黑金会员）。",1,complete
1981614,"喜欢：用户偏好任务型现金奖励服务（如签到、做任务、提现），关键词包括现金、红包、话费充值，品牌涉及vivo、oppo，使用场景为日常省钱（如赚零花钱、话费优惠）和休闲娱乐（如香薰吊坠、车载挂件装饰）。

不喜欢：用户不喜欢日用品（如洗头膏、洗发水、洗衣液）和电子产品（如苹果14），这些在未点击商品中与现金红包混合出现，表明对非任务相关或实用品类缺乏兴趣。",1,complete
334562,"喜欢：用户偏好优惠券类商品（如商家通用优惠券），关键词包括支付宝、红包、备用金和日常支付，品牌如支付宝（多次出现在服务使用和搜索中），使用场景为线上消费、转账和日常购物（基于交易行为中的小吃店、联华超市、花呗等实体）。

不喜欢：用户不喜欢信用评估、保险和租房相关服务（如芝麻公约、人民保险、房租），基于未点击商品中与点击行为（优惠券）相反的特征（实体词包括芝麻公约、蚂蚁智信、人民保险、渤海银行、租房等）。",1,complete
611960,"喜欢：该用户偏好金融奖励和日常互动类服务，如签到任务赚取现金红包、申请信用卡（尤其中信银行品牌）、流量卡办理；关键词包括签到、任务、红包、现金、金币；品牌偏好支付宝、中信银行；使用场景为在线互动赚取奖励（如通过任务获取现金红包）和金融服务（如信用卡申请）。

不喜欢：基于未点击行为，用户不喜欢直接的流量卡申请中心、信用卡办理服务（如平安银行品牌）、招聘（青团社招聘）或租赁服务；关键词如影音娱乐、租赁；品牌如招商银行；使用场景为静态业务办理（如卡中心服务）和非互动服务。",1,complete
104199,"喜欢：用户偏好红包相关的金融支付服务，偏好品类包括现金红包、发红包和红包封面等社交礼品，关键词如现金、红包和消费券（从搜索关键词体现），品牌如支付宝（交易行为中多次出现），使用场景涉及在线支付、日常消费和社交送礼（交易行为中的收款、转账等实体支持）。

不喜欢：用户不喜欢需要额外动作如摇一摇、到店付或签到的红包类型，基于未点击商品特征（如领现金红包、支付红包和签到红包），反映出对被动领取或特定条件红包的抵触。",1,complete
1940101,"喜欢：该用户偏好金融理财品类，关键词包括现金、红包、任务、转账和支付宝，品牌涉及支付宝（从点击实体词中体现），使用场景为在线赚取现金、完成红包任务和理财活动（基于点击商品标题如""赚钱红包|蚂蚁财富黄金票|月月赚""和服务使用实体如""月月赚、红包、理财""）。

不喜欢：该用户不喜欢黄金回收和招聘兼职品类，关键词如金价、求职、实体店，品牌如久久金管家（从未点击商品标题和实体词中体现），使用场景为实体店支付攒现金、黄金交易或兼职求职（基于未点击商品如""黄金回收-久久金管家|青团社招聘""和实体词如""黄金饰品、回收回收、求职就业""）。",1,complete
1658248,"喜欢：偏好品类包括数码产品回收（如手机回收）、游戏任务（如扭蛋和多多有礼）及金融服务（如基金和理财）；关键词涉及回收、任务、基金、交通（如地铁）；品牌倾向Apple、格力、荣耀等数码和家电品牌；使用场景集中在金融投资（余额宝、基金）、环保回收（手机回收）和娱乐任务赚钱（如做任务兑换现金）。

不喜欢：基于未点击商品""集集钱包""的实体词（如做任务、优惠券、香薰吊坠），用户不喜欢钱包服务及相关任务形式（如优惠券或香薰产品），与点击行为中偏好回收和实用任务的特征相反。",1,complete
1819403,"喜欢：该用户偏好交通出行服务品类，如公交、打车、租车和物流；关键词包括公交、乘车码、滴滴出行和支付宝（从搜索关键词和点击行为推断）；品牌涉及滴滴出行、苹果和华为（基于点击商品实体词中的苹果14 pro、华为pocket等）；使用场景聚焦于城市日常通勤、支付管理和出行规划（如通过车城通小程序、掌上公交进行公交查询和打车服务）。

不喜欢：基于未点击商品（如滴滴顺风车、花小猪打车），用户不喜欢顺风车服务模式和特定打车应用；同时，对三星手机品牌（如三星w22）表现出较低兴趣，与点击行为中偏好苹果/华为的特征相反。",1,complete
1166344,"### 用户兴趣偏好总结（场景1）

喜欢：用户偏好回收服务品类（如手机回收、旧衣服回收、数码产品回收），关键词包括""回收""、""上门回收""、""租赁""，品牌涉及华为、苹果、小米、华硕、联想，使用场景为环保回收、二手交易和设备租赁。

不喜欢：用户对宠物相关服务（如宠物托运）、信用卡申请和理财产品不感兴趣，基于未点击商品中与点击行为相反的特征。",1,complete
718347,"喜欢：偏好品类包括现金红包、任务奖励和话费流量服务；关键词如签到、做任务、提现、红包、福利；品牌偏好支付宝和中国移动；使用场景集中于赚取小额现金、领取奖励、充值话费和查询账单。

不喜欢：基于未点击商品，不喜欢实物商品兑换如美妆、母婴、数码，以及复杂转账操作如批量转账；关键词如积分兑换、花呗周报；使用场景涉及兑换实物商品和查看报告类内容。",1,complete
1100655,"### 用户兴趣偏好总结（场景1）
喜欢：该用户偏好金融服务品类（如信用卡申请、贷款额度领取）和通信服务品类（如电话卡办理、流量服务），关键词包括办卡、借钱、分期、流量服务，品牌倾向中信银行、浦发银行、中国联通、360借条，使用场景集中于在线金融管理（快速申请信用卡）和通信便利（充值话费、免流量卡办理）。  
不喜欢：基于未点击商品，用户不喜欢特定品牌（如平安银行、招商银行、广发银行）的服务，以及贷款计算、便民工具等特征（与点击的申请和办理服务相反）。",1,complete
83917,"### 用户兴趣偏好总结（场景1）
喜欢：用户偏好通信服务品类（如话费充值、流量包和账单查询），关键词涉及交通出行（公交、乘车）、娱乐（视频会员、景点旅游）和支付（代金券、卡券），品牌包括中国移动、华为、优酷和山东/山西移动，使用场景集中于日常话费管理、在线娱乐消费和出行规划（如跟团游、万象城购物）。  
不喜欢：用户不喜欢积分相关服务（如积分查询和红包），与点击行为中偏好实用功能（如话费充值）相反，反映出对促销或积分管理类内容的回避。",1,complete
1512715,"### 用户兴趣偏好总结（场景1）

喜欢：用户偏好健康管理类打卡签到活动（如早起、睡觉、吃饭打卡），关键词包括打卡、签到、现金、红包、金币、提现；品牌如安慕希（日常用品）、乐动力（运动健身）、花呗（金融理财）；使用场景涉及日常习惯养成（如通过打卡获取福利）、金融收益获取（如现金红包提现）和运动健身（如结合步数奖励）。

不喜欢：用户对步数追踪或走路红包相关商品不感兴趣（如步步挣），尤其当缺乏即时奖励机制时，与点击行为中偏好有明确福利的打卡活动相反，表现为回避被动步数记录和非奖励性日常用品（如干发帽、整理袋）。",1,complete
1784873,"### 用户兴趣偏好总结（场景1）

喜欢：用户偏好现金奖励、任务完成和签到赚取小额金钱的金融理财类内容，涉及品类如红包领取和在线任务，关键词包括现金、红包、任务、签到、提现，品牌如支付宝、饿了么、淘宝，使用场景聚焦日常小额赚钱、红包兑换和在线任务完成。

不喜欢：用户不喜欢证件照服务、借贷产品（如花呗、信用卡）以及超市购物等与赚取现金无关的内容，基于未点击商品中与点击行为相反的借贷和无关服务特征。",1,complete
1697384,"喜欢：用户偏好与现金奖励、红包相关的赚钱任务服务（如集集钱包、俏佳人），偏好品类包括个人护理用品（湿巾、棉柔巾）、家居用品（泡茶壶、玻璃杯、茶杯）、电子产品（电动剃须刀）；关键词聚焦现金、红包、任务；品牌涉及flyco飞科；使用场景在日常省钱、任务参与和家居生活。

不喜欢：用户不喜欢涉及鱼塘、小鱼干兑换的赚钱任务或特定服务如多多有礼，与点击行为中现金红包和湿巾等特征相反。",1,complete
68982,"喜欢：用户偏好金融产品（如现金红包和手机卡）、通信服务（如中国联通品牌）和个人护理（如纸巾），关键词包括现金、红包和手机卡，使用场景涉及赚钱、支付和日常消费，基于点击行为中的现金、锦鲤红包、中国联通实体词。

不喜欢：用户不喜欢金币和任务导向的赚钱方式（如赚金币和兑换红包），基于未点击商品中的金币、任务实体词与点击行为相反的特征。",1,complete
1833307,"### 用户兴趣偏好总结（场景1）
喜欢：偏好金融品类如借贷和信用卡，关键词包括借钱、额度、还款，品牌如360借条、花呗、中信银行，使用场景为信用借贷和现金管理，基于点击行为中高频出现的实体词（如借条、借款、优惠券、花呗）和搜索关键词（如芝麻信用分、分期贷款）。  
不喜欢：任务型赚现金工具、签到活动、证件照服务等，基于未点击商品中与点击行为相反的特征（如做任务、签到、证件照），这些与直接金融产品形成对比。",1,complete
1946664,"喜欢：用户偏好家庭用品和个人护理品类（如内衣、按摩器、足浴包、冬裤），关键词包括家庭积分、足疗养生、健康管理；品牌方面对唯品会等购物平台和餐饮品牌（如肯德基）感兴趣；使用场景主要为家庭环境、在线购物和健康养生。

不喜欢：用户不喜欢金融支付服务（如流量钱包、小荷包、黄金票）、积分兑换活动以及招聘相关特征（如兼职、手机分期），这些与点击的家庭用品和个人护理形成鲜明对比。",1,complete
742728,"喜欢：用户偏好红包奖励、现金领取和游戏化任务（如养殖鱼塘），偏好品类包括现金红包、任务进度和兑换活动，关键词涉及现金、红包、任务、养殖、兑换，品牌如支付宝，使用场景为在线任务、奖励领取和日常消费互动。

不喜欢：用户不喜欢回收服务、租赁服务和签到赚钱活动，偏好品类如二手回收、租机和签到赚钱，关键词涉及回收、租赁、签到赚钱、提现，品牌如oppo，使用场景为二手数码回收、租赁平台和签到类任务。",1,complete
1472089,"喜欢：该用户偏好现金红包、攒现金奖励等品类，关键词包括现金、红包、到店支付，品牌如支付宝，使用场景为到店支付、任务奖励和理财服务（基于点击商品标题如""到店付款领红包攒现金""、服务使用实体如""领现金红包""和""到店支付""、搜索关键词如""现金红包""和""到店支付""）。

不喜欢：用户不喜欢家居用品（如衣帽柜、置物架）、母婴产品（如婴儿纸尿裤）、运动相关商品，以及储蓄计划如支付宝小荷包（基于未点击商品实体词如""衣帽柜""、""婴儿纸尿裤""、""运动""和""支付宝小荷包""，与点击行为中现金红包和支付服务特征相反）。",1,complete
184252,"喜欢：用户偏好通信服务品类，关键词包括话费充值、流量服务、电话费、账单查询等，品牌如中国移动，使用场景涉及日常通信管理、话费充值、流量查询和移动业务办理。

不喜欢：用户不喜欢金融投资品类，关键词如基金、指数、分析师、投资等，品牌如大成基金、兴业证券，使用场景为投资理财、基金猜涨和指数分析。",1,complete
1021657,"喜欢：该用户偏好公共交通品类（如公交和地铁），关键词包括公交、乘车、线路图和低碳出行，品牌涉及公共交通服务（如时华），使用场景为城市出行导航和低碳通勤。  
不喜欢：用户不喜欢其他出行方式品类（如停车和加油），关键词包括乘车码和免费停车，使用场景为非公共交通出行。",1,complete
992727,"喜欢：用户偏好外卖餐饮（如饿了么职工餐厅）、现金红包和日常个人护理用品（湿巾、棉柔巾），关键词集中于饿了么、红包、基金（医药和消费类），品牌涉及饿了么、支付宝，使用场景为便捷点餐、红包领取及简单理财服务。

不喜欢：用户不喜欢任务型赚钱应用（需签到或提现）、复杂投资工具（如指数晴雨表）及无关产品（如手机），基于未点击商品特征与点击行为相反。",1,complete
748375,"喜欢：该用户偏好金融理财品类，关键词包括月月赚、任务、红包和转账，品牌如中信银行和支付宝（基于搜索关键词），使用场景涉及个人财务管理、理财任务和红包领取（源自点击商品和服务使用实体）。
不喜欢：该用户不喜欢非金融相关的内容，如停车服务（机场停车）、工作招聘（驾校、收银员）以及与理财无关的实体（奈雪の茶），这些特征均来自未点击商品中与点击行为相反的领域。",1,complete
1685142,"喜欢：用户偏好赚钱任务和红包奖励类内容，偏好品类包括日常用品（如湿巾、棉柔巾）和金融任务服务；关键词如现金、红包、任务、转账红包；品牌涉及支付宝（从服务使用实体）；使用场景为在线任务完成、日常消费和现金领取活动，突出月月赚、多多有礼等平台。

不喜欢：用户对求职招聘和兼职工作相关的内容不感兴趣，基于未点击商品如找工作、招聘信息、兼职岗位等特征，与点击行为中的赚钱任务相反。",1,complete
1141994,"喜欢：用户偏好快餐小吃和物流服务品类（如炸串、烤冷面、海底捞），关键词包括口碑、团购和支付宝，品牌涉及海底捞、华为和支付宝相关服务，使用场景聚焦在线团购、生活缴费和娱乐消费（如电影购票、餐饮消费）。

不喜欢：用户不喜欢商家寄件服务，特别是与打印、地址管理和寄递相关的特征（如一联单、打印机、寄件地址）。",1,complete
42909,"喜欢：用户偏好金融支付和优惠活动，包括品类如消费金、红包、在线购物和酒店预订；关键词如消费券、积分、支付宝；品牌如阿里妈妈、携程、锦江酒店；使用场景在日常消费、在线支付和旅行预订。
不喜欢：用户不喜欢投资理财类内容，如基金、证券、指数等，基于未点击商品的特征。",1,complete
1735031,"喜欢：该用户偏好食品品类如水果（砂糖桔、蓝莓、千禧小番茄）、乳制品（鲜牛乳、伊利安慕希）和调味品（生抽酱油、芝麻香油），关键词包括红包、现金、签到、任务和集分宝，品牌如新希望、伊利、心相印、永辉超市和支付宝，使用场景涉及在线服务（如集集星球签到任务、外卖红包兑换）、超市购物（百大合家福门店自提）和金融服务（中信银行信用卡申请、话费充值）。

不喜欢：基于未点击商品中与点击行为相反的特征，用户不喜欢投资理财品类（如基金经理、基金）、非食品租赁服务（如逗鱼租机、机蜜租机）、以及女装和婴儿用品（如婴儿纸尿裤、房贷计算），具体表现为避开招商银行信用卡申请、天天签到服务和洗衣液等实体。",1,complete
1503857,"喜欢：用户偏好通信服务和金融服务品类，关键词集中于王卡、免流卡、话费充值和信用卡申请，品牌包括中国联通、浦发银行、中信银行和交通银行，使用场景涉及日常省钱通信（如流量卡办理）和在线金融管理（如信用卡申请与红包领取）。

不喜欢：用户不喜欢招商银行信用卡申请、亲情卡服务和到店红包等特征，与点击行为中偏好其他银行（如浦发、中信）和通信服务（如流量卡而非亲情卡）形成明显反差。",1,complete
789277,"喜欢：用户偏好现金管理任务（如提现、签到、做任务）和日常实用品类（如电话费支付、湿巾、棉柔巾），关键词包括提现、电话费、任务、现金红包，品牌涉及合创（基于点击商品标题），使用场景聚焦赚取额外收入、日常消费和账单支付。

不喜欢：用户不喜欢信用服务（如花呗相关）和储蓄产品（如笔笔攒），关键词包括花呗、储蓄卡、领地铁红包，使用场景涉及长期储蓄、打车服务（如花小猪）或特定红包方式（如到店付款攒现金）。",1,complete
1181007,"喜欢：用户偏好品类包括数字红包、话费充值、流量服务和出行服务（如打车），关键词如红包、话费、出行和会员，品牌如支付宝、中国移动和高德打车，使用场景涉及日常通信管理、出行便利和娱乐消费（如电影票兑换）。

不喜欢：用户不喜欢租赁服务、水电费充值，以及与中国联通相关的流量服务（如流量日包），与点击行为中的红包和话费偏好形成鲜明对比。",1,complete
1755280,"喜欢：用户偏好金融品类如信用卡申请和红包相关产品，关键词包括现金、红包、信用卡和财富号，品牌如中信银行和蚂蚁（蚂蚁投资者教育基地），使用场景涉及在线金融交易、红包分享和投资教育，基于点击行为显示对信用卡（如金卡、白金卡）、红包（如口令红包、零钱罐）及奖学金类内容的兴趣。

不喜欢：用户不喜欢保险相关产品，如商业保险或需要身份验证的服务，基于未点击行为（如相互宝）显示对保险、保费及身份证号等特征的回避，与点击行为中金融服务的偏好形成对比。",1,complete
1145101,"喜欢：该用户偏好金融借贷品类，如借钱额度和信用卡申请，关键词包括借款、额度、流量卡，品牌涉及360借条、中国联通和中信银行，使用场景为在线金融服务和通信套餐设置。
不喜欢：该用户不感兴趣于投资品类，如证券指数和基金，基于未点击商品的特征，关键词如指数、投资。",1,complete
311625,"喜欢：用户偏好出行服务品类（如打车，品牌涉及高德），金融服务品类（如黄金票和现金红包，品牌涉及支付宝、蚂蚁财富），以及会员福利（如钻石会员）；关键词包括打车、黄金票、折扣券；使用场景聚焦日常通勤（如使用高德打车）和金融理财（如参与黄金票活动）。

不喜欢：用户不喜欢实物黄金饰品（如黄金饰品，与点击的黄金票投资相反）、借款服务（如借条，与点击的现金红包理财相反），以及公共交通信息（如公交线路，与点击的打车服务相反）。",1,complete
1592472,"喜欢：偏好金融奖励和优惠活动品类，如红包、任务、月月赚、优惠券、电能、百货券等关键词；涉及品牌如支付宝、携程、考拉海购；使用场景包括在线理财、日常消费获取奖励（如攒现金、赚金币），以及任务型活动（如转账红包、零食券兑换）。

不喜欢：基于未点击商品，不喜欢消费金融、贷款计算、求职招聘相关内容，如征信、借款、贷款、岗位招聘等特征。",1,complete
1958967,"喜欢：用户偏好金融服务和现金奖励活动，关键词包括红包、现金、任务、签到和转账，品牌以支付宝为主，使用场景为通过在线平台（如支付宝）参与任务赚取现金红包，用于日常理财和额外收入。

不喜欢：用户不喜欢实体店支付（如到店付款攒现金）、银行转账以及非金融消费产品（如美妆、女装和数码），这些特征与点击行为中在线任务和现金奖励相反。",1,complete
1307599,"喜欢：该用户偏好个人护理品类如湿巾和棉柔巾，关键词包括红包和现金红包，使用场景涉及日常小额现金获取和便捷消费，品牌倾向与现金红包关联的支付宝相关服务（基于搜索关键词）。

不喜欢：用户不喜欢任务型赚现金方式，如涉及签到、做任务、金币或复杂金融特征（如信用贷、订单详情）的产品，与点击行为中直接红包+个人护理的特征相反。",1,complete
1831617,"喜欢：偏好金融理财和政府服务类应用，包括红包、现金红包、月月赚任务等品类；关键词如月月赚、红包、任务、社保、公积金；品牌如支付宝、蚂蚁财富；使用场景为日常理财、赚取现金和政府服务查询（如电子社保卡、失业保险认证）。

不喜欢：避免兼职招聘和小额赚取工具，如兼职、工作、提现相关品类；关键词如兼职、赚小钱、提现、电话费；品牌如青团社、合创；使用场景为求职平台和小额现金提取（如招聘众包、赚零花应用）。",1,complete
1507072,"喜欢：用户偏好出行服务（如打车、公交、火车租车）、在线互动活动（如答答星球）、金融理财（如红包、余额宝、社会保险）和公益环保（如垃圾分类回收），品牌包括滴滴出行、支付宝、华为、康师傅等，使用场景涉及日常通勤、家庭生活（如购电、电热水器）和在线娱乐（如电影相关搜索）。

不喜欢：用户不喜欢高端电子产品（如iPhone、Apple Watch）、空调设备（如格力空调）以及扭蛋游戏类内容，这些特征与点击行为中的出行和在线服务形成鲜明对比。",1,complete
601982,"喜欢：用户偏好金融理财品类，关键词包括现金、红包、黄金票和财运红包，品牌如蚂蚁财富（支付宝生态相关），使用场景为在线理财和现金奖励获取，体现对直接金融收益产品的兴趣。  
不喜欢：用户不喜欢任务型现金奖励系统（如签到、做任务）以及非金融相关产品（如箱包、运动鞋），基于未点击商品中与点击行为相反的特征，如任务、签到、商品箱包等实体词。",1,complete
391348,"喜欢：用户偏好金融投资品类，特别是模拟炒股和股票相关产品（如点击实体词中的""模拟炒股""、""股票""、""投资""），关键词集中于理财、投资和模拟炒股（从搜索关键词""理财""、""模拟炒股""和点击标题""模拟炒股""体现），品牌涉及招商银行、五粮液、隆基绿能等金融和上市公司（点击实体词高频出现），使用场景为支付宝平台上的日常理财服务（服务使用实体如""余额宝""、""蚂蚁财富""结合交易实体""浙大一院""显示医疗支付整合）。

不喜欢：用户不喜欢借贷服务和复杂金融分析产品，基于未点击商品中与点击投资行为相反的特征，如借贷品类（未点击实体词""360借条""、""借款""）、基金打新或证券评级（未点击标题""国信证券-模拟打新""、""广发证券分析师评股""），关键词和品牌涉及借条、还款及特定证券机构（未点击实体词""等额本金""、""中信保诚基金""）。",1,complete
1748720,"喜欢：用户偏好金融服务和任务平台，包括赚现金、领红包、签到任务、信用卡申请、话费充值、旧衣回收等；偏好品类为红包活动、通信服务（如流量卡）、回收服务；关键词如现金、红包、签到、任务、信用卡；品牌如众冠、鑫诺、中信银行、中国联通、支付宝；使用场景为日常省钱、在线赚零花钱、金融服务使用。

不喜欢：用户不喜欢与赚现金任务相反的特征，如租机分期、贷款计算、点餐服务、收支明细、货币汇率换算等，这些在未点击商品中常见，与点击行为中的直接任务和红包活动形成对比。",1,complete
1503382,"喜欢：用户偏好现金奖励和任务活动（如红包、集分宝、签到任务），品牌包括饿了么和书亦烧仙草，使用场景聚焦日常赚取现金、外卖点单及兑换生活用品（如牙刷），关键词涉及现金、领取现金、集集攒。
不喜欢：基于未点击商品，用户不喜欢金融风险产品（如保险、贷款）和数码回收服务（如二手手机租赁），这些特征与点击行为中的轻松赚现金相反。",1,complete
1125299,"喜欢：用户偏好移动通信服务相关品类，如话费充值、流量服务、转账支付和账单查询；关键词包括充值、话费、流量、转账、积分和查询；品牌涉及中国移动、华为、荣耀等；使用场景集中在日常支付、话费管理、流量查询和转账操作。

不喜欢：用户对金融投资、基金、猜涨跌等内容不感兴趣，避免点击相关商品，如基金投资、指数估值和猜涨跌活动。",1,complete
760278,"喜欢：偏好医疗保健服务品类，特别是医保相关服务（如河南医保、周口市中医院），关键词包括挂号预约、核酸开单、妇科门诊、医保支付和就诊码；品牌涉及支付宝（用于支付）和美团（关联服务）；使用场景为在线医疗就诊、医保查询与支付、核酸检测预约。

不喜欢：基于未点击商品，不偏好周口市中心医院相关服务，特别是发热门诊和住院服务；关键词如做核酸检测（与点击行为相反）未被选择；品牌如联想（Lenovo）和万辉未被点击，表明不感兴趣。",1,complete
1104592,"喜欢：该用户偏好出行服务品类（如顺风车和税务服务），关键词包括嘀嗒出行、打车券、医保和江苏税务（基于搜索关键词），品牌涉及嘀嗒、万顺和江苏税务（基于点击商品），使用场景主要为出行通勤和税务办理（基于交易和服务实体中的低碳出行、骑行、办税等）。

不喜欢：基于未点击商品中与点击行为相反的特征，用户不喜欢花小猪打车等特定打车服务（与点击的顺风车服务相反），以及核酸检测点、红包、口腔医院和家具店等健康检测、金融工具和零售服务（基于未点击实体词）。",1,complete
50711,"喜欢：用户偏好与赚钱奖励相关的活动，如现金红包、签到、提现、金币任务（关键词包括现金、红包、签到、赚钱、提现），涉及品牌支付宝；同时喜欢家居用品品类如内衣、鞋靴、清洁工具（如清洁刷、洗衣刷）、食品（如小面包、糕点），以及家居建材、家纺家饰；使用场景聚焦在线赚钱平台、日常家居维护和购物，体现对实用性和奖励机制的强烈兴趣。

不喜欢：用户不感兴趣于数码配件（如充电插座、散热器）、食品饮料、家纺家饰、箱包皮具等品类；也不喜欢租借服务、高端消费场所（如万象城）、钢琴等娱乐项目，以及随机红包或鱼塘类游戏；使用场景涉及缴费服务、租借和高端购物，与点击行为中的实用赚钱主题形成反差。",1,complete
800764,"### 用户兴趣偏好总结（场景1）

喜欢：该用户偏好金融理财和公益慈善品类，关键词包括探险、红包、公益，品牌如蚂蚁探险和银行相关服务，使用场景为在线参与探险游戏（如蚂蚁探险）和公益项目（如器官捐献），体现对互动式赚钱和慈善活动的兴趣。

不喜欢：该用户不喜欢股票基金品类，关键词如猜涨跌、指数，品牌如中信保诚基金和同花顺，使用场景为股票投资和基金分析工具（如模拟炒股），反映对预测性金融工具的回避。",1,complete
1605887,"### 用户兴趣偏好总结（场景1）
喜欢：用户偏好环保公益服务品类，如蚂蚁森林能量相关活动，关键词包括""绿色能量""和""支付宝""，品牌涉及支付宝生态（如蚂蚁森林），使用场景为在线公益参与和健康管理（基于点击行为、搜索关键词及服务使用实体如公益种树、医保）。

不喜欢：用户不喜欢回收服务、清洁产品及阅读应用品类，关键词如""回收""和""优惠券""，品牌如满婷和咪咕阅读，使用场景为旧物回收或优惠促销（基于未点击商品实体词如回收图书、洗面奶、咪咕阅读，与点击的蚂蚁森林能量服务形成相反特征）。",1,complete
911322,"喜欢：偏好旅游相关品类（如酒店、机票、门票、温泉）、物流服务（如商家寄件），关键词包括签证、旅游景点、车票，品牌如飞猪、菜鸟裹裹，使用场景集中于旅游预订（如酒店订房、景点门票购买）和商家寄件服务（如寄递地址管理）。

不喜欢：基于未点击商品，不喜欢个人快递服务（如中通、圆通等快递公司）、非旅游相关的物流品类（如包裹驿站、运费保险），以及无关品牌如华为笔记本电脑或红包营销。",1,complete
1499829,"喜欢：用户偏好通信服务品类，如电话卡和流量卡，关键词包括流量服务、电话费、充值话费、领卡和王卡，品牌倾向中国联通、浦发银行和中信银行，使用场景涉及话费充值、流量管理和信用卡申请办理。  
不喜欢：用户不喜欢其他银行的信用卡服务（如招商银行、平安银行和光大银行）以及非中国联通主导的流量卡办理（如联通全国流量卡或亲情卡）。",1,complete
638930,"喜欢：该用户偏好电子产品品类（如Apple和华为手机、平板）、金融理财关键词（现金、红包、任务）、品牌（Apple、华为、蚂蚁财富），以及使用场景如数字支付（支付宝转账、余额宝管理）、运动健康（骑行、走路）和日常消费（湿巾、棉柔巾等日用品），基于点击行为中高频出现的实体如""apple专区""、""现金红包""、""骑行""和""月月赚""。

不喜欢：用户不喜欢电动车相关品类（哈啰电动车、特斯拉）、以旧换新服务、电信卡币，以及特定赚钱活动形式（如天天赚小钱、签到领奖励），这些特征基于未点击商品中与点击行为相反的元素，如避开了""哈啰电动车""、""电信""和""天天赚小钱""，而点击了类似""月月赚""但未选择其变体。",1,complete
37459,"喜欢：偏好租赁服务（如人人租机、手机租赁）、优惠券（如零食券、百货券、代金券）、酒店预订（如锦江酒店、如家酒店）和游戏化活动（如集集星球、攒电能、抽奖）；关键词包括支付宝、消费金、电能、集步数；品牌如锦江酒店、携程、阿里妈妈；使用场景为积分积累、消费奖励、在线娱乐和充值服务。

不喜欢：偏好生活缴费（如水费缴费、账单管理）、花呗账单和投资理财（如指数晴雨表、基金）；关键词如花呗、投资、生活缴费；品牌如中信保诚基金、兴业证券；使用场景为账单支付、投资分析和签到赚现金任务。",1,complete
1894329,"喜欢：用户偏好理财品类（如月月赚、黄金票、现金红包），关键词包括转账、任务、积分和易捷加油，品牌涉及蚂蚁财富、中国移动和中石化，使用场景为日常支付（如加油、话费充值）、任务奖励活动（如集分宝、签到）和账单管理（如燃气费用、信用卡还款）。

不喜欢：用户不喜欢证件照服务、招聘求职平台和兼职应用，基于未点击商品如花小钱证件照和青团社招聘的特征（如电子版照片、求职就业、工作招聘），这些与点击的理财和支付服务相反。",1,complete
1801817,"喜欢：用户偏好交通管理和社会保障服务，如安全码、交管、医保等关键词，常用支付宝和浙里办平台，品牌涉及林美和王彦（基于交易实体），使用场景包括驾驶员业务、违章查询和政府服务（如浙运安全码和一单四状态操作）。

不喜欢：用户对快递单号查询和身份证照拍摄服务不感兴趣，基于未点击商品特征如通信号码和照片相关实体。",1,complete
1703535,"喜欢：该用户偏好公共服务、医疗和公证服务品类，关键词包括赣服通、支付宝、余额宝、花呗等，品牌如派悦坊，使用场景为日常生活事务处理（如政府证照办理、医疗咨询和公证服务）。

不喜欢：该用户不喜欢商业设计服务、甜食、珠宝、垃圾服务和流量服务品类，这些特征（如智能logo设计、甜蛋糕、珠宝、分类垃圾、流量服务）与点击的公共服务行为相反。",1,complete
215814,"喜欢：偏好品类包括流量服务和信用卡申请，关键词如流量卡、话费充值、赚零钱，品牌如中国联通、电信、中信银行，使用场景涉及通信优化（如免流卡办理）和金融服务获取（如信用卡办卡）。
不喜欢：基于未点击行为，用户不喜欢贷款产品（如伶俐贷）、信用卡还款服务（如招商银行还款），以及非中信银行的信用卡申请（如光大或浦发银行），同时避免洗衣凝珠等日常任务和特定红包任务（如摇现金奖励）。",1,complete
928609,"喜欢：用户偏好金融理财品类，如任务赚钱和现金红包；关键词包括赚零花、现金、红包和任务；品牌涉及蚂蚁财富、支付宝和余额宝；使用场景为在线理财、通过APP完成任务赚取奖励和日常支付消费。

不喜欢：基于未点击商品特征，用户不喜欢纸巾和镜架相关产品。",1,complete
914901,"喜欢：用户偏好个人护理品类如棉柔巾和湿巾，以及金融奖励品类如红包和现金红包；关键词集中于红包相关；品牌未在点击中明确体现，但服务使用涉及支付宝、余额宝；使用场景包括日常消费奖励和理财服务，体现在反复点击""赚一点""商品及其实体词组合。

不喜欢：用户不喜欢任务导向的奖励活动、签到服务及信用贷款相关的内容，基于未点击商品标题如""赚一点有奖""和实体词如任务、签到、信用贷款，与点击行为中简单直接的奖励特征相反。",1,complete
1324026,"### 用户兴趣偏好总结（场景1）
喜欢：该用户偏好通信服务品类，特别是流量卡和电话费相关；关键词包括流量服务、电话费、领卡；品牌偏好联通（如点击的联通阿里卡）；使用场景涉及移动支付和日常通信需求（基于点击商品和搜索关键词如阿里小宝卡、流量服务）。

不喜欢：基于未点击商品（如签到、现金领取、红包、信用卡申请），用户不喜欢签到任务、现金红包、信用卡办理、基金投资等金融游戏活动（与点击的通信服务特征相反）。",1,complete
643713,"### 用户兴趣偏好总结（场景1）
喜欢：偏好品类集中在数码产品租赁（如手机、电脑、平板）和车辆租赁；关键词涉及租机、免押金、信用免押、分期；品牌偏好Apple、华为、小米、神州租车；使用场景主要为租赁服务（如租手机、租车）、在线支付（如支付宝）和金融理财（如余额宝）。

不喜欢：基于未点击商品特征，用户对游戏电玩、办公耗材、美妆服饰、奢侈品（如手表）以及物流相关（如续租、还租）的内容不感兴趣，这些与点击的实用租赁服务特征相反。",1,complete
1051544,"喜欢：用户偏好日用品品类如棉柔巾和湿巾，关键词包括现金红包和红包，无特定品牌突出（基于点击实体词），使用场景涉及日常护理和小额金融奖励获取，例如通过支付宝等平台进行支付和奖励兑换。

不喜欢：用户不喜欢涉及任务、签到或提现的赚钱应用，如话费充值、抽奖和余额管理服务（基于未点击商品实体词中的相反特征，如做任务、签到赚钱和提现）。",1,complete
421757,"### 用户兴趣偏好总结（场景1）

喜欢：用户偏好医疗健康服务（如挂号、就诊卡）、数码电子产品（如手机、手机配件）、家居用品（如电视柜）、食品（如南瓜、小酥肉）、教育相关（如公共英语）和环保活动（如旧衣兑换）；关键词包括挂号、手机、公交；品牌如三星、华为、支付宝；使用场景涵盖医疗就诊、家庭生活、出行和环保。

不喜欢：用户对出行打车服务（如顺风车）、快递服务、酒店住宿和美容产品不感兴趣，基于未点击商品如哈啰顺风车、寄快递、酒店和腮红刷的特征与点击行为相反。",1,complete
54511,"### 用户兴趣偏好总结（场景1）
喜欢：用户偏好通信服务品类，包括手机卡、流量卡和话费充值；关键词集中于流量服务、话费充值、中国联通、王卡和免流卡；品牌偏好中国联通、腾讯大王卡、阿里宝卡和中信银行；使用场景涉及在线办卡、流量管理、话费在线充值及信用卡申请，尤其关注联通系产品的高性价比流量套餐和便捷激活服务。

不喜欢：用户不喜欢的内容基于未点击商品中与点击行为相反的特征，包括交通银行信用卡、联通全国流量卡办理、证件照服务及贷款产品如伶俐贷，表明对非偏好品牌（如交通银行）、非联通系流量卡、非通信相关服务（如证件照）及高风险金融产品缺乏兴趣。",1,complete
465927,"喜欢：用户偏好金融赚钱类应用，关键词包括现金、红包、任务、签到和提现，品牌如支付宝（高频出现），使用场景为日常小额现金奖励、任务完成和支付相关活动（如饿了么红包），偏好品类集中在简单直接的现金获取服务（如月月赚、赚小钱钱），避免复杂操作。

不喜欢：用户不喜欢理财投资和教育类服务，表现为未点击涉及基金、保险、资产管理或学习计划的内容（如蚂蚁金融教育基地），关键词如理财、投资、公益或金币，品牌如花小宝或oppo，使用场景偏向复杂金融管理或公益参与，与点击行为中简单赚钱任务形成反差。",1,complete
1998592,"喜欢：该用户偏好金融理财品类，特别是红包服务和任务赚钱应用；关键词包括现金、红包、月月赚、转账；品牌方面倾向支付宝；使用场景涉及移动支付、在线红包领取和日常任务赚钱，如通过支付宝参与月月赚活动获取现金奖励。

不喜欢：基于未点击商品，用户不喜欢签到系统、钻石奖励机制、电话费相关服务以及香水等非金融产品，这些特征与点击的现金红包和直接任务赚钱行为相反，反映出对间接或非核心金融机制的排斥。",1,complete
1905574,"喜欢：用户偏好金融理财和现金奖励活动，包括红包任务（如月月赚、转账红包）、黄金投资（如黄金票、现金红包）等品类；关键词涉及红包、现金、黄金、任务；品牌倾向蚂蚁财富和支付宝相关（如花呗）；使用场景为在线赚钱、日常理财和金融管理。

不喜欢：用户不喜欢银行转账服务、招聘平台、借款应用和分期付款，基于未点击行为中与点击相反的特征，如银行转账、招聘、借款、还款等。",1,complete
971336,"喜欢：该用户偏好求职招聘、兼职工作、出行服务（如打车租车）和家政服务（如保洁搬家）等品类，关键词包括招聘、兼职、出行和家政，品牌如滴滴出行和必胜客，使用场景主要在工作求职和日常出行中。  
不喜欢：基于未点击商品，用户不喜欢教育培训机构相关的兼职或副业工作，如培训项目和教培机构。",1,complete
288460,"喜欢：用户偏好现金红包、湿巾和棉柔巾等个人护理用品品类，关键词集中于现金奖励和红包，品牌涉及支付宝（如服务使用和交易中频繁出现），使用场景为在线支付、赚现金活动和日常消费（如游戏玩乐和缴费）。

不喜欢：用户不喜欢签到任务、电话费相关商品（如话费券）和香水等品类，基于未点击行为与点击相反的特征（如任务和签到实体词）。",1,complete
1811975,"喜欢：用户偏好日常生活用品品类（如食品中的香肠、橙汁饮料、旺仔牛奶，日用品中的文件夹子、学生用品），关键词涉及证件服务（如临时乘机证明、二代身份证）、健康管理（医保、社保卡搜索）和支付场景（余额宝、花呗），品牌倾向支付宝、统一、伊利等，使用场景聚焦日常生活支付、缴费（电费、燃气）及公益服务（芭芭农场、蚂蚁庄园）。

不喜欢：用户不喜欢消费电子产品（如三星、华为手机、平板）和日常物品（水杯），以及顺风车服务，这些特征与点击的证件实用服务形成鲜明对比。",1,complete
1935390,"喜欢：用户偏好交通出行服务（如滴滴出行打车、专车、租车）、直接现金红包奖励（如支付宝红包、赚一点现金）、电子产品品牌（华为、小米、苹果）、生活用品（湿巾、棉柔巾）以及食品（烧烤、香辣小龙虾）；使用场景集中于日常通勤、在线支付和小额现金获取，关键词包括红包、滴滴出行、赚一点、现金。

不喜欢：用户不喜欢需要完成任务、签到或抽奖才能获取奖励的机制（如做任务赚现金、金币收集），以及相关实体如话费充值、任务进度、签到福利，这与点击行为中直接获取现金红包的特征相反。",1,complete
1738717,"喜欢：该用户偏好金融奖励和通信服务类内容，包括现金红包（如支付宝红包、签到领现金）、手机回收（如苹果、小米设备回收）、信用卡申请（品牌偏好中信银行）和电信服务（如星卡办理）；关键词涉及现金、红包、回收、信用卡、星卡；品牌集中于支付宝、中信银行、电信；使用场景为日常赚钱活动（签到、抽红包）、金融产品申请、设备回收及通信服务。

不喜欢：用户不喜欢其他银行的信用卡申请（如交通银行、平安银行、招商银行）、流量卡服务（如联通流量卡）、信用卡还款相关（如查账还款、房贷）以及特定形式的话费充值（如充值话费、手机流量充值），这些特征与点击行为相反，体现对非偏好品牌和还款场景的回避。",1,complete
1479537,"喜欢：用户偏好金融赚钱活动和个人护理品类，关键词包括红包、现金红包、任务、月月赚，品牌涉及拼多多（基于""多多有礼""和交易行为），使用场景为日常省钱、在线任务赚钱和个人卫生管理（如湿巾、棉柔巾）。

不喜欢：用户不喜欢香水、家居用品、母婴产品和高端电子产品（如香水、香熏、纸尿裤、家纺、apple watch、iphone14），基于未点击商品中这些特征与点击的赚钱活动和个人护理主题相反。",1,complete
1219044,"喜欢：用户偏好快递服务（如顺丰速运、菜鸟）、红包活动（如现金红包、支付宝消费金）、咖啡相关产品（如咖啡豆、咖啡江湖）、牛奶（如集集牛奶）、租赁服务（如人人租机），关键词包括集集星球、饿了么、支付宝，品牌如御泥坊、华为，使用场景涉及日常支付、外卖点餐和任务互动（如集步、做任务）。  
不喜欢：用户不喜欢集分宝相关活动（如权益宝、集分宝）、签到小程序（如天天星球、每日签到）、现金领取活动，以及旧衣服回收、流量王卡等不相关服务，与点击行为相反的特征包括被动签到而非互动任务。",1,complete
1992831,"喜欢：用户偏好支付宝品牌的金融优惠活动，包括赚钱红包、领钱领券等关键词，涉及在线支付和获取优惠的使用场景，偏好品类为红包和优惠券服务。

不喜欢：用户对租机租赁、二手回收和维修服务等不感兴趣，关键词如租机、回收、维修，与点击行为相反的特征体现在未点击商品中。",1,complete
26104,"喜欢：用户偏好品类包括快餐食品（如麦当劳）、金融服务（如红包、转账）和通信服务（如话费充值、流量）；关键词如红包、任务、转账红包、月月赚；品牌如麦当劳、中国移动、支付宝；使用场景涉及日常消费、在线支付和现金奖励活动（如通过任务赚取红包）。

不喜欢：基于未点击行为，用户不喜欢求职招聘类内容，特征包括工作、招聘、公司信息和兼职相关实体（如青团社、求职就业、学历）。",1,complete
1162726,"喜欢：偏好金融投资品类，如基金指数（上证50、沪深300、中证银行）、黄金票和现金红包；关键词包括黄金、红包、证券保险；品牌涉及蚂蚁财富和天弘基金；使用场景为在线理财、支付宝平台投资服务，结合公益和红包互动。

不喜欢：基于未点击行为，不喜欢黄金回收、金条购买和黄金价格查询服务，关键词如实时金价、美元，品牌如久久金管家和存金通，使用场景为被动监控或回收交易。",1,complete
178339,"喜欢：该用户偏好运动品类（如走路和足球）、公益环保（如蚂蚁森林能量），关键词包括""蚂蚁森林""和""森林""，品牌涉及""蚂蚁森林""和""哈啰""，使用场景为户外休闲活动（如公园娱乐）和公益捐赠。
不喜欢：该用户不感兴趣于积分兑换、红包、水电缴费等实用服务品类，以及蚂蚁链权益宝等金融产品，与点击行为相反的特征体现在未点击商品如""集分宝""和""话费充值券""。",1,complete
1127864,"喜欢：用户偏好Apple品牌电子产品（如iPhone、iPad），关键词包括""appleiphone""和""苹果 iphone 14""，使用场景涉及数字支付（花呗、app store）和电商购物，品类涵盖科技产品（如平板电脑）和金融服务（卡包），基于点击行为和搜索数据。

不喜欢：用户不喜欢租赁服务（如免押租赁），避免非Apple品牌设备（如荣耀、华为）和化妆品（如紫苏精华水），基于未点击商品中与点击行为相反的特征。",1,complete
154123,"喜欢：用户偏好回收服务（如旧衣服回收和手机回收），偏好品类包括环保回收和金融服务，关键词如回收、上门回收、现金红包和签到，品牌如中信银行、中国联通和蓝漂，使用场景涉及上门取件、现金收益和环保回收。

不喜欢：用户不喜欢租赁服务（如惠租），以及某些回收服务品牌（如沃友和估吗），同时避免浦发银行信用卡申请，基于未点击商品中与点击行为相反的特征。",1,complete
593653,"喜欢：用户偏好金融理财服务品类，关键词包括月月赚、花呗、红包、任务和转账红包，品牌涉及支付宝（从搜索关键词如支付宝、花呗、余额宝体现），使用场景为通过支付宝平台参与在线赚取现金红包的任务和日常理财管理（基于点击商品标题""花呗|月月赚|赚一点""及实体词高频出现现金红包、红包、转账红包、任务、月月赚、花呗）。

不喜欢：用户不喜欢求职招聘服务、签到赚取方式、电话费相关服务等，基于未点击商品特征如提现、电话费、签到、求职就业（从未点击实体词如提现、电话费、签到、青团社招聘体现），这些特征与点击行为中直接金融赚取偏好相反。",1,complete
618041,"喜欢：用户偏好金融服务和游戏玩乐类活动，关键词包括红包、签到、任务和转账红包，品牌涉及支付宝（从服务使用和搜索数据体现），使用场景为日常在线签到、红包领取和任务完成（基于多次点击月月赚、每日签到等实体词）。

不喜欢：用户不喜欢招聘求职平台、音乐会员服务和冷冻食品特卖等内容，基于未点击行为中与点击行为相反的特征（如未点击青团社招聘、酷狗音乐会员和冷冻牛排等实体词，而点击行为聚焦签到红包活动）。",1,complete
311075,"喜欢：用户偏好消费金融产品（如消费金、红包）、旅行服务（如携程、考拉海购、如家酒店）和日用品（如薰衣草洗衣液），品牌涉及支付宝、阿里妈妈、锦江酒店等，关键词包括消费款、红包、消费金，使用场景聚焦在线支付、旅行预订和日常购物，体现对便捷消费和娱乐消费的倾向。

不喜欢：基于未点击商品，用户不喜欢贷款相关服务（如借钱、还款计算、利率优惠）和现金奖励（如现金红包、平台红包），避免金融计算工具（如贷款计算器、活期储蓄计算器）和借贷产品（如北银消费金融），与点击行为中消费金偏好相反。",1,complete
606687,"喜欢：用户偏好金融理财服务（如红包、月月赚、任务和转账红包），日常消费品（如湿巾、棉柔巾和薰衣草洗衣液），以及旅行预订（如携程、锦江酒店和考拉海购）；关键词包括现金、金币和消费款；品牌涉及携程、如家酒店和阿里妈妈；使用场景为在线支付平台（如支付宝）的赚取奖励和日常消费活动。

不喜欢：用户不喜欢求职就业服务（如招聘、找工作和岗位匹配），招聘平台（如青团社招聘和兼职侠），以及工作相关活动（如营业执照和候选人管理），这些特征与点击行为中的金融和消费偏好相反。",1,complete
1452250,"喜欢：用户偏好支付宝生态系统中的现金红包、转账红包和任务赚钱服务（如月月赚），关键词包括""红包""、""现金红包""、""任务""、""月月赚""，品牌涉及支付宝、花呗、蚂蚁庄园，使用场景为日常省钱和赚取小额现金用于生活消费，同时点击商品显示对湿巾、棉柔巾等日常清洁用品感兴趣。

不喜欢：用户不喜欢工作相关的兼职招聘服务（如青团社）和签到赚钱应用（如天天赚小钱），关键词包括""签到""、""招聘""、""兼职""、""提现""，使用场景为求职和兼职工作，与点击行为中直接简单的赚钱任务相反。",1,complete
1301598,"喜欢：用户偏好在线赚钱服务，关键词包括现金、红包、任务和转账，品牌如月月赚，使用场景为日常任务赚钱和金融红包管理（基于点击商品标题""月月赚|赚一点""及实体词高频出现现金红包、红包、任务、转账红包）。

不喜欢：用户不喜欢招聘求职类服务（如青团社招聘）、被动签到赚钱方式（如天天签到），以及实体零售服务如便利商店和健身馆（基于未点击商品实体词如招聘、求职、签到、便利商店，与点击的主动任务赚钱特征相反）。",1,complete
1708069,"喜欢：该用户偏好金融服务和任务赚钱应用，偏好品类包括红包领取、话费充值、现金提现；关键词为月月赚、集集钱包、任务、红包、转账红包；品牌涉及vivo、oppo；使用场景为在线赚钱任务、手机应用操作和日常理财管理。

不喜欢：该用户不喜欢兼职招聘服务（如青团社）和日常清洁用品（如洗发水、洗衣液），这些特征在未点击商品中与点击行为相反，突出求职就业和日化产品。",1,complete
714263,"喜欢：用户偏好金融奖励类活动（如现金红包、任务型红包）和个人护理用品（如湿巾、棉柔巾），关键词包括红包、提现、任务，品牌涉及支付宝相关服务（如花呗、集分宝），使用场景为日常在线消费（如支付、抽奖）和互动游戏（如开宝箱、签到）。

不喜欢：用户不喜欢租赁服务（如手机租赁、租机租赁）、保险产品（如房贷计算、保险公司）以及非直接奖励的金融工具（如提现额度、现金领取），这些特征与点击行为中的红包和任务型活动相反。",1,complete
445623,"### 用户兴趣偏好总结（场景1）

喜欢：用户偏好通信服务品类（如流量卡办理、电话卡申请），关键词包括现金、红包、任务、流量服务和电话费，品牌集中于中国联通、支付宝、中信银行和交通银行，使用场景为在线省钱赚零花钱（如签到领现金、信用卡申请）。

不喜欢：用户不喜欢信用卡还款服务、招商银行等非偏好银行的信用卡申请，以及非赚钱相关的金融产品（如信用卡还款），基于未点击商品中与点击行为相反的金融特征。",1,complete
97510,"喜欢：用户偏好任务赚钱服务（如月月赚）和红包相关产品（现金红包、转账红包），关键词包括现金、红包、任务，品牌涉及支付宝生态系统（如蚂蚁庄园），使用场景为日常在线任务赚钱和支付（如转账、条码支付），同时关注个人护理品类（湿巾、棉柔巾）。

不喜欢：用户不喜欢投资金融产品（如基金、证券）和招聘服务，基于未点击商品中与点击任务赚钱行为相反的特征，如基金、指数晴雨表、求职就业等。",1,complete
1622612,"喜欢：用户偏好休闲游戏品类（如泡泡龙王国、贪吃蛇大作战和植物大战僵尸），关键词包括""游戏""、""红包""和""做任务""，品牌涉及支付宝生态服务（如蚂蚁庄园和芭芭农场），使用场景为移动端娱乐和任务完成以获取奖励（如支付红包和玩乐豆活动）。

不喜欢：基于未点击商品，用户不喜欢卡牌游戏品类（如斗地主）、射击游戏（如荒野行动）、网易品牌游戏（如大话西游），以及非休闲类或非任务相关品类（如按摩仪器和医疗箱）。",1,complete
15269,"喜欢：偏好品类包括理财投资（如债券基金、保险）和支付服务（如花呗、支付宝），关键词涉及红包、任务、月月赚、优惠充和理财直播，品牌偏好支付宝、饿了么、铁路12306及相关基金机构（如中泰资管、国信证券），使用场景覆盖日常理财管理、出行购票（如火车票）、生活缴费（如话费充值）和任务赚钱活动。

不喜欢：偏好品类包括求职就业（如蓝领工作、兼职）和技能培训（如自媒体、配音课），关键词涉及青团找工作、提现、金币和技能培训，品牌如青团社，使用场景为找工作兼职（如外卖员招聘）、技能提升（如学历培训）和提现类活动（如金币兑换），与点击行为中的理财和直接赚钱任务形成反差。",1,complete
294789,"喜欢：用户偏好通信服务品类（如流量卡和电话卡），关键词包括流量卡、信用卡和办卡，品牌如中国联通和中信银行，使用场景涉及在线充值、金融申请和日常通信需求，基于点击行为中反复出现的流量卡标题（如联通9元360G流量卡）和实体词（话费充值、中国联通卡），以及搜索关键词（流量卡、信用卡）和服务使用实体（充值话费）的匹配。

不喜欢：用户不喜欢其他银行的信用卡申请品类（如招商银行和平安银行），以及保险相关产品（如相互宝），这些特征基于未点击商品中与点击行为相反的品牌差异（未点击招商银行信用卡申请而偏好中信银行）和品类扩展（未点击保险标题而聚焦通信/金融），体现在未点击实体词（招商银行、平安银行、保险）和标题（相互宝）的对比。",1,complete
1213990,"### 用户兴趣偏好总结（场景1）
喜欢：该用户偏好金融理财品类（如黄金票、现金红包）、旅行服务（如酒店预订、携程）、电商购物（如考拉海购）和餐饮小吃（如菲滋）；关键词集中于支付宝、消费金、黄金票；品牌包括阿里妈妈、格林豪泰、华住酒店；使用场景主要为在线支付、旅行预订、日常消费及投资理财，体现对便捷金融和实用消费的倾向。

不喜欢：该用户不偏好借贷服务（如360借条）、任务型赚钱活动（如猜涨跌游戏）及服装饰品品类；关键词涉及借条、还款、猜涨跌；品牌如360借条、中信保诚基金；使用场景为借贷申请、游戏化金融产品及线下支付奖励积累，与点击行为中直接消费和旅行服务形成反差。",1,complete
70887,"喜欢：用户偏好信用卡申请品类，特别是中信银行品牌的产品；关键词包括信用卡、金卡、白金卡、办卡和申请；使用场景涉及在线金融申请、任务打卡活动（如服务使用中的""打卡/集步/任务""和搜索中的""每日打卡""），以及基于点击商品实体词的优惠券和红包相关互动。

不喜欢：用户不喜欢其他银行的信用卡申请（如招商银行、交通银行、浦发银行），以及借钱贷款服务（如北银消费金融借钱、伶俐贷、360借条）；关键词包括借钱、贷款、花呗和计算器；使用场景涉及贷款计算、借钱还款和非信用卡金融产品，基于未点击商品实体词的相反特征（如""借钱额度领取""和""花呗""）。",1,complete
1383851,"喜欢：用户偏好金融产品品类（如信用卡申请、红包任务），关键词包括月月赚、红包、任务、转账红包，品牌如中信银行，使用场景为游戏化任务平台（如支付宝月月赚）和在线金融操作，同时涉及日常清洁用品（湿巾、棉柔巾）。

不喜欢：用户不喜欢求职就业服务品类（如招聘、兼职），关键词包括提现、求职、招聘、批量转账，使用场景为提现-focused应用（如天天提现）和批量转账操作，基于未点击商品中与点击行为相反的特征（如求职服务与红包任务相反）。",1,complete
1010411,"喜欢：用户偏好支付宝生态内的消费相关服务，包括金融红包、消费金和网络购物（如点击商品实体词中的红包、金币、消费款），关键词涉及红包、金币、出行优惠（从搜索关键词和点击实体词提取），品牌如支付宝、阿里妈妈及酒店连锁（如如家酒店、锦江酒店），使用场景聚焦日常消费、在线支付和游戏化任务（如赚金币、出行预订，基于服务使用实体和交易行为）。

不喜欢：用户不喜欢借贷和信用卡申请产品，如贷款计算、分期还款和身份验证服务（从未点击商品实体词中的贷款计算、车贷计算、身份证等特征推断，与点击的奖励性金融行为相反）。",1,complete
1880258,"喜欢：用户偏好金融投资品类，如黄金票和现金红包；关键词集中于黄金、现金和财运；品牌涉及蚂蚁财富（从点击商品标题推断）；使用场景为在线理财和投资服务，体现对数字化金融工具的青睐。

不喜欢：用户不喜欢黄金价格查询、回收服务及实体黄金饰品（如戒指、吊坠），这些特征与点击行为相反，表现为对价格监控、回收流程和实物黄金的回避。",1,complete
1086357,"喜欢：用户偏好运动打卡和金融奖励品类，关键词包括运动、打卡、现金、红包、金币、步数，品牌如乐动力、嗨豹校园、优联、趣走、百尺竿头，使用场景为日常健康习惯养成（如早起、吃饭、运动打卡）和通过参与社区活动获取即时奖励。

不喜欢：用户不喜欢医疗健康服务和旅行票务品类，关键词如口腔科、体检、订票、船票，品牌如阿里健康医疗，使用场景为医疗保健咨询和长途旅行预订，基于未点击商品与点击行为中运动奖励特征相反。",1,complete
110509,"喜欢：用户偏好金融理财品类（如基金指数、存钱罐和赚钱活动），关键词包括红包、任务、月月赚、转账红包和金融指数（如沪深300、上证50），品牌涉及网商银行和天弘基金，使用场景集中于理财储蓄、日常支付转账和参与赚钱任务（如签到、集步）。

不喜欢：用户不感兴趣于游戏娱乐品类（如拼图和抽奖活动）及招聘求职服务（如兼职和提现操作），这些特征与点击行为中的金融理财和赚钱主题相反。",1,complete
1351204,"喜欢：用户偏好流量卡服务（尤其是中国联通品牌，如大王卡和小宝卡）、信用卡申请（如交通银行和中信银行），关键词涉及流量服务、话费充值、腾讯产品，使用场景聚焦移动通信和在线金融服务，包括办卡、领卡和充值操作。

不喜欢：用户对浦发银行、招商银行、平安银行等特定银行的信用卡申请不感兴趣，基于未点击行为中白金卡、车主信用卡等特征与点击偏好相反。",1,complete
1758908,"喜欢：偏好金融理财品类，如月月赚、黄金票和红包活动；关键词包括任务、现金红包和财运红包；品牌涉及蚂蚁财富；使用场景为在线理财投资、赚取现金和参与任务型红包互动。

不喜欢：基于未点击商品，不感兴趣于消费债务管理如花呗账单、兼职工作招聘如青团社相关服务，以及积分兑换等非理财类活动。",1,complete
608177,"喜欢：用户偏好红包奖励（如现金红包、支付宝红包）、旅行预订（酒店如锦江、华住、如家，品牌携程、考拉海购）、日常清洁用品（湿巾、棉柔巾），关键词包括支付宝、消费金、签到，使用场景为在线消费、生活缴费和奖励获取，涉及品牌支付宝、阿里妈妈及电商服务。

不喜欢：用户不喜欢任务驱动的赚取（如鱼苗、任务、新人红包）、香水或护肤彩妆（车载香水、香薰吊坠）、生鲜食品（绿色蔬菜、水果）及金融投资（黄金票、信用卡），关键词如任务、兑现金，使用场景为游戏化任务完成和商品兑换。",1,complete
613191,"喜欢：用户偏好公益环保类服务（偏好品类），关键词包括蚂蚁森林能量和绿色能量（关键词），品牌涉及支付宝（品牌），使用场景为日常公益参与和能量收集（使用场景），基于点击蚂蚁森林行为及搜索词如""蚂蚁森林能量""、""支付宝""、""余额宝""等数据。

不喜欢：用户不喜欢游戏化公益服务如蚂蚁庄园（基于未点击商品实体词""装扮""、""蚂蚁庄园""），以及旅游相关元素如酒店、植物园和爱琴海（基于未点击实体词""酒店""、""植物园""、""爱琴海""），与点击行为相反的特征体现为对非环保核心服务的回避。",1,complete
1726318,"喜欢：该用户偏好医疗保健服务品类，关键词包括医保、电子凭证、身份证（从搜索和点击行为体现），品牌如支付宝（基于搜索关键词），使用场景为在线办事、医保查询和身份验证（基于点击商品和服务使用实体）。
不喜欢：该用户不喜欢消费记录、账户变动和消费明细相关的细节内容（基于未点击商品实体词与点击行为相反的特征）。",1,complete
1006020,"喜欢：用户偏好现金红包和任务签到类应用（如花小宝、支付宝品牌），关键词包括现金、红包、任务、提现、零花钱，使用场景为日常赚小钱、缴费充值（如电费、话费）、实体店付款和理财服务（如基金、余额宝），偏好品类涵盖金融投资、生活缴费和休闲娱乐平台。
不喜欢：用户不喜欢证件照相关服务（如电子版照片），这与点击行为中偏好现金赚取活动相反的特征。",1,complete
756367,"喜欢：该用户偏好金融服务品类，特别是信用卡申请；关键词包括银行、信用卡、贷款；品牌偏好中信银行；使用场景涉及在线金融管理和日常消费支付，基于点击行为（如""中信银行申请信用卡""）和搜索关键词（如""信用卡""、""贷款分期额度""）。

不喜欢：该用户不喜欢环保产品品类，如生物降解制品和宠物拾便袋，这些特征与点击的金融服务相反，基于未点击商品（如""绿色行动生物降解制品""）的实体词（如""生物降解制品""、""宠物拾便袋""）。",1,complete
1425805,"喜欢：用户偏好金融红包和黄金相关品类（如现金红包、黄金票），关键词包括红包、黄金、花呗（源自搜索和点击行为），品牌如蚂蚁财富和支付宝相关服务（如花呗），使用场景为在线理财、信用管理和红包领取（基于交易和服务使用中的理财、转账行为）。

不喜欢：用户不喜欢信用报告查询和风险评估品类（如信用报告、分期付款），关键词如信用报告、风险评估（源自未点击商品实体词），使用场景为信用评估和分期购物（与点击的金融红包行为相反，未点击优品分期及相关实体）。",1,complete
1277925,"### 用户兴趣偏好总结（场景1）
喜欢：用户偏好出行服务品类（如打车、租车、代驾），关键词包括滴滴出行、专车和代金券，品牌如滴滴出行和华为，使用场景涉及日常通勤、外卖配送和交通支付（基于点击商品标题和实体词，如""滴滴出行-打车骑行火车租车代驾""、""用车费用""、""公交""，以及交易行为中的""打车券""、""外卖订单""和搜索关键词""滴滴出行""、""饿了么""）。

不喜欢：用户不喜欢与特定用车附加服务相关的功能（如芝麻GO），偏好直接的出行选项而非信用或会员类服务（基于未点击商品标题""滴滴出行x芝麻GO""和实体词""用车""，与点击行为中多样化的出行服务形成对比）。",1,complete
1035494,"喜欢：用户偏好电子产品品类如手机（iphone14）和智能手表（apple watch）、家电如空调（格力空调），以及娱乐产品（扭个蛋）；关键词集中于点餐、外卖、出行和理财；品牌倾向苹果、格力、美团和滴滴出行；使用场景包括在线购物、餐饮消费（如外卖点餐）、出行服务（如打车）和家庭生活维护。

不喜欢：基于未点击商品，用户不喜欢类似娱乐产品（如扭蛋工厂）、优惠券形式，以及重复或低吸引力产品（如苹果14）。",1,complete
1979966,"喜欢：该用户偏好金融服务（如红包、转账任务）和加油服务（如中石化相关），关键词包括月月赚、红包、任务和中石化，品牌偏好中石化，使用场景涉及日常消费、加油和在线任务赚钱（如通过支付宝参与赚钱活动）。

不喜欢：该用户不喜欢招聘求职（如兼职、岗位申请）和信用卡服务，关键词如求职、招聘和兼职，品牌如青团社和中信银行，使用场景包括找工作和副业（如语音直播或影视剪辑）。",1,complete
1073228,"喜欢：用户偏好金融理财品类，关键词如""月月赚""、""支付宝""、""现金红包""、""转账红包""，品牌涉及支付宝相关服务，使用场景为省钱赚钱和日常红包管理（基于点击商品标题""月月赚|支付宝消费金|赚一点""及实体词高频出现现金红包、转账红包、任务，搜索关键词""现金""、""理财""、""支付宝""支持）。

不喜欢：用户不喜欢美妆护肤、装饰装修、贷款保险等品类（基于未点击商品实体词如""美妆护肤""、""装饰装修""、""贷款计算""、""寿险""，与点击行为中纯金融红包特征相反）。",1,complete
520979,"喜欢：用户偏好金融服务品类，特别是信用卡还款和房贷管理，涉及关键词如还款、房贷、芝麻分；品牌偏好包括平安银行、招商银行和中国建设银行；使用场景集中于在线金融操作（如支付宝还款）和旅行预订（如酒店、机票）。

不喜欢：用户对信用卡办卡、信用额度申请或贷款服务不感兴趣，基于未点击行为中与点击行为相反的办卡、信用额度等特征。",1,complete
1561907,"喜欢：用户偏好会员服务（如双V会员、尊享会员）、生活缴费（如话费充值、电费、水费）和公益参与（如芭芭农场、蚂蚁庄园）等品类，关键词包括支付红包、出行优惠券、医保，品牌涉及中国移动、支付宝，使用场景聚焦省钱优惠、日常缴费和公益种树活动。

不喜欢：用户不喜欢投资理财（如证券、etf基金）和财富管理（如财富号、vip卡）等品类，基于未点击商品的反向特征，表现为对兴业证券、中信保诚基金等投资相关内容的回避。",1,complete
1441585,"喜欢：用户偏好金融理财和任务赚钱品类，关键词包括现金、红包、任务、签到、租赁，品牌如支付宝、华为、苹果、vivo，使用场景为在线赚取现金（如月月赚、转账红包）、租赁电子产品（如手机租赁）和日常福利活动（如签到领现金、支付宝任务）。

不喜欢：用户不喜欢证件服务和求职招聘品类，关键词如证件照、求职、花小钱、美妆，品牌如雅诗兰黛，使用场景为线下证件处理（如电子版照片）、求职活动（如招聘众包）和美妆消费（如护手霜、收纳柜），基于未点击商品中与点击行为相反的特征（如证件照、凯德龙之梦购物广场、美妆店）。",1,complete
1245062,"喜欢：用户偏好通信服务品类（如流量卡、话费充值）和金融产品（如信用卡申请），关键词包括流量服务、话费充值、领卡、王卡，品牌偏好中国联通、腾讯、中信银行、交通银行，使用场景为在线办理手机卡、流量卡充值和信用卡申请。

不喜欢：用户不感兴趣于招商银行信用卡、电脑相关产品（如维修）、浦发银行信用卡、电信流量卡服务，这些特征在未点击商品中与点击行为相反。",1,complete
353406,"喜欢：该用户偏好理财投资品类（如模拟炒股、基金），关键词包括公益、消费金、红包，品牌如alibaba、招商银行、携程，使用场景集中于在线互动任务（如云晨互动）和金融消费活动（如支付宝消费金），体现出对公益捐赠（器官捐献）、日常消费优惠及股票基金投资的兴趣。

不喜欢：基于未点击行为，该用户不喜欢借贷服务（如花呗、360借条），关键词如借款、还款，品牌如花呗周报，使用场景涉及高负债风险活动（如等额本息借贷）和特定公益形式（如芝麻公约），与点击的理财公益特征相反。",1,complete
1978681,"喜欢：用户偏好健身运动品类（如篮球、羽毛球、桌球）、在线游戏（如集集星球、喂鸡）、外卖服务（饿了么）、红包活动（收钱有奖、现金红包）和任务签到（如乐动力、集金豆）；关键词包括运动、红包、租赁、充值；品牌如支付宝、饿了么、乐动力；使用场景涉及运动场馆健身、游戏互动娱乐、外卖点餐消费、红包兑换和手机租赁。

不喜欢：基于未点击商品，用户不喜欢探险类游戏（如蚂蚁探险）、药品购买（饿了么买药）、超市购物（饿了么超市）、投资策略（答答星球）、租机服务（云享租机）和食品购买（果蔬肉蛋、牛奶），这些特征与点击行为中的运动、游戏和红包偏好相反。",1,complete
874103,"喜欢：偏好金融红包和现金奖励类品类，如现金红包、签到任务活动；关键词包括签到、任务、红包、充值话费；品牌涉及vivo和oppo；使用场景聚焦在线赚小钱（如天天赚小钱）、交通出行（公交、地铁）和日常话费充值，体现对省钱、便捷服务的兴趣。

不喜欢：避免口令红包、虚拟游戏物品（如鱼苗、福袋）和高端电子产品（如华为matepad）；关键词如口令红包、鱼苗；品牌如华为；使用场景为游戏化赚点（如拍派任务）或设备租赁，与点击行为中偏好真实现金奖励和实用品相反。",1,complete
1776725,"喜欢：用户偏好理财投资和消费优惠品类，关键词如""理财直播""、""现金红包""、""消费金""；品牌包括蚂蚁财富、支付宝、携程、考拉海购；使用场景为在线理财管理、红包领取和旅行预订（如酒店服务）。

不喜欢：用户不喜欢实物黄金交易品类，关键词如""金价""、""回收""；品牌如久久金管家；使用场景为黄金价格查询和回收服务。",1,complete
1033176,"喜欢：用户偏好餐饮品类如奶茶和小吃（如喜茶、芝士茶、豆浆），关键词包括浙江、公交和电影，品牌如喜茶、滴滴出行和铁路12306，使用场景涉及外卖点餐、交通出行（如公交乘车卡、地铁）和休闲娱乐（如电影票、奶茶消费）。  
不喜欢：用户不喜欢保险和借贷相关产品，如保费、保额和借贷平台（如相互宝、360借条），与点击的旅行和餐饮行为相反。",1,complete
1378583,"喜欢：用户偏好通信服务品类，特别是手机卡和流量卡办理，关键词如话费充值、流量服务、领卡、王卡和免流卡，品牌以中国联通为主（如联通阿里卡、大王卡），使用场景包括在线充值、免流量卡申请和流量优惠获取。

不喜欢：用户对金融信贷产品（如信用卡申请）、现金赚取任务（如赚零钱、签到赚金币）和攒钱计划（如支付宝小荷包）不感兴趣，这些特征与点击行为中的通信服务偏好相反。",1,complete
1805188,"喜欢：用户偏好个人信息查询服务（如同名查询），关键词包括""同名""、""查询""（基于点击商品标题和实体词），品牌如""顶顶""（点击商品标题），使用场景为身份验证或社交管理；同时，从交易行为看，对餐饮小吃（如馄饨、咖啡）、佩饰（发簪、项链）和饮品（果汁、酒类）有消费倾向，搜索关键词如""校园""、""点餐优惠""也反映相关兴趣。

不喜欢：用户对交通出行服务（如顺风车）、酒店住宿（如维多利亚大酒店）、快餐消费（如华莱士）和缴费服务（如交费）不感兴趣，基于未点击商品标题和实体词的相反特征。",1,complete
443934,"喜欢：偏好金融理财品类（如红包、任务、黄金票），关键词包括月月赚、转账红包、家庭资产和医保，品牌涉及蚂蚁财富、支付宝，使用场景为在线理财任务和家庭健康管理（如足浴包、按摩垫）。  
不喜欢：基于未点击商品特征，不喜欢招聘求职品类（如找工作、兼职）、借贷服务（如360借条、借款）及相关关键词（学历、公司企业）。",1,complete
757292,"喜欢：用户偏好赚取现金的金融奖励活动，如月月赚、红包任务、转账红包和现金红包，关键词包括月月赚、红包、任务，品牌涉及支付宝（从服务使用实体推断），使用场景为日常在线赚取零花钱；同时，对个人护理用品如湿巾和棉柔巾（点击商品实体词）有兴趣，偏好品类涵盖金融任务和个人清洁。

不喜欢：用户不喜欢即时提现类商品（如天天提现、开宝箱）、金币兑换、特定场景红包（如公交红包、地铁出行红包）、签到活动，以及美妆个护、装饰装修等品类（从未点击商品实体词），这些特征与点击行为中稳定的赚取任务相反。",1,complete
149345,"### 用户兴趣偏好总结（场景1）

喜欢：用户偏好出行服务品类（如打车、租车、代驾），关键词包括网约车、出行方式、点餐，品牌如滴滴出行、曹操出行、麦当劳、汉堡王，使用场景涉及日常通勤、外卖点单和移动应用服务。

不喜欢：用户不喜欢信用会员相关的出行服务，如芝麻GO，这与点击的纯粹出行功能相反。",1,complete
849362,"喜欢：用户偏好旅行相关品类（如酒店、航班），关键词包括出行、消费金、月月赚、现金红包，品牌如携程、考拉海购、锦江酒店、如家酒店，使用场景涉及出行规划（如车票预订）和日常消费支付（如电商购物、红包领取）。

不喜欢：用户不喜欢任务签到类活动（如做任务、签到）、兼职招聘服务（如青团社招聘），以及娱乐休闲产品（如洗浴、跳舞、公主城堡），基于未点击商品如扭个蛋、青团社兼职等与点击行为相反的特征。",1,complete
1069798,"喜欢：该用户偏好运动健身品类（如篮球、足球、游泳和桌球），关键词包括现金、红包、理财、运动、健身和任务，品牌如乐动力、支付宝、余额宝、荣耀和小米，使用场景涉及健身场馆活动、户外露营和理财投资管理。

不喜欢：基于未点击商品特征，用户不喜欢卫生用品品类（如卫生巾、洗衣液和一次性口罩），关键词如领券、任务（特定形式如抢红包或兑红包），品牌如Philips/飞利浦，使用场景为家庭清洁和个人卫生维护。",1,complete
1063602,"喜欢：用户偏好小额现金赚取和红包奖励服务，偏好品类为金融游戏化应用（如任务、签到类），关键词包括现金、红包、任务、提现，品牌涉及招商银行、中信银行等银行红包服务，使用场景聚焦日常娱乐性零花钱管理（如通过做任务和签到获取即时奖励）。
不喜欢：用户不喜欢投资理财和余额宝相关的正式金融管理工具，如记账本和余额宝资金，这些与点击行为中游戏化赚钱方式相反。",1,complete
171348,"喜欢：用户偏好金融理财品类，关键词如""月月赚、红包、任务、转账""，品牌如支付宝、蚂蚁财富，使用场景包括在线支付、任务奖励获取和日常理财管理。

不喜欢：用户不喜欢就业服务品类，关键词如""工作、招聘、兼职""，品牌如青团社，使用场景涉及求职、兼职申请和岗位搜索。",1,complete
1563617,"### 用户兴趣偏好总结（场景1）

喜欢：用户偏好现金奖励和任务完成类服务，品类包括红包、转账红包及任务型活动（如月月赚），关键词如现金、红包、转账、任务，品牌涉及支付宝（从服务使用和搜索中体现），使用场景为在线赚钱、日常支付和消费（如转账、花呗支付）。

不喜欢：用户不喜欢招聘和求职相关服务，品类包括兼职、找工作及招聘平台，关键词如招聘、兼职、求职，品牌如青团社（从未点击商品中体现），使用场景为求职活动和兼职就业。",1,complete
1030127,"喜欢：用户偏好包裹管理相关品类（如物流包裹、隐私面单、菜鸟裹裹），关键词包括优惠券、福利、粉丝福利，品牌如华为、三星、欧莱雅，使用场景为在线包裹追踪和家庭日常采购（涉及个人护理如护发精油、驱蚊喷雾，厨房用品如不粘锅，电子配件如充电线）。

不喜欢：基于未点击行为，用户不喜欢寄件服务相关品类（如邮寄包裹、快递寄递），关键词如寄快递、收件人，品牌如菜鸟裹裹、ems，使用场景为包裹寄送和物流服务（如商家寄件、快递单号管理）。",1,complete
74171,"喜欢：用户偏好租赁服务品类（特别是车辆租赁如电动车），关键词包括优惠券、免押金租赁和余额管理，品牌如卜丁租车，使用场景涉及出行、金融交易（如提现和余额宝）及日常消费（如外卖和充电服务）。

不喜欢：用户不喜欢账号管理、通信号码服务（如商家端功能），这与消费者租赁服务相反，基于未点击商品的特征。",1,complete
716235,"喜欢：偏好在线赚钱任务、现金红包和签到奖励，涉及品类如消费金、零花钱积累，关键词包括""赚一点""、""多多有礼""、""任务进度""，品牌如支付宝、携程、如家酒店，使用场景聚焦日常消费、旅行预订和理财服务（如支付宝生态应用）。
不喜欢：基于未点击商品特征，不喜欢金融借贷服务（如信用卡办理、消费金融借钱）、旧物回收（如旧衣服回收）和家电维修相关的内容，关键词如""贷款计算""、""上门服务维修""，品牌如浦发银行、北银消费金融。",1,complete
399001,"喜欢：用户偏好快餐食品品类（如麦当劳、火锅食材和无骨炸鸡），关键词包括外卖、饿了么、红包和亚运会，品牌如苹果、华为和雀巢咖啡，使用场景涉及早餐、外卖点餐和出行服务（如搜索地址和打卡）。

不喜欢：用户不喜欢超市购物、药品和个人护理产品品类，基于未点击商品如饿了么超市和卸妆水，与点击行为相反的特征包括金融服务（如公积金）和女性护理用品。",1,complete
1009629,"### 用户兴趣偏好总结（场景1）
喜欢：该用户偏好金融奖励品类，关键词集中于现金、红包、赚现金，品牌涉及支付宝（基于服务使用实体），使用场景为参与在线任务赚取现金奖励，体现对即时收益和任务型活动的兴趣。  
不喜欢：基于未点击商品特征，用户不喜欢娱乐（如电影）、饮品（如奶茶）、家居用品（如夏季草席）及积分奖励（如集分宝）等内容，与点击行为形成鲜明对比。",1,complete
1748711,"### 用户兴趣偏好总结（场景1）
喜欢：偏好电子产品租赁品类（如手机、平板、电脑）、旧物回收服务；关键词包括租赁、分期付款、免押金、回收、电影；品牌如小米、苹果、华为、vivo；使用场景为在线数码设备租赁、环保旧衣回收及娱乐观影。

不喜欢：基于未点击商品，不喜欢宠物托运、餐饮点餐、骑行服务等品类；关键词如宠物、托运、点餐、骑行；使用场景为宠物照顾和日常消费。",1,complete
262939,"喜欢：用户偏好数字公益游戏和金融服务品类，如蚂蚁庄园和蚂蚁森林的能量与装扮活动；关键词包括蚂蚁庄园、支付宝、余额宝；品牌倾向支付宝旗下服务；使用场景为日常娱乐和在线金融管理。

不喜欢：用户不喜欢邀请推荐新人好友、投资和酒店相关活动，基于未点击商品如蚂蚁森林公益林中的浇水、邀请推荐新人好友和投资实体词。",1,complete
1237569,"### 用户兴趣偏好总结（场景1）
喜欢：用户偏好金融理财品类，关键词包括现金红包、任务、签到、月月赚和集集攒，品牌如支付宝和网商银行，使用场景为日常通过手机应用赚取小额现金奖励、电话费充值和提现服务，体现对高效、直接收益的理财工具兴趣。

不喜欢：用户不喜欢招聘求职服务（如青团社招聘）、证件照处理、抽奖娱乐（如砸金蛋）以及实物奖励（如鸡蛋或红茶），这些特征与点击的赚钱任务和红包应用相反，反映对非核心金融或杂项服务的回避。",1,complete
616447,"喜欢：偏好品类为现金奖励红包和任务完成服务，关键词包括做任务、天天领钱、红包，品牌偏好友物（基于点击商品标题），使用场景涉及日常赚钱、任务领取现金红包（从点击商品实体词和服务使用实体如赚现金、做任务推断）。
不喜欢：基于未点击商品实体词，用户不喜欢交通相关红包（如地铁红包、公交红包）、奶茶相关物品（如奶茶杯子）、淘宝平台红包以及抽奖形式活动（如天天抽奖），这些特征与点击行为中的任务导向现金奖励相反。",1,complete
306571,"喜欢：该用户偏好金融理财品类（如黄金票、现金红包），关键词包括红包、黄金票、集集星球、饿了么，品牌涉及支付宝和饿了么，使用场景主要为在线理财（如蚂蚁财富黄金票）、外卖点餐（如饿了么）和游戏任务奖励（如集集星球喂鸡、集步数）。
不喜欢：基于未点击商品中与点击行为相反的特征，用户不喜欢借贷服务品类（如360借条），关键词如借款、借条、家电维修，品牌如360借条，使用场景涉及借贷（如等额本息还款）和日常杂务服务（如家电维修清洗、旧衣服回收）。",1,complete
1187520,"喜欢：该用户偏好理财和任务型赚钱活动，关键词包括月月赚、任务、红包和转账红包，品牌如支付宝（从服务使用实体）和饿了么果园（从服务使用实体），使用场景为日常理财管理、参与赚钱任务和红包领取。

不喜欢：该用户不喜欢简单红包领取活动，如口令红包和签到红包（从未点击商品实体词），关键词包括口令红包和签到红包，使用场景为被动签到类活动，无特定品牌偏好。",1,complete
1338908,"喜欢：用户偏好签到奖励和现金红包相关的品类，关键词包括签到、红包、开宝箱、现金领取，品牌如邦道和中超（基于点击标题），使用场景为日常应用中的现金获取活动（如签到领现金）。
不喜欢：用户不喜欢签到相关商品与打卡福利、提现或日常用品（如口罩、牙刷）结合的特征（基于未点击商品实体词）。",1,complete
251456,"喜欢：该用户偏好赚钱任务应用（如领现金红包、做任务、签到）和金融产品（信用卡申请、贷款额度），关键词包括现金红包、任务、支付宝、兑换现金、信用免押金，品牌涉及支付宝、中国联通、360借条、轩盛，使用场景为日常通过互动任务赚钱、管理金融事务及手机服务（流量卡、话费充值），并倾向回收服务（旧衣回收）和实用品类如湿巾、棉柔巾。

不喜欢：用户不喜欢工具类计算器（如个人所得税、存款计算器）、企业服务（如企业芝麻分、查商标）及教育信息（如热敷包、教育课程），这些特征与点击的互动赚钱任务和实用金融产品相反，体现对静态、非任务导向内容的回避。",1,complete
5200,"喜欢：用户偏好金融赚钱类服务（如月月赚、红包、现金红包）和个人护理用品（如湿巾、棉柔巾），关键词包括月月赚、红包、任务，品牌涉及支付宝相关平台（如蚂蚁庄园），使用场景为日常任务完成、赚取小额现金和医疗健康服务（如智慧医院挂号）。

不喜欢：用户不感兴趣于招聘求职类服务（如青团社兼职）和香水产品（如车载香水），关键词如招聘、求职，品牌如星巴克，使用场景为求职就业、娱乐消费（如剧本杀）和高端电子产品（如apple watch）。",1,complete
16437,"喜欢：用户偏好金融任务类服务（如月月赚、红包和转账红包），关键词包括红包、任务、转账和麦当劳，品牌涉及麦当劳、华为和OPPO，使用场景聚焦日常消费（如餐饮小吃、生鲜集市）、金融管理（转账收款、理财）和休闲娱乐（主题酒店、派对活动）。

不喜欢：用户对招聘求职（如青团社、找工作）、储蓄产品（如余额宝、笔笔攒）、美妆家居（如内衣、美妆）以及特定美食（如火锅）不感兴趣，这些特征与点击行为中的金融任务和娱乐活动形成鲜明对比。",1,complete
995536,"喜欢：用户偏好运动健身类活动（如篮球、羽毛球、桌球），尤其通过乐动力平台参与签到打卡赚取现金红包和积分；关键词包括乐动力、签到、红包；品牌涉及乐动力和支付宝生态（如蚂蚁会员）；使用场景为在线运动平台日常签到获取奖励，结合金融收益（如提现、积分）和日常用品（如牙膏、湿巾）。

不喜欢：用户不喜欢与运动签到无关的打卡活动（如睡觉或吃饭打卡）、餐饮点单（如奶茶、麦当劳）、健康医疗服务（如医疗体检）和信用贷款产品（如信用贷），这些特征与点击行为中的运动签到和金融红包相反。",1,complete
338051,"喜欢：用户偏好金融服务（如支付宝赚钱红包）、加油服务（如易捷加油）及食品（如八宝粥），关键词包括支付宝、红包、加油，品牌偏好支付宝和中石化，使用场景为在线支付和加油优惠消费。
不喜欢：用户不喜欢团油相关的加油服务品牌，如君达石化和通泰石化。",1,complete
746928,"喜欢：用户偏好金融奖励类活动，包括现金红包、提现和开宝箱等，关键词如现金、红包、口令红包、支付红包和领现金红包，品牌涉及支付宝（从搜索和点击实体推断），使用场景为在线签到、日常消费优惠和移动支付互动。

不喜欢：用户不喜欢任务密集型活动（如做任务、签到）和非现金相关商品，包括钻石、电话费、内衣、女装、家纺和箱包等，以及特定金融产品如提现额度和借呗额度。",1,complete
1388480,"### 用户兴趣偏好总结（场景1）
喜欢：用户偏好交通支付与停车服务（品类），关键词包括停车、乘车、麦当劳，品牌如捷停车、深圳通、麦当劳，使用场景为日常出行（如地铁、公交支付）和快餐消费（如麦当劳点餐）。  
不喜欢：用户不喜欢出行相关服务（品类），关键词如出行、免费停车、充电，品牌如车位掌柜，使用场景为汽车出行（如加油、充电服务）。",1,complete
744050,"喜欢：用户偏好生鲜食品购物品类，包括饮料（如零度可乐）、调味品（如葱姜料酒）、零食（如功夫桃酥）和生鲜产品（如黄天鹅鸡蛋、滕州土豆）；关键词涉及促销（如促销商品、叮咚大满冠）和日常消费（如早餐面包、包饺子）；品牌倾向叮咚买菜相关（如叮咚大满冠）和黄天鹅；使用场景聚焦家庭烹饪、早餐准备和日常生鲜采购，结合服务如芭芭农场积分活动。

不喜欢：基于未点击行为，用户不感兴趣教育类产品（如英语启蒙AI课）和电子设备租赁服务（如红米K50手机、平板iPad），与点击的生鲜食品特征相反。",1,complete
918500,"喜欢：用户偏好数字红包和任务奖励服务，如集分宝和红包，涉及品牌如艮琅和支付宝，关键词包括红包、集分宝、任务，使用场景为在线支付、省钱和奖励获取，偏好品类集中在金融奖励类服务。

不喜欢：基于未点击商品，用户不喜欢实用日用品（如卫生纸、纸巾、湿巾）、租赁服务（如租机）和保险等非奖励性商品，与点击行为中的金融奖励特征相反。",1,complete
1623558,"喜欢：用户偏好体育和运动相关品类，关键词包括乐动力、健身、体育赛事和篮球/羽毛球等具体运动，品牌如乐动力，使用场景涉及健身服务、运动场馆活动和赛事参与，基于点击乐动力商品及实体词（如羽毛球场地票、篮球馆、运动）的频繁出现。

不喜欢：用户不喜欢红包、任务型活动以及跳舞、登山等运动形式，基于未点击支付宝运动商品的特征（如红包、做任务、跳舞、登山），与点击行为中运动相关偏好形成反差。",1,complete
2006533,"喜欢：用户偏好金融理财品类（如黄金票、现金红包、基金），关键词包括黄金、理财、公益和支付宝相关服务，品牌如支付宝、阿里巴巴、桂格和华为，使用场景涉及在线投资（如蚂蚁财富黄金票）、数字支付（扫码付、花呗）和公益参与（芭芭农场、蚂蚁庄园）。

不喜欢：用户不喜欢借贷服务品类，基于未点击商品如360借条，关键词包括借款、借条和分期付款，使用场景为债务管理（等额本息还款）和信用借贷。",1,complete
1266960,"喜欢：偏好品类为金融产品（如黄金票、现金红包），关键词包括黄金、红包、消费券，品牌涉及蚂蚁财富和支付宝，使用场景聚焦财富管理和在线支付交易（基于点击商品和搜索关键词）。

不喜欢：不喜欢借贷服务（如借钱额度）、租赁服务（如租机租赁）和体育场馆活动（如羽毛球馆），基于未点击商品中与金融行为相反的特征。",1,complete
626485,"喜欢：用户偏好金融任务类服务（如赚现金红包和月月赚），关键词包括红包、任务、现金、转账红包和签到，品牌涉及中信银行信用卡和vivo/oppo相关产品，使用场景聚焦日常赚钱任务、红包领取和个人卫生管理（如湿巾和棉柔巾）。

不喜欢：用户不偏好借贷服务（如花呗）和转账操作，关键词包括花呗、平安银行和转账，品牌如平安银行信用卡，使用场景涉及借贷管理和银行转账服务。",1,complete
464619,"喜欢：用户偏好金融理财和小额现金奖励活动，包括品类如日常清洁用品（湿巾、棉柔巾）和在线任务服务，关键词如现金、红包、任务、签到、提现，品牌如支付宝、饿了么、滴滴出行，使用场景为日常省钱、在线签到赚钱和理财管理（如余额宝、蚂蚁财富）。

不喜欢：用户不喜欢涉及特定品牌（如vivo）、抽奖奖池或话费券等促销活动，这些特征在未点击商品中出现，与点击行为中直接的现金奖励和简单任务相反。",1,complete
437870,"喜欢：用户偏好手机卡办理和流量服务品类，关键词包括流量卡、电话卡、充值、王卡，品牌如中国联通和腾讯（通过大王卡），使用场景涉及在线通信、日常流量管理和话费充值（基于点击商品中高频出现的中国联通卡、流量服务、充值话费等实体词，以及搜索关键词如流量卡、电话费）。

不喜欢：用户不喜欢信用卡申请和红包服务品类，关键词如信用卡、红包、现金红包，品牌如中信银行和浦发银行，使用场景包括银行金融申请和签到红包活动（基于未点击商品中高频出现的信用卡、红包等实体词，与点击行为中避免的银行服务和一般红包特征相反）。",1,complete
1237694,"喜欢：该用户偏好品类包括电子产品租赁（如苹果手机、华为笔记本电脑）、运动服装（如运动鞋、休闲裤）、化妆品（如面霜、化妆刷）和家居用品（如净水设备、电脑桌），关键词如抽奖、签到、红包、集金豆和兑换，品牌如苹果、lululemon、adidas和妮维雅，使用场景涉及在线互动游戏（如掌上果园、集集星球）、设备租赁服务和日常购物（如奥特莱斯）。

不喜欢：基于未点击商品特征，用户不喜欢某些游戏平台（如集宝星球、集集攒）、特定租赁服务品牌（如叮咚租机、稻喜租机），以及美容产品（如美容棒）和奢侈品（如翡翠玉手镯），这些与点击行为中的偏好形成对比。",1,complete
1411283,"喜欢：偏好品类为金融理财和任务奖励应用，包括现金获取、签到任务和红包活动；关键词集中于现金、红包、签到、任务、提现；品牌偏好支付宝、中信银行、电信；使用场景涉及日常赚取零花钱、在线签到完成简单任务、手机支付理财（如话费充值和小额提现）。

不喜欢：基于未点击商品特征，用户不喜欢美容护肤产品（如精华露液）、服装类（如运动内衣和面包服）、教育费用相关（如亲子游和小钱袋）以及复杂金融投资（如沪深300指数和证券保险），这些与点击行为中简单直接的现金任务相反。",1,complete
1432727,"喜欢：用户偏好游戏娱乐品类（如泡泡龙王国、贪吃蛇大作战等互动游戏），关键词包括红包、现金红包和游戏，品牌倾向支付宝相关平台（如游戏中心），使用场景聚焦休闲娱乐和赚取小额现金奖励，同时关注个人护理用品如湿巾和棉柔巾。

不喜欢：用户对金融管理服务不感兴趣，包括提现额度、基金投资、指数分析等品类，避免涉及额度、提现免费额度、指数晴雨表等关键词和场景。",1,complete
1766766,"喜欢：偏好品类包括红包奖励任务和电子产品（如刮胡刀、电动牙刷），关键词如""红包""、""任务""、""抽奖""、""淘宝红包""，品牌偏好飞利浦（philips/飞利浦），使用场景涉及在线任务完成（如天天开红包）、生活缴费（如水电费）和公益服务（如蚂蚁庄园）。
不喜欢：基于未点击商品中与点击行为相反的特征，不喜欢外卖服务（如饿了么）、打车服务（如高德打车）、餐饮优惠（如星巴克、肯德基）和红包封面等，避免品类如餐饮美食和出行服务，关键词如""饿了么""、""高德打车""，品牌如星巴克，使用场景偏向实体店消费和红包封面应用。",1,complete
1621797,"喜欢：用户偏好金融投资品类（如基金、保险），关键词包括理财、直播、现金红包，品牌涉及天弘、中信建投证券、国泰君安资管等金融机构，使用场景为在线理财直播和现金赚取活动。

不喜欢：用户不喜欢行政服务及任务型应用，基于未点击商品的特征如房产税、租房、租机租赁和任务型现金收益，与点击行为中的主动投资理财形成反差。",1,complete
854579,"喜欢：该用户偏好金融理财品类（如红包、任务、月月赚）、游戏娱乐品类（如泡泡龙王国、植物大战僵尸）和日常用品品类（如湿巾、棉柔巾），关键词集中于现金、转账、游戏和支付，品牌涉及支付宝及相关游戏中心，使用场景主要为在线支付、游戏玩乐和日常个人消费。

不喜欢：基于未点击商品，用户不喜欢提现服务（如天天提现开宝箱）、招聘求职品类（如青团社招聘）、兼职工作以及健康休闲服务（如健身俱乐部、足疗按摩）。",1,complete
2010223,"喜欢：用户偏好出行服务品类，特别是打车应用如阳光出行、哈啰打车和曹操出行；关键词包括打车、用车、优惠券和城市移动；品牌涉及哈啰、曹操等出行平台；使用场景为日常城市通勤和优惠出行，结合搜索关键词如""公交乘车卡""和""打车""，以及服务使用实体如""叫车""和""网约车""。

不喜欢：用户不喜欢保险相关服务如相互宝，以及证件办理服务；关键词包括投保、保费、身份证明和居住证；使用场景为保险购买和证件申请，基于未点击商品实体如""投保""、""健康福""和""制作证件照""，与点击行为中出行偏好形成反差。",1,complete
1297329,"喜欢：用户偏好金融理财品类（如黄金票、现金红包）、互动游戏（如集集星球）、生活服务（如话费充值），关键词包括红包、黄金、现金、签到和兑换，品牌涉及蚂蚁财富和支付宝相关服务，使用场景为在线投资、游戏娱乐和日常消费支付。

不喜欢：用户不喜欢任务密集型签到活动（如签到任务）、集分宝相关理财产品，以及美容或无关品类（如植物染发剂、隐型眼镜），基于未点击商品中与点击行为相反的特征。",1,complete
1373290,"喜欢：用户偏好游戏品类中的休闲类游戏（如泡泡龙王国、贪吃蛇大作战），关键词包括红包、消费款、支付宝和任务，品牌如支付宝、考拉海购和携程，使用场景为通过支付宝平台进行游戏化任务、消费奖励活动和在线支付服务，体现对互动娱乐和消费激励的强烈兴趣。

不喜欢：用户不喜欢棋牌类游戏品类（如斗地主）和按摩仪器品类，关键词如网易账号和游戏充值，品牌如网易，使用场景涉及特定游戏充值或非支付宝生态的服务，反映对棋牌类娱乐和外部品牌服务的回避倾向。",1,complete
429317,"喜欢：用户偏好出行交通类服务（如公交、地铁、打车平台），关键词包括红包、优惠券、出行和支付；品牌涉及滴滴出行、饿了么、高德打车；使用场景为日常通勤、省钱优惠和移动支付。
不喜欢：用户对健身运动类活动（如游泳馆、篮球馆、体能训练）和高端电子产品（如iphone14、apple watch）不感兴趣，关键词如高尔夫、私教健身和租机租赁；品牌如格力空调；使用场景为健身娱乐和电子产品购买。",1,complete
174420,"喜欢：该用户偏好理财服务品类（如月月赚任务应用），关键词包括红包、转账红包、签到和电话费，品牌涉及淘票票（电影票服务），使用场景为日常财务管理、赚取现金奖励和在线娱乐消费（如电影票购买）。
不喜欢：该用户不喜欢招聘和兼职工作相关内容，如找工作、兼职和招聘（基于未点击商品中与点击行为相反的特征）。",1,complete
547887,"喜欢：该用户偏好出行服务品类（如火车票、酒店预订、拼车和租车），关键词包括优惠券、红包、健康管理（如健康码、核酸）和科技产品（如苹果手机）；品牌倾向哈啰、滴滴、支付宝和同程旅行；使用场景集中于交通出行（如日常通勤、长途旅行）、在线购物（如租赁和优惠获取）及健康防疫相关活动。

不喜欢：基于未点击的支付宝商家活动消费券，该用户不喜欢特定商家推广的消费券活动，与点击行为中偏好出行和科技优惠券的特征相反。",1,complete
357302,"喜欢：用户偏好金融理财类内容，如现金红包、黄金票和任务赚钱（偏好品类），关键词包括现金、红包、月月赚和支付宝（关键词），品牌涉及支付宝、蚂蚁财富、华为和oppo（品牌），使用场景聚焦在线赚钱任务、手机支付服务和日常消费（使用场景），基于点击行为中高频出现的现金红包、任务签到、话费充值等实体词。

不喜欢：用户不喜欢招聘求职类服务，如兼职和工作相关的内容，基于未点击商品中招聘者、求职人员、岗位等实体词与点击行为中赚钱和日常服务特征相反。",1,complete
1872072,"喜欢：用户偏好学生身份相关的服务品类（如学生验证和教育主题），关键词包括学生身份、自由卡和教育学，品牌如瑞幸咖啡、喜茶和淘票票电影，使用场景聚焦学生生活、休闲娱乐（如看电影和咖啡消费），体现对便捷学生权益和轻餐饮的兴趣。

不喜欢：基于未点击商品，用户不喜欢回收旧物相关服务（如回收旧物和证书）或非核心学生服务（如大学名称和周边游），这些特征与点击行为中的娱乐性和教育主题相反。",1,complete
779220,"喜欢：用户偏好快餐食品品类，尤其麦当劳品牌（基于点击商品标题），关键词包括麦当劳、消费券、外卖（来自搜索关键词），使用场景涉及餐饮外卖（如交易行为中的外卖盒、葱油拌面）和健康生活服务（如服务使用中的支付宝运动、种果树）。

不喜欢：用户不喜欢肯德基品牌（基于未点击商品标题），相关实体如小笼包、秘汁全鸡（来自未点击商品实体词），显示对竞争快餐和特定食物类型不感兴趣。",1,complete
847262,"喜欢：该用户偏好金融服务品类，如信用卡申请和话费充值；关键词包括信用卡、申请、流量服务；品牌偏好中信银行和中国联通；使用场景涉及在线金融交易和移动通信服务，体现对便捷支付和通信需求的兴趣。

不喜欢：该用户不喜欢其他银行的信用卡服务（如招商银行、平安银行、浦发银行），以及涉及额外条件（如车主信用卡、学历要求或汽车加油）的金融服务，反映出对非目标品牌和复杂要求的回避。",1,complete
792901,"喜欢：用户偏好金融投资品类（如基金、红包），关键词包括投资、现金和财富号，品牌如支付宝和饿了么，使用场景为在线金融管理和外卖点餐，基于点击商品""兴证全球星球彩蛋屋""的实体词红利指数、投资、红包，以及交易行为中的余额宝、花呗和服务使用中的基金、红包、支付宝等数据。
不喜欢：用户不喜欢电话费充值服务，基于未点击商品""手机充值充小侠""的实体词电话费、消费券，与点击行为中投资偏好相反。",1,complete
271683,"喜欢：用户偏好金融理财品类（如基金投资和理财直播），关键词包括消费券、麦当劳、塔可星，品牌如支付宝、天弘基金、塔可星，使用场景涉及在线投资学习、快餐消费和生活支付优惠。

不喜欢：用户不喜欢读书类内容（如小说和国学）以及娱乐化金融活动（如砸金蛋和淘宝直播），这些特征与点击行为中直接的理财和餐饮偏好相反。",1,complete
2010524,"喜欢：用户偏好金融理财和现金奖励品类，关键词包括现金、红包、任务、提现、签到、支付宝，品牌如支付宝、高德、花小宝，使用场景为在线赚钱应用、签到领现金红包、做任务赚零花钱及移动支付服务。  
不喜欢：用户不喜欢兼职工作和技能培训品类，关键词如招聘、求职、剪辑、调研，品牌如青团社兼职，使用场景为实际就业招聘、线下技能学习及商业保险服务。",1,complete
359730,"喜欢：用户偏好即时出行服务（如高德打车、闪送）和红包奖励（现金红包），品牌涉及高德、哈啰、中油好客e站，关键词包括""赚一点""、""同城最快""，使用场景聚焦日常通勤（公共交通、骑行）和生活便利（湿巾、棉柔巾等日常用品）。

不喜欢：用户不感兴趣于任务型赚小钱应用（如签到领奖、做任务提现），这些涉及金币、任务进度、兑换现金等特征，与点击行为中直接的实用服务相反。",1,complete
315815,"喜欢：用户偏好金融任务类应用（如月月赚），关键词包括现金、红包、转账红包和月月赚，品牌涉及支付宝生态（如支付宝红包），使用场景为通过简单在线任务赚取现金红包和获取日常用品（如湿巾、棉柔巾），体现对便捷赚钱和基础生活用品的兴趣。

不喜欢：用户不喜欢涉及招聘求职、兼职工作的任务应用（如青团社招聘）以及具体高端产品兑换（如苹果14 pro或水果），与点击行为相反的特征是实际工作导向而非纯任务奖励。",1,complete
1041772,"喜欢：用户偏好数字优惠品类，如红包、优惠券和积分兑换；关键词包括红包、收钱有奖和优惠券；品牌涉及支付宝、天猫和拼多多；使用场景为日常支付、转账和个人理财，基于点击商品实体词（如红包、优惠券、积分兑换）及交易行为（红包、支付宝、转账）和服务使用（红包、小荷包）数据。

不喜欢：用户不喜欢商业导向的服务，如收钱有奖商业版，与点击行为中个人优惠特征（如红包、积分兑换）相反，基于未点击商品实体词（收钱有奖）及未点击标题数据。",1,complete
647195,"喜欢：用户偏好快递物流服务品类（如包裹、快递、物流查询），关键词包括包裹、红包、运费保险和遮阳伞，品牌如阿里妈妈和华为（笔记本电脑），使用场景涉及个人快递管理、在线支付和购物支持（如菜鸟驿站、运单号查询和红包交易）。

不喜欢：用户不喜欢商家寄件服务品类（如寄递和打印机），关键词包括寄递、打印机和中通快递，品牌如中通和圆通速递，使用场景涉及商家端操作（如菜鸟裹裹商家寄件）和打印服务。",1,complete
1313414,"喜欢：用户偏好金融奖励类服务，如现金红包和任务完成，关键词包括现金、红包、任务；品牌涉及支付宝（服务使用实体）、饿了么（服务使用实体）和波司登（点击商品实体词）；使用场景主要为在线任务平台和移动支付环境，支持外卖点餐（服务使用实体）和日常小额奖励获取。

不喜欢：用户对高价值电子产品如手机、智能手表和家电不感兴趣，基于未点击商品如iphone14、apple watch和格力空调（未点击商品实体词），这些特征与点击的现金红包任务形成鲜明对比。",1,complete
421000,"喜欢：偏好品类为红包、抽奖活动和快餐餐饮（如麦当劳），关键词包括红包、任务、积分兑换和优惠券，品牌涉及麦当劳和支付宝，使用场景聚焦在线金融活动（如收钱有奖）和快餐消费。
不喜欢：偏好品类为投资理财（如基金）、旅游预订和户外活动，关键词包括NBA、基金和旅游，品牌如NBA球队和中信保诚，使用场景涉及商业金融（如指数投资）和旅游规划。",1,complete
215556,"喜欢：用户偏好消费相关的品类如旅行预订（酒店、航班管家）和在线购物（考拉海购），关键词包括红包、消费券和免押金租赁，品牌如支付宝、中国移动和锦江酒店，使用场景涉及日常支付（如红包使用）、会员服务（双V会员）和旅行规划（如高德打车）。

不喜欢：用户不喜欢贷款相关的金融产品，如信用额度计算、还款利息和本金管理，这与点击行为中消费和优惠偏好相反。",1,complete
1481178,"### 用户兴趣偏好总结（场景1）

喜欢：偏好快餐品类如汉堡、鸡肉和茶饮，关键词包括外卖、点单和奶茶，品牌如麦当劳、艾比客、老乡鸡、御泥坊和霸王茶姬，使用场景涉及点餐平台、外卖服务和在线支付（基于点击商品如麦当劳、艾比客汉堡炸鸡、老乡鸡餐厅，以及服务使用如外卖点餐、饿了么和搜索关键词如外卖、红包）。

不喜欢：肯德基品牌及其产品如烤鸡腿堡，以及老乡鸡品牌馆形式（基于未点击商品如肯德基宅急送和老乡鸡品牌馆，实体词显示未点击肯德基、烤鸡腿堡和鸡汁辣鱼，与点击行为中偏好麦当劳等竞争品牌相反）。",1,complete
1796621,"喜欢：用户偏好金融理财品类（如现金红包、任务赚钱和提现服务），关键词包括赚现金、签到、做任务和领红包，品牌涉及支付宝、中国移动和中信银行等，使用场景集中于在线任务赚钱、日常消费（如电话费充值）和理财管理（如月月赚）。

不喜欢：用户不喜欢招聘求职相关服务（如兼职、青团社招聘和求职就业），基于未点击商品中与点击行为相反的线下或工作导向特征（如到店红包和公交红包）。",1,complete
1726664,"喜欢：用户偏好电信通信服务（如流量卡和话费充值）和金融服务（特别是信用卡申请），关键词包括""申请信用卡""、""流量服务""和""领现金红包""，品牌如中信银行、中国联通和电信，使用场景涉及办理通信卡、参与现金奖励活动及金融申请流程。

不喜欢：用户对非中信银行的信用卡服务（如平安银行或交通银行）、贷款相关评估（如额度测评和芝麻分）以及非相关商品（如服装类工装裤）不感兴趣，这些特征与点击行为相反。",1,complete
1211096,"喜欢：用户偏好旅行相关品类，如酒店、机票、火车票和景点门票（如漂流、温泉），关键词包括火车票、免押金租赁和苹果产品；品牌倾向飞猪、支付宝和饿了么；使用场景涉及在线旅行预订（通过飞猪平台）、户外休闲活动（如踏青赏花、漂流）以及城市观光（如上海迪士尼、丽江）。

不喜欢：用户未点击铁路12306火车票服务，表明不喜欢官方订票平台；未点击实体词如租车和高铁票，与点击的汽车票和普通火车票偏好形成对比，显示对租车服务和特定交通方式的低兴趣。",1,complete
1679259,"### 用户兴趣偏好总结（场景1）

喜欢：用户偏好金融理财类产品（如现金红包、消费金），个人护理用品（如湿巾、棉柔巾），以及旅行服务（如酒店预订）；关键词集中于红包、支付宝、消费券；品牌涉及支付宝、携程、如家酒店；使用场景包括在线支付、日常消费和旅行规划。

不喜欢：用户不感兴趣话费充值类产品（如充值话费、话费券）、签到任务应用（如签到、做任务）和提现服务，这些特征与点击行为相反，表现为间接赚取方式而非直接金融收益。",1,complete
859099,"喜欢：该用户偏好社会保险和现金红包相关品类，关键词如现金、红包、人社、社会保障，品牌包括黑龙江人社和支付宝，使用场景涉及签到领现金、做任务获取社会保障福利（如失业保险和职业年金），并关注黑龙江地域服务。

不喜欢：基于未点击行为，用户不喜欢便利店优惠、券卡和VIP卡等商业促销活动，关键词如赚小钱和收支明细，品牌如融惠微利便利店，使用场景涉及签到领奖励的商业赚取机制，与点击的社会保障服务形成鲜明对比。",1,complete
1187081,"喜欢：该用户偏好汽车加油服务品类，关键词包括加油、油价和支付，品牌如支付宝和中国石油天然气，使用场景涉及在线支付加油、汽车维护和油价查询。

不喜欢：用户不喜欢强调优惠券和折扣的加油服务，如易加油，表现为对省钱折扣类特征的回避。",1,complete
689249,"喜欢：用户偏好公益服务品类如蚂蚁庄园和芭芭农场，关键词包括公益、水果、医保和公交；品牌方面倾向支付宝相关服务（如蚂蚁公益）；使用场景涉及公益捐赠（如种果树、捐步）、出行（如公交乘车）和医疗支付（如电子社保卡），具体表现为对水果（芒果、苹果、橙子等）和医疗实体的高频点击。

不喜欢：用户不喜欢手机农场类游戏，以及特征如收件地址、免押金、押金和苹果品牌产品，这些与点击行为中公益服务和水果偏好相反。",1,complete
212400,"喜欢：用户偏好金融服务品类如现金红包、转账红包和月月赚任务，政府服务如人社、医保和养老金查询，出行服务如滴滴出行和火车票预订，以及科技产品如苹果iPhone和华为手机；关键词包括现金、红包、任务、出行；品牌涉及滴滴、支付宝、苹果、华为；使用场景为在线赚钱活动、政府服务办理和出行规划。

不喜欢：基于未点击商品中与点击行为相反的特征，用户不喜欢签到类任务、招聘兼职平台（如青团社招聘）以及饿了么红包等特定优惠券，这些特征与点击的正式赚钱和政府服务形成对比。",1,complete
1131066,"喜欢：该用户偏好通信服务品类（如流量卡和手机卡办理）、金融服务品类（如信用卡申请和借款额度），关键词包括流量卡申请、信用卡办理、借钱额度、赚零钱任务和证件照，品牌倾向中国联通、电信、中信银行和360借条，使用场景涉及在线通信服务办理、金融借贷操作和日常赚钱活动（如打卡、红包任务）。

不喜欢：基于未点击商品特征，用户不喜欢其他银行的信用卡品类（如平安银行和浦发银行）、复杂贷款服务品类，关键词如信用额度测评、借钱利息计算和货币汇率换算，品牌如平安银行、浦发银行和交通银行，使用场景包括需要邮寄地址的服务和金融计算工具（如社保计算器）。",1,complete
733493,"喜欢：用户偏好金融服务品类，特别是信用贷款和提现分期，关键词如极速借钱、安逸花和信用贷，品牌如马上消费和优逸花，使用场景为在线快速借贷、分期还款及支付宝集成服务。
不喜欢：用户不偏好未点击商品的特征，如纯备用金和借款服务，缺乏支付宝或信用贷集成。",1,complete
1744881,"喜欢：用户偏好金融投资品类（如模拟炒股、基金），关键词包括理财、红包、签到和任务进度，品牌如隆基绿能、五粮液，使用场景为在线金融平台和游戏化任务应用（如红包领取、现金兑换）。  
不喜欢：用户不喜欢话费充值品类（如话费券、电话费），关键词如租机、维修，品牌如叮咚租机，使用场景为设备租赁服务和日常维护（如上门维修、湿巾购买）。",1,complete
254780,"喜欢：用户偏好金融服务和赚钱任务类内容，包括品类如红包活动、积分夺宝和租赁服务（如人人租机），关键词如月月赚、红包、任务、转账红包和现金，品牌涉及支付宝、建行和人人租机，使用场景聚焦在线任务完成、现金领取和金融服务应用（如话费充值、理财）。  
不喜欢：用户不感兴趣求职招聘类内容，基于未点击商品特征，包括品类如岗位招聘和工作申请，关键词如求职就业、公司企业和营业执照，品牌如青团社，使用场景涉及求职平台和企业招聘活动。",1,complete
858599,"喜欢：用户偏好金融任务和赚钱应用类服务，包括签到赚钱、做任务赚零花钱、红包领取和理财贷款（偏好品类）；关键词如现金、任务、花呗、支付宝和流量服务；品牌涉及支付宝、花呗、中国移动和中信银行；使用场景为在线赚钱任务、金融管理和红包/话费兑换。

不喜欢：用户不喜欢实物消费和生活用品类商品，如清洁产品（蓝月亮）、卫生用品（口罩）、宠物食品（犬粮）、美容化妆品（海蓝之谜）和服装（泳装、羽绒服），这些特征与点击行为中的虚拟金融任务相反。",1,complete
1295286,"喜欢：用户偏好赚钱应用、现金红包、任务奖励、数码产品租赁（如手机租赁）和旧物回收服务（如旧衣回收），关键词包括现金、红包、任务、租赁、回收，品牌如中国移动、阿里妈妈、叮咚租机，使用场景为在线任务完成、金融管理和资源循环利用。

不喜欢：用户不喜欢食品类商品（如鸡蛋、小鸡）、个人护理产品（如剃须刀、车载香水）和特定服务优惠（如外卖红包、话费券），这些特征与点击的赚钱和租赁主题相反。",1,complete
1023049,"喜欢：该用户偏好健康管理、运动打卡和社会保障相关品类，关键词包括健康福、打卡、步数和积分，品牌涉及支付宝等数字服务平台，使用场景为日常健康监测、运动记录和积分兑换活动（基于点击商品如""支付宝运动|流量钱包|健康福打卡福利""及其实体词健康问题、社会保障、流量服务）。

不喜欢：该用户不倾向于流量充值、生活缴费工具、健身应用和保险互助计划，基于未点击商品如""充小侠流量充值""、""生活缴费小程序""、""乐刻运动""和""相互宝""及其实体词流量充值、交费、购卡、保险，与点击行为中的健康互动服务特征相反。",1,complete
1383342,"喜欢：用户偏好移动通信服务品类，特别是话费充值、流量查询和账单管理；关键词包括话费、充值、支付宝和手机服务；品牌倾向中国移动；使用场景涉及在线支付、手机话费管理和流量使用，如通过支付宝进行充值操作。

不喜欢：用户不喜欢红包服务和积分查询功能，基于未点击中国移动和包商品中与点击行为相反的特征，如话费红包和积分相关服务。",1,complete
1577689,"喜欢：该用户偏好金融产品品类，特别是信用卡申请，关键词包括信用卡、红包、现金、任务，品牌如中信银行，使用场景涉及日常金融管理、签到打卡赚取奖励和现金红包兑换。
不喜欢：基于未点击行为，用户不喜欢与手机卡、手机号码卡相关的赚钱服务。",1,complete
725490,"喜欢：用户偏好理财品类如黄金票和现金红包，关键词涉及黄金、财运、电影和打车，品牌包括蚂蚁财富、淘票票和花小猪打车，使用场景为在线投资、电影购票和网约车出行。

不喜欢：用户不喜欢黄金回收服务、金价查询和饰品购买，基于未点击商品的特征如回收、金价和饰品。",1,complete
1270507,"喜欢：用户偏好现金红包、转账红包、月月赚等赚钱任务类活动，以及日常消费品如棉柔巾和湿巾；关键词集中于现金、红包、任务；品牌涉及蜜雪冰城和顺风车服务；使用场景包括轻松赚钱、日常消费和出行优惠。

不喜欢：用户不喜欢招聘、兼职和工作相关商品，如青团社兼职，与点击的轻松赚钱任务特征相反，表现为对正式求职、岗位招聘的回避。",1,complete
1924587,"喜欢：用户偏好运动相关品类（如健身、跑步、骑行、跳舞、登山），关键词包括支付宝运动、步数、任务、运动数据，品牌涉及支付宝，使用场景为日常健身、户外活动和任务型运动互动（如通过支付宝运动完成步数挑战）。

不喜欢：用户不喜欢运动相关的商业化服务（如运动银行、卡币、运动补贴）和非运动产品（如面霜、书橱、口腔护理），基于未点击商品中与点击行为相反的特征（如运动工作室、运动水壶等非核心运动项目）。",1,complete
1981519,"喜欢：用户偏好物流快递服务（如德邦物流、菜鸟驿站和滴滴货运运货搬家）、电子产品（如华为笔记本电脑）、儿童用品（如儿童船袜和公主袜）以及支付相关服务（如花呗和支付宝）；关键词涉及快递、租赁和运货；品牌包括华为、菜鸟和滴滴；使用场景聚焦于物流运输、快递查询和家庭日常生活。

不喜欢：用户不喜欢圆通速递和申通快递服务，基于未点击商品中与点击行为相反的快递品牌特征（如圆通速递物流和申通），反映出对特定快递寄件服务的回避。",1,complete
1501910,"喜欢：用户偏好金融理财品类（如黄金票、现金红包），关键词包括现金、红包、黄金票、证件相关（如身份证、乘机证明），品牌如蚂蚁财富，使用场景为在线理财工具和证件服务办理。  
不喜欢：用户不喜欢实际黄金交易品类（如金价查询、黄金回收），关键词如金价、回收、金条，品牌如久久金管家，使用场景如黄金购买和回收服务。",1,complete
304652,"喜欢：用户偏好金融服务品类（如信用卡申请和贷款额度）、通信服务品类（如话费充值和流量卡），关键词包括申请、办理、优惠券、还款，品牌如中信银行、中国联通和360借条，使用场景为在线金融管理、通信充值及参与任务赚钱（如做任务领现金）。
不喜欢：用户不喜欢外汇交易品类（如货币兑换）、红包设计品类（如封面服务），关键词如外汇、红包封面、备用金，品牌如交通银行和伶俐贷，使用场景为货币兑换、红包装饰及特定贷款工具申请。",1,complete
52124,"喜欢：用户偏好金融支付服务（如支付宝红包、赚钱红包、现金奖励）和健康医疗（如医院问诊、预约记录、内分泌科），关键词包括红包、支付宝、现金、奖金、医院，品牌如支付宝和花呗，使用场景涉及在线理财（如余额宝）、健康咨询和日常支付交易。

不喜欢：用户不喜欢娱乐产品（如扭个蛋）、家电（如格力空调）和高端消费电子（如iphone14、apple watch），这些特征与点击的金融健康服务相反，表现为休闲娱乐和科技消费。",1,complete
5376,"喜欢：用户偏好金融投资品类，如黄金票和现金红包；关键词包括黄金、积分和红包；品牌偏好蚂蚁财富；使用场景为通过支付宝平台进行在线财富管理和红包领取。

不喜欢：用户不喜欢食品饮料品类（如水果茶）和借贷服务（如借条）；关键词包括借条、借款和分期；使用场景涉及消费借贷和个人信息修改；品牌如360借条。",1,complete
1848030,"喜欢：该用户偏好现金奖励活动和任务赚钱品类，关键词包括现金、红包、任务、信用卡、借条，品牌涉及支付宝、交通银行、中信银行、360借条、轩盛，使用场景为日常在线赚钱（如做任务、领现金红包）、金融申请（如信用卡办卡、借钱额度领取）和设备租赁（如手机租赁、旧衣回收）。

不喜欢：用户不喜欢贷款还款计算和通信服务品类，基于未点击商品特征，包括贷款计算工具（如等额本金、社保计算器）、电话费充值（如中国联通流量卡、话费券）和流量卡申请，与点击行为中偏好申请而非计算的特征相反。",1,complete
1063020,"喜欢：用户偏好金融支付和抽奖活动，关键词包括红包、现金、抽奖，品牌如支付宝（从服务使用和搜索关键词体现），使用场景为在线支付和日常消费互动（基于点击商品如""红包|天天抽奖-心愿金""和服务使用如""天天抽奖、支付宝""）。

不喜欢：用户不喜欢扭蛋类游戏、租车服务以及家电产品（如空调），这些特征在未点击商品如""扭个蛋""、""扭蛋工厂""、""神州租车""、""格力空调""中与点击的现金红包和抽奖行为相反。",1,complete
366678,"喜欢：用户偏好金融理财和现金奖励类服务，偏好品类包括任务型应用（如签到领红包、做任务赚现金）、日用品（如湿巾、棉柔巾作为奖励）；关键词涉及赚现金、领红包、做任务、签到、提现、电话费；品牌偏好苹果（iPhone作为奖金奖励）和支付宝相关服务（如余额宝）；使用场景为日常省钱赚零花，通过简单任务获取即时奖励。

不喜欢：用户不喜欢求职平台和家居消费类商品，偏好品类与点击行为相反，如求职服务（招聘、兼职）和家居用品（车载挂件、玻璃杯）；关键词涉及求职、商品拍摄、口令红包；品牌如青团社（招聘平台）；使用场景为购物消费或就业相关活动，与理财任务无关。",1,complete
570011,"喜欢：用户偏好金融理财和现金奖励服务，包括红包、现金领取、支付宝相关应用（如支付宝小荷包、月月赚）；关键词如红包、现金、支付宝、任务；品牌偏好支付宝；使用场景为在线赚取现金、日常理财和支付活动。

不喜欢：用户对招聘、兼职、求职类内容不感兴趣，如找工作、兼职应用和求职服务。",1,complete
1746463,"### 用户兴趣偏好总结（场景1）
喜欢：用户偏好金融投资品类，特别是基金和指数产品（如沪深300、中证500、证券保险）；关键词涉及基金、指数、投资和财富管理（从搜索词""基金""、""财富号""、""余额宝""等体现）；品牌倾向天弘基金（基于点击商品）；使用场景集中在在线理财平台（如支付宝、理财服务），用于财富增值和资产管理。

不喜欢：用户不喜欢兴业证券品牌和军工相关投资产品（如中证军工指数），基于未点击商品与点击行为相反的特征（点击商品聚焦广泛指数和天弘基金，未点击商品突出兴业证券和军工主题）。",1,complete
275447,"喜欢：用户偏好餐饮品类（如美食外卖、超市便利和鲜花配送），关键词包括饿了么、外卖和超市，品牌如饿了么（平台），使用场景为在线点餐、团购和超市购物，基于点击行为（如""口碑团购|饿了么超市|饿了么""）及交易实体（如香辣鸡腿、星巴克）和服务使用（如外卖点餐）的支持。

不喜欢：用户不喜欢药品购买服务，关键词如买药和账户异常，使用场景为医疗相关交易，基于未点击商品（""饿了么买药""）中与点击行为相反的特征（点击涉及食品和超市，未点击实体如买药、账户异常）。",1,complete
769343,"喜欢：用户偏好金融理财类应用（如月月赚）和红包服务（包括转账红包、现金红包），关键词涉及现金、出行优惠券和任务型活动，品牌包括支付宝（如双V会员）和滴滴出行，使用场景覆盖日常消费（如话费充值）、出行（如打车、火车）和任务管理。

不喜欢：用户不喜欢新人专属红包（如新人红包、福袋）和简单摇红包活动，偏好更实质性的金融任务和出行服务。",1,complete
43141,"喜欢：用户偏好健身服务品类，关键词包括乐动力、健身和体育赛事，品牌为乐动力，使用场景涉及运动场馆和日常健身活动，体现对健康生活方式的兴趣。

不喜欢：用户不喜欢珠宝首饰品类，关键词如周六福、黄金和吊坠，品牌如周六福和中国黄金，使用场景涉及珠宝购买和黄金饰品交易，反映对贵重饰品缺乏兴趣。",1,complete
688537,"### 用户兴趣偏好总结（场景1）

喜欢：用户偏好金融理财和现金奖励服务，偏好品类包括任务型应用和话费充值，关键词如现金、红包、任务、签到和支付宝，品牌如支付宝和中国移动，使用场景涉及日常签到任务、现金领取、话费充值以及游戏玩乐（如植物大战僵尸、贪吃蛇）。

不喜欢：用户不喜欢的内容包括实物商品和教育服务，偏好品类如日用品（洗衣液、卫生巾）和证件办理（护照、会计），关键词如洗衣液、会计、护照和租机分期，使用场景如购物消费、教育考试和健康管理（按摩仪器），避免品牌如JJ斗地主。",1,complete
1169164,"### 用户兴趣偏好总结（场景1）
喜欢：该用户偏好理财品类（如黄金票、现金红包）、运动相关（如健身、足球、支付宝运动），关键词包括运动、抽奖、理财和支付宝服务，品牌涉及支付宝、荣耀和Apple，使用场景涵盖日常理财管理、运动健身活动和在线消费奖励（如优惠券和红包）。  
不喜欢：基于未点击商品特征，用户不喜欢移动运营商服务（如中国移动流量充值）、借贷应用（如360借条）和特定运动服务（如天天运动），与点击行为中偏好支付宝平台和奖励性内容相反。",1,complete
869562,"喜欢：用户偏好金融理财品类（如红包、现金任务和月月赚服务），关键词包括转账红包、任务和湿巾，品牌涉及支付宝相关服务（如蚂蚁庄园），使用场景集中于日常赚钱任务、个人日用品消费（如棉柔巾）和教育内容阅读（如小说和儿童故事）。

不喜欢：用户不喜欢话费充值品类（如话费券和电话费）、医疗健康服务（如医疗口腔）和运动健身活动，关键词包括中国移动、运动健身和抽奖，品牌如中信银行，使用场景在通信充值、健康管理和健身领域。",1,complete
550004,"喜欢：用户偏好3C产品租赁品类，特别是智能手机（如苹果iPhone 13系列、华为手机）和笔记本电脑（如MacBook）；关键词包括""租机""和""免押金""；品牌涉及Apple、华为和小米；使用场景为在线免押金设备租赁服务，用于个人或商务需求。
不喜欢：基于未点击商品特征，用户不喜欢苹果iPhone 14系列、iPhone 11、台式电脑、游戏机和小米13 pro等特定产品类型及品牌。",1,complete
81067,"喜欢：该用户偏好金融奖励类应用（如红包、现金领取和月月赚任务），关键词包括现金、红包、签到和转账，品牌涉及支付宝和信用卡服务（如北银消费金融），使用场景为日常签到领现金、在线支付和任务完成。
不喜欢：该用户不喜欢运动健康类（如健步行）、宠物服务（如宠物体检）和时尚购物（如女装），关键词包括运动步数、喵星人和女秋装，品牌如招商信诺，使用场景为健身打卡、宠物护理和兼职平台。",1,complete
437710,"喜欢：用户偏好品类包括加油服务（如易捷加油）和音频娱乐会员（如喜马拉雅万物声会员充值），关键词涉及充值、年卡、油卡，品牌倾向易捷、山姆会员商店和支付宝，使用场景集中于交通出行（如公交、加油站）和娱乐消费（如会员充值）。  
不喜欢：用户不喜欢返利优惠（如多多优惠）和特定加油服务（如中油好客e站），以及家居清洁产品（如洗菜盆、马桶清洁剂），基于未点击商品中与点击行为相反的返利促销和加油卡特征。",1,complete
1948081,"### 用户兴趣偏好总结（场景1）
喜欢：用户偏好金融投资类活动（如赚钱红包、任务完成和产品租赁），关键词集中于红包、任务、现金、金币和月月赚，品牌涉及支付宝、中国移动和伊利，使用场景为在线赚钱任务（如抽奖、兑换现金）和设备租赁（如手机、电脑租赁）。  
不喜欢：用户不喜欢求职招聘服务（如青团社招聘）、日常商品消费（如保暖内衣、香水）和签到任务（如天天签到），基于未点击商品中与点击行为相反的特征（如工作、招聘、非核心金融活动）。",1,complete
718410,"### 用户兴趣偏好总结（场景1）
喜欢：用户偏好金融理财品类（如大额存单、信用卡和理财产品），关键词包括金币、红包、兑换现金和任务进度，品牌如网商银行、支付宝和多多有礼，使用场景涉及在线签到赚取奖励、管理财务任务和现金红包活动。  
不喜欢：用户不喜欢某些签到活动品牌（如邦道和乔木抽奖），以及实物商品品类（如中国黄金和个人护理用品），关键词如花呗周报、商品券和卫生巾，使用场景包括抽奖活动和非金融奖励的实物兑换。",1,complete
797276,"喜欢：用户偏好金融理财品类（如基金、投资和红包），关键词包括黄金票、现金红包、理财直播和财富直播，品牌涉及中泰资管、国泰君安资管、中信建投证券等证券公司，使用场景为在线理财投资、生活缴费（如水费、电费）和红包领取活动。

不喜欢：用户不喜欢社保和记账相关品类（如缴社保、记帐本），关键词如医保电子凭证和社会保障，使用场景涉及行政事务（如社保核单、医保凭证）和记账工具（如账本、资金小蜜），基于未点击行为中与点击理财和缴费相反的特征。",1,complete
719769,"喜欢：用户偏好金融奖励类产品如现金红包、转账红包和月月赚任务（偏好品类），关键词包括红包、月月赚和任务（关键词），品牌涉及支付宝（品牌），使用场景为通过支付宝平台进行赚钱任务和日常消费，如湿巾、棉柔巾等个人护理用品（使用场景）。

不喜欢：用户不喜欢抽奖活动、话费充值、提现操作和游戏化赚钱元素如扭蛋工厂（偏好品类），关键词如签到、做任务和领话费（关键词），品牌如oppo、格力空调和apple watch（品牌），使用场景涉及抽奖平台、话费管理及提现流程（使用场景）。",1,complete
716741,"喜欢：该用户偏好金融投资品类，关键词包括理财、保险、基金和投资，品牌如国信证券、中信建投证券和天弘基金，使用场景涉及在线理财直播、投资教育和财富管理（基于点击商品标题""理财直播""、点击商品实体词""国信证券,保险,中信建投证券,基金|保险,投资,国信证券,天弘""、搜索关键词""理财直播,保险服务,财富直播""、服务使用实体""理财,基金,保险,直播""）。

不喜欢：该用户不喜欢日常消费和红包奖励品类，关键词如红包、现金和母婴，品牌不明显（基于未点击商品实体词""红包|赚钱红包,支付宝|红包,女装,家纺,洗脸巾,运动,母婴|红包,现金红包,平台红包""），使用场景如到店付款攒现金活动（基于未点击商品标题""到店付款攒现金省咖领|赚钱红包|到店付款攒现金红包奖励省咖Tim|到店付款攒现金奖励""）。",1,complete
869145,"喜欢：用户偏好红包任务类活动，关键词包括红包、现金、蚂蚁森林能量，品牌涉及支付宝相关服务（如芭芭农场、蚂蚁森林），使用场景为通过游戏化任务（如做任务、种果树）赚取现金和参与公益慈善（如公益种树），偏好品类集中于互动小游戏和理财服务中的现金获取。

不喜欢：用户不喜欢被动现金领取（如地铁红包、公交红包）、投资产品（如基金机构、宝盈基金）和非任务导向的游戏玩乐（如游戏中心、植物大战僵尸），基于未点击商品中与点击行为相反的特征，如现金领取、投资和游戏中心活动。",1,complete
815597,"喜欢：用户偏好信用卡品类，特别是中信银行的品牌（如金卡、白金卡），关键词包括办卡、申请和银联相关，使用场景涉及在线金融交易、支付和消费信贷（基于点击商品标题和实体词，如""中信银行信用卡办理申请""和""信用卡""实体）。

不喜欢：用户不喜欢招商银行和平安银行的信用卡产品（基于未点击商品标题""招商银行信用卡申请|银行信用卡平安""和实体词""信用卡申请办理""），表现为对非中信银行品牌的信用卡缺乏兴趣。",1,complete
1821763,"喜欢：该用户偏好出行服务品类（如打车、租车、代驾），关键词包括滴滴出行、打车券和支付宝；品牌偏好滴滴出行；使用场景涉及城市通勤和日常出行（基于点击商品标题""滴滴出行-打车骑行火车租车代驾""、点击商品实体词""滴滴拼车""和搜索关键词""打车券""、""滴滴出行""、""支付宝""）。

不喜欢：该用户不喜欢消费券红包圈、快递服务、家居清洁用品（如厨房用纸、蚊香液）和美妆个护产品（基于未点击商品标题""消费好物圈|天天消费领券红包圈""和未点击商品实体词""快递""、""厨房用纸""、""蚊香液""、""洗衣凝珠球""、""洗脸巾""、""美妆个护""，与点击行为中出行服务特征相反）。",1,complete
1535546,"喜欢：用户偏好家庭服务和个人护理品类（如内衣、浴裙、足浴包、按摩垫），关键词包括家庭积分、蚂蚁庄园、装扮，品牌涉及蚂蚁庄园，使用场景为家庭养生和支付宝游戏（如芭芭农场、蚂蚁庄园）。
不喜欢：用户不喜欢外卖和攒钱工具品类（如零食、超市购物），基于未点击商品如饿了么和支付宝小荷包的特征相反。",1,complete
1408836,"### 用户兴趣偏好总结（场景1）
喜欢：用户偏好现金奖励服务（如现金红包和集分宝）、租赁服务（手机/电脑租赁）、日常用品（湿巾和棉柔巾），关键词包括现金、红包、租赁、任务，品牌涉及中国移动、支付宝和伊利，使用场景为在线赚取现金、参与任务型活动和租赁设备。  
不喜欢：用户不喜欢被动赚小钱方式（如签到领奖励）、话费相关服务（如话费券和电话费），以及非核心商品（如车载香水和染发膏），这些特征与点击行为中的主动任务和租赁服务相反。",1,complete
715225,"喜欢：偏好品类包括拍卖商品（如二手车、房产、工艺珍玩）、环保公益（蚂蚁森林相关活动）；关键词如阿里拍卖、蚂蚁森林能量、种树；品牌如奔驰；使用场景为在线拍卖平台参与和公益种树/森林能量积累。

不喜欢：基于未点击公益林商品，偏好品类排斥社交邀请（如邀请推荐新人好友）和投资活动；关键词如浇水；使用场景为公益浇水操作和投资相关互动。",1,complete
1547233,"喜欢：该用户偏好充电服务和车生活相关品类（如电动汽车充电、日常便利服务），关键词包括充电、支付宝、车生活，品牌偏好支付宝，使用场景涉及在线支付充电、汽车便利及金融生活服务（基于点击商品""支付宝充电""及实体词""充电驿站,车生活,充电""，结合服务使用实体如""电动汽车充电""和搜索关键词如""车辆年检""）。

不喜欢：该用户不喜欢城市公共交通卡服务（如杭州出行一码通），与点击行为相反的特征包括地域特定出行服务（基于未点击商品标题""杭州出行一码通""及实体词""杭州市民卡""，对比点击偏好充电服务，体现对通用充电而非地域卡服务的回避）。",1,complete
1543697,"喜欢：偏好品类包括储蓄理财（如笔笔攒、余额宝）和日常消费优惠（如优惠券、购物券）；关键词涉及现金、消费券、红包；品牌主要为支付宝生态相关（如余额宝、笔笔攒）；使用场景集中在日常攒钱、支付宝服务（如芭芭农场）和优惠购物中。

不喜欢：偏好品类排除投资、基金和借款（如基金、借条）；关键词避免基金、投资、借款；品牌不涉及金融投资类（如中信保诚基金、360借条）；使用场景远离金融投资、借贷和记账任务。",1,complete
1061986,"喜欢：用户偏好互动任务和红包活动（如淘宝红包），偏好品类包括家居清洁产品（洗衣凝珠球、电热蚊香液）和食品（如小吃、蔬菜），关键词涉及""互动""、""红包""、""洗衣""、""蚊香""、""果园""和""任务""，品牌包括金丰、鸿都和奥乐，使用场景主要为在线娱乐（如互动游戏）和家庭生活（如家居维护）。

不喜欢：用户不喜欢现金领取或交通相关红包服务（如公交地铁乘车红包），基于未点击行为与点击的互动任务和家居产品形成对比。",1,complete
1109352,"喜欢：用户偏好金融服务品类，特别是信用卡申请，关键词包括信用卡、办卡、中信银行，品牌偏好中信银行，使用场景为在线金融交易和信用卡办卡服务（基于点击商品标题和实体词）。

不喜欢：用户不喜欢其他银行的信用卡申请（如招商银行、浦发银行），以及非信用卡相关服务如流量卡、签到赚金币活动，关键词和品牌涉及招商银行、浦发银行等，使用场景为其他金融或非金融服务（基于未点击商品标题和实体词的反向特征）。",1,complete
797117,"喜欢：偏好品类包括出行服务（如出租车、接送机）和食品调料（如奶茶、火锅底料），关键词如现金红包、出行优惠券和任务进度，品牌如支付宝、T3出行和饿了么，使用场景涉及出行打车、外卖点餐和任务完成获取现金奖励。

不喜欢：基于未点击商品中与点击行为相反的特征，不喜欢金币积累（如领取金币、赚金币）、回收服务（如旧衣服回收）和家电维修（如修家电、切肉片机）等内容。",1,complete
1493322,"喜欢：用户偏好快餐食品品类（如汉堡、薯条和冰淇淋），关键词包括麦当劳、支付宝和地铁，品牌如麦当劳、饿了么和苹果，使用场景为日常餐饮消费、外卖点餐和便捷支付。

不喜欢：基于未点击商品行为，用户不喜欢会员店相关服务，如麦当劳官方会员店，具体表现为对麦乐鸡翅等特定产品或会员制概念的回避。",1,complete
951369,"喜欢：用户偏好游戏和任务类活动（如游戏中心、做任务）、现金奖励（如红包、棉柔巾）、出行服务（如苏e行、公交站点）和快餐消费（如麦当劳），关键词包括赚一点、花呗、玩乐豆，品牌涉及支付宝、苏e行、麦当劳，使用场景为日常娱乐支付和公共交通出行。

不喜欢：用户不喜欢签到、余额管理（如花呗周报、花呗账单）和储蓄类活动（如赚一点有奖、小猪存钱罐），关键词如集分宝、兑换现金，品牌如vivo，使用场景为个人中心报告和香薰香水类产品。",1,complete
1699886,"喜欢：用户偏好信用卡申请服务，特别是中信银行的信用卡产品（如白金卡和金卡），关键词聚焦于申请、额度、分期等金融需求，使用场景为在线金融申请和办卡流程。

不喜欢：用户不喜欢其他银行的信用卡申请（如招商银行、平安银行），以及信用卡还款、签到任务和赚现金服务，关键词如还款、签到、赚金币，使用场景为日常任务管理和还款操作。",1,complete
322846,"喜欢：用户偏好信用卡申请服务（偏好品类），特别关注信用额度评估、现金红包和办卡流程（关键词），品牌上倾向中信银行和浦发银行（品牌），使用场景涉及通过做任务赚取现金奖励和申请金融产品（使用场景），基于点击商品标题和实体词如""中信银行信用卡申请办理""、""赚现金""、""红包""等数据。

不喜欢：用户不喜欢其他银行的信用卡申请服务（如平安银行、招商银行、交通银行），以及信用卡还款、房贷等金融服务（偏好品类），关键词如""还款""、""房贷""与点击行为相反，品牌上避开平安、招商等（品牌），使用场景不涉及还款管理或非任务型金融活动（使用场景），基于未点击商品标题和实体词如""信用卡办理平安""、""信用卡还款""、""房贷""等数据。",1,complete
156506,"喜欢：用户偏好红包相关活动（如现金红包、红包封面和淘宝红包）、超市购物（如永辉超市和物美云超），关键词涉及消费券、省钱和签到（从搜索如""消费券""、""省钱消消消""），品牌包括永辉、物美和淘宝，使用场景为线上互动任务（如云晨互动）和日常消费（如超市采购零食、熟食及家居用品如洗衣凝珠球）。

不喜欢：基于未点击商品（如扭个蛋、iphone14、apple watch和格力空调），用户不喜欢高端电子产品（如手机和智能手表）、家电（如空调）及游戏玩具（如扭个蛋），这些与点击行为中的省钱日常消费形成鲜明对比。",1,complete
502358,"喜欢：用户偏好美容护肤品类（如面膜、精华、洁面产品），关键词包括外卖、打车、会员、房产查询和抽奖活动，品牌如支付宝、高德、滴滴出行、露得清和天猫，使用场景涉及日常美容护理、出行交通（如打车服务）和在线房产投资查询。  
不喜欢：用户不偏好民宿住宿、黄金价格查询和家居清洁品类，关键词如黄金价格、公交路线、保险和买药，品牌如久久金管家和相互宝，使用场景包括住宿预订、黄金投资和公共交通详细规划。",1,complete
121435,"喜欢：偏好金融理财品类（如现金红包、余额宝、租机租赁），关键词包括现金、红包、抽奖、任务、签到，品牌如支付宝、中国移动、天天星球，使用场景涉及在线支付、理财管理、优惠获取和日常消费（如外卖红包、湿巾棉柔巾生活用品）。

不喜欢：基于未点击商品，不喜欢花呗账单相关服务（如花呗周报）、地铁乘车服务（如北京地铁）、赚小钱任务（如提现、充值话费）以及香熏香水等无关品类。",1,complete
902576,"喜欢：该用户偏好环保产品（如回收相关）、现金奖励（红包、现金红包、集分宝）、冷冻食品（冷冻牛排、玉米蔬菜猪肉水饺）和水果（红心蜜柚），关键词包括回收、红包、冷冻、水果，品牌涉及天猫淘宝（来自点击商品），使用场景为省钱购物（如特卖福利）和家庭日常（如浴巾、钥匙扣）。

不喜欢：该用户不喜欢甜点（如红豆蛋黄酥、芋泥酥、萨其玛）、保健养生和特定家居维修用品（如防臭地漏芯），这些特征与点击的环保和食品偏好相反。",1,complete
1324873,"喜欢：用户偏好抽奖活动（如几羊天天抽奖）、赚钱红包和租赁服务（如租机租赁），关键词包括现金、薅羊毛和支付宝；偏好品类涵盖电子产品（如iphone14、华为手机、联想电脑）、户外运动（如乒乓、露营、帆船）、食品（如水果、香辣豆干、锅巴）和家居用品（如懒人椅、工学椅）；品牌倾向华为、索尼、法拉利等；使用场景聚焦游戏玩乐、做任务、芭芭农场种果树和支付宝相关活动。

不喜欢：用户不喜欢退款相关、防护用品（如KN95口罩）、清洁用品（如洗衣液、沐浴露）、美妆护肤产品以及零食，这些特征基于未点击商品（如几羊嗨购）的实体词，与点击行为中活跃的抽奖和电子产品偏好形成反差。",1,complete
1811737,"喜欢：用户偏好金融理财品类，关键词如基金、投资、理财直播，品牌如国信证券、国泰君安资管、天弘基金，使用场景为在线财富管理和投资教育（基于点击""理财直播""、搜索关键词如""财富直播""和""基金""，以及服务使用如""理财直播""和""财富直播""）。

不喜欢：用户不喜欢娱乐游戏品类，关键词如扭蛋、赚钱红包，品牌如相关游戏应用（如扭蛋工厂），使用场景为游戏化现金奖励活动（基于未点击""扭蛋工厂|赚钱红包""及其实体词如""扭蛋工厂""和""赚钱红包""，与点击行为相反）。",1,complete
815524,"### 用户兴趣偏好总结（场景1）
喜欢：用户偏好参与赚钱活动（如月月赚、赚点是点）、领取现金红包（包括转账红包和集宝星球）、投资房产（如天猫好房、新房二手房）、租赁数码产品（如华为、联想小新）、使用高端化妆品（如海蓝之谜、兰蔻），关键词集中于转账红包、集宝星球和天猫好房，使用场景涉及在线任务赚钱、房产查询和美容护理。

不喜欢：用户不感兴趣于日常低价值消费品（如洗衣液、袜子、零食）、简单签到赚钱任务（如连码有钱、运动赚）、旧衣回收和基础防护用品（如KN95口罩、湿巾），关键词如退款、签到赚钱，使用场景偏向基础生活需求或低回报活动。",1,complete
530949,"喜欢：该用户偏好3C数码产品租赁品类，特别是苹果、华为和小米品牌的手机（如iPhone 14 Pro Max、iPhone 13）、耳机（如AirPods）和平板（如iPad），关键词包括信用免押，使用场景为免押金租赁服务（如租机平台）。

不喜欢：该用户不喜欢办公耗材、游戏卡、乐器、手表等非主流电子产品品类，以及买断选项、二手优品和娱乐影音相关服务，这些特征与点击行为相反。",1,complete
1293891,"喜欢：该用户偏好金融投资品类（如黄金票和现金红包），关键词包括黄金票、财运红包和现金红包，品牌涉及蚂蚁财富和支付宝，使用场景为在线理财、现金奖励获取和任务型收益活动（如通过蚂蚁庄园或芭芭农场赚取收益）。

不喜欢：基于未点击商品，用户不喜欢黄金价格实时查询（信息性而非交易性）、视频会员服务（如qq会员或酷我音乐）、签到打卡福利（如天天签到或提现活动），以及非金融品类如美妆或男装产品。",1,complete
1233269,"喜欢：用户偏好金融产品品类（如信用卡申请和流量卡服务），关键词包括现金、赚零钱、信用卡、流量卡和签到，品牌涉及中信银行、中国联通和阿里宝卡，使用场景为在线支付、手机充值及签到赚取奖励（如金币和现金红包）。

不喜欢：用户不喜欢其他银行的信用卡品类（如招商银行和交通银行），关键词如招商银行、交通银行和每日签到，品牌如招商银行和交通银行，使用场景为银行卡优惠和日常消费用品（如纸巾和口罩），基于未点击商品中与点击行为相反的特征。",1,complete
1279608,"喜欢：用户偏好健康服务（如医疗口腔）、美容服务（如美发理发）和运动健身类团购，关键词聚焦于本地生活消费（如口碑团购），品牌倾向支付宝生态（如余额宝、花呗），使用场景包括在线支付、健康咨询和餐饮消费（如交易行为中的烧烤、盖浇饭）。

不喜欢：用户对公共交通查询服务（如公交线路、地铁站）和优惠券类内容不感兴趣，基于未点击商品的相反特征（如公交线路查询、乘车优惠券）。",1,complete
1061162,"喜欢：偏好金融理财品类（如现金收益、理财）、租赁服务（如手机租赁）、旅行酒店（如华住酒店、锦江酒店）和游戏抽奖（如集金豆、步数赚钱），关键词包括现金、红包、支付宝、消费金和任务，品牌涉及阿里妈妈、华泰证券、饿了么和携程，使用场景主要为在线金融服务（如支付宝消费金）、旅行预订（如航班管家）和日常消费支付（如话费充值、外卖红包）。

不喜欢：基于未点击商品，用户不喜欢时尚品牌（如adidas/阿迪达斯、sisley希思黎）、甜食品类（如7分甜）、回收服务（如回收回收）以及特定任务主题（如集集鸡蛋、天天抽奖），这些特征与点击行为中的金融、租赁和游戏偏好相反。",1,complete
1204659,"喜欢：用户偏好金融理财品类，关键词包括黄金票、现金红包和理财，品牌如蚂蚁财富，使用场景涉及在线投资、红包领取和公益理财活动（基于点击商品""蚂蚁财富黄金票""及实体词财运红包、黄金票，结合服务使用如理财、余额宝和搜索关键词如网商银行、红包）。

不喜欢：用户不喜欢信用风险评估和分期服务品类，基于未点击商品""优品分期""的实体词信用报告查询、信用风险评估，与点击行为中金融投资偏好相反。",1,complete
1930561,"喜欢：偏好消费服务和旅行预订品类，关键词如消费金、酒店、红包、金币，品牌如携程、考拉海购、锦江酒店、如家酒店，使用场景包括日常在线消费（如网络购物、生活缴费）、出行规划（如酒店预订、航班管理）以及互动奖励活动（如赚金币、红包领取）。

不喜欢：金融借贷相关品类，如信用卡办理和贷款业务，关键词如借贷、按日计息、征信，使用场景涉及银行服务（如故障报修、欺诈举报）和数码计算工具（如贷款计算器），与消费和旅行偏好形成鲜明对比。",1,complete
231785,"喜欢：偏好金融理财品类如现金红包、任务赚钱和日常消费服务，关键词包括赚现金、红包、任务、提现、签到和支付宝，品牌涉及支付宝、电信、中国移动、360借条和淘宝，使用场景集中于在线赚钱任务、金融管理（如话费充值、流量服务）和快速消费品（如湿巾、棉柔巾、快餐食品）。  
不喜欢：偏好求职就业品类如找工作、岗位招聘和家居清洁用品，关键词包括求职、家居用品、计算器和社保计算，品牌如波司登，使用场景在求职服务（如青团社招聘）、家居维护（如厨房用纸、电热蚊香液）和金融计算工具（如贷款计算器）。",1,complete
1941456,"喜欢：用户偏好支付宝平台上的任务赚钱服务，如月月赚、转账红包和现金红包，关键词包括红包、任务、饿了么和消费款；偏好品类为数字红包领取和在线任务完成，品牌涉及支付宝和饿了么；使用场景聚焦于在线赚取现金用于日常消费或娱乐，如通过集步数、喂小鸡等活动获取红包。

不喜欢：用户不喜欢金融借贷和兼职招聘相关服务，如贷款计算、信用额度、兼职工作证和招聘活动，基于未点击商品中与点击行为相反的特征，包括贷款、等额本息、工作证和求职人员等关键词。",1,complete
1591990,"喜欢：用户偏好金融保险服务（如保险、红包、贷款计算和集分宝），任务签到活动（如任务、签到、集宝），汽车相关（小鹏汽车、汽车品牌如本田和奔驰），以及租赁服务（如人人租机）；关键词包括任务、签到、红包、保险和贷款计算；品牌涉及小鹏汽车、招商信诺、饿了么和淘宝；使用场景主要为在线金融管理、日常任务完成、购物和健康健身（如话费充值和健身服务）。

不喜欢：用户不喜欢家电维修服务（如切肉机、修家电），流量服务（如流量王卡），以及特定生活杂项（如螺狮粉、浴巾和撕撕书）；基于未点击行为，关键词包括修家电、切肉机和流量服务；使用场景涉及家电维修、流量充值和衣物回收。",1,complete
960371,"喜欢：用户偏好金融管理类服务，如月月赚、红包、任务、转账红包和消费款（偏好品类）；关键词包括月月赚、红包、支付宝、花呗和消费金（关键词）；品牌涉及支付宝、花呗、携程、锦江酒店和如家酒店（品牌）；使用场景聚焦在线支付、任务赚钱、旅行预订和日常消费（使用场景）。

不喜欢：用户不喜欢求职招聘类内容，如兼职、找工作、招聘服务和相关实体（偏好品类）；关键词包括招聘、兼职、求职和工牌（关键词）；品牌如青团社和必胜客（品牌）；使用场景涉及就业申请和兼职工作（使用场景）。",1,complete
451586,"### 用户兴趣偏好总结（场景1）
喜欢：用户偏好回收服务（如旧衣物、手机回收）、电子产品租赁（品牌包括苹果、华为、小米；品类如智能手机、平板电脑）、维修服务（如开锁、疏通马桶），关键词集中于""回收""、""租赁""、""免押""、""信用免押""，使用场景为环保回收、省钱租赁电子产品和便利上门维修。  
不喜欢：用户对金融服务（如信用卡申请）、宠物相关服务（如宠物托运）、话费服务（如话费卡回收）不感兴趣，基于未点击商品中与点击行为相反的金融服务、宠物和话费特征。",1,complete
446828,"喜欢：该用户偏好金融投资和任务红包类内容，偏好品类包括基金指数（如中证医药、食品饮料、证券保险）和通信服务，关键词如月月赚、红包、任务、转账红包，品牌涉及天弘基金和中国移动，使用场景为在线理财、话费充值及快递服务。

不喜欢：该用户不喜欢招聘求职和兼职工作类内容，偏好品类如实体门店购物和租赁服务，关键词如青团社、招聘、兼职，使用场景包括线下兼职和实体就业活动。",1,complete
151414,"### 用户兴趣偏好总结（场景1）

喜欢：偏好品类包括交通出行（如地铁、酒店预订）和城市旅行服务；关键词如大连市、地铁、酒店、华住会；品牌如华住会、汉庭、万达；使用场景为旅行规划、城市通勤和住宿预订，具体体现在点击行为中对交通票务和连锁酒店的关注。

不喜欢：基于未点击行为，不喜欢金融理财相关内容，如信用卡管理、转账计划、还信用卡、财运红包等特征，与点击的出行主题形成鲜明对比。",1,complete
771538,"喜欢：用户偏好游戏玩乐和赚钱任务品类，关键词包括现金、红包、任务，品牌涉及支付宝（从服务使用实体），使用场景为通过互动游戏（如蚂蚁庄园）赚取现金红包，用于日常消费如湿巾、棉柔巾等用品。  
不喜欢：基于未点击商品，用户不喜欢话费充值品类，关键词如充值话费、金币，品牌如vivo和玛丽安娜，使用场景为手机充值或非游戏相关产品如耳机、车载香水。",1,complete
1356286,"喜欢：用户偏好支付宝平台上的金融任务和红包活动，包括黄金票、现金红包、财运红包等关键词，品牌如蚂蚁财富，使用场景涉及游戏化赚钱任务（如集分宝、芭芭农场），偏好品类为虚拟金融产品，基于点击商品和服务使用数据。

不喜欢：用户不喜欢实际黄金交易相关的内容，如黄金价格查询、回收、饰品购买（如戒指、项链），以及未点击的电子产品（如手机），基于未点击商品实体词的反向特征。",1,complete
1258442,"喜欢：用户偏好金融品类，特别是信用卡还款服务；关键词包括还款、芝麻分；品牌涉及招商银行、平安银行、中国建设银行等银行机构；使用场景集中于移动支付（如手机扫码支付、当面付）和个人财务管理（如账单处理、理财服务）。

不喜欢：用户不喜欢健康管理服务（如健康码申请），以及旅游休闲和电子产品相关特征，包括机场、酒店、iphone等实体，与点击的金融行为形成对比。",1,complete
284030,"喜欢：用户偏好金融理财品类，关键词包括黄金票、现金红包、理财和黄金，品牌如蚂蚁财富（从点击商品推断），使用场景涉及在线红包领取、投资活动和游戏化金融服务（如蚂蚁庄园），支持现金相关交易和搜索行为（如黄金券、集分宝）。

不喜欢：用户不喜欢花呗相关的服务，如账单管理和信用支付报告（基于未点击商品如花呗周报和花呗账单），与点击的黄金理财行为形成对比。",1,complete
608283,"喜欢：用户偏好金融储蓄品类，关键词如支付宝、小荷包、攒现金、计划，品牌偏好支付宝，使用场景包括个人财务管理、储蓄计划和支付服务（基于点击商品实体词和服务使用实体中的高频出现，如小荷包、攒现金、理财）。

不喜欢：用户不喜欢教育相关、情侣社交、阅读娱乐、健康养生和公益活动的内容（基于未点击商品实体词中与点击行为相反的特征，如教育费用、亲子游、情侣相册、保健养生、小说、做公益）。",1,complete
1613465,"喜欢：用户偏好互动任务型活动（如云晨互动任务）、家居清洁产品（如洗衣凝珠球和电热蚊香液），关键词包括任务、红包（互动导向）、清洁和驱蚊，品牌如淘宝（红包相关）和蓝月亮（洗衣液），使用场景为家庭日常维护和娱乐互动，基于点击行为和服务使用（如蚂蚁庄园、抽奖等任务化服务）。

不喜欢：用户不喜欢直接的现金奖励促销（如到店付款攒现金）、支付相关红包（如支付宝现金红包），基于未点击商品中与点击行为相反的特征（如现金红包、支付红包等支付激励，而非任务型互动）。",1,complete
1918706,"喜欢：该用户偏好金融奖励类品类（如现金红包、金币），关键词包括签到、赚金币、现金红包、赚任务奖励，品牌涉及中国联通，使用场景集中于通过日常签到和简单任务赚取现金红包的轻量级活动，同时关注女装（如女秋装、马丁靴）、饰品（如手链、项链）和日用品（如纸巾、洗面巾）等实用商品。  
不喜欢：该用户不喜欢高端电子产品（如华为P50 Pro、苹果14 Pro Max）、保险产品（如投保、寿险）和化妆品（如雅诗兰黛、护手霜），关键词包括银行卡优惠、提现、贷款计算，品牌涉及华为、苹果、雅诗兰黛，使用场景避免复杂金融操作（如银行卡优惠、贷款）和高价值消费（如空气净化器、小鹏汽车）。",1,complete
1312116,"喜欢：用户偏好奶茶茶饮品类（如奈雪の茶、果茶、鲜奶茶），关键词包括点单、草莓、礼品卡和超值券包，品牌如奈雪の茶、1点点，使用场景为外卖点餐和在线点单服务（基于点击商品标题""1点点+|奈雪点单""及实体词中的奶茶茶饮、点单、门店等特征）。

不喜欢：用户不喜欢快餐宅急送服务（如肯德基相关产品），基于未点击商品标题""肯德基宅急送""及实体词中的疯狂星期四、培根蛋等特征，与点击行为中的茶饮偏好相反。",1,complete
1215036,"喜欢：用户偏好金融理财品类（如红包、现金红包）、日用品（如湿巾、棉柔巾），关键词包括理财、消费款和红包，品牌如华住酒店、考拉海购，使用场景涉及消费（如绿地之窗活动场景）和理财服务（如支付宝消费金）。

不喜欢：用户不喜欢涉及任务、签到或提现的金融产品，如未点击商品中的签到领奖励、电话费充值或提现服务，与点击行为中直接红包奖励相反。",1,complete
773333,"喜欢：该用户偏好交通出行品类（如打车、地铁、骑行），金融理财品类（如月月赚、红包、任务），以及外卖服务品类（如饿了么）；关键词包括现金、红包、任务、转账、滴滴出行；品牌如滴滴出行、饿了么、青桔；使用场景涉及日常通勤、在线理财任务完成和外卖点餐。

不喜欢：该用户不喜欢超市购物品类（如零食、美妆洗护）、药品购买品类（如买药、口腔护理）和求职招聘品类（如青团社、找工作）；基于未点击行为与点击相反，偏好品类如超市零售、药品、求职服务；关键词如美妆、求职、活力早餐；品牌如青团社；使用场景如超市购物、买药、求职活动。",1,complete
55811,"喜欢：用户偏好金融投资品类，关键词如理财直播、基金、收益和财富直播，品牌包括国信证券、中信建投证券、天弘和德邦基金等，使用场景为在线财富管理和投资理财，基于点击商品（如理财直播）和搜索关键词（如理财直播、基金）的实体特征。

不喜欢：用户不喜欢转账汇款服务、美容产品和打卡任务，基于未点击商品中与点击行为相反的特征，如跨境汇款、向多人转账（转账相关）、驱叮剂和唇彩（美容产品）、以及早起打卡挑战赛（打卡任务），这些与金融投资兴趣形成对比。",1,complete
1869982,"喜欢：用户偏好餐饮外卖和生活服务品类，关键词如外卖、饿了么、支付宝、红包，品牌包括饿了么和支付宝，使用场景涉及点外卖、使用红包卡券、生活缴费和日常消费（如美食外卖、甜品饮品、火锅食材相关）。

不喜欢：用户不喜欢超市购物和买药服务品类，关键词如超市、买药、美妆洗护，使用场景包括超市购物、买药服务和美容产品消费（如生鲜水果、粮油调味、女性护理相关）。",1,complete
1838175,"### 用户兴趣偏好总结（场景1）
喜欢：该用户偏好金融任务和签到奖励类内容，关键词包括现金、红包、签到、任务、提现；品牌涉及集集、高阳等任务平台；使用场景为日常签到、做任务赚取现金红包或金币，如通过拼图游戏或手机应用领取奖励。  
不喜欢：该用户不感兴趣的内容包括工具类应用（如图片处理、证件照）和招聘求职服务（如青团社招聘、电话客服），这些与轻松赚钱任务特征相反。",1,complete
1095228,"喜欢：用户偏好红包和现金奖励类活动（如月月赚任务），关键词包括""红包""、""现金""、""任务""和""支付宝""，品牌以支付宝为主，使用场景涉及在线赚取现金和日常消费（如湿巾、棉柔巾等日用品）。  
不喜欢：用户不感兴趣于招聘服务（如青团社相关）和存钱工具（如小猪存钱罐），关键词避免""招聘""、""存钱罐""和""口令红包""，品牌排斥合创等，使用场景避开求职和工作相关活动（如五险一金）。",1,complete
287145,"喜欢：用户偏好交通出行服务（如打车、租车和约车，品牌包括滴滴出行、花小猪打车、曹操出行）、金融服务（如银行卡优惠和支付宝相关活动，关键词涉及行程、用车费用和优惠券），以及科技产品（如华为和苹果手机，使用场景覆盖日常支付和出行消费）；偏好品类集中于网约车、租车、银行卡优惠和手机设备，品牌以滴滴、支付宝、华为和苹果为主，关键词突出打车、租车、银行卡和优惠，使用场景聚焦出行、支付和消费。

不喜欢：用户不喜欢家电产品（如洗衣机）、特定日用品（如原木抽纸）、某些手机品牌（如三星）以及特定银行产品（如房贷卡、理财卡和工资卡），这些特征与点击行为中的偏好相反，例如未点击实体词中的家电、日用品和银行卡产品，而点击行为显示对类似品类（如银行卡优惠）有积极兴趣。",1,complete
1385098,"喜欢：用户偏好外卖食品品类（如汉堡、咖啡、榴莲），关键词包括饿了么和红包，品牌如饿了么和支付宝，使用场景为在线点餐和移动支付，体现对便捷餐饮和数字消费的倾向。

不喜欢：用户不喜欢超市杂货和药品品类（如美妆洗护、买药），关键词如买药和美妆，品牌如屈臣氏，使用场景为超市购物和健康服务，反映对非核心消费的回避。",1,complete
1585192,"喜欢：该用户偏好红包相关品类（如现金红包、支付红包），关键词包括消费券、支付宝、饿了么，品牌涉及花花，使用场景集中于在线支付、理财管理（如余额宝、花呗）和日常消费（如湿巾、棉柔巾等护理用品）。

不喜欢：用户不喜欢开锁维修服务（如智能锁安装、管道疏通）、设备租赁（如手机、平板租赁）、保险产品（如相互宝）、健身器材、投资理财工具（如基金、指数晴雨表）以及阅读内容（如小说、人文社科）。",1,complete
1079833,"喜欢：偏好品类包括图书借阅、旅游服务和金融工具（如支付宝小荷包攒钱计划）；关键词涉及出行优惠、电影和鲜花；品牌偏好支付宝、华为和永安行；使用场景集中于出行支付（如共享单车、打车）、理财（如优惠券、余额宝）和休闲娱乐（如旅游景点门票、电影搜索）。

不喜欢：汽车用品、车型、奔驰和沃尔沃品牌，以及信息修改服务（基于未点击商品与点击行为相反的特征）。",1,complete
802104,"喜欢：用户偏好现金红包、日常消费品（如湿巾、棉柔巾、纸巾）和食品饮料（如雪顶蛋糕奶茶），偏好品类包括金融奖励和生活用品，关键词涉及红包、现金、签到、兑换、步数赚钱，品牌如步步挣、集集星球、饿了么，使用场景为日常任务完成（如走路、喂鸡、领鸡蛋）和健康活动（如健步行）。

不喜欢：用户不偏好健康医疗（如眼科、疫苗、健康检查）、教育服务（如幼儿早教启蒙）和维修服务（如家电维修清洗），偏好品类相反，关键词如健康检查、任务复杂化、积分繁琐，品牌如阿里健康，使用场景为医疗预约或教育启蒙。",1,complete
1274139,"喜欢：用户偏好金融品类（如黄金、基金、现金红包和教育费用），关键词包括理财、黄金票、教育金和健康金，品牌倾向支付宝和蚂蚁财富，使用场景涉及在线理财管理、家庭教育支出及健康保障。
不喜欢：基于未点击行为，用户不喜欢购物分期服务、实体零售场所（如购物广场和小镇）及汽车维修相关特征。",1,complete
153410,"喜欢：用户偏好金融奖励类服务，包括红包、现金领取、签到任务等偏好品类；关键词如现金、红包、任务、兑话费；品牌涉及支付宝、中信银行、招商银行；使用场景为日常在线赚钱、金融管理和任务完成，体现对高效收益应用的兴趣。

不喜欢：用户不喜欢娱乐应用如电影、宠物服务如云宠宝、游戏如拼图，以及数码产品、运动服装等偏好品类；关键词如电影、宠物、拼图、数码；品牌未明确体现；使用场景为休闲娱乐和购物，这些特征与点击的金融奖励行为相反。",1,complete
1418981,"喜欢：用户偏好金融红包类产品（如黄金票、现金红包、财运红包）、出行服务（如打车、租车、顺风车）和科技品牌（如华为、荣耀、苹果），关键词涉及现金、红包、打车、租车，使用场景集中于移动支付（支付宝、花呗）、网约车（滴滴出行）和日常生活消费（如寄快递、购电、餐饮）。

不喜欢：用户不感兴趣于黄金回收、基金指数产品（如黄金价格、基金猜涨跌、指数估值）和黄金相关投资（如黄金回收、久久金管家），这些特征与点击行为中的金融红包和出行服务形成鲜明对比。",1,complete
1810926,"喜欢：用户偏好支付宝品牌的停车服务，包括无感停车、车牌缴费和停车助手等车辆管理品类，关键词涉及停车、停车场和租车，使用场景集中于城市出行中的停车缴费和车辆相关操作。

不喜欢：用户不喜欢捷停车品牌的智慧停车场和停车票券服务，也不喜欢快递服务，基于未点击行为中与点击停车特征相反的快递品类和特定品牌差异。",1,complete
1285466,"### 用户兴趣偏好总结（场景1）
喜欢：该用户偏好金融投资品类，特别是黄金票和现金红包等财富管理产品；关键词包括黄金、财运、红包；品牌倾向蚂蚁财富；使用场景为在线财富管理和红包领取，体现对数字化投资工具的积极兴趣。

不喜欢：该用户不喜欢实物黄金交易品类，如金价查询和金条回收；关键词如金价、回收；品牌如久久金管家；使用场景为黄金价格监控和回收服务，反映对实物交易或价格追踪的回避倾向。",1,complete
1715176,"喜欢：用户偏好金融理财类品类（如月月赚、现金红包、转账红包），关键词集中于任务、红包和理财相关（如""月月赚""、""任务""、""现金红包""），品牌倾向支付宝生态服务（如余额宝、蚂蚁保），使用场景为在线赚钱任务、红包领取和资产管理（基于点击商品实体词和搜索关键词如""月月赚""、""基金""、""租赁""）。

不喜欢：用户不喜欢求职招聘类内容（如找工作、兼职）、具体商品（如电子产品苹果14 pro或水果西瓜）以及信用卡或学历相关服务（基于未点击商品实体词如""求职就业""、""青团社招聘""、""中信银行""、""大专学历""，与点击行为中专注金融任务的特征相反）。",1,complete
942242,"喜欢：用户偏好金融理财服务（如月月赚、黄金票和财运红包）、任务型赚钱活动（如做任务、签到和汪币挑战赛）、支付优惠（如红包、转账红包和现金红包）以及充值服务（如电话费和充值话费）；关键词包括月月赚、支付宝、余额宝和花呗；品牌倾向支付宝相关服务（如蚂蚁财富）；使用场景为在线省钱、理财管理和日常消费支付。

不喜欢：用户不喜欢实物商品优惠（如天猫淘宝优惠券和商家券）、物流投诉服务（如快递、故障报修和订单号）以及非任务导向的充值活动（如攒话费和洗衣液等实物福利），这些特征与点击行为中的理财任务导向相反。",1,complete
262027,"喜欢：用户偏好任务型互动游戏（如签到、任务、提现和金币收集），偏好品类包括赚钱红包活动（如现金红包、集分宝）、快递服务（如顺丰速运、菜鸟裹裹）和充值服务（如话费充值、流量卡）；关键词涉及""签到""、""任务""、""提现""、""快递""和""充值""；品牌倾向支付宝、顺丰速运和菜鸟裹裹；使用场景聚焦日常娱乐（如互动小游戏、图片拼图）和财务管理（如赚小钱、充值话费）。

不喜欢：用户不喜欢信用卡申请及相关金融产品，基于未点击行为，具体包括偏好品类如银行办卡（金卡、白金卡）、关键词如""信用卡""、""办卡""和""申请信用卡""，品牌涉及中信银行、招商银行等银行机构，使用场景为金融信用操作（如分期还款、信用测评）。",1,complete
658264,"喜欢：用户偏好游戏玩乐品类（如集集星球、喂鸡、抽奖），金融理财品类（如华泰证券、手机租赁），优惠活动品类（如红包、优惠券）；关键词包括红包、理财、鸡蛋；品牌涉及集集星球、支付宝；使用场景为在线互动游戏（如集金豆、抢红包）和理财服务（如话费充值、金币兑换）。
不喜欢：用户不喜欢现金红包活动（如赚钱红包、平台红包）、母婴产品（如母婴）和运动相关优惠（如运动），基于未点击商品中与点击行为相反的特征。",1,complete
374092,"喜欢：用户偏好支付宝相关的金融红包和日常用品品类，如现金红包、棉柔巾、湿巾；关键词包括""红包""、""赚一点""、""运动""；品牌涉及""芝麻公约""、""支付宝""；使用场景为健康运动（如支付宝运动）和日常小额现金赚取。

不喜欢：用户不喜欢投资理财类产品，如基金、猜涨跌；关键词如""投资""、""任务进度""；品牌如""中信保诚基金""；使用场景为复杂的金融投资和任务型赚钱应用。",1,complete
1691667,"喜欢：用户偏好金融理财品类，关键词如红包、理财直播、月月赚、黄金票和现金红包，品牌包括蚂蚁财富、天弘基金、中信建投证券和国信证券，使用场景集中于在线投资、赚取现金奖励和完成任务获取红包，体现对理财服务和现金收益的高度兴趣。

不喜欢：用户不喜欢求职就业和兼职工作品类，关键词如招聘、找工作和兼职，基于未点击行为中与点击偏好相反的求职特征（如青团社招聘、服务员岗位），体现对非金融相关任务和就业服务的低兴趣。",1,complete
914457,"喜欢：用户偏好金融借贷服务（如360借条、交通银行信用卡申请）和家庭生活用品（如内衣、足浴包、珊瑚绒浴裙），关键词包括借款、还款、优惠券、家庭积分，品牌涉及360借条、交通银行、必胜客，使用场景为在线借贷管理、信用卡办卡和家庭消费（如餐饮点餐、内衣选购）。

不喜欢：用户不感兴趣水果购物（如桃源水果、鲜鲜果园）和健身运动服务（如乐动力、多多走路），关键词包括水果、运动、基金、签到，使用场景为水果购买、健身活动、投资理财（如基金、保险）和日常签到打卡任务。",1,complete
1844435,"喜欢：用户偏好数字服务和租赁服务品类，关键词包括集集星球、鸡蛋、兑换、话费充值、金币、签到、红包，品牌如饿了么、人人租机、布尔玛，使用场景为在线任务、游戏玩乐、兑换奖励和话费充值。

不喜欢：用户不喜欢实物商品和特定服务品类，关键词如集分宝、集宝星球、天天星球，品牌如伊利、可口可乐，使用场景包括直播、洗发水等，基于未点击商品中与点击行为相反的特征。",1,complete
1663756,"喜欢：该用户偏好金融服务品类，如红包、会员福利（双V会员、洽洽会员福利社）和实用服务（支付宝发票管家、中国移动10086），关键词包括红包、发票、会员、支付宝，品牌涉及洽洽、中国移动、支付宝，使用场景集中于在线支付、财务管理、会员权益和购物（如当当购物），体现对日常消费和便捷服务的兴趣。

不喜欢：该用户不喜欢摇一摇领现金的红包活动（如摇摇一天天领大红包）、外卖红包或地铁红包等红包变体，以及高价值电子产品（如格力空调、iphone14、apple watch），这些特征与点击行为中实用红包和会员服务相反，表明对娱乐化红包形式和无关消费品的排斥。",1,complete
38426,"喜欢：用户偏好礼品卡、充值服务和任务型奖励（如月月赚），关键词包括耐克、月月赚、红包和转账红包，品牌如Nike、鼎信、瑞幸咖啡和饿了么，使用场景涉及在线支付、消费奖励获取和餐饮服务（如饿了么月卡）。

不喜欢：用户不喜欢与求职、招聘和兼职工作相关的内容，如招聘平台、岗位搜索和工作证等，基于未点击商品中与点击行为相反的就业服务特征。",1,complete
979961,"喜欢：该用户偏好金融任务和红包获取品类，关键词包括现金、红包、任务和月月赚，品牌涉及支付宝相关服务（如淘宝店铺、星巴克），使用场景主要为在线任务平台和移动支付应用（如支付宝、美团）。

不喜欢：用户不喜欢租赁服务、招聘求职相关品类，以及非核心日用品如纸巾和口罩，这些特征与点击行为中的主动赚钱主题相反。",1,complete
1622757,"### 用户兴趣偏好总结（场景1）

喜欢：偏好金融产品（如信用卡申请、现金红包任务）和通信服务（如流量卡办理），关键词包括现金红包、任务、签到、流量服务，品牌涉及中信银行、浦发银行、中国联通、支付宝生态（如蚂蚁庄园），使用场景为在线赚取现金、管理财务、日常任务完成（如通过签到和抽奖获取奖励）。

不喜欢：避开其他银行信用卡申请（如交通银行、招商银行、平安银行）、物流服务（如快递、大件物流）以及非核心赚现金应用（如集集钱包），特征与点击行为相反，显示对特定品牌和任务类型的排斥。",1,complete
918094,"喜欢：用户偏好天气信息服务品类，关键词包括台风、天气和路径查询，品牌如中国天气，使用场景为实时查询台风动态、降水信息和防灾预警（基于点击商品标题如""游侠台风查询|温州台风码|中国天气""、点击实体词如""台风,降水,天气""、搜索关键词如""台风集合预报,台风路径""和服务使用如""台风路径查询,气象信息""）。
不喜欢：用户不喜欢政务服务相关功能，如职业资格查询、医保和政务平台（基于未点击商品标题如""气象在线|闽政通|国家政务服务平台""和实体词如""职业资格,医保,驾校""，这些特征与点击的天气查询相反）。",1,complete
993511,"### 用户兴趣偏好总结（场景1）
喜欢：该用户偏好金融理财和日常任务品类，关键词包括现金红包、任务、签到、提现和金币，品牌如支付宝、电信和中信银行，使用场景集中于在线赚钱活动（如签到领现金）、通讯充值（如电话费提现）和简单任务完成（如做任务赚奖金）。

不喜欢：基于未点击商品特征，用户不喜欢涉及具体实物产品（如洗发水、日用品）、娱乐服务（如看直播）或非核心金融任务（如问题反馈、筋膜枪）的内容。",1,complete
92144,"### 用户兴趣偏好总结（场景1）

喜欢：用户偏好红包相关的优惠活动（偏好品类：饮料如鸭屎香柠檬茶、电子产品如手机支架和平板电脑），关键词包括现金、红包、任务，品牌涉及支付宝和花呗，使用场景为在线支付、购物和娱乐任务（如到店付款红包结合互动任务）。

不喜欢：用户不喜欢纯现金红包或健康保险产品（如健康福），基于未点击行为，表明对纯金融（如现金领取、公交红包）或健康相关特征（如保费、身份证明）不感兴趣。",1,complete
101525,"喜欢：用户偏好通信服务品类，特别是电话卡和流量卡办理，关键词包括中国联通、大王卡、流量服务和充值话费，品牌倾向中国联通（多次出现在点击商品标题和实体词中），使用场景涉及话费充值、流量管理和日常通信（基于服务使用实体如""话费充值""、""流量卡申请""和搜索关键词如""流量卡""、""电话费""）。

不喜欢：用户不喜欢银行信用卡申请（如中信银行、浦发银行信用卡）和电信流量卡服务（如""电信流量卡""），这与点击行为中偏好联通卡的特征相反（从未点击商品标题和实体词如""中信银行,信用卡""、""电信,流量卡""中体现）。",1,complete
912214,"喜欢：该用户偏好基金投资品类，特别是实时估值和主动投资相关的内容，关键词包括基金、估值、投资和出行，品牌如华夏中证动漫游戏ETF和人民出行，使用场景涉及投资理财决策和共享电单车出行服务。

不喜欢：用户不喜欢盘后基金估值、净值播报等被动型基金信息，这与点击行为中偏好实时估值相反。",1,complete
566828,"喜欢：用户偏好快餐小吃、甜品饮品等餐饮品类（如脆皮鸡、冰淇淋雪糕、云吞、饺子），关键词包括饿了么、淘宝、借呗，品牌如麦当劳、瑞幸咖啡、肯德基，使用场景为外卖点餐、电商购物和金融服务（如在线借贷、理财管理）。  
不喜欢：用户不喜欢药品购买、超市日常用品购物和拍卖服务，基于未点击行为中与点击相反的特征（如买药、粮油调味、阿里拍卖）。",1,complete
517278,"喜欢：用户偏好在线消费和旅行住宿品类，关键词如赚金币、红包、出行优惠券，品牌如携程、考拉海购、如家酒店，使用场景包括网络购物、酒店预订和金融管理（如消费金和红包获取）。

不喜欢：用户不喜欢商家活动相关的消费券，表现为未点击支付宝商家活动商品。",1,complete
584877,"喜欢：用户偏好基金投资品类，关键词包括基金、邀请、推荐和红包，品牌如长盛基金（基于点击行为），使用场景为在线邀请推荐活动（如""邀请推荐新人好友""），体现对金融理财服务的兴趣。

不喜欢：基于未点击商品（如华泰保兴基金、摩根士丹利基金相关活动），用户不喜欢其他基金品牌的邀请活动（如华泰保兴、摩根士丹利），以及投资、抢红包、消费红包等特征（与点击的邀请推荐相反），同时排斥非金融产品如电子产品（如iphone14、apple watch）。",1,complete
1108186,"喜欢：该用户偏好金融和赚钱服务品类，关键词包括现金、提现、签到、任务和话费券，品牌涉及中国移动、vivo和oppo，使用场景集中于日常签到领奖、话费充值及移动支付，体现对便捷赚钱和数字金融服务的兴趣。

不喜欢：基于未点击商品中与点击行为相反的特征，用户不喜欢实物日用品（如洗衣液、洗发水）和非金融类服务（如服装品牌波司登、维修服务肉片机），这些偏离其核心金融偏好。",1,complete
1959616,"喜欢：偏好金融理财和任务赚钱品类，关键词包括现金、红包、任务、赚、提现、健身、步数，品牌如支付宝、乐动力、步步挣、月月赚，使用场景为通过完成任务赚取现金奖励、运动步数换取红包、在线支付转账和日常缴费。
不喜欢：基于未点击商品中与点击行为相反的特征，不喜欢求职就业、招聘、贷款还款、装饰装修、美妆个护等品类，关键词如贷款利率、等额本息、求职人员、青团社、装饰装修，使用场景涉及招聘平台、贷款服务和美容消费。",1,complete
891386,"喜欢：用户偏好出行服务品类（如打车、租车、代驾），关键词包括""滴滴出行""、""淘票票电影""和""发票管理""，品牌倾向滴滴出行、支付宝和淘票票，使用场景涉及日常通勤、娱乐消费（如看电影）和财务管理（如在线开票）。
不喜欢：用户对替代打车服务品牌（如花小猪打车、哈啰打车和高德打车）不感兴趣，表现为未点击相关商品，表明不喜欢这些品牌或类似出行选项。",1,complete
1729713,"喜欢：用户偏好金融服务类内容，特别是现金红包、签到任务和赚零花钱的小型应用；偏好品类包括红包服务和小任务平台；关键词如现金、红包、签到、做任务；品牌涉及支付宝（从服务使用和搜索中高频出现）和招商银行（从点击商品实体词中提取）；使用场景为在线日常赚小钱、签到领红包及零花钱管理（基于点击商品标题和实体词的重复模式）。

不喜欢：用户不喜欢未点击商品中的特征，如""玩一玩""应用和""兑换记录""相关关键词（从未点击商品标题和实体词中提取），表明对某些赚现金形式或特定任务界面不感兴趣。",1,complete
1125602,"喜欢：用户偏好金融奖励和任务完成类服务，如红包、现金红包、转账红包、月月赚任务（偏好品类），关键词包括红包、现金、任务、签到、奖金（关键词），品牌涉及苹果产品（如苹果14）和日常用品品牌（如湿巾、棉柔巾相关），使用场景主要为在线签到赚现金、日常消费和任务驱动型活动。

不喜欢：用户不偏好求职招聘服务（如青团社招聘、兼职侠）、借贷产品（如花呗）、证件照服务（如花小钱证件照）以及便民类应用（如集集钱包），这些在未点击商品中与点击行为（金融奖励和任务）形成明显反差。",1,complete
1385255,"### 用户兴趣偏好总结（场景1）
喜欢：用户偏好食品品类（如烧烤、零食和养生粥，基于点击实体词""香辣豆干""、""凉拌小菜""和交易实体""道口烧鸡""、""金丝牛肉饼""）、电子产品品类（如平板电脑和手机，基于点击实体词""荣耀平板v7""、""小米平板""和搜索关键词""电脑""、""手机""）、户外运动品类（如游泳和登山，基于点击实体词""游泳""、""登山表|瑞士""）、以及游戏娱乐品类（如抽奖和乒乓，基于点击标题""几羊-天天抽奖""和实体词""乒乓""）；关键词包括""抽奖""、""外卖""、""电脑""和""手机""（从搜索关键词和点击行为推断）；品牌涉及荣耀、小米、农夫山泉和肯德基（基于点击实体词""荣耀平板v7""、""小米平板""和交易实体""农夫山泉""、""肯德基""）；使用场景集中于在线购物（如外卖点餐，基于服务实体""外卖平台""、""饿了么""）、游戏互动（如蚂蚁庄园，基于服务实体""蚂蚁庄园""、""养小鸡""）和户外活动（如登山派对，基于点击实体词""户外派对""）。

不喜欢：用户不喜欢嗨购类活动（基于未点击标题""几羊嗨购""与点击""天天抽奖""形成对比）、以及品类如纸",1,complete
924343,"喜欢：用户偏好互动游戏和奖励系统品类，如抽奖、红包、金币收集和签到任务；关键词包括""抽奖""、""红包""、""金币""、""签到""；品牌涉及布尔玛和饿了么；使用场景为娱乐性任务完成（如集集星球游戏）和外卖点餐服务。

不喜欢：用户不感兴趣金融投资和保险品类，如基金、指数和保险管理；关键词包括""指数""、""投资""、""保险""；品牌如中信保诚和兴业证券；使用场景为理财投资（如指数晴雨表）和保险承保服务。",1,complete
962164,"喜欢：用户偏好金融理财品类（如保险、车贷计算和现金红包），关键词包括""集分宝""、""理财直播""和""现金红包""，品牌涉及招商信诺、淘宝和小鹏汽车，使用场景聚焦在线赚取零钱、完成日常任务（如签到领红包）和支付相关活动（如充值话费）。

不喜欢：用户不喜欢赚小钱的琐碎服务（如证件照和签到任务），以及信贷工具（如花呗），基于未点击商品中与点击的金融理财相反特征，体现为小额赚取或具体工具而非核心奖励机制。",1,complete
1431335,"喜欢：用户偏好金融产品品类，特别是信用卡申请和贷款额度服务，关键词包括""信用卡""、""办卡""、""借条""、""借款""、""额度""，品牌如交通银行、中信银行、360借条，使用场景为在线支付优惠和信用额度管理。
不喜欢：用户不喜欢企业信用服务、特定贷款产品如伶俐贷、信用测评工具、贷款计算器、社会保障相关和外汇服务，基于未点击行为与点击行为相反的特征。",1,complete
465191,"### 用户兴趣偏好总结（场景1）
喜欢：用户偏好快餐品类（如麦当劳）、日常清洁用品（如湿巾、棉柔巾）和红包奖励服务，关键词包括消费金、支付宝、赚一点，品牌涉及麦当劳、支付宝相关服务（如阿里妈妈）及酒店品牌（如华住酒店、格林豪泰），使用场景主要为在线消费、外卖点餐和旅行预订（如酒店租赁）。  
不喜欢：用户不喜欢需要签到或做任务才能赚现金的商品，如涉及提现、电话费充值或签到奖励的服务（如卫生纸、福利购），这与点击行为中直接的红包奖励相反。",1,complete
1851993,"### 用户兴趣偏好总结（场景1）

喜欢：该用户偏好骑行出行服务，品类集中于交通出行工具（如共享单车），关键词包括""智慧出行""和""智能出行""，品牌涉及小呗和美团，使用场景为城市通勤和扫码支付，基于点击的骑行卡、调速把及交易行为中的骑行订单。

不喜欢：该用户不喜欢个人护理产品（如纸抽、洗面奶）、食品（如草莓干、丹麦皇冠曲奇）以及储蓄服务（如余额宝、笔笔攒），这些未点击商品的实体词与点击的出行服务特征相反。",1,complete
651212,"### 用户兴趣偏好总结（场景1）

喜欢：用户偏好金融优惠类品类，如现金红包、赚钱活动；关键词包括支付宝、现金、奖金；品牌涉及支付宝；使用场景为在线支付、优惠券领取和直接收益获取活动，体现对便捷金融收益的强烈兴趣。

不喜欢：用户不喜欢任务驱动或间接收益类活动，如邀请新人、租赁服务（租机）、计算工具（汇率换算）等，这些特征与点击行为中直接现金红包相反，反映对复杂流程或非即时回报的排斥。",1,complete
570137,"喜欢：用户偏好金融产品（如信用卡申请，尤其中信银行和浦发银行品牌）、现金奖励活动（关键词如签到、赚金币、领现金红包）、任务型赚钱（品类如做任务、赚零钱），以及手机相关服务（使用场景如中国联通电话费充值、手机卡办理），体现对在线理财、日常任务赚取奖励的强烈兴趣。

不喜欢：用户不喜欢其他银行的信用卡申请（如交通银行、广发银行品牌）、纯流量卡办理服务（品类如流量服务、话费充值），以及借贷产品（关键词如借钱、贷款），这些特征在未点击商品中与点击行为相反，突出对非奖励性金融服务的回避。",1,complete
1231136,"喜欢：用户偏好流量服务（如流量钱包）、电子产品（如迷你洗衣机和苹果AirPods）、积分系统和抽奖活动，品牌倾向苹果，使用场景包括移动数据管理、家庭清洁和娱乐奖励，关键词涉及流量服务、苹果产品和租借。

不喜欢：用户不喜欢充值类服务（如境外流量充值、手机充值）、电信相关产品（如中国电信、中国移动）和境外流量包，基于未点击行为中与点击流量服务相反的特征。",1,complete
585326,"喜欢：用户偏好与现金红包、任务赚取相关的服务，包括品类如金融奖励（现金红包、转账红包）和日常用品（湿巾、棉柔巾），关键词如""红包""、""现金""、""月月赚""、""赚现金""，品牌涉及支付宝（从服务使用实体如""支付宝""、""花呗""），使用场景为日常任务赚取小额现金（如""做任务""、""领福利""），基于点击商品和搜索关键词（如""月月赚""、""红包""、""余额宝""）的频繁出现。

不喜欢：用户不喜欢健康管理、求职招聘、存钱工具和黄金投资等服务，基于未点击商品的特征（如健康打卡、工作岗位、存钱罐、黄金票）与点击行为相反，具体表现为对健康问题、社会保障、求职岗位、黄金票等实体词的回避。",1,complete
552434,"喜欢：用户偏好金融品类中的信用卡申请和借款额度服务，关键词包括信用卡、借条、还款、优惠券、等额本息/本金，品牌如中信银行、浦发银行、交通银行、360借条，使用场景为在线信用额度管理、还款计算和优惠领取。

不喜欢：用户不喜欢非信用卡的贷款产品和社会保障相关服务，基于未点击商品中的相反特征如贷款金额、社会保障、车用汽油和今日油价，体现对泛化贷款或实用金融工具的回避。",1,complete
1567002,"### 用户兴趣偏好总结（场景1）
喜欢：用户偏好金融奖励服务品类，如现金红包、任务赚钱和签到领奖活动，关键词包括现金、红包、任务和支付宝，品牌涉及支付宝，使用场景聚焦日常移动支付和在线赚钱应用，体现对即时收益和游戏化激励的强烈兴趣。  
不喜欢：用户不喜欢转账操作、批量支付及还款事务，以及家居用品和美妆产品，这些特征与点击行为中获取奖励的偏好相反，反映对支出类金融服务和无关日用品缺乏兴趣。  

（字数：198）",1,complete
1172746,"喜欢：用户偏好金融管理类内容，包括红包、任务、支付宝、银行还款等关键词；品牌如支付宝和招商银行；使用场景涉及在线支付、参与平台任务获取现金奖励（如赚钱红包、信用卡还款），并关联到日常消费和理财活动。
不喜欢：用户对卫生用品（如卫生纸、厨房用纸）、健身活动（如健身游泳）以及非任务型的红包（如祝福语红包）不感兴趣，这些特征与点击行为中的金融任务偏好相反。",1,complete
1740530,"喜欢：用户偏好金融理财服务品类，关键词包括月月赚、红包、任务、转账红包、赚钱红包和现金，品牌如支付宝（多次出现），使用场景为在线完成任务赚取现金红包的互动式理财活动。

不喜欢：用户不喜欢与支付红包、口令红包等直接现金红包相关的特征，这些在未点击商品中出现，与点击行为中任务导向的赚钱红包形成反差。",1,complete
1046899,"喜欢：用户偏好品类包括金融红包服务（如现金红包、消费款）和旅行预订（如酒店、航班管家），关键词集中于""现金""、""红包""、""消费""，品牌涉及支付宝、考拉海购、阿里妈妈，使用场景为在线赚取消费金和旅行消费（如通过支付宝平台获取红包）。

不喜欢：用户不喜欢花呗账单报告（如花呗周报）和养殖相关产品（如鱼干），基于未点击商品中与点击行为相反的特征（如花呗账单代替现金红包，养殖代替旅行服务）。",1,complete
52304,"喜欢：用户偏好公益环保类服务，特别是蚂蚁集团旗下的蚂蚁森林能量和蚂蚁种树，偏好品类包括在线互动游戏（如蚂蚁庄园、神奇海洋）和理财管理（如余额宝），关键词如蚂蚁森林能量、蚂蚁种树，品牌涉及支付宝，使用场景为参与公益慈善、环保活动及在线游戏化理财。

不喜欢：用户不喜欢与投资或基金相关的公益实体，如宝盈基金和植物园，基于未点击蚂蚁森林公益林的行为，表明对泛化公益（如浇水、徽章）或金融投资内容不感兴趣。",1,complete
670084,"喜欢：偏好电动车品类（如哈啰电动车），关键词包括共享电动车、长途出行和电池，品牌涉及哈啰和特斯拉，使用场景聚焦骑行、城市通勤和环保出行（基于点击商品实体词如车型、电池，服务使用如骑行、电动车，搜索关键词如共享电动车、租机服务）。

不喜欢：不喜欢机场相关服务和旅游租车（如神州租车），特征包括机场、旅游目的地（如敦煌、昆明长水机场）和购物中心（如金鹰购物中心），与点击行为中个人出行工具偏好相反（基于未点击商品实体词）。",1,complete
1136030,"喜欢：该用户偏好金融管理类内容，包括红包、转账红包、信用卡还款等任务型活动（如月月赚），关键词涉及红包、任务、转账，品牌如支付宝相关服务（如蚂蚁投资者教育基地），使用场景为理财、日常消费管理和个人卫生（如湿巾、棉柔巾）。

不喜欢：基于未点击商品特征，用户不喜欢提现操作（如领钱提现、现金领取）、花呗账单管理以及跨境汇款等服务。",1,complete
1457682,"喜欢：用户偏好游戏和娱乐类内容，包括红包、任务完成和支付宝生态内的服务（如芭芭农场、蚂蚁庄园）；关键词涉及游戏、蚂蚁会员；品牌偏好支付宝、余额宝；使用场景为休闲娱乐、在线奖励获取和公益游戏（如种树、养小鸡），基于点击商品""游戏中心""及实体词""红包,游戏,做任务""，并辅以服务使用实体""庄园工坊,互动小游戏""和搜索关键词""蚂蚁会员,星愿""。

不喜欢：用户不喜欢商业服务类内容，如图文打印、工商注册、设计工具；关键词包括打印、注册、急送；品牌关联支付宝服务市场；使用场景为商业应用和设计工作，基于未点击商品""支付宝服务市场""及实体词""图文打印,工商注册,同城急送,智能logo设计""，与点击行为（游戏导向）形成相反特征。",1,complete
1519987,"喜欢：用户偏好医疗健康服务品类，特别是肿瘤医院相关在线服务（如门诊挂号、预约挂号）和加油支付服务（如易捷加油）；关键词包括""医院""、""肿瘤""、""挂号""、""加油""、""苹果""、""gopro""；品牌涉及苹果（Apple）、GoPro、易捷；使用场景为就诊咨询、移动支付和电子产品应用（如手机、运动相机）。

不喜欢：用户不喜欢体检和健康管理品类，特别是体检预约服务（如女士/男士体检、疫苗接种）；关键词包括""体检""、""接种""、""心脑血管""、""影像档案""；品牌如健康云；使用场景为预防性健康检查和档案管理。",1,complete
5522,"喜欢：该用户偏好金融理财品类，关键词包括投资理财、余额宝、帐单、记帐本，品牌如支付宝（余额宝相关），使用场景为个人资金管理和在线理财投资。  
不喜欢：该用户不喜欢基础记账工具如小账本、多人记账本，以及扫码领红包活动，与点击的专业理财服务特征相反。",1,complete
879447,"喜欢：用户偏好理财存钱品类（如支付宝小荷包、攒钱计划和现金红包），关键词包括回收手机、存钱罐和红包，品牌集中于支付宝相关服务，使用场景为通过支付宝进行日常手机回收和现金积累活动。

不喜欢：用户不喜欢抽奖活动（如扭个蛋和随机抽奖）以及非手机回收服务（如家电回收），基于未点击商品中与点击行为相反的游戏玩乐和无关品类特征。",1,complete
1107792,"喜欢：用户偏好房地产相关品类（如买房、卖房、租房和装修），关键词包括房产估值、贷款计算、社保查询和房源，品牌偏好天猫好房和喵屋汇，使用场景涉及购房准备、房产交易和家庭装修。

不喜欢：用户不喜欢任务型理财和储蓄服务（如笔笔攒和小猪存钱罐），关键词包括现金领取、做任务和签到，品牌无明确偏好但回避类似服务，使用场景涉及小额红包赚取和日常储蓄活动。",1,complete
336971,"喜欢：该用户偏好赚钱应用品类（如月月赚、天天赚），关键词包括红包、任务、现金红包和转账红包，品牌涉及合创，使用场景为在线签到领奖、日常小额收入获取以及个人财务管理，同时关注日常清洁用品如湿巾和棉柔巾。

不喜欢：该用户不喜欢招聘服务品类（如兼职、求职），关键词如求职、工作和招聘，品牌如青团社，使用场景为就业相关活动或职业平台服务。",1,complete
1693158,"喜欢：用户偏好日用品品类如棉柔巾和湿巾，结合金融红包关键词如现金红包和红包，品牌无明显倾向，使用场景为日常消费中轻松赚取小额现金，体现对简单、直接收益方式的兴趣。

不喜欢：用户不喜欢需要主动完成签到、做任务或提现流程的金融产品，基于未点击商品中强调任务、提现和现金领取的特征，与点击行为中轻松赚取红包的偏好相反。",1,complete
226345,"喜欢：用户偏好金融投资和红包类产品，如黄金票、现金红包和财运红包，关键词包括红包码、支付宝和黄金票，品牌涉及蚂蚁财富（支付宝相关），使用场景涵盖在线支付（如手机扫码支付、收款码）、生活缴费（如电费、燃气）以及公益游戏（如芭芭农场、蚂蚁庄园）。

不喜欢：用户不喜欢借贷和信用额度相关产品，如借条、借款和借钱额度，基于未点击行为中与点击金融投资相反的借贷特征（如360借条）。",1,complete
1606362,"喜欢：该用户偏好休闲游戏和公益互动品类，关键词包括游戏、红包、蚂蚁森林能量和玩乐豆，品牌涉及支付宝（如蚂蚁森林相关服务），使用场景为移动端小游戏（如泡泡龙王国、贪吃蛇大作战）、在线红包活动和环保公益参与（基于点击商品实体词和搜索关键词如""game""、""蚂蚁森林能量""）。

不喜欢：该用户不喜欢硬核游戏和游戏商业服务品类，关键词如游戏充值、租号和特定游戏名称（如JJ斗地主、王者荣耀），品牌如网易和JJ斗地主，使用场景包括端游、账号交易和特定公益捐赠（基于未点击商品实体词如""游戏充值""、""租号""与点击行为相反特征）。",1,complete
443928,"喜欢：该用户偏好金融红包类产品（如现金红包、红包）、日用品（如湿巾、棉柔巾）、旅行住宿（如酒店品牌锦江酒店、华住酒店）、以及任务赚钱活动（如集分宝、话费券）；关键词包括现金、任务、消费款、外卖；品牌涉及支付宝、携程、考拉海购；使用场景主要为在线赚钱（如集集钱包）、日常消费（如超市购物）和外卖点餐。

不喜欢：该用户不偏好投资产品（如基金、指数）、银行服务（如网商银行）、以及公益类内容；关键词包括猜涨跌、花呗、公益；品牌如中信保诚、兴业证券；使用场景为金融投资（如指数晴雨表）和银行交易（如网商贷）。",1,complete
1009881,"### 用户兴趣偏好总结（场景1）
喜欢：用户偏好金融信贷品类（如信用卡申请、贷款额度和账单分期），关键词包括""借款""、""信用贷""和""分期""，品牌涉及交通银行、中信银行、360借条、中国联通和电信，使用场景为在线金融管理（如额度申请和账单处理）及通信服务（如流量卡办理）。  
不喜欢：用户不喜欢浦发银行、招商银行等品牌的信用卡产品，以及北银消费金融的贷款服务，基于未点击行为中与点击偏好相反的银行品牌和金融公司特征。  

（字数：198）",1,complete
