user_id,user_interest_summary,scene,data_type
1042850,"喜欢：用户偏好理财、基金和债券相关主题，尤其关注债券基金、收益分析和亏损探讨；基于点击商品（如""债券基金的特点""实体词""债券基金|理财,债券,收益,亏损""）、交易行为（如""支付宝""、""余额宝""、""理财""、""基金""）、服务使用（如""理财直播""、""财富直播""、""银行理财""）和搜索关键词（如""银华基金""、""理财直播""、""月月赚""），其兴趣集中在金融投资品类，使用场景包括在线理财直播、支付宝平台服务，偏好品牌如支付宝和银行相关产品。

不喜欢：用户不感兴趣于与恋爱、节日（如七夕）、房地产信贷政策、基建投资相关的理财内容；基于未点击商品（如""七夕专场直播""实体词""专场直播,买基金,恋爱,七夕""和""优化房地产信贷政策""实体词""优化,周末,信用贷,房地产""），这些特征与点击行为（债券基金亏损分析）相反，显示对泛化稳健理财讨论、非债券基金主题直播（如房地产或基建）缺乏兴趣。",0,complete
152934,"喜欢：用户偏好支付宝平台上的健身服务，特别是乐动力的累计达标活动（如点击的“累计达标7天”商品），以及对年夜饭套餐的兴趣，反映出对健康生活方式和节日餐饮的倾向，支持数据包括服务使用中的乐动力、健身服务和交易行为中的支付宝实体。

不喜欢：用户对DIY手工制作（如未点击的彩虹鱼挂饰）、免费场馆开放（如成都乐动力体育中心免费活动）、社交评论互动（如评论晒中秋菜单）和赚钱知识内容（如赚不到钱的提示）不感兴趣，这些特征与点击行为中付费健身和具体服务形成鲜明对比。",0,complete
1210585,"喜欢：偏好品类为数字公仔和壁纸，关键词如""浮瓜沉李""，品牌未在点击行为中明确体现（但交易行为涉及南极人等品牌），使用场景为数字装饰（如手机或电脑桌面），结合服务使用（如蚂蚁庄园、芭芭农场）体现对数字内容的兴趣。

不喜欢：基于未点击商品（海洋主题壁纸）与点击行为相反的特征，不喜欢海洋主题的壁纸内容，具体表现为对""海洋""关键词的回避，而偏好其他主题如""浮瓜沉李""。",0,complete
1426163,"喜欢：用户偏好现金奖励和支付相关的活动，如到店付款攒现金，涉及偏好品类包括支付服务（如聚合支付、条码支付）、日常消费（如食品、出行），关键词如现金、付款，品牌如支付宝（从服务使用中体现），使用场景如到店支付和日常交易。

不喜欢：用户不喜欢包含支付宝品牌过度强调、时间限制（如""今天""、""第一""）或具体福利描述（如""得到了3元""）的促销内容，基于未点击商品中与点击行为相反的实体特征。",0,complete
1398625,"### 用户兴趣偏好总结（场景0）
喜欢：该用户偏好消防相关的品类，如安全知识和教育内容；关键词包括消防、消防员、比赛和学习平台；品牌方面倾向公益和教育类服务（如支付宝生态中的蚂蚁森林、消防学习平台）；使用场景主要为在线学习、娱乐和教育互动（如消防课程、趣味比赛）。  
不喜欢：该用户不喜欢灾难和救援相关的负面内容，如暴雨、瞬间事件和紧急救援主题，与点击的积极、趣味性消防行为形成鲜明对比。  

（字数：148字）",0,complete
462922,"喜欢：偏好金融投资品类（如基金、股票），关键词包括央行、多元金融概念和理财，品牌涉及国信证券（从搜索关键词）和饿了么（从交易行为），使用场景为投资理财、阅读金融新闻及日常消费（如外卖订单和食品购买）。

不喜欢：基于未点击商品特征，不喜欢环保、地产、消费电子等非金融品类，以及理性投资、市场探索和行业周期等关键词，避免节能环保概念、券商活跃或消费电子上新等主题。",0,complete
1885160,"喜欢：偏好游戏交易和在线服务品类，关键词如报复、买家、快递、收入、基金、外卖和顺风车，品牌如交易猫、苹果、美团、饿了么、滴滴出行和哈啰出行，使用场景包括在线交易平台、出行应用、外卖服务和理财管理。
不喜欢：基于未点击商品中与点击行为相反的特征，不喜欢虚构奇幻内容，如仙侠故事或游戏剧情元素。",0,complete
115206,"喜欢：用户偏好手机租赁品类，关键词包括免押金、分期购买、0首付和支付宝信用分，品牌涉及支付宝平台，使用场景为通过信用分免押金租赁手机用于个人设备升级或消费。

不喜欢：用户不喜欢租赁服务中附加的视频内容、情感故事（如分手或浪漫主题）、特定品牌推广（如iPhone或OPPO）或无关主题（如安全下车或电子功德），这些特征与点击行为中的直接免押金分期租赁相反。",0,complete
1454952,"喜欢：用户偏好金融福利品类，如红包、福利金和理财相关服务，关键词包括福利金、当钱花和红包，品牌偏好支付宝（从交易和服务使用中高频出现），使用场景为日常消费、省钱及通过任务赚取福利（如做任务、领现金红包）。

不喜欢：用户不喜欢花呗金、消费券、赚钱红包、手机话费充值及折扣优惠（基于未点击商品中与点击的福利金相反特征，如花呗金和消费券替代福利金，以及赚钱红包和手机费相关优惠）。",0,complete
734220,"喜欢：用户偏好支付宝平台的夏季现金红包活动，涉及直接领取奖励（如""领现金红包""）、福利关键词（如支付宝、夏天、夏日），品牌支付宝突出，使用场景为线上促销参与（如夏季扭扭节），偏好品类包括支付相关福利和季节性活动。

不喜欢：用户不喜欢抽奖机制的现金红包活动（如""抽现金红包""），表现为对不确定性奖励特征的回避，与点击行为中直接领取特征相反。",0,complete
1780182,"喜欢：该用户偏好金融理财品类，如基金、债券和现金福利活动，关键词包括理财、现金、基金，品牌涉及蚂蚁财富、余额宝、嘉实基金、永赢基金等，使用场景为理财节活动、财富管理和现金奖励。
不喜欢：该用户不喜欢抽奖、薅羊毛和免费类活动，基于未点击商品特征与点击行为中理财偏好相反。",0,complete
890519,"喜欢：用户偏好金融支付类活动，特别是支付宝相关的红包、现金抵扣和夏季促销，偏好品类包括在线支付和促销活动，关键词如支付宝、红包、现金、夏季，品牌以支付宝为主，使用场景涉及在线消费、夏季主题活动和现金奖励。

不喜欢：用户对通信卡（如流量卡、电话卡）和金融产品申请（如信用卡、贷款）不感兴趣，基于未点击商品的特征，包括流量卡申请、9元无限流量卡、信用卡办理等，这些与点击行为中的支付宝红包活动形成鲜明对比。",0,complete
804307,"喜欢：用户偏好支付宝的红包活动（如扭扭节、消费节），关键词包括红包、福利、夏季和春季，品牌为支付宝，使用场景为线上直接领取现金奖励的促销活动。

不喜欢：用户不喜欢需要到店付款攒现金的活动，表明对需消费才能积累现金的场景不感兴趣。",0,complete
414081,"### 用户兴趣偏好总结（场景0）
喜欢：用户偏好金融管理品类，特别是花呗额度提升和提额券相关服务；关键词包括""额度""、""提额""和""618""；品牌如支付宝、花呗；使用场景涉及在线金融服务、促销活动（如618大促）和信用额度优化。

不喜欢：用户不喜欢红包封面相关品类；关键词如""万物""；使用场景涉及社交礼物或虚拟娱乐内容，与金融管理行为相反。",0,complete
786529,"喜欢：用户偏好农场相关活动（如芭芭农场、种果树和领牛奶）、牛奶产品（如纯牛奶、早餐奶和蒙牛品牌）、租赁服务（如游戏机、电脑和相机租赁）、外卖点餐场景（如饿了么平台）、以及红包优惠和节日消费（如年夜饭套餐、消费券和618活动），关键词包括鸡蛋、牛奶、红包和支付宝支付。

不喜欢：用户对实验性、教育性的内容不感兴趣，如可乐加牛奶的等待实验，表明不喜欢不实用的娱乐活动或奇迹类主题，这与点击的实用餐饮行为相反。",0,complete
1972666,"喜欢：用户偏好支付宝平台上的现金红包活动、夏日促销和超市福利，涉及品类如金融支付（支付宝相关服务）、食品饮料（纯牛奶、酸奶、饺子），关键词包括现金、红包、福利、夏日，品牌如支付宝、伊利、蒙牛，使用场景为在线优惠参与（如扭扭节活动）和日常消费（超市购物、食品采购）。

不喜欢：基于未点击商品特征，用户不喜欢小额红包（如2-4元）和支付自动抵扣功能，偏好高价值、显性奖励（如88元现金红包）。",0,complete
1618045,"喜欢：该用户偏好金融理财品类，关键词包括现金、红包、理财、支付和基金相关（如从搜索关键词""现金""、""红包奖励""、""基金""、""闲钱理财""和点击实体词""理财""、""现金福利""），品牌如支付宝、余额宝和花呗（从交易行为实体和点击实体词），使用场景涉及理财活动、红包福利和在线支付任务（如点击商品标题的""818理财节活动""和服务使用实体的""赚小钱""、""充值话费""）。

不喜欢：基于未点击年夜饭套餐商品，该用户不喜欢餐饮食品套餐类内容（如未点击实体词""年夜饭套餐""与点击理财行为形成鲜明对比）。",0,complete
888245,"喜欢：用户偏好租赁服务（特别是手机和相机等3C数码产品），关键词包括""短期租手机""、""租手机买断""、""免押租赁""和""优惠""，品牌如支付宝、饿了么和花呗，使用场景涉及出行（如火车票、打车）、支付（如转账、还款）和租赁需求（如短期设备使用）。

不喜欢：用户对踏青相关休闲活动（如踏青礼包）和花小猪打车服务不感兴趣，基于未点击行为中与点击租赁主题相反的特征。",0,complete
30634,"喜欢：该用户偏好金融投资品类，特别是债券基金；关键词包括债券基金、问答、基金经理和理财直播；品牌涉及支付宝和余额宝；使用场景为在线理财学习、投资咨询和问答互动。

不喜欢：该用户不喜欢直播形式、恋爱主题和节日相关的内容，如七夕专场直播，基于未点击行为与点击行为相反的特征。",0,complete
328863,"喜欢：用户偏好通信服务品类，如手机卡和流量卡，关键词包括免费申请、办理和充值，品牌倾向中国联通和中国电信，使用场景涉及话费管理、流量需求及营业厅服务。

不喜欢：用户不喜欢外卖优惠相关服务，如点餐优惠券和美食团购，关键词包括优惠券和红包，品牌如美团和饿了么，使用场景为外卖点餐和团购优惠。",0,complete
1175485,"喜欢：用户偏好自制食品如麻辣烤鱼（偏好品类：食品；关键词：麻辣、自制、烤鱼；品牌：支付宝、滴滴出行；使用场景：自制餐饮、外卖点餐），同时涉及美容产品（如定妆喷雾）、金融服务（如余额宝、理财）、健康管理（如医保）和任务型活动（如打卡、公益），基于交易行为中的美容实体、服务使用中的现金和任务实体、搜索关键词中的食品和健康相关词。

不喜欢：用户不喜欢免费领水果、外卖红包和会员优惠券（基于未点击商品中与点击行为相反的特征，如领水果、免费、会员优惠券、饿了么果园、红包、饿了么外卖），表明对饿了么平台的促销活动和免费领取服务缺乏兴趣。",0,complete
1756518,"喜欢：用户偏好回收服务品类，特别是旧物回收和旧衣回收，关键词如回收、环保回收和资产管理，品牌如铛铛一下（在点击和服务使用中高频出现），使用场景涉及日常环保回收、资产管理需求（如服务使用实体中的回收服饰箱包、废旧衣物处理）。
不喜欢：用户不喜欢白鲸鱼品牌的旧衣回收服务（基于未点击商品），尤其当它与情感营销元素如好消息、资助故事（如中山大学、毛孩子）结合时，表明对直接、无情感附加的回收服务反感。",0,complete
1683728,"### 用户兴趣偏好总结（场景0）
喜欢：用户偏好体育赛事品类（如杭州亚运会体育比赛门票），关键词包括线下购票、官方渠道和服务网点，品牌涉及星巴克、农夫山泉和苹果 iPhone 等，使用场景集中于线下活动（如售票厅购票）和日常消费（如早餐铺、便利商店）。  
不喜欢：用户对汽车救援服务（如道路救援搭电、换电瓶）不感兴趣，表现为对汽车电瓶更换和应急救援相关内容的回避。",0,complete
722310,"喜欢：用户偏好旅游出行品类，特别是香港特别行政区相关目的地，关键词包括出行攻略、姐妹（可能指女性用户群体或社交分享），品牌如支付宝（从服务使用和搜索关键词中高频出现）、花呗、余额宝等金融工具，使用场景涉及城市探索、在线支付和出行规划（支持实体如公共交通卡、地铁、机场）。

不喜欢：用户对农业产品品类不感兴趣，特别是青柠檬和小洋芋等农产品主题，关键词如金豆豆（象征农业价值）和第一（可能指产地排名），与点击的出行攻略特征相反。",0,complete
1949692,"喜欢：用户偏好支付宝平台的夏季主题红包活动，偏好品类包括红包福利和促销活动，关键词涉及夏天、夏日、夏季、大奖和红包，品牌为支付宝，使用场景为夏季促销和福利领取。
不喜欢：用户不喜欢缺少季节元素（如夏天）的红包活动，尽管涉及支付宝和红包，但未包含大奖或具体季节关联特征。",0,complete
171348,"喜欢：用户偏好红包和现金奖励类金融活动，关键词包括现金、红包、奖励，品牌涉及支付宝（在交易和服务使用中高频出现），使用场景为在线促销和扭扭节活动（基于点击商品标题和实体词）。

不喜欢：用户不喜欢与季节（如夏天、夏日、夏季）相关的红包活动或特定活动形式（如支付宝扭扭节福利），基于未点击商品实体词中高频出现的季节词和活动词，与点击行为中纯粹的现金奖励红包形成反差。",0,complete
30410,"喜欢：用户偏好支付宝品牌下的现金红包活动，关键词包括支付宝、现金红包、夏天、福利和奖励，使用场景为夏季促销互动（如扭扭节领奖），偏好品类为数字红包和促销活动，基于点击商品标题和实体词，以及搜索关键词（如支付宝、红包）和服务使用（如支付宝、现金红包）的强关联。

不喜欢：用户不喜欢股票市场分析内容，关键词如大盘、解析和结构，使用场景为金融投资分析，基于未点击商品标题（如1.28大盘走势结构解析）的实体词与点击行为相反特征（即未涉及支付宝红包活动），而其他未点击商品虽有相似实体（如支付宝、现金红包），但用户未点击表明对非互动性表述不感兴趣。",0,complete
800208,"喜欢：用户偏好支付宝相关的活动福利类内容，偏好品类为现金奖励和季节性活动（如夏季福利），关键词包括支付宝、现金、奖励、夏天和夏日，品牌偏好支付宝，使用场景为夏季线上福利活动（如扭扭节领红包）。

不喜欢：用户不喜欢租赁服务类内容，特别是手机租赁、分期付款和免押金租机等特征（如租手机分期、芝麻信用免押金、分期购买手机平台），基于未点击商品中与点击行为相反的租赁相关实体词。",0,complete
1568333,"### 用户兴趣偏好总结（场景0）

喜欢：偏好科技科普类内容（如国际空间站、超光速飞船、微生物实验）、旅行攻略（如福建柘荣草场、毕业旅行、自驾游）、历史与社会热点（如故宫秘密、日本租田事件、中国温暖故事）；关键词包括旅行、保险、科普、情感；品牌如哈啰出行、滴滴出行、支付宝；使用场景涉及出行服务（网约车、骑行）、金融支付（红包、转账、余额宝）、内容学习（直播、科普视频）。

不喜欢：基于未点击商品，不偏好纯天文探索（如木星守护地球）、艺术解压（如禅绕画）、户外休闲（如露营逃离城市计划）或自然捕食类内容（如捕蝇草猎杀）。",0,complete
1766766,"喜欢：用户偏好支付宝相关的金融和生活服务品类，包括红包活动、生活缴费（如水费、电费）和夏季主题促销；关键词如支付宝、红包、活动、夏季；品牌如支付宝、花呗；使用场景为在线支付、参与促销活动（如扭扭节）和日常缴费服务。

不喜欢：基于未点击商品特征，用户不喜欢新上架的商品或促销（如""上新啦""），特别是那些不涉及支付宝或熟悉品牌的催促式推广（如""福利邦""）。",0,complete
349057,"喜欢：用户偏好支付宝平台的红包福利活动（如扭扭节）、夏季主题促销（如夏天、夏日）、理财服务（如余额宝、现金红包）、实用金融服务（如转账、收款码）以及品牌支付宝相关活动，体现对金融投资、生活权益和季节性营销的高度兴趣。

不喜欢：用户对虚构故事或游戏类内容（如未点击的""我纯阳之体开局娶画皮新娘""）不感兴趣，与其实用金融偏好相反。",0,complete
1953997,"喜欢：用户偏好快餐点餐品类，特别是华莱士品牌，关键词包括点餐优惠券、手机入口、支付宝和余额宝，使用场景涉及通过手机进行在线点餐和理财服务管理（如支付宝支付和余额宝理财）。

不喜欢：用户不喜欢学生特惠优惠、自助点餐方式以及存钱相关工具（如小猪攒钱罐），这些特征在未点击商品中与点击行为相反。",0,complete
454513,"### 用户兴趣偏好总结（场景0）
喜欢：偏好金融投资分析品类，关键词包括市场、大盘、指数、反转、板块轮动、白酒、恒生和A股，品牌涉及叶星辰（分析师）和蚂蚁财富，使用场景聚焦实时股市复盘、操作建议和资产配置决策，尤其关注超跌反弹、龙头板块预判和核心资产分析。  
不喜欢：基于未点击行为，不喜欢非投资主题（如兔年吉祥）、新能源、医疗、军工、芯片、TMT等板块分析，以及抄底提醒、一日游预测和乐观标题（如“暴涨”“跑路”），避免与点击行为相反的抄底、光伏、半导体等关键词。",0,complete
82303,"喜欢：用户偏好钓鱼用品（如鲢鳙竿、黑坑竿、竞技竿）、家居用品（如地垫、靠垫、揉捏枕）和支付服务（如红包、转账收款、充值话费）；关键词包括报复、买家、健康、浙里办、快递；品牌如拼多多、抖音、中国移动；使用场景涉及在线交易、充值服务和娱乐消费（如电影票、游戏代充值）。

不喜欢：用户不喜欢账号找回、线下活动（如交易猫线下打击）相关的内容，基于未点击商品特征与点击行为（报复、买家）相反。",0,complete
1297074,"喜欢：偏好手机流量卡申请品类，关键词包括免费、0元、申请办理、流量王卡、双V会员，品牌如中国移动、电信、中国联通，使用场景为免费流量卡申请和运营商会员服务获取。  
不喜欢：基于未点击商品，特征包括腾讯大王卡、天王卡、招商银行信用卡等，表明对腾讯品牌、信用卡申请和特定卡类型（如天王卡）不感兴趣。",0,complete
1254195,"喜欢：该用户偏好支付宝相关服务如积分管理和优惠券红包，尤其对肯德基的自助点餐和学生特惠感兴趣，偏好品类包括快餐和数字金融服务，关键词涉及积分过期提醒、优惠券和自助点餐，品牌聚焦支付宝和肯德基，使用场景为点餐优惠和积分管理。

不喜欢：基于未点击行为，用户不喜欢饿了么外卖和美团外卖的点餐服务，特别是红包券相关优惠。",0,complete
337592,"### 用户兴趣偏好总结（场景0）
喜欢：偏好品类为金融理财和日常省钱技巧，关键词包括黄金票、薅羊毛、理财和科普教育，品牌涉及支付宝、余额宝等金融平台，使用场景聚焦于投资黄金的日常积累和攻略学习，如通过攒黄金票实现低成本理财。

不喜欢：基于未点击商品特征，对流程性指南（如12306购票流程和学生优惠）、汽车相关话题（如油品质量疑问）以及上新功能推广缺乏兴趣。",0,complete
1584222,"喜欢：用户偏好鲜花配送服务品类，关键词包括鲜花、同城、订花和送花（如搜索关键词中的""生日鲜花""、""毕业鲜花""和""同城订花""），品牌涉及饿了么和支付宝（从服务使用实体""外卖点餐""和""支付宝""关联），使用场景主要为生日、毕业等送花场合（基于搜索关键词和点击商品实体词）。
不喜欢：用户不喜欢七夕节日主题的鲜花商品（基于未点击商品实体词""七夕""和""rose""，与点击的通用鲜花配送主题相反）。",0,complete
636349,"喜欢：用户偏好教育查询服务，特别是英语考试（如英语四六级成绩查询）相关的品类，关键词包括成绩查询、查分入口和大学，使用场景聚焦在线学术信息获取和考试服务，品牌倾向体现在支付宝等支付平台的使用上。

不喜欢：用户对旅游探险（如自驾、江南秘境）和特权营销活动（如宠粉、等级特权）不感兴趣，避免相关内容和场景。",0,complete
1802906,"### 用户兴趣偏好总结（场景0）

喜欢：用户偏好金融消费服务品类，关键词包括领消费券、赚现金红包、消费金和支付宝品牌，使用场景为日常消费和红包领取活动。

不喜欢：用户不喜欢理财投资和健康服务品类，关键词如理财周周转卡、信用住、健康花，品牌如蚂蚁星愿，使用场景涉及理财管理和信用住宿安排。",0,complete
1815543,"喜欢：用户偏好体育健身品类，关键词包括免费、场馆、项目和体育中心，品牌偏好乐动力，使用场景为免费开放的体育中心活动（如成都乐动力体育中心），反映出对轻松、无门槛的健身体验的兴趣。
不喜欢：用户不喜欢需要达标的健身服务，特征包括达标要求、支付宝支付和健身服务中的条件（如首次达标或累计达标），与免费开放活动形成鲜明对比。",0,complete
1708966,"喜欢：该用户偏好体育博彩品类，特别是足球赛事（如欧冠），关键词包括竞彩、足球和彩票相关（从搜索关键词如""竞彩赛事情报""和点击实体词""足球、竞彩""体现），品牌涉及支付宝、网商银行等金融支付平台（从交易行为如""余额宝、网商银行""和服务使用如""支付宝账户管理""体现），使用场景为在线博彩、移动支付和赛事观看（从交易行为如""手机扫码支付""和服务使用如""竞彩赛事情报""体现）。

不喜欢：该用户不喜欢篮球相关赛事（如乡村篮球联赛），基于未点击商品中与点击行为相反的特征（未点击实体词如""篮球、篮球联赛""，而点击实体词为足球相关）。",0,complete
387603,"### 用户兴趣偏好总结（场景0）
喜欢：该用户偏好支付宝品牌的消费节活动（如扭扭节），关键词包括夏天、夏日、夏季、红包和大奖，使用场景为夏季主题红包领取和娱乐性福利活动，偏好品类为红包互动和消费节相关服务。  
不喜欢：该用户不喜欢现金红包和1分购特征的内容，基于未点击商品中与点击行为相反的特征（如现金红包替代大奖、1分购替代季节主题）。",0,complete
27062,"喜欢：用户偏好医疗健康服务品类，特别是体检相关；关键词包括在线预约和方便；品牌集中于浙大一院（浙江大学医学院附属第一医院）；使用场景涉及在线医疗预约和便捷就诊服务，支持健康管理和医保相关活动。

不喜欢：用户不喜欢包含特定院区（如海创园）、官方标签、小程序预约或三甲医院强调的医疗预约服务，这些特征与点击行为相反。",0,complete
1909287,"喜欢：用户偏好电子产品品类，特别是手机租赁服务（如苹果手机租赁），关键词包括租赁、拍照、苹果，品牌涉及苹果和华为，使用场景聚焦于手机拍照功能、在线数字服务如支付宝和花呗，以及租赁平台的使用。

不喜欢：基于未点击商品，用户不喜欢与加油、油品质量相关的汽车维护主题，表现为对实用服务如油品疑问的回避。",0,complete
33852,"喜欢：用户偏好支付宝相关的金融抽奖活动，偏好品类为在线理财和红包活动（如花花卡翻卡抽奖），关键词包括花花卡、翻卡、大奖，品牌涉及支付宝（从交易和服务使用中高频出现），使用场景为直接参与抽奖机会（如点击商品强调会场链接）。

不喜欢：用户不喜欢教学性质或互动导向的内容，如教你赚花花卡或互动开奖（基于未点击商品中与点击行为相反的特征，如""教你""和""互动""元素）。",0,complete
1614198,"喜欢：该用户偏好支付宝品牌，关键词如现金、消费券、红包（基于搜索关键词和点击商品实体），使用场景为线上消费节活动获取优惠（如春季消费节），偏好品类包括支付服务、优惠活动（从服务使用实体如支付宝、收款和交易实体如代金券推断）。
不喜欢：该用户不喜欢芝麻公约相关的攒钱、挣钱活动（如小猪攒钱罐），以及打车服务（基于未点击商品实体如芝麻公约、挣钱、打车，与点击的支付宝、红包特征相反）。",0,complete
570554,"喜欢：用户偏好基金投资（特别是股票指数基金如华夏沪深300ETF联接C和嘉实中证新能源汽车指数C）、支付宝相关服务（如余额宝、花呗）、日常消费用品（如食品香肠、厨具菜刀）；关键词涉及理财、回收（如搜索""回收手机""）、政务服务；品牌包括支付宝、交易猫；使用场景为在线理财管理、维权主题内容（如点击""报复买家""故事）和日常购物支付。

不喜欢：用户不喜欢债券基金（如未点击""债券基金的特点""）、直播间营销互动（如""直播间""）、节日主题如七夕、黄金概念投资（基于未点击商品与点击行为相反的特征）。",0,complete
874382,"喜欢：用户偏好苹果品牌的科技产品（如手机、电脑），关键词包括出租、现金和赚零钱，使用场景涉及设备租赁、日常支付（如公交、转账）和赚钱任务（如支付宝的现金红包、做任务）。
不喜欢：用户不喜欢银行信用卡申请服务，特别是招商银行的信用卡办理相关特征。",0,complete
817733,"喜欢：用户偏好支付宝相关的金融优惠活动，特别是花花卡抽奖和翻卡玩法，关键词包括花花卡、翻卡、大奖、支付宝和花呗，品牌涉及支付宝（隐含），使用场景为在线支付、优惠获取和抽奖活动，偏好品类为金融优惠和在线服务。

不喜欢：用户不喜欢教学性质的内容和工作相关分享，如涉及花呗金具体应用或上班场景，关键词包括小伙伴、上班、花呗金和开奖，品牌无明确反感（支付宝仍被偏好），使用场景避免教学指南和工作环境，偏好品类为教学内容和职场分享。",0,complete
876399,"喜欢：用户偏好支付宝相关的金融支付服务，特别是现金红包、福利活动和夏季促销，关键词包括支付宝、现金红包、夏季，品牌以支付宝为主，使用场景涉及在线领取奖励、季节性消费和日常支付（如转账、收款），偏好品类涵盖金融工具和消费权益。

不喜欢：用户对失业、兼职、副业预测及小众挣钱方式不感兴趣，这与未点击商品中强调的失业、生活重启、副业潜力和挣钱主题相反，反映出对求职类内容的回避。",0,complete
452865,"喜欢：用户偏好DIY手工艺（如挂饰、文玩珠宝）和节日装饰（如过年主题），关键词包括""过年""、""挂饰""、""胖胖""、""2023年""、""攒钱""、""理财""和""保险""，品牌涉及支付宝（从搜索关键词）和公牛（从交易行为），使用场景主要为家庭DIY制作（如在家做彩虹鱼挂饰）和日常赚钱任务（如芭芭农场种果树、集步赚现金）。

不喜欢：用户不喜欢餐饮消费类服务，如年夜饭套餐（基于未点击商品特征）。",0,complete
1909910,"### 用户兴趣偏好总结（场景0）
喜欢：该用户偏好出行服务品类（如公交、地铁乘车码），关键词包括低碳出行、优惠券红包和出行便利，品牌涉及支付宝、哈啰出行和滴滴出行，使用场景为公共交通通勤和绿色出行。  
不喜欢：用户不喜欢理财相关产品，如余额宝和体验金。",0,complete
1188335,"喜欢：用户偏好支付宝平台的金融福利、红包奖励和夏季促销活动，涉及偏好品类如现金领取、抽奖互动和出行优惠（如公交、地铁），关键词包括支付宝、红包、福利、夏季，品牌为支付宝，使用场景为在线支付、参与促销和日常消费（如话费充值、外卖点餐）。

不喜欢：用户不喜欢新年庆祝、粉丝特权等社交或节日主题的内容，基于未点击商品的特征如宠粉和特权。",0,complete
1265380,"喜欢：用户偏好品类包括出行用品（如防晒帽、冰袖）和理财投资（如基金），关键词如防晒、暑假、出行、基金和电影票，品牌涉及vip会员（如点击商品中的会员狂欢），使用场景为暑假出行防晒和日常理财管理（基于点击商品实体词和搜索关键词）。

不喜欢：用户不喜欢医保相关产品或食品促销（如麦当劳套餐），这与点击的出行好物特征相反（基于未点击商品实体词中的医保和麦当劳套餐，与点击的防晒和出行形成对比）。",0,complete
474024,"喜欢：用户偏好金融服务品类，特别是信用卡申请和办理，关键词包括""信用卡申请""、""办理""和""分期申请""，品牌涉及银行类（如招商银行、平安银行），使用场景为在线信用管理、金融申请和日常理财（基于点击商品和搜索关键词）。

不喜欢：用户不喜欢特定银行信用卡（如招商银行）、信用卡分期服务（涉及额度和账单日）、以及手机流量卡申请（如联通流量卡），这些特征与点击行为相反（基于未点击商品实体词）。",0,complete
1032850,"喜欢：用户偏好数码产品租赁品类，特别是手机和苹果设备，关键词包括租赁、免押金、手机拍照和苹果，品牌如苹果（Apple）和支付宝，使用场景涉及娱乐拍照、在线租赁服务和支付平台（如支付宝用于外卖点餐和打车）。

不喜欢：用户对加油、油品质量和油价等汽车相关主题不感兴趣，基于未点击商品特征（加油、油品）与点击行为（数码租赁）相反。",0,complete
1411002,"喜欢：用户偏好支付宝相关的红包活动，特别是夏季主题的福利促销，如扭扭节活动，涉及关键词红包、大奖、支付宝和夏季；偏好品类为线上娱乐和金融福利服务，品牌集中于支付宝，使用场景为线上领红包和季节性促销活动。

不喜欢：用户对信用卡申请（如招商银行相关）、提现手续费、1分购等金融操作不感兴趣，这些特征在未点击商品中突出，与点击行为相反。",0,complete
1328561,"喜欢：用户偏好支付宝品牌相关的金融福利活动，如现金红包和季节主题（夏天、夏季、夏日）的娱乐促销；关键词包括红包、优惠券、消费券；使用场景聚焦在线福利领取和娱乐互动（如扭扭节活动），基于点击商品和搜索关键词（如红包、优惠券）的金融品类偏好。

不喜欢：用户对不动产服务、房屋查询证明等行政或正式服务不感兴趣，尽管商品也包含支付宝和季节元素，但未点击行为表明其排斥房屋相关查询、升级服务等特征，基于未点击商品实体词（如不动产、服务、开具）。",0,complete
154081,"喜欢：用户偏好出行服务品类，关键词包括出行、特惠和优惠券，品牌如支付宝和高德打车，使用场景为打车优惠券领取和特惠出行活动。

不喜欢：用户不喜欢红包相关的优惠活动，基于未点击商品中与点击行为相反的特征，如红包和活动元素。",0,complete
1965916,"喜欢：该用户偏好公益慈善品类，关键词包括蚂蚁森林、公益林、兑换，品牌涉及蚂蚁森林相关服务，使用场景集中于在线公益参与和环保能量积累，如通过支付宝运动、捐步等互动方式支持公益项目。

不喜欢：基于未点击商品实体词与点击商品相同（蚂蚁森林能量、蚂蚁森林、公益林、兑换），无相反特征，因此无明显不喜欢内容。",0,complete
439818,"喜欢：用户偏好支付宝品牌的红包奖励活动，关键词包括支付宝、红包、奖励、夏天（季节主题），偏好品类为金融福利和现金奖励，使用场景为参与支付宝的季节性活动如扭扭节领红包，体现对轻松获利的兴趣。

不喜欢：用户不喜欢赚钱秘籍和转账技巧相关内容，关键词如挣钱、秘笈、转账（在负面上下文中），使用场景为转账操作指南或薅羊毛方法，基于未点击商品特征与点击行为相反。",0,complete
77405,"喜欢：用户偏好支付宝品牌的支付服务，关键词包括支付宝、红包、夏季和福利，偏好品类为红包活动和夏季促销，使用场景为在线领取福利奖励和参与支付宝相关活动（如扭扭节）。

不喜欢：用户不喜欢现金红包相关的促销活动，基于未点击商品的特征（如""现金红包""）。",0,complete
71969,"### 用户兴趣偏好总结（场景0）
喜欢：用户偏好金融投资品类，特别是基金和股市操作，关键词包括加仓、抄底、反转、利好、牛市，品牌涉及蚂蚁财富、余额宝等金融服务，使用场景为在A股波动时进行主动投资决策（如寻找反转机会或利好事件）。  
不喜欢：用户不喜欢保守投资分析内容，如收益回顾和估值评估，关键词包括小肉、收益、估值，与点击行为相反的特征是冷静收益报告或止跌反弹预测（如正面收益或板块估值分析）。",0,complete
541282,"喜欢：用户偏好支付服务（如先用后付、花呗额度管理）、理财工具（如余额宝）和消费金融（如借贷平台），关键词包括额度、先用后付和周转资金；品牌涉及支付宝、东鹏（饮料）；使用场景涵盖日常支付、理财管理和购物消费（如零食、饮品）。

不喜欢：用户避免营销活动（如评论有奖）、节日主题（如七夕礼物）和存钱建议，关键词如评论有奖、七夕和存钱；品牌如三星；使用场景包括社交互动、节日庆祝和存钱技巧。",0,complete
834110,"喜欢：用户偏好水果品类，尤其是当地特色水果（如从点击商品""产地推销 当地特色水果实拍""和实体词""产地,推销,特色,果实""体现），关键词包括产地、推销、特色；品牌涉及饿了么（服务使用实体""饿了么果园""）；使用场景包括果园种植、外卖点餐（服务使用实体""果园,种果树,外卖点餐""）。

不喜欢：用户不喜欢新鲜水果但缺乏当地特色或地域关联的产品（基于未点击商品""哈尔滨新鲜水果""与点击行为相反的特征，即新鲜但无""当地特色""元素）。",0,complete
1270281,"喜欢：用户偏好支付宝品牌下的支付服务和促销活动，包括红包、现金福利、夏季扭扭节等关键词；常搜索消费券、鸡蛋、鲜鸡蛋等食品相关词；使用场景涉及在线支付、任务型游戏（如饿了么果园）和外卖点餐；偏好品类包括日常食品（如鲜鸡蛋、毛豆）和支付工具（如花呗、余额宝）。

不喜欢：用户不喜欢高价年夜饭套餐，表明对特定节日餐饮或非促销相关产品缺乏兴趣，与点击的日常现金福利活动形成反差。",0,complete
990379,"喜欢：用户偏好电商优惠品类，关键词如福利、一分购、花呗1分购，品牌如淘宝，使用场景为在线购物获取小额促销福利，支持支付宝支付工具。

不喜欢：用户不喜欢特权上新、天猫超市、一次性还清花呗、免押租赁等特征，这些与点击行为的小额优惠相反。",0,complete
780363,"喜欢：用户偏好现金红包类金融福利活动，关键词包括现金、红包、夏日（如点击商品""夏日红包福利来袭""）；偏好品类为赚钱和消费相关服务（如服务使用中的""赚现金""、""领现金红包""和搜索关键词""现金""、""赚零钱""）；品牌倾向支付宝、中国移动等（基于搜索关键词""支付宝""、""中国移动""和服务使用""中国移动""）；使用场景聚焦日常赚钱、领红包的消费活动（如交易行为""消费|INTENT_TARGET""和服务使用""做任务""）。

不喜欢：用户不喜欢流量卡申请和信用卡办理相关活动，关键词如电信流量、申请、信用卡（基于未点击商品实体词""电信流量""、""申请""、""办信用卡""），与点击的现金红包行为相反。",0,complete
1619612,"喜欢：用户偏好手机充值服务品类，关键词包括充值话费、优惠和手机充值，品牌如中国移动，使用场景涉及日常支付、省钱和便捷消费，体现在点击行为中对带折扣的话费充值商品（如""话费快充""和""鱼传优惠""）的积极互动。

不喜欢：用户对学手艺、赚生活费等手工制作和赚钱教程类内容不感兴趣，基于未点击商品中与点击行为相反的特征，如手艺、毛线和生活费相关主题。",0,complete
454317,"喜欢：该用户偏好金融投资品类，如基金、债券和股票（尤其关注新能源、医药、科技等行业），关键词包括股票、评级、中国、红利、估值及行业概念（如生物医药），品牌倾向摩根士丹利、天弘、嘉实等金融公司，使用场景主要为理财服务、金融新闻阅读和生活缴费（如电费、话费）。  
不喜欢：该用户不喜欢娱乐小说和积分兑换促销内容，偏好品类相反为娱乐（如奇幻小说），关键词包括奇幻元素（如纯阳之体、画皮新娘）、积分及商家相关，使用场景为游戏玩乐和小说阅读。",0,complete
547887,"喜欢：用户偏好出行品类（如打车、公交、火车票），关键词包括出行、优惠券、红包、夏日，品牌如高德、哈啰、滴滴，使用场景聚焦交通出行和优惠获取（如低价打车、红包领取）。

不喜欢：用户不喜欢餐饮品类（如麦当劳），与出行无关的优惠券（如好券），表明对非交通类品牌和优惠不感兴趣。",0,complete
1412119,"喜欢：用户偏好支付宝品牌的服务，关键词包括现金红包、生活缴费、求职和达人，品类涵盖金融服务和在线福利，使用场景涉及通过支付宝参与扭扭节活动领取现金红包、完成生活缴费任务以及求职相关互动，体现对赚现金、做任务和日常福利领取的强烈兴趣。

不喜欢：基于未点击商品特征，用户不喜欢包含“奖励”关键词或过度强调季节如“夏天”、“夏季”的福利描述，这些与点击行为中偏好的求职和生活缴费等具体服务形成反差。",0,complete
1194241,"喜欢：用户偏好金融服务和健康管理相关品类，如医保绑定和亲情账户，关键词包括医保、亲情账户、电子证件，品牌涉及支付宝及其生态（如花呗、余额宝），使用场景聚焦于家庭财务绑定、省钱和省心保障。

不喜欢：用户对余额宝的长期陪伴和情感化叙述不感兴趣，基于未点击商品的特征，表现为对余额宝的稳定性主题缺乏兴趣。",0,complete
1998946,"喜欢：用户偏好家电维修品类（如空调维修），关键词包括上门服务和维修，品牌如高德，使用场景为家庭设备维护；同时偏好出行服务品类（如打车），关键词优惠和红包券，品牌高德，使用场景出行省钱。

不喜欢：基于未点击商品，用户不喜欢红包券入口形式的优惠，如高德打车红包券入口。",0,complete
534411,"喜欢：该用户偏好电子产品租赁品类（如手机、电脑租赁），关键词包括租手机、维修、疏通、安装服务，品牌以苹果为主，使用场景涉及个人娱乐（如手机拍照去除路人）和家庭维护（如厨房洗菜盆下水道堵塞维修）。  
不喜欢：基于未点击行为，用户不喜欢花呗金相关的金融奖励内容，与点击的实用服务相反，表现为对上班场景或社交奖励（如花呗金）缺乏兴趣。",0,complete
1802381,"喜欢：用户偏好苹果品牌电子产品，特别是二手手机和最新报价（如点击的""8月6日二手苹果手机最新报价""），偏好品类包括手机、电脑等科技设备（搜索关键词如""苹果 iphone 14""、""苹果电脑""），关键词涉及苹果相关产品（如""apple ipad""、""apple watch""）、租赁服务（如""免押租机""、""租赁服务品台""）和兼职信息（如""副业兼职""），使用场景聚焦数字平台消费（服务使用如""支付宝""、""饿了么""进行话费充值、""蚂蚁庄园""公益参与）及娱乐（交易行为如""抖音""、""互动小游戏""）。

不喜欢：用户不喜欢缺乏具体时间信息的商品标题，如未点击的""二手苹果手机最新报价""虽与点击商品实体相同（""二手苹果手机,报价""），但缺少日期细节，表明对非时间敏感或过时报价不感兴趣。",0,complete
1577326,"喜欢：用户偏好话费充值服务，特别是涉及优惠券、红包和补贴的品类；关键词如话费优惠券、充值话费、红包、补贴；品牌如支付宝（从交易行为）和三网运营商（如中国移动）；使用场景包括移动支付、话费查询和日常充值（基于点击商品和交易行为）。

不喜欢：基于未点击商品，用户不喜欢高阳品牌或特定促销方式如天天好券的话费特惠充值服务（从未点击实体词）。",0,complete
1796852,"喜欢：用户偏好支付宝平台的夏季福利活动，包括现金红包、话费福利和扭蛋机等优惠内容，关键词如红包、现金、夏季、福利，品牌偏好支付宝，使用场景为线上支付优惠和夏季促销活动（基于点击商品标题和实体词如""支付宝扭扭节福利发放""、""现金红包""、""夏季""）。

不喜欢：用户不喜欢基金估值相关的内容，如查看基金信息或金融投资工具（基于未点击商品标题""基金估值下架，怎么轻松查看基金估值""和实体词""基金估值""、""查看""，与点击行为中红包福利相反）。",0,complete
1755280,"喜欢：用户偏好金融投资品类（如基金和股票市场），关键词包括基金经理、港股、美股和问答互动，品牌涉及易方达、华夏等基金机构（基于交易行为中的基金实体），使用场景在移动理财和在线学习（如支付宝服务中的余额宝和蚂蚁财富）。

不喜欢：用户不喜欢财报分析相关内容（如收入、利润和损益表），基于未点击商品的特征与点击行为相反，表现为对会计和财务知识缺乏兴趣。",0,complete
481885,"喜欢：用户偏好支付宝品牌相关的夏季促销活动，如支付宝夏季扭扭节，关键词包括夏天、夏日、夏季，使用场景为支付宝平台上的季节性营销活动，偏好品类涉及支付宝服务（如余额宝、花呗），基于点击商品实体词和交易行为实体（支付宝、夏季等）。

不喜欢：用户对信用卡申请、流量卡办理、银行服务及额度相关的内容不感兴趣，包括信用卡分期、流量卡申请、银行招聘和额度测算等，基于未点击商品实体词（如信用卡、额度、流量卡、申请办理）与点击行为相反的特征。",0,complete
1945084,"喜欢：用户偏好免费优惠品类，关键词如""免费""和""羊毛""，品牌包括必胜客、麦当劳、饿了么、支付宝，使用场景涉及日常消费（如外卖点餐、餐饮优惠）和教育学习（如课程、自学内容），基于点击行为和交易实体中的高频品牌及INTENT_TARGET标记。

不喜欢：用户不喜欢旅行目的地和国家相关的内容，基于未点击商品实体词""旅行目的地,国家""，与点击免费优惠行为形成相反特征。",0,complete
978652,"喜欢：用户偏好金融借贷品类，关键词如提现、额度、免费（从点击商品和搜索关键词如""提现额度""、""借钱""体现），品牌如支付宝、腾讯（从交易行为和搜索关键词体现），使用场景为在线额度查询和免费提现服务（基于点击商品标题和实体词）。

不喜欢：用户不喜欢流量卡申请、手机卡服务和回收类内容（基于未点击商品中与点击的金融提现相反特征，如流量卡、回收换钱实体词）。",0,complete
1191121,"喜欢：用户偏好休闲活动品类，如城市漫步和免费场馆打卡，关键词包括打卡、免费、场馆，品牌方面无直接体现但从搜索数据关联Apple等科技品牌，使用场景为城市探索和免费参观活动；结合交易行为中的生鲜食品（如冷鲜肉、奶酪片）和服务使用中的政务服务（如随申办、医保），显示对生活便利和健康相关内容的兴趣。

不喜欢：用户不喜欢政务服务品类，如开证明和办件进度提醒，关键词包括订阅、升级、提醒，品牌无直接体现但从未点击数据关联被动服务特征，使用场景为在家处理事务或天气相关活动；与点击行为相反，表现为对订阅服务、分享计划（如出行计划）和高温天气内容的回避。",0,complete
1074107,"### 用户兴趣偏好总结（场景0）
喜欢：用户偏好支付宝平台的红包福利活动，特别是夏季主题的扭扭节，偏好品类包括金融红包和季节相关活动，关键词如支付宝、红包、夏天、夏日，品牌支付宝，使用场景为线上参与活动领奖（基于点击商品标题和实体词，如""支付宝扭扭节福利发放""和实体""支付宝,夏天,红包""）。

不喜欢：用户对年夜饭套餐相关的活动不感兴趣，尽管涉及支付宝和红包，表明不喜欢节日套餐主题（基于未点击商品标题""388元抢年夜饭套餐""和实体""年夜饭套餐|活动""，与点击行为中夏季主题相反）。",0,complete
1633436,"喜欢：该用户偏好低价无限流量手机卡，如中国移动和电信的9元或19元套餐（品牌），关键词包括无限流量、免费办理和360G大容量（关键词），使用场景涉及日常通信和上网需求（使用场景），偏好品类为通信服务（偏好品类），基于点击商品实体词如电信19元无限流量卡和移动9元360g无限流量卡。

不喜欢：用户不喜欢联通品牌的流量卡（如联通流量卡申请免费）和旅游相关服务（如自驾探访或江南秘境），基于未点击商品实体词如中国联通卡、探访和自驾，这些特征与点击行为中的移动/电信流量卡形成相反。",0,complete
1237681,"喜欢：用户偏好麦当劳品牌（如点击商品""麦麦钱包""和搜索关键词""麦当劳""）、数字钱包和实名制服务（点击实体词""麦麦""、""实名制""、""钱包""），在品类上喜欢食品饮料（如交易行为中的冰淇淋、薯片、奶茶和云吞）、日用品（如软垫、除湿袋），关键词如消费券、红包和支付宝（搜索关键词和交易行为），品牌如可口可乐、统一和支付宝（交易行为和服务使用），使用场景包括购物、餐饮小吃和理财（交易行为""购物|INTENT_TARGET""、服务使用""支付宝红包""和""理财服务""）。

不喜欢：用户不喜欢体育健身类活动，如免费开放的体育场馆和健身服务（基于未点击商品""乐动力体育中心""实体词""乐动力""、""体育中心""、""免费""、""场馆""，与点击的消费金融行为相反）。",0,complete
1785150,"喜欢：用户偏好支付宝平台的金融理财服务，特别是现金红包奖励活动，关键词包括现金红包、支付宝、福利和夏季主题，品牌偏好支付宝，使用场景涉及在线支付、理财管理和参与促销活动获取即时奖励，如余额宝、花呗和红包功能的使用。

不喜欢：用户对非金融相关的促销如踏青主题礼包或特定打车服务（如花小猪打车）的优惠不感兴趣，基于未点击行为与点击的现金红包特征相反。",0,complete
808733,"喜欢：用户偏好金融理财品类（如转账、红包领取、稳健理财），关键词包括转账、红包、理财、活动（尤其支付宝扭扭节相关），品牌涉及支付宝和微信（从点击行为体现），使用场景为个人在线支付、参与促销活动（如领红包）和解决转账问题（如追回转错金额），结合交易行为（余额宝、花呗）和服务使用（现金红包、理财服务）强化了该兴趣。

不喜欢：用户不喜欢商业转账和批量操作服务（如商家转账、批量发奖金、结日薪），基于未点击商品特征（奖金、批量发、日薪）与点击行为（个人转账、红包活动）相反，反映出对批量金融操作和商业结算的回避。",0,complete
1189571,"喜欢：该用户偏好金融福利类内容，偏好品类包括现金红包和在线支付服务，关键词如现金、红包、免费、抵扣、支付宝，品牌如支付宝，使用场景涉及日常消费中获取小额现金福利（如自动抵扣支付）和任务型活动（如领现金红包）。

不喜欢：基于未点击行为，用户不喜欢那些缺乏具体优惠细节（如免费金额或自动抵扣机制）的红包活动，表现为对泛泛的福利推广（如简单红包领取）不感兴趣。",0,complete
1580850,"喜欢：用户偏好金融活动类内容，如红包、省钱卡和消费券（关键词）；品牌如支付宝（突出显示）；使用场景为线上参与促销活动领现金奖励（如支付宝扭扭节），结合交易行为中的余额宝、花呗和服务使用中的赚现金、理财，表明对即时收益和互动性金融服务的兴趣。

不喜欢：用户不喜欢正式金融产品，如养老保险缴费调整（基于未点击商品中与点击行为相反的实体词，如养老保险缴费基数、缴费记录），反映出对非娱乐性、长期性内容的回避。",0,complete
250868,"喜欢：该用户偏好3c数码产品品类（如手机），关键词集中于二手、苹果、报价，品牌倾向apple，使用场景为二手手机价格查询和租赁服务（基于点击商品""二手苹果手机""及服务使用中的手机租赁、apple实体词，搜索关键词如苹果耳机、手机）。

不喜欢：基于未点击商品（如信用卡推荐和外卖优惠券），用户不喜欢信用卡服务（包括申请、办理、取现）和外卖优惠（如优惠券、美团、饿了么），与点击行为中二手手机价格查询形成反差。",0,complete
216682,"喜欢：用户偏好美妆个护品类（如护手霜、洗面奶），关键词聚焦冬日、肌肤修护，品牌倾向林清轩、毛戈平、miniso，使用场景包括冬季日常护理、线上美容购物和外卖点餐（基于点击护手霜商品及高频实体如服务使用中的""肌肤修护""、搜索中的""林清轩""和交易中的""眼霜""）。
不喜欢：用户对天气相关话题、支付宝生活号视频直播入口等功能性内容不感兴趣，反映出对生活服务推广、直播功能及泛娱乐更新的低偏好（基于未点击商品标题及实体词""天气|生活号视频,支付宝,入口,直播""，与点击护手霜的个护兴趣形成对比）。",0,complete
1436820,"喜欢：用户偏好支付宝品牌的现金红包和福利活动，偏好品类为数字支付服务（如红包、奖励），关键词包括现金、红包、福利、支付宝，使用场景涉及夏季主题的扭扭节活动（如夏天、夏日）和日常数字支付场景。

不喜欢：用户不喜欢过年主题的手工挂饰内容（如彩虹鱼挂饰），关键词包括过年、挂件、胖胖，与点击行为中夏季福利主题相反。",0,complete
54694,"喜欢：用户偏好支付宝品牌的活动，特别是涉及红包、大奖和夏季主题的促销（如扭扭节福利），使用场景为线上数字促销；从交易行为看，可能对食品类如牛奶、面包、咖啡感兴趣（如纯牛奶、速溶咖啡粉），关键词如直播间、红包，品牌如支付宝、星巴克。

不喜欢：用户对交通出行相关的优惠券、公交地铁服务和打车出行不感兴趣，基于未点击商品的特征如公交、地铁、低碳出行、打车优惠券，与点击行为相反。",0,complete
931850,"喜欢：用户偏好体育赛事门票品类，特别是杭州亚运会开幕式相关事件，关键词包括时间、地点、门票和亚运会，品牌涉及大型活动（如亚运会），使用场景为本地参与（杭州市）、事件规划和公益慈善活动（如公益捐步），基于点击商品和搜索关键词（如亚运会、门票、杭州市）的强关联。

不喜欢：用户不喜欢二手电子产品租赁品类，特别是苹果14系列手机，关键词如正品查询、出租和二手手机，品牌如iPhone，使用场景为设备租赁（如租二手苹果手机）和二手交易平台，基于未点击商品（二手苹果手机租赁）与点击行为（体育门票）的相反特征。",0,complete
1048628,"喜欢：该用户偏好金融理财品类（如余额宝、现金管理），关键词包括现金、攒钱、收益、红包，品牌涉及支付宝相关服务（如余额宝、钱管家），使用场景聚焦个人财务管理、投资攒钱和收益查询，基于点击行为（余额宝体验金、收益分析）及搜索关键词（现金、共同攒钱）和服务使用（资产管理、理财）。

不喜欢：该用户不喜欢吉祥物等娱乐性营销内容，基于未点击行为（余额宝吉祥物）与点击实用金融特征相反，表现为对非实用、非收益导向元素的排斥。",0,complete
292049,"喜欢：用户偏好旅游交通品类，特别是船票购买，关键词包括大陈岛、台州市、椒江和船票，品牌涉及支付宝（从服务使用如支付宝运动、蚂蚁庄园等体现），使用场景为出行规划和船票查询（基于点击商品标题和实体词）。
不喜欢：用户对天气信息、灾害预警（如降雨、大风、台风、高温）以及油品相关话题不感兴趣（基于未点击商品实体词如天气、降雨、墨迹天气、台风、油品等）。",0,complete
425704,"喜欢：用户偏好支付宝平台上的数字优惠活动，如红包、大奖和夏季促销（关键词：支付宝、红包、夏天、活动；品牌：支付宝；使用场景：在线领奖、互动娱乐；偏好品类：金融优惠、会员服务），基于点击商品和搜索关键词（如消费券、健身服务）体现对线上互动、金融福利的强兴趣。

不喜欢：用户对户外旅游和自驾探访类内容不感兴趣，如江南秘境和中国探访（基于未点击商品特征），与点击行为相反的特征表现为避免自然景点、长途旅行等场景。",0,complete
1482351,"喜欢：用户偏好支付宝品牌的红包活动，特别是夏天季节主题（如夏日、夏季）；在品类上，喜欢食品（如熟食制品、酸菜红烧牛肉面）、生鲜（如虾干、笨猪肉）和家居用品（如电饭煲、床上用品）；关键词包括红包、夏天、外卖；使用场景涉及在线支付（如支付宝、花呗）和季节促销活动。

不喜欢：用户不喜欢福利金相关活动、现金奖励、集福主题、春暖花开季节活动以及赚钱直播，这些特征与点击行为中的支付宝红包和夏天主题相反。",0,complete
397593,"喜欢：用户偏好支付宝品牌的夏季主题福利活动，关键词包括夏天、夏日、夏季、红包、大奖，偏好品类为数字红包和促销活动，使用场景为夏季线上领红包和福利发放，基于点击行为中的实体词（支付宝、夏天、大奖、福利、红包、夏日、夏季）和交易行为中的相关实体（如夏季）。

不喜欢：用户不喜欢秋日主题的红包活动以及涉及薅羊毛的行为，关键词如秋日、薅羊毛、一起，偏好品类为激进的省钱活动，使用场景为秋日促销和集体抽奖，基于未点击商品中的实体词（活动、支付宝、红包|抽红包、薅羊毛、红包、一起）与点击行为中的夏季主题相反。",0,complete
704798,"喜欢：用户偏好支付宝平台的现金红包福利活动，偏好品类为金融促销和季节性活动（如夏季主题），关键词包括夏天、现金红包、福利和夏日，品牌偏好支付宝（多次出现在交易、搜索和点击行为中），使用场景为在线领奖和夏季促销活动（如扭扭节），体现对直接现金奖励和娱乐性福利的兴趣。

不喜欢：用户对省钱或消费金相关的活动不感兴趣，如""省咖""和消费金（基于未点击商品与点击现金红包行为相反的特征），避免涉及消费管理或间接优惠。",0,complete
553046,"喜欢：偏好金融理财品类（如银行服务和现金管理），关键词包括福利金、现金、理财和支付宝相关活动，品牌如网商银行和支付宝，使用场景涉及在线福利获取、银行抽奖和实时提现服务。

不喜欢：对集分宝相关特征不感兴趣，包括省钱秘籍、情侣攒钱和自动攒钱功能，这些与点击行为中福利金偏好相反。",0,complete
1253961,"喜欢：用户偏好互动游戏和抽奖活动，品类集中于娱乐类（如花花卡翻卡、露营互动），关键词包括""花花卡""、""翻卡""、""大奖""、""运气""，品牌关联支付宝（从服务使用实体），使用场景为休闲娱乐和线上抽奖场景。

不喜欢：用户不喜欢金融管理事务，品类避开信用卡申请和提现服务，关键词如""申请办理""、""取现""、""手续费""，品牌如招商银行（从未点击实体），使用场景为正式金融操作（如信用卡开通、养老金账户绑定）。",0,complete
797838,"喜欢：用户偏好金融投资品类，特别是股票指数基金（如科创50、创业板指数），关键词包括A股、指数、星辰（可能指分析师），品牌如易方达和蚂蚁财富，使用场景在理财操作、市场分析和投资服务（如余额宝、转账红包）。

不喜欢：用户不喜欢医疗相关投资内容（如医疗反弹、中药概念），以及风险信息或被动策略主题（如科技下跌、市场等待、加仓方向）。",0,complete
1059753,"喜欢：偏好品类包括招聘信息、亚运会赛事和地铁交通；关键词涉及招聘、亚运会、政策、咖啡和优惠；品牌如华为、瑞幸咖啡和中国移动；使用场景为工作求职、体育赛事参与、城市出行和政策关注。  
不喜欢：基于未点击商品，不喜欢社保公积金查询、海底捞和星巴克优惠、奶茶饮品及千岛湖旅游等休闲活动。",0,complete
1166344,"喜欢：用户偏好支付宝相关的活动、红包和夏季主题福利，关键词包括夏天、夏日、夏季、大奖、红包，品牌涉及支付宝，使用场景为线上福利活动参与和日常小额奖励领取。

不喜欢：用户对手机租赁服务、摄影技巧（如单反、调色）、生活号内容创作规则以及新手机购买（如iPhone 15、华为Mate60）不感兴趣。",0,complete
1534374,"喜欢：该用户偏好出行品类（如打车、公交和火车票），关键词包括交通、乘车码和特惠，品牌涉及飞猪和支付宝，使用场景主要为交通支付和出行服务，基于点击商品和搜索关键词的出行相关实体。
不喜欢：该用户不喜欢粉丝福利、特权活动等娱乐性内容，基于未点击商品中与点击行为相反的""宠粉""和""特权""特征。",0,complete
646035,"喜欢：用户偏好支付宝品牌的活动，特别是与夏季（夏天、夏日、夏季）相关的红包和奖励，关键词包括大奖和福利，使用场景为夏季促销和节日福利领取。

不喜欢：用户不喜欢没有季节主题的现金红包福利活动，如未点击商品所示，关键词如领现金红包缺乏夏季关联。",0,complete
808973,"喜欢：用户偏好支付宝相关的红包活动、现金奖励和消费券，关键词包括现金、红包、出行、消费节，品牌偏好支付宝（多次出现在搜索和服务使用中），使用场景涉及线上赚现金（如""赚小钱""服务）、季节促销（如夏天夏日活动）和出行优惠（如""喵走出行""搜索）。

不喜欢：用户不喜欢花呗金相关产品，基于未点击行为（如""花呗金""实体词），与工作场景（如""上班""关键词）关联的金融产品不感兴趣。",0,complete
548611,"### 用户兴趣偏好总结（场景0）
喜欢：用户偏好DIY手工制作，特别是食品相关品类（如苹果），关键词包括""手工""和""苹果""，品牌无明显偏好（点击商品无品牌特征），使用场景为家庭休闲活动或健康零食制作（基于点击商品标题和实体词）。

不喜欢：用户不喜欢装饰品类的手工制作（如挂饰），关键词如""挂饰""和""过年""，品牌无（未点击商品无品牌特征），使用场景避免节日装饰活动（基于未点击商品与点击行为相反的特征）。",0,complete
993511,"喜欢：用户偏好支付宝相关的红包活动和夏季促销，偏好品类为金融优惠和在线活动（如支付宝扭扭节），关键词包括红包、现金、支付宝、活动，品牌偏好支付宝（从点击行为和交易实体），使用场景为在线红包领取和夏季福利参与（如点击商品中的夏天、夏日、夏季元素）。

不喜欢：用户不喜欢流量卡服务，如电信和联通的流量卡办理，偏好品类为通信服务（基于未点击商品），关键词包括流量卡、办理、电信（从未点击实体词），品牌偏好电信和联通（从未点击实体），使用场景为流量卡申请和通信服务办理（如未点击商品中的免费流量卡和星卡申请）。",0,complete
387032,"喜欢：用户偏好通信服务品类（如流量卡办理），关键词包括免费、无限流量、流量王卡、找工作，品牌涉及中国联通、电信、移动、广发银行，使用场景聚焦求职（社会招聘）和日常通信需求（流量卡申请）。

不喜欢：用户对信用卡相关的内容不感兴趣，包括信用卡申请、额度评估、优惠信息等品类，基于未点击行为中与点击流量卡和招聘相反的特征。",0,complete
130255,"喜欢：偏好食品品类如鸡肉类（藤椒鸡）和超市商品（世纪联华超市）；关键词包括炎炎夏日、消费券和租赁；品牌如紫燕和世纪联华；使用场景涉及夏季消暑、超市购物及在线互动（如抽奖、租赁服务）。

不喜欢：基于未点击行为，不喜欢酸汤肥牛品类，尽管品牌相同。",0,complete
1820597,"### 用户兴趣偏好总结（场景0）
喜欢：该用户偏好支付宝平台的夏季红包活动，关键词包括夏天、福利和红包，品牌集中于支付宝，使用场景为在线参与促销活动（如扭扭节），偏好品类涉及数字福利和季节促销。  
不喜欢：该用户不喜欢DIY手工（如挂饰）、旅游探索（如自驾探访）、生活技巧（如晾衣变形）、芝麻粒攻略、鸡蛋游戏、食物保鲜和节日知识相关内容。",0,complete
851882,"喜欢：用户偏好珠宝品类（如黄金耳钉、足金戒指）、理财关键词（如福卡、基金）、品牌如老庙和周六福，使用场景包括在线购物（支付宝、淘宝）和金融投资（余额宝、蚂蚁财富），体现对日常消费（如袋子、冰淇淋）和珠宝首饰的浓厚兴趣。

不喜欢：用户不喜欢黄金概念的硬销售（如按克算）和复古主题，基于未点击商品中与点击行为相反的特征（如""黄金概念""和""复古""实体词）。",0,complete
720933,"喜欢：该用户偏好金融活动品类（如现金红包奖励），关键词包括现金、红包、夏季，品牌如支付宝，使用场景涉及移动支付和在线参与促销活动（如支付宝夏季福利）。
不喜欢：该用户不喜欢农业产品品类（如青柠和小洋芋），基于未点击商品的特征与点击行为相反。",0,complete
227813,"喜欢：用户偏好美食烹饪（如茄子、寿喜烧锅、南乳酥肉）、美妆护发（如眼妆、椰子油护发）、汽车知识（如方向盘操作、汽车保养）、生活技巧（DIY收纳盒、改善体态）、宠物护理（猫咪相关）、国内旅行（西藏景点）、健康检测、时尚穿搭（闺蜜建议）和国货品牌（花知晓），使用场景集中在夏季户外、健身运动和家庭日常活动。

不喜欢：用户不感兴趣拍照技巧（如万寿菊花海氛围感）、娱乐主题（旋转木马）、特定宠物护理（高温天气猫咪中暑）、玩水活动、油焖类美食（油焖茄子）、电影院体验、头发蓬松护理、懒人美丽主题、宠物领养、出国旅行攻略（新加坡）、开箱视频、鸡汤类内容（竹笋老鸡汤）、养猫误区、家庭团聚主题（沉浸式回家）、宝宝教育互动、汽车故障（车窗漏风）、海鲜汤（裙带菜豆腐汤）和打扫卫生教程。",0,complete
454087,"喜欢：用户偏好旧衣服改造和回收相关的DIY项目（如制作包、相框），并积极参与支付宝的营销活动（如扭扭节抽现金红包），关键词包括旧衣改造、福利、奖励、现金红包，品牌涉及支付宝和铛铛一下，使用场景为环保回收、休闲娱乐和支付宝福利活动。

不喜欢：用户对创业赚钱模式、衣服清理污渍以及负面警告旧衣服回收骗局的内容不感兴趣，表现为未点击相关商品，特征包括创业、生意、清理衣服、负面回收信息。",0,complete
494009,"喜欢：用户偏好政府服务品类，如身份证换证和户口本相关事务，关键词包括身份证、换证、中山市（地点），品牌涉及支付宝和花呗（从服务使用实体），使用场景为证件办理、在线支付和本地生活服务。

不喜欢：用户不喜欢娱乐性内容，如假设场景和节日活动，关键词如评论有奖、七夕和坐飞机，品牌如古茗（茶饮），使用场景为休闲娱乐、游戏和营销互动。",0,complete
950375,"### 用户兴趣偏好总结（场景0）

喜欢：该用户偏好金融产品品类如贷款和现金红包，关键词包括支付宝、网商贷、借呗、现金红包和夏天，品牌偏好支付宝，使用场景涉及急用钱、夏季福利活动和领现金奖励。

不喜欢：该用户不喜欢测试和问答内容，偏好品类如银行服务测试，关键词如网商贷测试、利率和618活动，品牌如网商银行，使用场景包括学习、省钱活动和利率优惠。",0,complete
1622873,"喜欢：用户偏好金融优惠品类（如黄金票和消费红包），关键词包括免费、场馆、项目和体育中心，品牌如乐动力，使用场景涉及在线理财活动参与和免费服务利用（如体育中心开放），基于点击行为中金融优惠和免费活动特征。

不喜欢：用户不喜欢餐饮套餐品类（如年夜饭套餐），基于未点击行为中与点击金融优惠相反的高价餐饮消费特征。",0,complete
58592,"喜欢：用户偏好支付宝品牌的促销活动品类，关键词包括夏天、红包、大奖和活动，使用场景为节日福利和即时优惠（如扭扭节活动、0元辣翅），体现对食品优惠和现金红包的兴趣。
不喜欢：用户不喜欢金融和能源品类的内容，关键词为银行、成品油和原油价格，使用场景为经济投资新闻（如油价波动），与点击行为中的促销和娱乐特征相反。",0,complete
83953,"喜欢：用户偏好音频娱乐服务品类，关键词包括免费、兑换、充值、会员，品牌为懒人听书，使用场景为在线休闲娱乐（基于点击商品标题和实体词，如懒人听书FM免费兑换、充值、会员购买，体现对数字内容服务的兴趣）。

不喜欢：用户不喜欢打车服务和户外活动礼包（基于未点击商品标题和实体词，如花小猪打车和踏青礼包，与点击行为中音频娱乐特征相反）。",0,complete
1154458,"喜欢：偏好环保品类中的海洋保护，关键词包括海洋、保护、生活小妙招，品牌涉及顺丰速运（用于快递服务），使用场景为在线参与环保讨论和分享绿色生活技巧。
不喜欢：基于未点击行为，不喜欢蚂蚁森林、种树及相关动物保护主题如大熊猫、华南虎。",0,complete
1066451,"喜欢：用户偏好品类包括服装（如t恤、短袖、裤子、鞋靴）、个人护理（如理发器、电推剪）、宠物用品（如狗粮）、运动器材（如健身器材、单杠）和家电（如电风扇）；关键词涉及报复、买家、外卖、借呗、宠物保险和备用金；品牌偏好如Apple、交易猫、Lea和Sup；使用场景聚焦日常消费（如电商平台、外卖）、出行（如单车、顺风车）、金融管理（如支付宝、余额宝）和游戏交易（如道具买卖）。

不喜欢：用户不喜欢正式、法律性质的内容，如无犯罪记录证明、网上申领服务，与点击行为中争议性话题相反。",0,complete
89247,"喜欢：该用户偏好数字金融和生活消费品类，如现金红包、支付宝服务和充值话费；关键词包括现金、红包、支付宝、夏季；品牌如支付宝和朴朴超市；使用场景涉及夏季在线活动、消费奖励任务和日常支付（如花呗金、积分兑换）。

不喜欢：该用户不喜欢旅游探险品类，如自驾和探访秘境，基于未点击商品与点击行为相反的特征（实体旅行而非数字福利）。",0,complete
276243,"喜欢：该用户偏好便民服务（如异地办理、公交乘车）、公益慈善（如捐赠、种树）、积分相关（如芝麻信用分、签到积分）、健康服务（如健康码、核酸检测）和食品（如点心、小面包），关键词包括浙江、老人、办理、积分，品牌涉及支付宝相关服务（如芭芭农场、蚂蚁庄园），使用场景集中在公益捐赠、日常便民办理和积分兑换。

不喜欢：该用户不喜欢医疗待遇主题（如门诊慢特病待遇认定），基于未点击商品与点击行为相反的特征，即对医疗相关便民服务缺乏兴趣。",0,complete
709480,"喜欢：该用户偏好电信流量卡品类，关键词如免费、申请、办理和无限流量，品牌包括中国电信和腾讯大王卡，使用场景为在线申请高性价比流量服务（如19元360G无限流量卡），体现对低成本、便捷办理的电信专属流量产品的兴趣。

不喜欢：该用户不喜欢移动和联通的流量卡（如移动19元流量卡或联通大王卡），以及涉及支付宝、蚂蚁会员、宽带中心或支付充值服务（如话费充值、特惠办理）的内容，基于未点击商品中与点击行为相反的特征。",0,complete
498275,"喜欢：偏好美食（如海鲜、家常菜、甜点，具体体现为点击海鲜汤、蒜蓉梭子蟹、锅贴、鸡腿等）、汽车用品（如汽车电器维修、品牌福特和锐界）、育儿相关（如亲子乐园、宝宝互动）、生活技巧（如更换驾照、修拉链）和健康产品（如草珊瑚清烟含片）；关键词包括夏天、宝宝、汽车；品牌涉及福特、Redmi；使用场景主要为家庭生活（育儿、家居装饰如蝴蝶结吊灯）和出行休闲（如夏日出游、驾车）。

不喜欢：避免美妆产品（如彩妆小样、美妆伴侣，基于未点击精致女生、美妆小样等）、宅家休闲内容（如宅家吃东西、防晒好物，与点击外出活动如旅行相反）和特定甜点（如自制西瓜芋圆冰粉，与点击实用美食如家常菜形成反差）。",0,complete
564971,"喜欢：用户偏好酒店预订品类（如7天酒店、速8酒店），关键词包括学生特惠、预定、支付宝福利和夏季红包奖励，品牌涉及支付宝和连锁酒店，使用场景集中于旅行住宿和支付宝夏季促销活动。

不喜欢：用户不喜欢保险相关产品（如蚂蚁保金选）和快餐品牌（如麦当劳）的优惠券，这与点击行为中酒店和支付宝红包的偏好形成相反特征。",0,complete
588640,"喜欢：用户偏好支付宝品牌下的现金红包和福利活动，尤其关注夏季主题的关键词如夏天、夏日、夏季，使用场景包括在夏季参与促销活动领取奖励；偏好品类涉及金融促销和季节相关服务，基于点击商品实体词（奖励、支付宝、夏天、福利、夏日、现金红包、夏季）及交易行为（支付宝、余额宝）、服务使用（现金红包、支付宝）和搜索关键词（支付宝、红包、现金红包）的一致性。

不喜欢：用户不喜欢缺乏季节元素的支付宝红包活动，如单纯的活动和红包，缺乏夏季主题吸引力；基于未点击商品实体词（活动、支付宝、红包）与点击行为相反的特征（缺少夏天、夏季等关键词），表明对无场景化促销的排斥。",0,complete
1465456,"### 用户兴趣偏好总结（场景0）
喜欢：用户偏好出行打车服务品类，关键词包括出行、打车、红包、优惠券、特惠，品牌如高德打车，使用场景为日常通勤或旅行时通过领取优惠券节省费用。  
不喜欢：用户不喜欢缺少出行打车和特惠关键词的红包优惠券入口，如未点击商品所示。",0,complete
151347,"### 用户兴趣偏好总结（场景0）
喜欢：用户偏好金融活动品类（如红包、理财促销），关键词包括支付宝、活动、福利、回收和租赁；品牌倾向支付宝；使用场景涉及在线参与促销活动（如扭扭节理财节）和回收服务（如手机、衣物回收），体现对福利获取和环保服务的兴趣。  
不喜欢：用户不喜欢借钱和分期贷款相关品类（如年终奖预测），关键词如打工人、来分期借钱，反映对财务压力内容的回避。",0,complete
336154,"喜欢：用户偏好投资理财品类，特别是半导体和军工主题的基金产品，关键词包括复盘、惊喜和新能源相关概念（如新能源汽车），品牌涉及富国基金、易方达基金和广发基金等，使用场景为在线金融投资和理财管理，体现在搜索关键词如“富国中证煤炭指数C”和交易行为中的基金实体如“东方新能源汽车主题混合”。

不喜欢：基于未点击商品中与点击行为相反的特征，用户不喜欢医疗、地产和证券等投资主题的内容，以及涉及悲观情绪（如至暗时刻、风险）或非核心主题（如情绪、资金节奏）的商品标题，具体体现在未点击实体词如“医疗”、“地产概念”和“证券”。",0,complete
1025005,"喜欢：该用户偏好健身服务品类（如体育中心和场馆），关键词如免费、开放和运动相关（从点击商品""乐动力体育中心免费开放""体现），品牌如乐动力（多次出现在服务使用和点击行为中），使用场景包括体育赛事活动和健身服务（结合服务实体""健身服务""和""体育赛事""）。

不喜欢：该用户不喜欢储蓄相关服务品类（从未点击商品""心愿储蓄""和""笔笔攒""体现），关键词如心愿金、达标和储蓄目标（与点击的免费开放相反），品牌如支付宝的储蓄功能（从未点击实体""笔笔攒|支付宝""推断），使用场景涉及金钱管理或达标活动（如""心愿储蓄""使用场景）。",0,complete
491585,"喜欢：用户偏好客服相关的内容，特别是蚂蚁云品牌的客服问答和报名流程，偏好品类包括在线客服支持和求职报名，关键词如客服、蚂蚁云、报名、问答，使用场景涉及蚂蚁云平台的客服互动和报名操作（基于点击商品标题和实体词）。

不喜欢：用户不喜欢招募居家客服、强调时薪的职位，以及相关业务如哈啰出行、支付宝的云客服招募广告，关键词如招募、时薪、居家客服、业务（基于未点击商品标题和实体词中与点击行为相反的特征）。",0,complete
1142736,"喜欢：用户偏好支付服务和红包活动等品类，关键词如现金、红包、支付宝，品牌如支付宝，使用场景包括日常消费、生活缴费和参与促销活动（如夏季扭扭节领红包）。
不喜欢：用户不喜欢文化收藏类内容，如专家鉴宝服务。",0,complete
314852,"喜欢：用户偏好餐饮品类（如年夜饭套餐、油条、水果），数字产品（如数字公仔、壁纸），品牌如支付宝、美团和饿了么，使用场景聚焦在线支付（如扫码收款、转账）、外卖点餐（如订餐、送餐）和理财管理（如余额宝、基金），关键词涉及消费券、理财直播和饿了么搜索。

不喜欢：用户不感兴趣于抽奖活动和免费薅羊毛促销（如抽大奖、免费），表明对投机性游戏和零成本获取缺乏偏好。",0,complete
1458750,"喜欢：该用户偏好体育赛事和文旅活动，特别是亚运会相关的内容（如门票、大礼包和赛事），同时表现出对公益项目（如芭芭农场、蚂蚁庄园）、运动品牌（如特步）、美妆产品（如口红、卡姿兰）以及节日场景（如七夕）的兴趣；关键词包括亚运会、文旅、公益和运动，使用场景涉及支付宝服务（如余额宝、花呗）和健康生活（如健身服务）。

不喜欢：基于未点击行为，用户对农业产品和地方特产（如青柠和小洋芋）不感兴趣，这与点击的亚运会文旅主题形成鲜明对比。",0,complete
806925,"喜欢：用户偏好家庭管理服务（如支付宝""我的家""功能）、公益项目（如公益基金会、慈善协会）、健康生活场景（如发热医疗相关、支付宝运动），涉及关键词如家庭积分、公益捐步，品牌如蚂蚁庄园、支付宝相关服务，以及使用场景包括积分管理、公益捐赠和健康监测。

不喜欢：用户不喜欢食物相关特征（如小龙虾、宵夜）和娱乐元素（如江湖、不见不散），这些在未点击商品中与点击行为形成鲜明对比，表明对餐饮小吃和休闲娱乐内容的回避。",0,complete
81646,"喜欢：用户偏好Apple品牌相关的粉丝互动活动，如""果粉""主题促销（如""果粉日""和""apple专区""），关键词包括""apple""和""果粉""，使用场景涉及参与抽奖、赚现金等娱乐性奖励（基于点击商品""来领周五果粉礼啦！""及服务使用实体""apple专区, 果粉日""）。

不喜欢：用户对Apple Store零售店的iPhone机型促销不感兴趣，尤其涉及花呗免息等金融分期服务，关键词如""花呗""、""免息""和""零售店""（基于未点击商品实体""apple,花呗,免息,store,机型,零售店""）。",0,complete
554839,"### 用户兴趣偏好总结（场景0）
喜欢：偏好美妆品类（如眉笔、防晒教程）、关键词如夏季、科学防晒、实用省钱、保姆级教程，使用场景包括家居清洁（打扫卫生）、软装设计和夏季防护，品牌倾向不明显但涉及防晒和眉笔相关产品。

不喜欢：基于未点击行为，不喜欢宠物主题（如猫咪、养猫）、健康问题（如拔牙、黑眼圈遮瑕）、自拍技巧和特定美妆问题解决内容。",0,complete
179697,"喜欢：该用户偏好健康信息品类如桑叶的功效，以及应急救援新闻如暴雨救援；关键词包括桑叶、暴雨、应急救援；品牌涉及桑叶平台（基于服务使用实体）；使用场景为在线学习和新闻内容消费（基于点击商品标题和实体词）。

不喜欢：该用户对消防主题内容如消防员、地震事件以及国风元素不感兴趣（基于未点击商品实体词中与点击行为相反的特征，如消防、地震、国风）。",0,complete
1007207,"### 用户兴趣偏好总结（场景0）
喜欢：用户偏好理财和金融服务（如聚宝盆、债基等品类），关键词包括理财、现金、银行和签到，品牌如支付宝、聚宝盆和星巴克，使用场景为在线交易、赚钱活动和日常支付（基于点击商品""聚宝盆之7天债基""、服务使用如""赚现金""和""聚宝盆""、搜索如""理财""和""建行""，以及交易行为如""支付宝""和""花呗""）。

不喜欢：用户不喜欢餐饮套餐、薅羊毛活动和实验性娱乐内容（基于未点击商品如年夜饭套餐、薅羊毛和小实验，其关键词包括羊毛、实验、奇迹和可乐，与点击的理财行为相反；交易和搜索中虽有牛奶等食品，但未点击实验商品表明排斥非消费性用途）。",0,complete
1208523,"喜欢：用户偏好支付宝平台的互动活动，如扭一扭活动获取红包，关键词包括支付宝、红包、活动；品牌偏好支付宝及相关服务（如饿了么、花呗）；使用场景为在线任务完成、福利获取和日常签到（如芭芭农场、蚂蚁庄园）；偏好品类为互动游戏和红包福利，支持餐饮（如外卖点餐）和保鲜用品（如保鲜袋）相关消费。

不喜欢：用户不喜欢现金红包和1分购相关的内容，可能对现金形式或购买结合的福利（如未点击商品中的现金红包和1分购特征）不感兴趣。",0,complete
695402,"喜欢：用户偏好支付宝品牌的金融和红包活动，关键词包括现金、红包、福利和夏季主题，使用场景为季节性的营销玩法（如扭扭节领奖），品类涉及现金奖励和支付宝服务，基于点击行为中的""现金红包""、""夏天""和""夏季""元素。

不喜欢：用户不喜欢缺乏季节主题（如夏天或夏日）的支付宝红包活动，基于未点击商品中仅有""活动""和""红包""特征，与点击行为的季节元素相反。",0,complete
1965173,"喜欢：该用户偏好金融理财和日常消费品类，关键词包括存钱、外卖、签到和打卡，品牌如支付宝和余额宝（基于服务使用实体），使用场景涉及个人储蓄管理（如存钱日记）、外卖点餐和游戏化任务参与（如蚂蚁庄园的养小鸡和签到）。

不喜欢：该用户不喜欢快速赚钱工具和出行服务品类，关键词如赚钱、打车和小猪攒钱罐（基于未点击商品实体词），使用场景避免快速收益应用（如赚钱红包）和打车服务（如得能量），与点击行为中偏好稳定储蓄和外卖消费的特征相反。",0,complete
251303,"喜欢：用户偏好支付宝平台的互动游戏活动，如五福和翻翻卡，涉及数字红包、现金奖励和任务完成等使用场景，关键词包括五福、翻翻卡，品牌偏好支付宝相关服务（如蚂蚁庄园），品类集中于在线娱乐和赚钱任务。

不喜欢：用户对解释性内容（如花呗翻翻卡）和金融投资产品（如债券基金）不感兴趣，避免相关品类（金融教育或投资）、关键词（债券基金）和使用场景（金融解释或投资分析）。",0,complete
325730,"### 用户兴趣偏好总结（场景0）
喜欢：用户偏好支付宝平台的夏季促销活动（如扭扭节红包福利）和手机话费充值优惠服务；关键词包括支付宝、夏天、红包、优惠、充值；品牌涉及支付宝和高阳；使用场景为夏季在线活动和话费充值（基于点击商品和服务使用实体如现金红包、天天好券、充值）。

不喜欢：用户对纯现金红包的促销不感兴趣（基于未点击商品中与点击行为相反的特征，如未点击的支付宝夏日现金红包商品，而点击商品强调充值服务结合的红包）。",0,complete
1439616,"喜欢：用户偏好食物品类如比萨牛排、牛奶和快餐（如星巴克），关键词包括现金、红包、运动和理财，品牌涉及支付宝、美团和中国移动，使用场景聚焦日常消费（如超市购物）、支付优惠（如移动支付）和健康健身活动（如走路、公益捐步）。

不喜欢：基于未点击商品特征，用户不喜欢双人餐（2人餐）和促销记录工具（小本），表明对共享餐或实用物品缺乏兴趣。",0,complete
404739,"喜欢：用户偏好金融优惠品类，关键词如省钱卡和银行优惠，品牌如建设银行，使用场景涉及省钱消费和支付，基于点击行为和相关实体（如交易中的余额宝、收款码，服务中的红包、转账，搜索中的省钱卡、消费券）。

不喜欢：用户不喜欢宁波银行和工行的省钱卡产品，基于未点击商品中与点击行为相反的特征（即未点击宁波银行和工行省钱卡）。",0,complete
820990,"喜欢：用户偏好会员特权、宠粉活动和数字支付服务，涉及支付宝生态（如蚂蚁会员、花呗、云支付），关键词包括宠粉、特权、第一，品牌如支付宝相关服务，使用场景为在线支付、会员权益和公益互动（基于交易实体中的vip会员、收款码，服务实体中的蚂蚁会员、支付宝运动，搜索关键词中的公益、支付宝，以及点击商品的宠粉和特权特征）。

不喜欢：用户对手机租赁和高端电子产品体验分享不感兴趣，如苹果手机分期租用（基于未点击商品的苹果手机分期、租用特征，与点击的会员特权形成相反对比）。",0,complete
1866633,"喜欢：该用户偏好节日消费（如情人节）和会员专属服务，涉及品类包括食品（如水果、小吃）和会员优惠，关键词如情人节、VIP会员，品牌相关会员服务（如点击商品中的VIP会员），使用场景为节日活动和会员专享优惠（如凭券专享）。

不喜欢：基于未点击商品特征，用户不喜欢免费领取水果（如饿了么果园）和饿了么外卖相关的优惠券（如红包、会员优惠券），与点击行为中的付费专属优惠形成对比。",0,complete
1701656,"喜欢：用户偏好金融支付服务（如支付宝）和现金奖励活动，偏好品类包括在线任务、充值服务（如话费充值）和夏季主题营销；关键词涉及现金、红包、奖励、支付宝；品牌主要为支付宝和中国联通；使用场景聚焦于赚钱（如做任务、签到）、领福利（如扭扭节活动）和日常消费（如手机充值）。

不喜欢：用户不喜欢手工装饰品（如挂件）和过年主题内容，基于未点击商品的特征（如胖胖、挂件、过年），与点击的现金奖励和夏季活动形成鲜明对比。",0,complete
687912,"喜欢：用户偏好支付宝相关的红包活动，特别是夏季主题的福利发放（如扭扭节领红包大奖），偏好品类包括数字支付和促销活动（如余额宝、花呗），关键词如支付宝、红包、夏天、福利，品牌支付宝，使用场景为在线参与活动（如扭扭节）领取奖励，基于交易行为（扫码收款、花呗）、服务使用（支付宝、红包）和搜索关键词（支付宝、红包）的频繁出现。

不喜欢：用户不喜欢包含1分购选项的现金红包商品，表明对低价购买促销或纯现金福利不感兴趣，这与点击行为中强调夏季主题和大奖红包的特征相反，基于未点击商品实体词（1分购、现金红包）与点击商品（红包大奖、夏季主题）的差异。",0,complete
1734148,"喜欢：用户偏好家居维修服务品类，特别是厨房洗菜盆的安装、维修和疏通；关键词包括维修、疏通、安装服务、洗菜盆和下水道堵塞；品牌方面无特定偏好（基于点击行为）；使用场景为厨房维护和家庭实用服务。

不喜欢：用户不喜欢金融产品相关，如信用卡申请和消费数据修复，基于未点击商品的特征，关键词包括数据、修复、申请办理和招商银行。",0,complete
492212,"喜欢：用户偏好支付宝品牌相关的数字金融服务（如余额宝、理财服务），关键词包括夏季、夏日、消费券和兼职，使用场景涉及在线支付、夏季促销活动和兼职工作，偏好品类涵盖金融科技、消费电子（如租机服务）和日常消费活动。

不喜欢：用户不喜欢过年主题和手工挂件类内容，如未点击的彩虹鱼挂饰所示，这与点击的夏季主题和数字活动形成鲜明对比。",0,complete
563539,"喜欢：用户偏好科技产品租赁品类，特别是苹果品牌手机租赁，关键词包括手机拍照、天空和路人，使用场景为摄影创作和移动设备租赁服务，从点击商品和搜索关键词（如""0押金租机""）体现。
不喜欢：用户不喜欢汽车燃油相关品类，如油品质量和油价讨论，基于未点击商品（加油、油品、今日油价）的相反特征。",0,complete
348935,"喜欢：用户偏好租车服务品类（如车辆租赁、免押金租车），关键词包括避暑、秘境、封神及免押金、信用免押，品牌以哈啰租车为主，使用场景聚焦避暑旅游出行（如自驾租车、本地出行），基于点击商品和搜索关键词体现对折扣促销（6折起）及自然风光主题的兴趣。

不喜欢：用户不喜欢七夕节日主题的商品，基于未点击商品与点击行为相反的特征（如节日促销），表明对浪漫或特定节日相关场景（如七夕）无兴趣。",0,complete
1663468,"喜欢：用户偏好线上购物优惠场景，尤其关注淘宝天猫平台的百亿补贴、大额优惠券和特价商品；偏好品类包括零食（如馍片、软糖、水果）、乳制品（如发酵乳、鲜牛奶）、日用品（如洗衣液、卫生巾）和支付服务（如花呗、支付宝）；关键词涉及特价、红包、消费；品牌倾向淘宝天猫、支付宝、光明、君乐宝和三只松鼠；使用场景主要为日常消费、超市便利店购物（如唐久超市、美宜佳）和支付转账。

不喜欢：用户对证件照服务不感兴趣，如答答星球提供的证件照功能，这与点击行为中优惠购物特征相反。",0,complete
1508488,"喜欢：用户偏好理财和游戏赚钱相关品类，关键词包括理财、赚金币、现金、红包，品牌如支付宝（从服务使用和交易行为高频出现），使用场景为在线金融理财和娱乐游戏（基于点击商品和搜索关键词如猜涨跌、斗地主）。

不喜欢：用户不喜欢农业产品相关的内容，如小洋芋和青柠（基于未点击商品实体词与点击行为相反的特征）。",0,complete
1235577,"喜欢：用户偏好基金相关的直播内容，特别是涉及基金选择、投研、资产管理和证券的领域，品牌如第一创业，使用场景为投资研究和资产管理，基于点击行为中基金、投研、证券等关键词和品牌特征。

不喜欢：用户不喜欢债券基金特点、红包答题专场、特定行业如新能源车和光伏的解读，以及海外市场分析，这些特征与点击的基金投研内容相反，基于未点击商品中债券基金、红包、答题专场、新能源车等实体词。",0,complete
421529,"喜欢：用户偏好支付宝品牌的红包奖励活动，关键词包括夏季、夏日、夏天，使用场景为夏季促销福利领取，偏好品类为红包和福利活动。

不喜欢：用户不喜欢秋季主题的红包活动，如""秋日""和""薅羊毛""表述的促销。",0,complete
940972,"喜欢：用户偏好饿了么品牌的外卖服务和果园相关活动，包括免费领水果、红包会员优惠券等优惠获取；偏好品类为外卖点餐和水果获取，关键词如饿了么、红包、果园，使用场景涉及在线点餐平台（如饿了么）和游戏化服务（如饿了么果园），支持数据包括点击商品实体词（领水果、免费、会员优惠券）及搜索关键词（饿了么、红包、果园）。

不喜欢：用户对海底捞品牌的优惠服务不感兴趣，特别是与时间限制和大额优惠券相关的项目，如领券、优惠时间等特征，基于未点击商品实体词（海底捞、时间、大额优惠）与点击行为（偏好饿了么而非海底捞）相反。",0,complete
234693,"喜欢：该用户偏好旅游探索类内容，关键词包括自驾、江南秘境和中国，品牌方面可能与电动车相关（如志高），使用场景为户外旅行和探险，基于点击商品""自驾3h，探访中国最后的江南秘境！""的实体词""探访,自驾,江南秘境,中国""，并结合交易行为实体中的电动车和户外元素（如电动车、安全帽）体现。

不喜欢：该用户不喜欢粉丝福利和等级特权类内容，基于未点击商品""2023年第一天，宠粉和等级特权都来啦！""的实体词""2023年,宠粉,特权,都来,第一""，与点击行为中探索性主题相反的特征。",0,complete
1110799,"喜欢：用户偏好支付宝品牌的数字支付和生活服务品类，关键词如夏天、红包、消费券，使用场景包括日常支付（如地铁、骑行卡）、出行优惠（如门票、乘车码）和季节促销活动（如夏季扭扭节），基于点击行为和搜索数据（如支付宝、花呗、生活缴费）。

不喜欢：用户不喜欢债券基金等金融投资品类，以及专场直播和恋爱主题内容（如七夕、买基金），基于未点击商品的反向特征（如债券基金、专场直播、恋爱）。",0,complete
919981,"喜欢：偏好数码产品品类如iPhone系列（14和15）、手机配件（液态硅胶壳）和租赁服务（神州租机），关键词包括租机、额度、技巧和小白，品牌涉及苹果和神州租机，使用场景为手机使用技巧学习和数码产品租赁。

不喜欢：基于未点击商品特征，不喜欢共享经济概念、客服查询、手机性别差异讨论和屏幕问题相关话题。",0,complete
1531797,"喜欢：用户偏好支付宝平台的金融促销活动，特别是现金红包和夏季主题的福利活动（如扭扭节领奖）；偏好品类包括线上奖励和消费金相关服务；关键词如支付宝、现金红包、夏天、福利；品牌偏好支付宝；使用场景涉及参与支付宝的扭扭节活动获取现金红包奖励。

不喜欢：用户不喜欢与官方事务或证件办理相关的元素，如办理居住证和官方解答，这些在未点击商品中出现，尽管商品也包含支付宝和红包元素。",0,complete
1403582,"喜欢：用户偏好手机话费充值品类，关键词包括红包、特惠、天天和充值话费，品牌如支付宝（从服务使用和交易行为中高频出现），使用场景涉及支付优惠、转账收款和日常金融管理（如余额宝收益获取）。

不喜欢：用户不喜欢生日提醒和好友相关的内容（基于未点击商品特征，与点击的实用金融优惠相反）。",0,complete
1025897,"喜欢：用户偏好支付宝生态系统相关的金融科技和游戏化服务，包括偏好品类如移动支付（如红包、转账）、游戏玩乐（如芭芭农场、蚂蚁庄园）；关键词突出红包、现金、支付宝、芭芭农场；品牌偏好支付宝（从点击和搜索高频出现）；使用场景涉及在线领福利、参与互动游戏（如种果树、养小鸡）、理财管理（如余额宝、花呗），基于点击商品""领现金红包""和搜索关键词如""现金""、""花呗""。

不喜欢：用户对农业和地方特产内容不感兴趣，如青柠檬和小洋芋（基于未点击商品""走进青柠檬第一镇|小洋芋种成'金豆豆'""的实体词""青柠""、""小洋芋""），这与支付宝的金融和游戏服务形成鲜明对比。",0,complete
695743,"喜欢：该用户偏好政务相关品类（如国家政务服务平台、电子证件照制作），关键词包括额度、花呗、直播、政务、安全，品牌涉及支付宝（从服务使用和搜索高频出现），使用场景主要为在线政务服务、金融管理（如额度查询、最低还款）、教育安全直播（如防溺水公开课）以及事件参与（如亚运会烟花、航展军工直播）。

不喜欢：基于未点击商品中与点击行为相反的特征，用户不喜欢打车出行优惠（如高德打车折扣券）、消费促销活动（如春季消费节红包）、宠物内容（如西施狗狗毛发）、教程（如笔筒教程）以及特定品牌如麦当劳和星巴克（从未点击标题和实体词推断），关键词包括优惠券、打车、教程、宠物、消费红包，使用场景涉及出行折扣、消费娱乐和日常教程。",0,complete
1553540,"喜欢：用户偏好金融理财、会员服务和公益捐赠品类，关键词包括特权、收益、vip会员，品牌如支付宝、蚂蚁系列（如余额宝、花呗），使用场景涉及在线支付、会员福利和公益参与（如公益捐步、蚂蚁庄园）。

不喜欢：用户不喜欢自驾旅行和户外探访活动，基于未点击商品的特征（如自驾、江南秘境），与点击行为中的在线服务和会员特权形成反差。",0,complete
732626,"喜欢：用户偏好支付宝相关的数字支付和营销活动，特别是涉及红包奖励、夏天主题的促销（如支付宝扭扭节），关键词包括支付宝、红包、夏天、奖励；品牌偏好支付宝和饿了么；使用场景聚焦在线支付、外卖点餐（如饿了么服务）和参与任务型营销（如做任务、租赁服务），同时关注兼职机会和夏季消费。

不喜欢：用户对第三方小程序如晋来办支付宝小程序的红包活动不感兴趣，表现为未点击相关商品，与核心支付宝功能偏好相反。",0,complete
1130760,"喜欢：该用户偏好支付宝相关的数字支付服务，关键词包括现金红包、夏天、福利和夏日活动，品牌偏好支付宝，使用场景涉及在线游戏玩乐（如扭扭节抽奖）、生活缴费（如话费充值）和娱乐福利活动，基于点击商品标题和实体词（如""支付宝发福利了""、""抽现金红包""）以及服务使用实体（如支付宝、现金红包、游戏玩乐）。

不喜欢：该用户不喜欢与招聘或工作相关的内容，如顺丰速运的优才计划，这与消费优惠和娱乐活动形成对比，基于未点击商品标题和实体词（如""2023届顺丰优才来啦""、""顺丰速运""、""优才""）。",0,complete
377701,"喜欢：用户偏好游戏交易和道具买卖相关内容，关键词包括报复、买家，品牌如交易猫（基于搜索关键词），使用场景为在线交易平台上的纠纷解决，偏好品类涉及道具交易（如装备账号买卖）和金融工具（如支付宝）。
不喜欢：用户不喜欢账号找回行为的负面内容，特别是涉及线下打击和交易猫干预的特征（如账号、线下），与点击行为相反。",0,complete
389125,"喜欢：该用户偏好支付宝平台的金融支付活动，特别是夏季主题的红包奖励（如""支付宝扭扭节""），涉及品类包括线上优惠活动、红包领取和季节性消费（关键词如支付宝、红包、夏天、夏季），品牌支付宝突出，使用场景集中于线上任务参与、红包大奖获取和日常消费优惠。

不喜欢：基于未点击商品""天天签到领租币""的特征，用户不喜欢租机租赁服务（如设备租赁），尤其是签到领租币的随机奖励活动（关键词如租机租赁、天天签到、随机），与点击行为中支付宝红包活动形成鲜明对比。",0,complete
232335,"喜欢：偏好支付宝相关的红包活动、夏季主题和在线互动；关键词包括支付宝、红包、活动、夏季；品牌偏好支付宝；使用场景为夏季促销、领红包和在线奖励活动。

不喜欢：基于未点击行为，不喜欢露营、花花卡和股市分析相关的内容。",0,complete
1380524,"喜欢：用户偏好支付宝相关的现金红包和福利活动，关键词包括现金、红包、奖励、夏季；品牌如支付宝；使用场景涉及夏季主题的领现金奖励和日常福利领取。

不喜欢：用户不喜欢基金、债券基金等投资理财内容，基于未点击商品特征与点击行为相反。",0,complete
1571167,"喜欢：用户偏好金融投资品类，特别是恒生科技和光伏相关的基金产品，关键词包括趋势分析、波段交易和止跌回升信号，品牌如蚂蚁财富、支付宝和余额宝，使用场景为市场探底回升时的投资决策和理财服务。

不喜欢：用户不喜欢市场方向建议、策略分享内容，以及a股、半导体、医疗、白酒等投资主题，基于未点击商品中与点击行为相反的特征如方向、策略、a股下跌和医疗白酒相关分析。",0,complete
354172,"喜欢：用户偏好出行服务品类（如打车和网约车），关键词包括出行、打车、优惠券，品牌偏好高德打车，使用场景为日常通勤或特惠出行需求，基于点击行为（如高德打车优惠券）和服务使用（如叫车、出行方式）数据。

不喜欢：用户不喜欢休闲活动品类（如踏青和农产品），关键词包括踏青、小洋芋、青柠，品牌如花小猪打车和麦当劳，使用场景为休闲娱乐或农产品推广，基于未点击商品（如踏青礼包、小洋芋种成“金豆豆”、麦当劳好券）的相反特征。",0,complete
46803,"喜欢：偏好品类为数字红包活动和日常生活服务（如外卖点餐、打车），关键词包括现金红包、夏天、活动，品牌如支付宝，使用场景涉及日常省钱娱乐参与（如领红包、生活缴费）。

不喜欢：基于未点击商品特征，不喜欢会员积分兑换和等级特权相关的内容（如查看特权、积分管理）。",0,complete
1960046,"喜欢：偏好旅游娱乐品类（如主题公园门票），关键词包括暑期、狂欢、限时优惠、预定和海洋生物，品牌涉及抖音，使用场景为暑期出游和近距离接触动物体验，基于点击商品和交易行为中的门票、旅行券包等实体。

不喜欢：偏好食品促销和日常用品品类（如麦当劳套餐、防晒用品），关键词包括免费送、领现金红包和vip会员，品牌如麦当劳（在未点击商品中提及），使用场景为日常消费或现金活动，基于未点击商品与点击行为相反的特征。",0,complete
355941,"喜欢：用户偏好iPhone相关主题（如设置壁纸和手机安全警告），偏好品类包括数码产品（尤其是手机）和游戏充值，关键词如iPhone、壁纸，品牌如Apple，使用场景涉及日常手机设置和安全意识（基于点击商品和交易/服务实体中的手机、游戏充值卡、Apple等高频出现）。

不喜欢：用户不喜欢租赁手机服务（如俏租机）和针对大学生的手机购买推荐，基于未点击商品中与点击行为相反的租赁和大学生定位特征（如租机租赁、手机租赁）。",0,complete
1296739,"喜欢：用户偏好支付宝相关的红包活动，特别是带有季节元素（如夏天、夏日）和薅羊毛主题的促销，偏好品类包括在线福利发放和薅羊毛，关键词有红包、福利、大奖，品牌为支付宝，使用场景为在线参与支付宝的季节性活动（如扭扭节）以获取现金红包和奖励。  
不喜欢：用户不喜欢缺乏具体季节关联或薅羊毛元素的支付宝红包活动，如仅强调""精彩""的泛化红包促销，与点击行为中季节和福利细节相反。",0,complete
1749889,"喜欢：该用户偏好软件开发品类（如小程序和订阅消息），关键词包括""订阅消息""和""程序""，品牌倾向Apple（基于交易和搜索中的苹果产品），使用场景为前端开发实践（如技术功能实现）。
不喜欢：该用户不喜欢手机拍照功能和苹果手机租赁服务（基于未点击商品中的手机拍照和租赁特征）。",0,complete
312520,"喜欢：用户偏好夺宝类游戏（如淘宝喵屋汇夺宝），涉及现金红包、集分宝等赚钱活动，品牌包括淘宝、支付宝和蚂蚁财富，使用场景聚焦在线互动娱乐和金融赚钱服务，从搜索关键词（如现金、支付宝）和服务使用（如赚小钱、芭芭农场）中体现。

不喜欢：用户不喜欢话费充值、提现类活动，如未点击商品（专家鉴宝、天天提现）所示，与点击行为相反的特征包括中国移动、电信充值等实体词。",0,complete
1106119,"喜欢：用户偏好金融理财服务（如余额宝、理财服务）、会员特权（如宠粉、VIP会员）、红包优惠（如现金红包、消费节）和支付宝相关功能（包括芭芭农场等农业互动游戏），使用场景涉及在线支付（条码支付、花呗）、公益参与（公益捐步、种树）和娱乐活动（抖音、互动小游戏），关键词包括""特权""、""红包""、""理财""和""支付宝""。

不喜欢：用户对农业特产和地方产品（如青柠檬和小洋芋）不感兴趣，这与点击行为中特权福利主题相反。",0,complete
318676,"喜欢：用户偏好旅游探索（如自驾、中国秘境）、食品饮料（如纯牛奶、咖啡糖、零食）、公益运动（如公益捐步、种树）、理财服务（如余额宝、积分管理）、电商购物（如抖音电商、支付宝），关键词包括自驾、公益、运动、积分，品牌涉及支付宝、金典，使用场景集中于休闲、家庭和户外活动。

不喜欢：用户不喜欢事务性行政内容，如办理家庭成员个人账户共济，涉及个人账号、新乡市等繁琐账户管理事务。",0,complete
1958967,"喜欢：用户偏好支付宝品牌的支付服务，关键词包括现金、红包和付款攒现金，使用场景为到店支付和攒现金活动，偏好品类集中于现金优惠和支付福利。
不喜欢：用户不喜欢促销中强调即时性元素如""今天""、""第一笔""或具体奖励""得到""的特征。",0,complete
1329002,"喜欢：用户偏好金融投资领域，特别是基金操作和A股市场，包括加仓策略、中药相关ETF（如国泰中证动漫游戏ETF联接C、鹏华中证中药ETF联接C），关键词如""加仓""、""操作分享""、""腾讯""，品牌如国泰、嘉实、鹏华，使用场景在支付宝或蚂蚁财富平台进行投资管理。

不喜欢：用户不喜欢负面金融内容，如A股亏损故事、定投失败、医疗风险（如""医疗会是'中概'第二吗？""）、避雷策略（如""金融避雷术""）以及周报形式的悲观分析。",0,complete
141943,"喜欢：用户偏好灵活就业人员社保缴纳相关的金融服务品类，包括保险（如学平险、父母意外险）、理财（如余额宝、资产管理）、生活缴费（如电费、水费、电话费），关键词如""灵活就业""、""社会保障""、""学平险""，品牌如蚂蚁保、严选，使用场景为个人财务管理、政府服务（如赣服通）和日常缴费。

不喜欢：用户不喜欢购物节促销（如双十一）、手机消费、花呗还款以及娱乐小说内容，基于未点击商品的特征如""部手机""、""双十一""、""花呗""、""免押金租赁""和""我纯阳之体开局娶画皮新娘""。",0,complete
1319744,"喜欢：用户偏好食品和饮料品类（如纯净水、杂粮煎饼、五香豆干），关键词如退税、红包和财富生活，品牌如怡宝和农夫山泉，使用场景包括财务管理（如退税攻略、余额宝理财）和日常消费（如便利店购物、公共交通）。  
不喜欢：用户不喜欢信用分提升相关内容（如涨分锦囊和芝麻），偏好品类为信用服务，使用场景为信用优化（与点击的退税行为相反）。",0,complete
1496437,"喜欢：用户偏好支付宝品牌的理财活动，偏好品类包括金融理财（如基金和资产管理），关键词涉及理财、支付宝活动，使用场景涵盖支付服务和金融管理（如手机扫码支付和保费缴纳），基于点击行为和服务使用实体（如支付宝运动、花呗）。

不喜欢：用户不喜欢理财活动的详细攻略形式（如""全攻略""），基于未点击商品与点击行为相反的特征（简洁启动信息 vs 冗长指南），反映在关键词和实体词差异上。",0,complete
1701773,"喜欢：用户偏好游戏交易和在线冲突主题相关品类，关键词如报复、买家、游戏（基于点击实体词和搜索关键词如""地下城与勇士""、""交易猫""），品牌如交易猫（搜索关键词中）和apple（交易行为中），使用场景为在线游戏平台或道具交易服务（服务使用实体如""游戏交易""、""道具交易""）。

不喜欢：用户不喜欢涉及家人或家庭情感的内容（基于未点击商品实体词""家人""，与点击行为中""报复、买家""的冲突主题相反）。",0,complete
235639,"喜欢：该用户偏好暑假出行相关的品类（如防晒贝壳帽、冰袖），关键词包括出行好物、防晒、vip会员、狂欢，品牌涉及会员服务（如vip会员），使用场景为户外防晒和会员优惠活动。

不喜欢：基于未点击商品特征，用户不喜欢与航空旅行（如航空公司）、医疗保健（如医保）或快餐食品（如麦当劳套餐）相关的内容。",0,complete
1317677,"喜欢：用户偏好公益环保类内容，特别是蚂蚁森林相关活动，偏好品类包括在线公益互动（如种树和能量积累），关键词如蚂蚁森林、绿色能量，品牌涉及支付宝蚂蚁森林，使用场景为虚拟公益参与（如通过蚂蚁森林积累能量种树）。

不喜欢：用户不喜欢其他环保主题如海洋保护、大熊猫云养和旧衣服回收，偏好品类包括线下体育或特定回收项目，关键词如海洋、大熊猫、旧衣服回收，品牌如优拓，使用场景为线下活动（如体育中心开放）或回收推广。",0,complete
1239499,"喜欢：用户偏好德邦基金相关的理财直播活动，特别是带有奖励机制（如黄金好礼）的七夕主题；从交易行为看，对食品品类（如红心火龙果、番茄火锅）、日用品（如雕牌洗衣皂、塑料薄膜）和品牌如小米感兴趣；使用场景集中于在线投资（如理财产品、基金直播）和生活消费（如支付手机费、购物）。

不喜欢：用户对债券基金主题（如未点击的""债券基金的特点""）、恋爱比喻的理财内容（如""如何像谈恋爱一样买基金？""）、海外市场解读或基建投资等无奖励或非特定主题的理财直播不感兴趣，基于未点击行为中相关实体词（如债券基金、恋爱、海外）的缺失互动。",0,complete
477796,"喜欢：偏好品类包括旅游景点门票（如岳麓书院）、餐饮外卖（如外卖券、快餐）和娱乐活动（如电影票）；关键词涉及特价、团购、查询预订、现金红包和夏季促销；品牌如支付宝（多次在点击和服务中使用）；使用场景聚焦在线预订、夏季福利活动和支付宝相关服务（如抽现金红包）。

不喜欢：基于未点击商品特征，不喜欢自驾游（如江南秘境）、非特定景点旅游（如哈尔滨教堂）、盐相关话题、打车服务（如花小猪）以及一般性旅游宣传（如踏青礼包），与点击的景点门票和支付宝福利形成反差。",0,complete
1097624,"### 用户兴趣偏好总结（场景0）
喜欢：用户偏好金融投资品类，关键词包括直播、走势、股市（如搜索""理财直播""、""财富直播""、""股市""），品牌如银华基金、华安基金等基金公司（基于搜索关键词），使用场景为个人理财分析和市场走势讨论（如点击商品涉及复盘直播和走势分析）。

不喜欢：用户不喜欢债券基金（未点击商品实体词）、七夕主题直播、恋爱比喻的投资内容（如""如何像谈恋爱一样买基金""）以及基建投资相关话题（如""基建投资""），这些特征与点击行为相反。",0,complete
89321,"喜欢：用户偏好支付宝相关的金融理财服务，特别是现金红包和夏季福利活动，偏好品类包括金融理财（如现金红包、余额宝）、关键词如支付宝、夏天、福利，品牌如支付宝，使用场景为在线红包领取和夏季促销活动。

不喜欢：用户对花呗金相关产品和工作场景推广不感兴趣，基于未点击商品的特征，表现为回避花呗金、上班等元素。",0,complete
428097,"喜欢：偏好品类为科技和电子产品（如半导体、手机），关键词包括半导体、严凯、电子产品（基于搜索关键词如""apple iphone""、""华为""、""平板""），品牌如Apple、华为（从搜索关键词""apple""、""华为""推断），使用场景为在线投资分析和科技内容消费（基于点击商品标题和实体词）。

不喜欢：偏好品类为汽车维护和加油服务（如油品），关键词包括加油、油品（从未点击商品实体词""加油""、""油品""推断），品牌如中油好客e站（从交易行为和服务使用实体词），使用场景为汽车加油和日常疑问解答（基于未点击商品标题和与点击行为相反的特征）。",0,complete
1846422,"喜欢：用户偏好食品品类（如云南美食、零食和餐饮小吃），关键词包括""云南""和""饿了么""，品牌涉及耐克和苹果，使用场景集中于餐饮消费和休闲探索，基于点击行为""寻味云南——吃菌喽！""及交易实体如""初色海鲜自助火锅""和""零食""。
不喜欢：用户不喜欢汽车充电服务，如""蚂蚁充电""，基于未点击商品""如何给爱车充电简单又实惠？来了解下蚂蚁充电！""，与点击的食品兴趣相反。",0,complete
942205,"喜欢：用户偏好支付宝相关的金融理财活动，包括现金红包、首富宣传和扭扭节等关键词，品牌集中于支付宝，使用场景为在线红包领取和理财推广，偏好品类涉及红包活动、理财服务及支付宝平台互动（基于点击商品标题如""支付宝扭扭节福利""和实体词如""支付宝,现金红包""，交易行为如""支付宝,余额宝""，服务使用如""支付宝,理财""，搜索关键词如""支付宝,现金红包""）。

不喜欢：用户对手机产品推荐、信用卡免息期建议和旅游景点推广不感兴趣，基于未点击商品标题如""双十一手机夺冠""和实体词如""部手机,申请信用卡,桂山岛""，与点击行为中支付宝金融活动形成鲜明对比。",0,complete
577396,"喜欢：用户偏好支付宝平台的优惠活动（如红包、大奖），涉及夏天主题；偏好品类包括数字支付、公益服务和外卖点餐；关键词涵盖活动、红包、支付宝、夏天；品牌主要为支付宝和饿了么；使用场景聚焦在线支付、参与互动游戏（如蚂蚁庄园种树养小鸡）、公益捐赠（如捐步）和外卖点餐。

不喜欢：用户不喜欢打车出行服务，特别是哈啰出行品牌；基于未点击商品，与点击行为相反的特征是出行相关优惠券（如打车、特惠），偏好品类和关键词不涉及出行或哈啰品牌，使用场景排除交通服务。",0,complete
474863,"喜欢：用户偏好交通安全相关的帮助性内容（如交警暖心相助），偏好品类包括道路运输、公益慈善和外卖服务，关键词如安全码、社会保障和交警（在帮助场景），品牌如饿了么（外卖平台）和余额宝（理财服务），使用场景涉及道路运输驾驶员业务、外卖点餐和理财服务。

不喜欢：用户不喜欢纯粹的交通维护内容（如交警化身搬运工清理道路），这与点击行为中的人性化帮助元素相反，偏好特征缺失情感或公益元素。",0,complete
771222,"喜欢：用户偏好支付宝相关的金融支付服务（如余额宝、花呗）、原神游戏活动以及绿色出行场景（如低碳出行、走路赚钱），涉及品牌如支付宝和原神，关键词包括支付宝、原神、绿色出行，使用场景集中于在线支付、游戏参与和环保出行活动。

不喜欢：用户对羊了个羊游戏的攻略内容（如通关技巧、保姆级教程）不感兴趣。",0,complete
268680,"喜欢：用户偏好投资理财领域，特别是基金产品，涉及品类如半导体、白酒、光伏；关键词包括A股、基金、回调机会；品牌偏好嘉实、天弘、招商等基金公司；使用场景为在线市场分析、理财决策和实时讨论，如通过直播或论坛进行投资机会评估。

不喜欢：用户不喜欢内容中强调加仓操作建议或涉及动漫游戏主题，基于未点击商品中与点击行为相反的特征，如避免讨论""加仓的机会""或特定主题如动漫游戏。",0,complete
15739,"喜欢：该用户偏好金融支付和赚钱任务相关品类，关键词包括信用卡额度、赚现金和做任务，品牌如支付宝和由我付，使用场景涉及通过在线任务赚取现金、管理信用额度以及参与红包活动（如步步挣、红包赛）。

不喜欢：该用户不喜欢通信服务和流量相关品类，关键词如免费申请、流量卡和话费充值，品牌如中国联通和电信，使用场景如申请流量卡、充值话费或办理无限流量套餐（基于未点击商品中与点击行为相反的流量卡、话费充值等特征）。",0,complete
949841,"喜欢：用户偏好支付宝相关的数字支付活动，特别是红包、抽奖和夏季促销；偏好品类包括在线优惠活动（如扭扭节）和季节消费（夏季）；关键词如支付宝、红包、夏季、消费节；品牌如支付宝；使用场景涉及移动支付、线上福利领取和季节主题营销。

不喜欢：用户不喜欢时间特定事件（如2023年第一天）、粉丝特权（如宠粉、等级特权）和游戏社区内容（如小镇变化、大神观摩），这些特征与点击行为中的红包活动和季节主题相反。",0,complete
891155,"喜欢：用户偏好出行相关的省钱活动，特别是加油优惠（如特惠加油、加油券）、现金红包和腾讯出行服务；偏好品类包括交通出行（顺风车、加油站）和支付省钱（支付宝、红包）；关键词涉及现金、补助、油价；品牌倾向腾讯出行、支付宝、嘀嗒；使用场景聚焦日常交通（如加油）和支付任务（如赚现金、充值话费）。

不喜欢：用户不喜欢地铁红包或广州地铁乘车码相关的优惠，这与点击的加油行为相反，表明对地铁特定优惠缺乏兴趣。",0,complete
696842,"喜欢：偏好金融支付品类，关键词如花呗、红包、支付宝，品牌如支付宝（隐含于交易和服务实体），使用场景为在线交易、优惠获取和红包活动（基于点击商品实体词""花呗""和""红包""，以及交易行为实体中的支付宝、花呗、余额宝，服务使用实体中的红包、转账红包，搜索关键词中的红包、花呗）。

不喜欢：偏好储蓄和育儿品类，关键词如存钱、宝宝，使用场景为家庭储蓄和育儿健康（基于未点击商品实体词""存钱""和""宝宝""，与点击行为中金融支付和优惠特征相反）。",0,complete
851315,"喜欢：偏好金融服务品类（如借贷和支付），关键词包括支付宝、借呗、花呗，品牌如支付宝，使用场景涉及债务管理、省钱和省钱工具（如通过卸载应用避免还款）。
不喜欢：不喜欢彩票相关品类（如投注和中奖），关键词包括彩票、套路、大奖，使用场景涉及赌博骗局或银行账户异常处理（基于未点击商品的反向特征）。",0,complete
1633140,"喜欢：用户偏好基金投资品类，特别是ETF联接和指数基金（如国泰、富国、易方达等品牌），关键词集中于A股、净值、医药操作，使用场景为理财市场分析和实时操作建议，体现对主动投资策略的兴趣。
不喜欢：用户不喜欢白酒行业、消费主题（如海底捞相关）、美股市场，以及被动投资行为如躺平、满仓或大力加仓，这些特征与点击行为相反。",0,complete
1492690,"喜欢：偏好环保公益品类，关键词如节能宣传周、低碳出行、公益慈善，品牌如支付宝（关联蚂蚁森林和芭芭农场），使用场景包括参与在线节能宣传、公益种树或环保任务。
不喜欢：偏好交通优惠品类，关键词如乘车优惠、地铁优惠券，品牌未体现（基于未点击实体），使用场景为出行节省费用或领取交通礼包。",0,complete
437659,"喜欢：用户偏好支付宝品牌相关的夏季福利活动，偏好品类包括现金红包和奖励促销，关键词涉及夏天、夏季、夏日、福利和现金红包，使用场景为支付宝扭一扭互动促销和夏季主题福利领取。

不喜欢：用户不喜欢与上班场景相关的花呗金活动，基于未点击商品特征，表现为对工作主题（如上班）和特定金融产品（如花呗金）的回避。",0,complete
774627,"喜欢：该用户偏好茶饮品类（如奶茶品牌一点点、茶百道、古茗），关键词包括红包、福利、夏季和消费券，品牌涉及支付宝、可口可乐和麦当劳，使用场景集中于移动支付（如手机扫码、余额宝）、外卖消费（如饿了么）和交通出行（如高德打车、公交）。

不喜欢：基于未点击行为，用户对企业上市、投资相关主题（如蜜雪冰城、高瓴资本和美团抢筹）不感兴趣，反映出对商业新闻和资本运作的回避。",0,complete
1104454,"喜欢：用户偏好食品饮料品类（如啤酒、生鲜），关键词如抢券、朋友聚会和畅饮，品牌如支付宝、绿盛和绿箭，使用场景包括朋友小聚、季节活动（如处暑）和日常消费（便利店购物）。
不喜欢：用户不喜欢促销合集、会员积分活动以及特定清凉食品如冰粉，基于未点击商品中与点击行为相反的特征（如一般性折扣、会员日、冰粉）。",0,complete
786543,"喜欢：该用户偏好餐饮品类（如年夜饭套餐、炸鸡、拉面和水果），关键词包括饿了么、支付宝、红包和鸡蛋，品牌涉及麦当劳、饿了么和支付宝，使用场景主要为外卖点餐、支付和游戏化任务（如蚂蚁庄园种果树）。

不喜欢：该用户不喜欢实验性娱乐内容，如可乐加牛奶的实验，与牛奶和可乐相关的非实用项目。",0,complete
640129,"喜欢：偏好日用品品类如洗衣粉，关键词经济实惠，品牌无特定但注重实惠性（如从点击商品体现），使用场景为家庭清洁和日常消费（基于交易实体中的超市购物和点击行为）。

不喜欢：偏好通信服务品类如流量卡，关键词特惠充值、办理（从未点击商品实体），品牌如中国联通、中国电信（从未点击标题），使用场景为话费充值和流量办理（基于未点击行为与点击行为相反）。",0,complete
633288,"喜欢：用户偏好鲜花配送服务，品类集中于鲜花（如生日鲜花），关键词包括生日鲜花、鲜花店和同城订花，品牌涉及支付宝（如蚂蚁庄园、支付宝运动），使用场景为同城送花用于生日等日常场合。

不喜欢：用户不喜欢节日特定主题如七夕或特定花种如玫瑰花的商品推广。",0,complete
270827,"喜欢：用户偏好金融投资品类，特别是基金经理相关的内容，关键词包括基金经理、理财和基金（基于点击商品和搜索关键词），品牌涉及支付宝、银行等金融服务（从交易和服务使用实体推断），使用场景集中于职业发展、在线学习和金融服务咨询（如点击商品标题的职业咨询主题）。

不喜欢：用户对福利金、现金奖励活动和债券基金等促销性质的内容不感兴趣（基于未点击商品中与点击行为相反的特征，如福利金、集福签和债券基金实体词）。",0,complete
1487219,"喜欢：用户偏好通信服务品类如话费充值，关键词包括特惠和充值（体现省钱需求），品牌涉及移动/联通/电信和美宜佳，使用场景为通过优惠充值节省日常开支（如基于点击商品""广东美宜佳会员充值特惠充话费""及相关实体词）。
不喜欢：用户不喜欢交通相关红包服务如地铁红包，关键词如领取，品牌如广州地铁，使用场景为交通奖励领取（基于未点击商品""用广州地铁乘车码领地铁红包""及相关实体词，与点击行为中通信支付特征相反）。",0,complete
1667233,"喜欢：该用户偏好金融品类，尤其是基金产品，关键词包括基金、投资者、理财等，品牌如先锋基金（基于点击行为），使用场景涉及投资管理和节日祝福（如新年相关活动）。

不喜欢：该用户不喜欢支付宝的现金攒积促销活动，如到店付款攒现金，关键词如支付宝、福利、付款攒现金（基于未点击商品中与基金投资相反的现金相关特征）。",0,complete
1452077,"喜欢：用户偏好支付宝相关的省钱活动（如消费金），偏好品类包括生鲜食品（水果如青提、香印，蔬菜如粉藕、黄瓜）和金融服务（支付、租赁），关键词涉及消费券、红包、租赁服务，品牌如支付宝、钱大妈、ccb，使用场景涵盖线上支付、健康娱乐（健身、种果树如芭芭农场）及日常购物（生鲜店、超市）。
不喜欢：用户对泛泛的赚钱知识或无具体特征的金融建议（如2023年、不知道等模糊内容）不感兴趣，这与点击行为中具体、实用的省钱活动形成鲜明对比。",0,complete
638589,"喜欢：用户偏好支付宝相关的现金红包、福利和特权活动，关键词包括现金、红包、支付宝、福利；偏好品类为食品（如水果、鸡蛋、调味料）和生鲜；品牌如支付宝、雕牌、纳爱斯；使用场景涉及日常支付（条码支付、花呗）、生活缴费（电费、水费）和公益服务（捐步、种树）。

不喜欢：用户不喜欢天猫品牌或超市上新特权相关的内容，基于未点击行为，与点击的支付宝福利形成对比，表现为对天猫超市场景和上新特权的回避。",0,complete
618765,"喜欢：该用户偏好家电维修服务，特别是空调、热水器和燃气灶的故障维修与安装（偏好品类），关键词包括维修、家电安装和问题解决（关键词）；品牌方面，搜索行为涉及苹果、华为等电子产品品牌，但点击焦点在服务而非产品（品牌）；使用场景主要为家庭电器维护和故障排除（使用场景）。

不喜欢：该用户不喜欢手机租赁服务，如苹果和vivo手机的出租，这与点击的维修行为相反，表明对设备拥有而非租赁的偏好。",0,complete
394161,"喜欢：用户偏好支付宝相关的红包福利活动，关键词包括红包、大奖、福利和夏季元素（如夏天、夏日），品牌如支付宝，使用场景涉及季节促销（如夏季扭扭节）和节日优惠活动；偏好品类包括优惠券和消费福利，基于点击商品实体词（支付宝、夏天、大奖、福利、红包、夏日、夏季）和搜索关键词（现金、红包、支付宝、消费券）的匹配。

不喜欢：用户不喜欢强调现金红包的商品，基于未点击商品实体词（支付宝、夏日、现金红包）与点击行为相反的特征，即现金红包的表述方式未被接受，而点击商品更侧重福利和大奖元素。",0,complete
1035301,"喜欢：该用户偏好支付宝相关的现金红包活动，尤其关注夏季促销主题如夏天、夏日和福利奖励，涉及金融优惠场景，品牌以支付宝为主，关键词包括现金红包、夏天、福利，使用场景集中于夏季线上领红包的便捷金融互动。

不喜欢：用户对信用卡申请、流量卡办理和手机卡服务等不感兴趣，特别是招商银行、中国联通等品牌的申请流程、流量王卡和无限流量卡相关特征，这些与点击的现金红包活动形成鲜明对比。",0,complete
670638,"喜欢：用户偏好支付宝品牌相关的支付和红包活动，关键词如红包、福利、夏季促销，使用场景包括在线消费优惠（如扭扭节福利）和日常支付服务（如余额宝、到店支付），偏好品类涵盖电子支付和生活促销（如省钱卡、消费券）。

不喜欢：用户对环保公益主题如海洋保护、蚂蚁森林种树、动物科普（如大熊猫、华南虎）等内容不感兴趣，基于未点击行为中与点击相反的特征（如公益项目 vs. 消费活动）。",0,complete
1682965,"喜欢：用户偏好金融借贷品类，关键词包括额度、花呗、信用购、逾期贷款和资金周转，品牌如支付宝、花呗相关服务，使用场景为紧急资金需求、额度提升和解冻问题解决。  
不喜欢：用户不喜欢节日促销活动（如七夕礼物）、存钱技巧、转账风险讨论、记账优化和手机号变更相关内容。",0,complete
775823,"### 用户兴趣偏好总结（场景0）

喜欢：用户偏好美食制作（如芒果千层、酸辣土豆丝、海鲜汤）、宠物护理（养猫养狗）、生活技巧（驾照更换、防晒好物）、旅行指南（夏日出游）、个人美容（妆容搭配、睫毛贴），关键词包括自制、养宠、夏天、快乐、宅家，使用场景涉及家庭休闲（如宅家自制餐点）、个人护理（防晒、洗澡）和学习娱乐（考试、老师）。

不喜欢：用户对汽车维护（行车记录仪、刹车问题）、正能量宣传（不忘初心）、美妆教程（古风旗袍）、用车知识、宠物领养（小黑）和地方探索（成都周边）等内容不感兴趣。",0,complete
1288185,"喜欢：用户偏好支付宝相关的金融福利和现金红包活动，涉及品类如金融支付（红包、转账）和娱乐（抽奖、游戏），关键词包括现金、红包、支付宝、夏季，品牌偏好支付宝，使用场景为在线参与季节性活动（如夏季扭扭节）获取奖励。

不喜欢：用户对银行省钱卡（如建行、工行、宁波银行）不感兴趣，与点击的支付宝福利形成鲜明对比。",0,complete
1376814,"喜欢：用户偏好与暑假促销和优惠活动相关的品类，如旅行（酒店、火车票）、购物（超市、水果）和教育（考研资料），关键词包括暑假、狂欢、优惠，品牌如mba和热恋鲜花，使用场景涉及休闲娱乐（打车、红包）和在线交易（转账、充值）。

不喜欢：用户不喜欢露营、互动活动、抽奖、医疗相关和金融投资内容，如未点击商品中出现的露营、互动、大奖、免费抽奖、薅羊毛、医疗反转和加仓等特征。",0,complete
321569,"喜欢：用户偏好支付宝的现金红包活动，特别是与季节主题（如夏天、夏季、夏日）相关的福利和奖励；在品类上，倾向理财服务（如基金、余额宝）和互动游戏（如扭扭节）；关键词包括现金红包、福利、奖励；品牌以支付宝为核心；使用场景涉及参与支付宝生态的理财直播、红包领取和季节促销活动。

不喜欢：用户不喜欢缺乏季节主题或具体福利描述的支付宝红包活动，如仅强调""活动""和""红包""而未包含关键词如夏天或奖励的推广内容。",0,complete
726177,"喜欢：用户偏好电商购物平台（如拼多多），喜欢使用购物券和自助查询服务；偏好品类包括优惠券获取、模型玩具（如泡泡玛特popmart、高达模型）；关键词涉及快递、借款和休闲娱乐；品牌倾向拼多多、泡泡玛特和apple；使用场景主要为在线购物、优惠获取和自助服务操作。

不喜欢：用户不喜欢负面事件内容（如报复和买家纠纷），以及招聘信息（如顺丰优才），这些特征与点击的电商优惠行为相反。",0,complete
1282497,"喜欢：该用户偏好电费充值、现金红包等金融理财品类，关键词包括优惠、特惠、奖励和充值，品牌如支付宝和南网在线，使用场景涉及日常支付、省钱活动和夏季福利（如扭扭节领红包）。
不喜欢：该用户不喜欢涉及邀请推荐新人好友的赚钱红包活动，与直接奖励相反的特征如社交邀请机制。",0,complete
68443,"喜欢：偏好品类为抽奖活动和电子产品（如手机），关键词包括抽奖、新款手机、iPhone14，品牌涉及苹果（从iPhone14推断），使用场景集中在娱乐抽奖和在线活动（基于点击商品和搜索关键词如抽奖、手机、支付宝运动）。
不喜欢：基于未点击商品（如宠粉和特权活动），不喜欢宠粉相关活动和特权特征（如等级特权），与点击行为（抽奖和手机）形成相反偏好。",0,complete
85095,"喜欢：用户偏好体育健身服务品类（如免费场馆和项目），关键词包括乐动力、免费、体育中心，品牌如乐动力和支付宝，使用场景涉及体育场馆健身活动和日常消费（如外卖点餐和食品饮料）。

不喜欢：用户不喜欢付费服务（如年夜饭套餐）和需要达标的健身活动（如首次或累计达标要求），基于未点击商品中与免费直接服务相反的特征。",0,complete
1191379,"喜欢：用户偏好金融理财品类，特别是基金产品（如债券基金），关键词包括理财、借贷（如借呗、花呗、网商贷）和直播理财（如理财直播），品牌偏好支付宝生态（如支付宝、余额宝、蚂蚁庄园），使用场景涉及投资管理（如债券基金特点）、公益捐赠（如捐赠、种树）和日常支付（如转账、缴费、公益捐步）。  
不喜欢：用户不喜欢房地产相关的内容，特别是房地产信贷政策（如信用贷、优化策略），与点击的债券基金投资主题相反。",0,complete
1838861,"喜欢：用户偏好红包抽奖、薅羊毛机会和游戏任务（如签到、做任务），涉及金融品类（如贷款搜索、提现额度）、关键词（红包、抽奖、薅羊毛）、品牌（钱大妈、可口可乐、旺旺）及使用场景（社交互动、游戏玩乐），同时关联食品品类（零食、饮料）和公益服务（如芭芭农场）。

不喜欢：用户对与特定支付平台（如支付宝）绑定的红包活动或更直接的薅羊毛方式不感兴趣，基于未点击商品中""支付宝""实体词与点击行为（强调""一起""社交元素）相反的特征。",0,complete
918807,"喜欢：用户偏好金融服务品类，如话费充值、现金管理和理财服务，关键词包括优惠、充值、现金和红包，品牌涉及高阳、支付宝和余额宝，使用场景为在线充值优惠（如手机话费特惠充值）和日常理财管理（如转账、余额宝使用）。

不喜欢：用户不喜欢特定运营商（如中国电信）的话费服务、福利金相关促销（如集福、看直播瓜分福利金），以及某些话费优惠券形式（如天天领券、消费券），基于未点击商品中与点击行为相反的特征。",0,complete
741734,"喜欢：该用户偏好流量卡品类，特别是无限流量、免费申请、包邮到家的电信和移动品牌流量卡；使用场景包括全国通、不限速的流量服务；关键词如流量卡、无限流量、申请。

不喜欢：基于未点击商品中与点击行为相反的特征，用户不喜欢与流量卡无关的内容，如找工作、信用卡分期、话费充值、彩票数据、征信查询、个人养老金账户绑定等主题。",0,complete
45705,"喜欢：用户偏好金融理财和省钱工具，特别是支付宝相关的消费金、省咖和现金红包活动，涉及在线任务、签到、赚钱互动等使用场景；偏好品类包括金融产品（如借呗、花呗）、现金奖励（如消费款、红包），关键词如支付宝、消费金、省咖，品牌如支付宝，使用场景聚焦省钱赚钱的日常操作（如做任务、充值话费）。

不喜欢：用户对非金融相关的手工装饰品如挂饰、过年主题内容不感兴趣，基于未点击行为，特征包括手工制作（如胖胖挂饰）、节日装饰（如过年）、泛泛赚钱建议（如2023年不知道），与点击的金融省钱主题相反。",0,complete
116416,"喜欢：偏好支付宝平台的现金红包活动（如扭扭节）、通信充值（电话费、话费充值）和交通服务（顺风车、拼车），关键词包括现金、红包、支付宝、夏天、活动，品牌涉及支付宝、哈啰出行、中国移动，使用场景为参与在线营销玩法（如领现金红包）和日常消费（如充值、打车）。

不喜欢：基于未点击商品，不喜欢储蓄方法如存钱罐（小猪攒钱罐），与点击的现金获取行为相反。",0,complete
570061,"喜欢：该用户偏好支付宝品牌的现金红包活动，偏好品类包括游戏玩乐（如斗地主、消除游戏）和任务抽奖（如集金蛋、做任务），关键词如现金、红包、玩赚，使用场景涉及线上娱乐（如互动小游戏）和日常生活优惠获取（如到店支付、消费节）。

不喜欢：基于未点击商品，用户不喜欢促销内容中强调奖励、福利或特定季节变体（如夏天、夏季）的特征。",0,complete
1556706,"喜欢：用户偏好虚拟游戏和在线活动（如模拟生活类游戏""我的迷你小窝""，实体词""小窝""），结合交易行为中的金融产品（如余利宝、余额宝、花呗）和服务使用中的任务完成（如芭芭农场、蚂蚁庄园、做任务），偏好品类包括游戏娱乐、金融管理；关键词如""集集星球""、""宝呗青年""；品牌如支付宝（高频出现）；使用场景为在线娱乐、虚拟任务和日常财务管理。

不喜欢：用户对实体DIY手工艺和节日主题装饰不感兴趣（基于未点击商品""过年在家做一条胖胖的彩虹鱼挂饰，年年有余""，实体词""挂饰""、""过年""），与点击的虚拟游戏偏好形成对比，表现为回避手工制作和传统节日活动。",0,complete
1379755,"喜欢：该用户偏好日常消费品类如食品（卤菜、汉堡）、日用品（纸巾、镜子）和工作相关（工作证、工牌），关键词包括特权、宠粉、签到和公益，品牌如天猫、中国移动和白云山，使用场景涉及在线购物（天猫超市）、支付服务（手机费、信用卡）和娱乐游戏（芭芭农场、互动小游戏）。

不喜欢：该用户不喜欢评论有奖活动、高端电子产品（三星手机）以及节日礼物（七夕礼物）相关的内容。",0,complete
118835,"喜欢：用户偏好支付宝相关的金融活动、红包福利和夏季主题优惠，偏好品类包括生活消费（如超市购物、食品）和短期理财（如债券基金），关键词涉及支付宝、红包、夏天，品牌主要为支付宝，使用场景集中于夏季福利领取和日常支付服务。

不喜欢：用户不喜欢基金直播间、基金经理深度讨论、海外市场解读等专业金融投资内容，包括港股布局、海外基金建议和市场复盘等特征。",0,complete
1556838,"喜欢：该用户偏好金融服务品类，如花呗和红包（偏好品类），关键词包括花呗、红包、余额宝和支付宝（关键词），品牌涉及支付宝（品牌），使用场景聚焦于还款、优惠活动和理财管理（使用场景），基于点击商品标题和实体词（花呗、红包）以及交易行为（花呗、余额宝）、服务使用（理财、红包）和搜索关键词（花呗、红包、余额宝）的强相关特征。

不喜欢：该用户不喜欢季节主题活动和直接的现金奖励（如夏天、夏季、现金红包），这与点击行为中信用服务（花呗）的特征相反，基于未点击商品标题和实体词（夏天、夏日、现金红包）的相反特征。",0,complete
1179454,"喜欢：用户偏好餐饮品类，特别是快餐汉堡类（如塔斯汀中国汉堡），关键词包括优惠、特惠、点餐；品牌偏好塔斯汀；使用场景涉及点餐和优惠领取活动，基于点击商品（塔斯汀中国汉堡特惠点餐）及交易行为（如美团外卖、肯德基）和搜索关键词（如麦当劳、瑞幸咖啡）的餐饮相关实体。

不喜欢：用户不喜欢与踏青相关的出行服务促销，如花小猪打车的礼包活动，基于未点击商品（踏青之旅礼包）中与点击行为（餐饮优惠）相反的出行特征（花小猪打车、踏青），尽管交易和服务数据（如打车费用、顺风车）显示出行使用，但未点击表明对该主题促销缺乏兴趣。",0,complete
829462,"喜欢：用户偏好支付宝相关的夏季红包活动，涉及品牌如支付宝、余额宝和花呗，关键词包括夏天、红包和福利，偏好品类为金融理财（如红包奖励）和生活缴费（如电费），使用场景集中于夏季促销和线上支付活动。

不喜欢：用户不喜欢秋日主题的抽红包活动，特别是带有""薅羊毛""表述的营销方式，与点击的夏季红包奖励形成鲜明对比。",0,complete
129606,"喜欢：用户偏好消防知识服务（如消防学习平台、消防课程和消防体验场馆），居家生活用品（如全棉睡衣、家居服和卫衣，关键词包括秋冬、夏季等季节场景），零食品牌（如王小卤虎皮凤爪和royalapothic泊诗蔻护手霜），以及真实灾难事件新闻（如地震报道，使用场景涉及信息获取）。

不喜欢：用户对消防救援英雄叙事或正面宣传内容不感兴趣，如暴雨救援瞬间、消防员致敬故事或国风画作，这与点击的地震灾难报道形成相反特征。",0,complete
1764854,"喜欢：偏好品类包括DIY改造（如旧衣改造）和食品（如香肠、小炒香干、红烧冬瓜）；关键词涉及旧衣改造、回收（从搜索关键词如旧衣回收）和理财（如基金、信用卡）；品牌如妮维雅（润肤乳相关）和良平（食品品牌）；使用场景为家庭DIY项目、餐饮消费（如自选餐厅、外卖订单）和个人财务管理（如理财、余额宝）。

不喜欢：基于未点击商品中与点击行为（DIY改造）相反的特征，不喜欢通信服务如流量卡和电话卡申请（如电信19元无限流量卡、移动9元流量卡），以及直接回收服务（如旧衣服回收），偏好更偏向创意DIY而非标准化通信或回收产品。",0,complete
1356491,"### 用户兴趣偏好总结（场景0）
喜欢：用户偏好环保回收品类，特别是旧衣物正确处理方法，关键词包括""正确""、""女生""、""旧衣物""和""倒计时""，品牌涉及回收服务（如""回收衣服""），使用场景聚焦女性生活管理和时间节点事件（如年终总结）。  
不喜欢：用户不喜欢有偿回收、上门服务等商业化旧衣服回收方式，以及玩具收纳、免费回收等特征。",0,complete
1009446,"喜欢：偏好通信服务品类，如手机卡和流量卡；关键词包括流量卡、电话费、中国联通；品牌涉及中国联通和中国电信；使用场景为移动通信、话费查询和流量管理，基于点击商品和搜索关键词（如流量卡、电话卡）的频繁出现。

不喜欢：偏好电商促销品类，如优惠券查询；关键词涉及优惠券、福利；品牌如拼多多；使用场景为优惠券领取和福利活动，基于未点击商品（如优惠券查询入口）与点击行为（通信服务）相反的特征。",0,complete
1416190,"喜欢：该用户偏好现金回收和提现服务，品类包括旧物回收（如旧衣服）和金融操作，关键词如现金、提现、回收、兼职（从搜索关键词常见），品牌偏好支付宝（多次出现在交易和服务实体），使用场景涉及在线支付、提现操作和兼职赚钱活动（基于点击商品和搜索数据）。

不喜欢：基于未点击商品特征，用户不喜欢攻略类内容和卡牌获取相关，如沾福气卡（与点击的现金回收行为相反）。",0,complete
762632,"喜欢：用户偏好支付宝品牌的活动和红包福利，特别是夏季主题（如夏天、夏日、夏季关键词），涉及娱乐奖励场景（如扭扭节活动和大奖），偏好品类包括红包和季节性促销，使用场景聚焦于夏季休闲和线上互动。

不喜欢：用户对铁路12306的票务购买、儿童票以及图解步骤等实用指南内容不感兴趣，反映出对铁路出行和票务操作的低偏好。",0,complete
1694222,"喜欢：用户偏好金融投资品类，特别是股票交易和市场动态分析，关键词如""T0交易""、""高开低走""、""砸盘""和""早班车""，品牌涉及蚂蚁财富（基于搜索""蚂蚁保""和交易""蚂蚁财富""）和博时黄金（交易行为），使用场景为在线理财信息获取和日常金融新闻阅读。

不喜欢：用户不喜欢生活美食内容如""海鲜面尝鲜""和个人操作复盘（基于未点击商品实体""复盘""、""海鲜面""、""尝鲜""），以及非核心金融话题如一般理财讨论（未点击实体""理财""、""结束""），与点击的深度交易分析形成反差。",0,complete
1538681,"喜欢：用户偏好交通和政府服务品类，如车辆登记和上牌；关键词包括""上牌""、""登记""、""顺风车""、""医保""；品牌如支付宝、滴滴出行；使用场景涉及在线支付、出行管理和公益捐赠（基于点击商品""非机动车登记上牌网上约""及交易、服务实体中的支付宝、打车服务和公益项目）。

不喜欢：用户不喜欢休闲活动促销品类，如踏青礼包；关键词如""踏青""；品牌如花小猪打车；使用场景涉及打车服务促销（基于未点击商品""踏青之旅，花小猪打车在送68元踏青礼包！""的实体词，与点击行为中的交通服务偏好相反）。",0,complete
932420,"喜欢：用户偏好出行服务（如公交、地铁）、消费优惠活动（如体育消费券）、支付工具（支付宝），关键词包括上海市、红包、支付宝，品牌涉及支付宝、美团、滴滴出行，使用场景为城市通勤、在线支付和消费券领取。

不喜欢：用户对非实用内容如社会助人故事、老人主题不感兴趣，基于未点击行为，表现为对情感类或公益导向内容缺乏兴趣。",0,complete
1257153,"喜欢：用户偏好支付宝的现金红包福利活动，特别是夏天主题的扭扭节，涉及关键词如支付宝、夏天、现金红包、奖励和夏季；偏好品类为移动支付娱乐福利，品牌支付宝，使用场景为支付宝平台的扭扭节活动，用于领取现金奖励。

不喜欢：用户不喜欢理财产品或出行相关的优惠券，如公交、地铁、打车优惠券，这些特征在未点击商品中出现（如理财、公交乘车卡、出行优惠券），与点击行为中的纯现金红包福利相反。",0,complete
1196840,"喜欢：用户偏好支付宝相关的金融支付服务，特别是花呗和花花卡，涉及赚取花呗金、抽奖开奖活动；偏好品类包括金融投资、游戏化任务（如翻卡合成）；关键词为现金、红包、花花卡；品牌偏好支付宝；使用场景为赚取奖励、金融管理和互动游戏。

不喜欢：用户不喜欢日常薅羊毛攒黄金票的活动，与攒黄金票相关的特征（如日常小窍门）不感兴趣。",0,complete
159301,"喜欢：该用户偏好支付宝相关的现金红包活动，特别是与夏季相关的福利，偏好品类包括金融红包和任务奖励（如赚现金、红包），关键词如现金红包、夏天，品牌支付宝，使用场景为夏季活动或日常任务（如打卡签到、做任务）。
不喜欢：该用户不喜欢包含1分购和活动特征的类似商品，表明对低价购物（如1分购）和过度促销活动不感兴趣。",0,complete
1253400,"喜欢：用户偏好支付宝品牌的活动，特别是与夏季相关的促销（如扭扭节），涉及红包大奖和季节关键词（夏天、夏日、夏季），使用场景包括支付宝的互动福利活动，偏好品类为红包和消费券类服务，关键词强调季节性和事件驱动，品牌以支付宝为核心，支持交易行为中的红包、支付宝实体和服务使用中的缴费充值、红包等数据。

不喜欢：用户不喜欢日常重复性的现金红包活动（如每天领一次），基于未点击商品中与点击行为相反的特征（如""领现金红包""和""今天""的日常性），表明对常规、非事件驱动的简单红包缺乏兴趣，与偏好的事件性、季节化活动形成对比。",0,complete
1449723,"喜欢：用户偏好品类如电商支付服务和优惠活动（基于点击商品和服务使用实体，如支付宝、淘宝、外卖平台），关键词如消费券和羊毛（源自点击商品实体词），品牌如支付宝和中免日上（突出于点击行为），使用场景包括在线购物、省钱和日常支付（结合交易行为如乘车扣款、外卖订单）。

不喜欢：用户不喜欢油价查询和石化相关的内容（基于未点击商品实体词如今日油价查询、中国石化，与点击行为优惠特征相反）。",0,complete
1006493,"喜欢：用户偏好金融投资品类，尤其关注科技板块（如机器人、半导体、光伏设备），关键词包括机器人、半导体、新能源、白酒、恒生科技；品牌偏好蚂蚁财富、招商中证白酒、华泰柏瑞等基金机构；使用场景为在线投资分析、日常消费支付（如外卖、餐饮）和交通服务。

不喜欢：基于未点击商品特征，用户不喜欢悲观投资内容（如抱怨性标题或抄底提醒）和无关娱乐主题（如小说类实体词），关键词如""五年""、""抄底""、""我纯阳之体""等，与点击的积极分析相反。",0,complete
519550,"喜欢：用户偏好互动式抽奖活动，特别是涉及花呗大奖的品类（如金融互动游戏），关键词包括""互动""、""翻卡""、""花花卡""和""大奖""；品牌偏好支付宝相关服务；使用场景集中于在线抽奖和金融奖励管理。

不喜欢：用户不喜欢直接的现金红包促销或简单赢取花呗红包的活动，基于未点击商品的特征（如""红包""和""左下""），表明对非互动性、低参与度的优惠形式缺乏兴趣。",0,complete
1821828,"喜欢：用户偏好支付宝品牌的红包活动，关键词包括支付宝、红包和扭扭节，使用场景聚焦于在线支付和优惠领取（如交易行为中的收款码、服务使用中的余额宝和红包，以及搜索关键词中的红包码和支付宝），偏好品类为数字红包和金融优惠服务。

不喜欢：用户不喜欢支付宝红包活动中包含季节描述（如夏天、夏日、夏季）或强调特定福利细节（如领现金红包、免费、抵扣）的内容，这与点击行为中简洁的红包主题形成反差。",0,complete
1866779,"喜欢：用户偏好支付宝相关的红包福利活动，特别是涉及夏天、夏日、夏季的季节主题，以及大奖和福利；从搜索关键词和服务使用看，对理财品类（如基金、余额宝）、出行服务（如打车、单车）和红包关键词有浓厚兴趣，品牌上倾向支付宝，使用场景集中在夏季福利领取和理财管理。
不喜欢：用户不喜欢缺少季节元素（如夏天、夏日、夏季）的红包活动，尽管涉及支付宝和红包关键词，这与点击行为中强调的季节主题形成相反特征。",0,complete
440647,"喜欢：用户偏好通信服务品类，尤其流量卡和话费充值，关键词包括免费、特惠、办理，品牌青睐中国联通，使用场景为营业厅办理和自动充值服务。

不喜欢：用户不喜欢其他运营商品牌如中国移动或中国电信的流量卡，以及涉及理财推广或支付宝相关服务，避免关键词如理财、支付宝和移动花卡。",0,complete
590887,"喜欢：偏好品类为节日活动和福利发放（如七夕、夏季促销），关键词包括七夕、夏季、福利、红包、开奖，品牌如支付宝，使用场景为在线福利领取和节日促销活动。
不喜欢：基于未点击商品，偏好品类为话费充值和提现服务，关键词包括提现、话费充值、月月赚，品牌如中国移动、电信、联通，使用场景为话费充值交易。",0,complete
1303380,"喜欢：用户偏好手机租赁品类，关键词包括租赁、免押和租机，品牌如鲜租机，使用场景为数码产品租赁服务，体现在点击商品、交易行为（如租苹果手机、租机租赁）和服务使用（如免押租机、手机租赁）中。

不喜欢：用户不喜欢新机资讯、数码技巧、相机租赁等非手机租赁品类，以及共享经济讨论和销量排行内容，基于未点击商品（如iPhone 15资讯、租大疆云台相机）与点击行为相反的特征。",0,complete
1735031,"喜欢：用户偏好支付宝品牌的促销活动，关键词包括红包、福利和夏天，偏好品类为金融福利和在线支付服务，使用场景集中在夏季福利领取和日常消费优惠（基于点击商品实体词支付宝、红包、夏天、福利，以及交易行为中的支付宝、花呗、红包和服务使用中的支付宝、现金红包、搜索关键词中的红包、优惠券等数据）。

不喜欢：用户不喜欢年货相关商品和糕点食品（基于未点击商品实体词年货、糕点，与点击行为中红包和夏季主题相反）。",0,complete
1471891,"喜欢：用户偏好支付宝相关的红包福利活动，品类集中于数字红包和优惠促销（如扭扭节、红包雨），关键词包括红包、支付宝、福利、夏季，品牌以支付宝为主（服务使用和搜索中高频出现），使用场景涉及在线支付、夏季促销和优惠领取（如消费券、余额宝互动）。

不喜欢：用户不喜欢露营、花花卡和互动类活动，这与点击的红包活动特征相反（未点击商品实体词显示露营、花花卡、互动，而点击行为聚焦红包福利）。",0,complete
1648580,"喜欢：用户偏好金融投资品类，特别是基金和A股市场操作，关键词包括基金、A股、操作分享、收益和行情信息，品牌涉及蚂蚁财富和支付宝相关服务，使用场景为通过支付宝平台进行实时市场分析、投资决策分享和收益追踪。

不喜欢：用户不喜欢特定行业投资品类如白酒、医药、半导体、光伏和国防军工，关键词涉及网格投资、行业名称和策略讨论，使用场景为网格策略应用和行业聚焦投资。",0,complete
1565284,"喜欢：用户偏好投资策略相关的品类，如基金、股票市场分析和理财服务；关键词包括""剧本""、""上岸""、""第一""，强调策略性和安全退出主题；品牌涉及蚂蚁财富、支付宝等金融平台；使用场景集中在金融投资、财富管理和在线理财服务。
不喜欢：用户不喜欢具体资产类别的操作建议，如黄金概念、芯片、白酒、动漫游戏等主题，基于未点击商品中频繁出现的相反特征（如加仓减仓操作和资产涨跌分析）。",0,complete
1653230,"### 用户兴趣偏好总结（场景0）

喜欢：用户偏好电信服务品类，关键词如充值话费、支付有礼、摇一摇红包、每日、立减和省钱消消消，品牌涉及三网运营商（如中国移动），使用场景为日常手机话费充值、省钱消费和支付优惠活动。

不喜欢：用户不喜欢评论有奖活动、存钱技巧、转账警告和游戏内容，基于未点击商品中与点击行为相反的抽奖、礼品赠送和金融技巧特征。",0,complete
1347748,"喜欢：该用户偏好数字支付和休闲娱乐活动，如支付宝的红包奖励、季节主题（如夏天、夏日）以及在线互动玩法（如扭扭节），涉及品牌支付宝，使用场景包括参与移动端福利活动获取现金奖励，并支持关键词如福利、现金红包、夏季。

不喜欢：该用户不喜欢行政手续类内容，如办理家庭成员个人账户共济事务，涉及关键词个人账号、共济和地点新乡市，与点击行为中的娱乐性奖励相反。",0,complete
1664751,"喜欢：用户偏好支付宝平台相关的支付服务和金融产品，关键词包括支付宝、红包、夏天、福利、饿了么，品牌如支付宝、余额宝，使用场景涉及夏季促销活动、日常消费（如外卖点餐、餐饮）和红包奖励。

不喜欢：用户不喜欢体育健身服务，特别是乐动力相关的达标挑战和场馆活动，关键词如乐动力、健身服务、达标，品牌如乐动力，使用场景如健身场馆免费开放和运动达标任务。",0,complete
1545680,"喜欢：用户偏好手机租赁服务，特别是低成本选项（如首月1元租机），涉及品类包括3C产品租赁（如手机、平板），关键词如租赁、免押金、分期（从搜索关键词""分期租机""、""免押金租赁""等体现），品牌如苹果（apple|BRAND）和华为（从服务使用实体""租华为""、""租苹果手机""体现），使用场景为经济实惠的设备试用或日常使用（从交易行为实体如""租物""、""产品租赁""强化）。

不喜欢：用户不喜欢新品资讯（如iPhone15新资讯）、高价产品（超过5000元手机）、客服指南（如""下单后如何找到官方客服""）、节日主题营销（如七夕）以及特定技术细节（如折叠屏或5G概念），这些特征与点击的租赁焦点相反（从未点击商品实体词""苹果 iphone 15""、""价格""、""客服""、""七夕""、""5G概念""等体现）。",0,complete
1508853,"喜欢：该用户偏好健康服务品类，特别是健康证查询相关的在线查询服务，关键词包括健康证查询和湛江，品牌涉及官网类便捷平台，使用场景为在线快速获取健康证明（如就业或旅行需求），基于点击商品和搜索关键词（如健康证、健康证明）的强关联。

不喜欢：该用户不喜欢医院体检中心的在线预约服务，如浙江大学医学院附属第一医院的体检预约，基于未点击商品与点击行为相反的特征（偏好查询而非预约）。",0,complete
302948,"喜欢：用户偏好快递服务品类，特别是优惠券和上门取件服务；关键词包括快递、实惠、分享、活动；品牌如京东和中通快递；使用场景涉及寄快递省钱、在线支付活动参与（如支付宝扭扭节）和便捷物流查询。
不喜欢：基于未点击商品""跟着顺丰小哥转场转起来！""，用户不喜欢与实惠快递服务相反的特征，如娱乐导向或非实用内容（例如""转场""和""小哥""），表明对非优惠、非核心快递服务的兴趣较低。",0,complete
1711833,"喜欢：用户偏好就业服务品类，关键词包括找工作、招聘、支付宝就业、众创，品牌如蜜雪冰城、支付宝，使用场景为通过数字平台参与招聘活动，尤其关注社会公益就业机会（如残障人士桥梁项目）。  
不喜欢：用户不喜欢客服角色相关的招聘内容，关键词如客服、报名、蚂蚁云，品牌如蚂蚁云，使用场景为客服招聘流程或报名咨询。",0,complete
1662760,"喜欢：偏好金融借贷品类，特别是网商贷相关服务；关键词集中于网商贷和测试评估；品牌涉及网商银行和支付宝；使用场景为自我资格测试和财务评估。

不喜欢：基于未点击商品特征，不喜欢借呗比较、额度提升讨论、福利促销或利率优惠内容。",0,complete
220361,"喜欢：该用户偏好信用卡推荐和生活优惠品类，关键词包括信用卡、红包、支付宝和生活，品牌偏好支付宝，使用场景为年轻人金融需求（如毕业阶段）和日常现金红包领取活动（如夏季扭扭节）。
不喜欢：用户不喜欢信用卡申请流程和流量卡办理相关的内容，基于未点击商品特征，如信用卡申请操作（如招商银行办理）和流量卡申请（如联通无限流量卡）。",0,complete
1776967,"喜欢：偏好支付宝相关的线上活动、红包优惠和夏季促销，关键词包括支付宝、红包、活动、夏季（如夏天、夏日），品牌如支付宝，使用场景为参与支付宝促销活动（如扭扭节）领红包，结合交易和服务数据（如花呗、饿了么、抢券）显示偏好支付优惠和季节性消费。

不喜欢：医疗相关话题、投资建议（如加仓）和薅羊毛行为，基于未点击商品特征（如医疗、反转、加仓）与点击行为相反，体现对金融风险或过度优惠的回避。",0,complete
345294,"喜欢：偏好品类为债券基金等稳健理财产品，关键词包括理财直播、财富直播和交通出行码，品牌如支付宝（基于搜索关键词），使用场景涉及理财投资和便捷交通出行（如公交、乘车码）。
不喜欢：基于未点击行为，不喜欢直播形式的基金推广、节日主题（如七夕）的理财内容，包括直播间互动和恋爱相关营销。",0,complete
952406,"喜欢：用户偏好支付宝品牌的金融福利活动，特别是夏季主题的红包奖励（如""支付宝发福利了，夏天夏季夏日扭扭节，扭一扭领红包奖励""），偏好品类包括现金红包和季节促销；关键词如现金、红包、支付宝（从搜索关键词和点击商品实体词）；使用场景涉及线上领红包和夏季促销活动（基于服务使用实体如现金红包、余额宝和交易行为实体如支付宝）。

不喜欢：用户不喜欢宠物相关内容和话费充值服务，如宠物市场、金毛、电驴以及话费特惠充值、手机充值（从未点击商品实体词""电驴、金毛、宠物市场|优惠、三网、巨惠、手机、高阳、天天好券、话费特惠充值、充值""中提取，与点击行为中支付宝红包活动相反）。",0,complete
1610922,"喜欢：用户偏好通信服务品类，特别是低价流量卡申请，关键词包括免费申请、流量卡和手机卡，品牌倾向中国电信和中国移动，使用场景涉及日常移动上网和通信需求（如手机费、电话费相关交易）。

不喜欢：用户不喜欢信用卡相关产品（如招商信用卡）和联通品牌的通信服务，基于未点击商品中与点击流量卡申请行为相反的特征（如招商银行、联通号码卡）。",0,complete
1562142,"喜欢：用户偏好回收服务（如旧衣服回收）、兼职任务和租赁服务，关键词包括旧衣服回收、兼职、租机租赁和环保回收，品牌涉及支付宝、饿了么和苹果，使用场景聚焦于避免风险（如骗局警示）、赚钱任务（如做任务、领现金）和日常支付（如转账、红包），基于点击行为（如""旧衣服回收""主题）及搜索和服务数据（如""有偿回收旧衣服""、""线上兼职""、""租机租赁""）。

不喜欢：用户不喜欢正面的回收换钱宣传，如鼓励改造或回收旧衣物以获取直接利益的内容，基于未点击商品（如""回收换钱""、""整理旧衣物""）与点击行为（偏好负面警示而非乐观推广）相反的特征。",0,complete
1595328,"喜欢：用户偏好支付宝相关的金融福利活动，包括红包奖励、夏季促销等品类；关键词如现金、福利、支付宝；品牌如支付宝、网商银行；使用场景涉及日常理财（如赚现金、转账红包）和季节性优惠（如夏日扭扭节）。
不喜欢：用户对银行存款、储蓄产品不感兴趣，如利息计算和存款相关服务。",0,complete
262608,"喜欢：用户偏好支付宝品牌的活动和红包关键词，尤其关注夏季使用场景（如夏天、夏日主题），结合交易行为中的食品品类（如水果、蓝莓、蛋糕）和公益项目服务（如蚂蚁庄园、芭芭农场），以及搜索关键词中的积分、公益和生活缴费（如电费），体现对线上消费、日常支付和季节性促销的兴趣。

不喜欢：用户不喜欢特权、宠粉和新年主题的内容（如2023年第一天），基于未点击商品的特征与点击行为（支付宝活动、红包）相反，反映出对粉丝等级或节日特权的低兴趣。",0,complete
1722400,"喜欢：偏好品类包括游戏玩乐和红包活动（如支付宝扭一扭活动），关键词如红包、福利、夏季，品牌偏好支付宝，使用场景为参与支付宝的娱乐活动（如扭一扭领红包）和夏季促销。
不喜欢：基于未点击商品特征，不喜欢转账、批量操作（如商家转账、批量发奖金）和奖金相关的内容。",0,complete
75104,"喜欢：该用户偏好早餐品类（如油条、肉酥），关键词包括“早餐”和“优惠”（如“加5元享”），品牌涉及快餐类（如麦当劳、肯德基，基于服务使用和搜索数据），使用场景主要为早餐时段和餐饮饭店（如点击商品标题和交易行为中的相关实体）。

不喜欢：该用户不喜欢全鸡菜品、咖啡冰饮、冰淇淋雪糕冻品、蒜香盐酥鸡、CP堡（汉堡类）以及笔筒教程等非食品内容（基于未点击商品实体词中与点击行为相反的特征，如全鸡、咖啡冰、冰淇淋、蒜香盐酥鸡、CP堡、笔筒）。",0,complete
1436884,"喜欢：偏好品类为通信服务（如流量卡）和金融理财（如现金、基金），关键词包括流量卡、大王卡、现金、赚零钱，品牌如中国联通、Apple，使用场景涉及移动支付、话费充值和在线申办流量卡。
不喜欢：偏好品类上不喜欢收藏品（如鉴宝），与点击的实用通信服务相反，关键词和品牌无直接数据但特征相反。",0,complete
1829426,"喜欢：用户偏好理财品类，关键词如基金、财富号、理财直播，品牌如创金合信、银华基金、南方基金，使用场景在金融投资、资产管理、闲钱理财活动。
不喜欢：用户不喜欢家居装饰品类，关键词如海洋、上新啦，品牌无明确体现，使用场景在壁纸更新或家庭装饰推广。",0,complete
1851846,"喜欢：偏好房地产行业相关的金融投资品类，关键词包括房地产、行业周期和放大招，品牌如蚂蚁财富和支付宝（从交易和服务使用中高频出现），使用场景为市场分析和投资决策（基于点击商品标题和实体词，以及交易中的房地产ETF）。

不喜欢：基于未点击商品实体词，不喜欢其他行业热点如环保、医药和消费电子，以及理性投资和防御性主题（与点击的积极房地产主题相反）。",0,complete
1766576,"喜欢：该用户偏好支付宝相关的金融优惠活动品类，如红包、福利和自动攒钱工具，关键词包括支付宝、红包、现金和夏季，品牌以支付宝为主，使用场景为在线薅羊毛、领取现金红包和参与夏季促销活动。

不喜欢：该用户不喜欢移动运营商服务品类，如流量卡和会员卡，关键词包括中国移动、电信和流量，品牌如中国移动和电信，使用场景为办理手机卡或流量套餐。",0,complete
657603,"喜欢：用户偏好金融服务品类如充值话费和红包活动，关键词包括优惠、夏季促销（如夏天、夏日），品牌如支付宝，使用场景涉及在线支付和参与即时优惠活动（如扭扭节福利），基于点击行为显示对金融优惠的强烈兴趣。

不喜欢：用户不喜欢储蓄类小程序品类如攒现金和集分宝，关键词包括自动铅笔和教育工具（如成长派），基于未点击行为与点击的即时优惠特征相反，表明对长期储蓄或教育应用的回避。",0,complete
1747650,"喜欢：偏好手机租赁品类，关键词包括风控、信用风险评估、每日租金和14 Pro Max，品牌如魅族和淘号猫租物，使用场景为租赁高端手机（如魅族20系列）并评估信用风险服务，结合交易行为中的充值、手机费和服务使用中的免押租机、信用免押，体现对租赁风控和数码产品的兴趣。

不喜欢：基于未点击商品中与点击行为相反的特征，不喜欢苹果产品（如iPhone 15）、新品发布、笔记本电脑推荐以及免押金租赁平台（如一元租机），这些未点击实体词如押金、苹果 iPhone 15、学生党选购本子，表明对苹果新品、电脑类目和免押促销无兴趣。",0,complete
816505,"喜欢：用户偏好支付宝品牌的夏季活动，特别是现金红包和福利奖励类内容，关键词包括夏季、福利、红包和现金，使用场景为在线领奖和红包获取，偏好品类集中在支付宝平台的红包促销活动。

不喜欢：用户不喜欢淘宝品牌的活动，如喵屋汇夺宝，与点击行为相反的特征是淘宝相关实体和特定红包活动形式。",0,complete
825892,"喜欢：用户偏好金融理财品类（如基金、现金管理），关键词包括""提现""、""支付宝""、""理财""，品牌如支付宝、余额宝，使用场景集中于在线现金操作和金融交易服务，体现对便捷提现和投资理财的强烈兴趣。

不喜欢：用户不喜欢电信服务品类（如手机卡、流量卡），基于未点击行为中与点击相反的流量卡办理特征，具体表现为对联通、电信等品牌及流量卡申请、免费手机卡等关键词的回避。",0,complete
290048,"喜欢：该用户偏好金融优惠品类，如红包雨和羊毛活动，关键词包括余额宝、福利、快乐，品牌偏好支付宝（余额宝是其产品），使用场景涉及在线理财、参与支付宝平台的促销活动获取现金红包。

不喜欢：该用户不喜欢缺乏具体品牌或平台关联的羊毛活动，如仅强调成功和羊毛的泛泛优惠，与点击行为中余额宝和红包雨的具体特征形成反差。",0,complete
714946,"喜欢：用户偏好政府服务类内容（如无犯罪记录证明在线申办指南），结合话费充值优惠（如三网巨惠95折），关键词包括“申办”“优惠”“充值”，品牌涉及高阳和支付宝，使用场景为在线任务和日常支付；同时，从搜索和服务使用数据看，用户对租赁服务（免押金租赁、手机租赁）、数码产品（如手机、电脑）及优惠券（天天好券）有持续兴趣，偏好品类包括政府事务、通信服务和租赁。

不喜欢：用户不喜欢纯话费充值优惠内容（如95折话费、立减1~6元），其特征包括领券、高温补贴、话费券等，无附加服务或主题（如政府指南），与点击行为中结合实用服务的特征相反。",0,complete
373711,"喜欢：该用户偏好3C数码产品（如苹果iPhone手机），关键词包括薅羊毛、攒黄金票、0元抽新款手机，品牌倾向苹果，使用场景为日常省钱技巧和促销抽奖活动（如双十一），基于点击商品实体词如苹果iPhone14、双11、薅羊毛，以及搜索关键词如黄金票、抽奖、手机，服务使用如抽奖、现金赚取，交易行为如花呗、红包。
不喜欢：该用户不喜欢评论互动活动（如评论有奖），关键词如小呗、三星Galaxy Z Flip、存钱小技巧，品牌回避三星，使用场景涉及节日礼物（如七夕）和特定人群存钱（如中国宝宝体质），基于未点击商品实体词如评论有奖、小呗、三星、存钱，与点击行为相反（未点击评论有奖而点击了抽奖）。",0,complete
1615499,"喜欢：用户偏好通信服务品类如流量卡和话费充值，金融优惠品类如集分宝抵扣和现金红包，以及租赁服务品类如手机和电脑租赁；关键词包括免费、0元、薅羊毛、现金和集分宝；品牌涉及支付宝、中国移动、中国联通和电信；使用场景聚焦省钱赚取奖励、在线支付和数码产品租赁。  
不喜欢：用户对信用卡相关的内容不感兴趣。",0,complete
660448,"喜欢：用户偏好休闲游戏品类（如蛋仔派对），关键词包括游戏中心和互动小游戏（基于搜索关键词""game""和""游戏中心""，以及服务使用实体""互动小游戏""和""游戏玩乐""），品牌涉及蛋仔派对（从点击商品实体词），使用场景为游戏玩乐（服务使用实体""游戏玩乐""和""玩一玩""）。

不喜欢：用户不喜欢粘土类游戏或摇摇乐游戏机（从未点击商品实体词""粘土""和""摇摇乐""，与点击的休闲游戏行为相反）。",0,complete
1233432,"喜欢：用户偏好保险品类，特别是少儿重疾险和成人意外险，关键词包括宝宝、保险、重疾险、医疗险，品牌如大黄蜂、小青龙和小顽童，使用场景涉及家庭健康保障、宝宝保险规划和投保攻略。

不喜欢：用户不喜欢强调保险缺点、负面宣传或批判性内容，这与点击行为中积极推荐和攻略性特征相反。",0,complete
1842514,"喜欢：用户偏好科技产品（如智能手机三星Galaxy Z Flip）、促销活动（评论有奖）和节日主题（七夕礼物），品牌涉及三星和苹果（从搜索关键词推断），使用场景包括在线支付（花呗、收款码）和节日购物，同时关注金融服务（余额宝、信用卡）和游戏化互动（芭芭农场、蚂蚁庄园）。

不喜欢：用户不喜欢涉及金融问题解决（如手机号变更影响花呗使用）、存钱技巧或针对特定人群（如中国宝宝体质）的内容，这些特征与未点击商品中的通信号码、存钱和体质相关实体词相反。",0,complete
1650088,"喜欢：用户偏好支付宝平台的福利活动，特别是红包和现金奖励，涉及夏季主题（如夏天、夏日）；在品类上偏好公益慈善（如捐赠、慈善基金会）、红包服务（如现金红包、福利发放）和游戏化任务（如种果树、养小鸡）；关键词包括支付宝、红包、夏季、现金；品牌主要为支付宝；使用场景集中在支付宝活动参与、公益捐赠和季节性促销。

不喜欢：用户对转账相关操作不感兴趣，包括批量转账指南、转账问题解决（如账号遗忘处理）以及情感转账故事（如网恋转账、520转账），这些特征与点击行为中的红包福利相反。",0,complete
1493157,"喜欢：用户偏好个人护理品类，特别是牙膏的神奇妙用，关键词包括""神奇""和""牙膏""，品牌可能关联北城（基于交易行为中的""北城|BRAND""），使用场景为日常清洁和生活窍门，同时从整体数据看，对数码产品（如平板、apple ipad）、支付工具（支付宝、花呗）和赚钱任务（如赚现金、集分宝）也有兴趣。

不喜欢：用户对DIY手工制作、节日主题内容如挂饰、苹果干等不感兴趣，避免关键词如""做手工""、""过年""和""冬至""，这与点击行为中未涉及手工或节日元素相反。",0,complete
635945,"喜欢：用户偏好金融服务和支付相关活动，包括支付宝品牌、现金奖励（如红包、提现）、到店支付场景，关键词如现金、福利、消费券，偏好品类为在线支付和理财服务，使用场景聚焦日常消费攒现金奖励。

不喜欢：用户不喜欢数字壁纸和公仔等虚拟装饰品，基于未点击行为与点击的实用服务相反，表现为对海洋主题、壁纸类产品的回避。",0,complete
1767499,"喜欢：用户偏好流量卡和电话卡申请服务，关键词包括免费、申请、无限流量和王卡，品牌如中国联通和移动电信，使用场景涉及手机充值、流量卡申请中心和通信服务（如翼充和一证通查）。

不喜欢：用户不喜欢信用卡相关服务，如信用卡取现、申请、银行额度讨论和金融诈骗话题，基于未点击商品中与点击行为相反的信用卡、取现、银行和额度等特征。",0,complete
1243357,"喜欢：偏好品类包括数字支付活动、红包领取和游戏化营销，关键词如支付宝、红包、活动、大奖、夏天，品牌如支付宝和麦当劳（从""麦麦""推断），使用场景为在线参与促销活动、领现金红包和移动支付娱乐。

不喜欢：偏好品类包括快餐食品和养生主题，关键词如鸡排、养生、豆浆、汉堡，品牌如永和大王和塔斯汀，使用场景为饮食消费和健康生活方式，基于未点击商品与点击行为相反的特征（如未点击鸡排、养生相关内容，而点击了红包活动）。",0,complete
1858489,"喜欢：该用户偏好手机租赁服务（特别是苹果品牌），涉及免押金租赁、手机拍照功能（如更换天空和去除路人），使用场景包括数码产品租赁（如电脑、无人机）、支付服务（支付宝、花呗）和外卖点餐（饿了么），关键词如租借、免押金、手机租赁，品类涵盖3c数码产品租赁和拍照应用。

不喜欢：该用户不喜欢应急救援、暴雨相关的内容，基于未点击商品特征（如瞬间、暴雨、应急救援），与点击行为中的技术租赁主题相反。",0,complete
1649047,"喜欢：用户偏好支付宝品牌的在线支付活动，特别是夏季主题的红包大奖（如""扭扭节""），涉及关键词支付宝、红包、活动、夏天，使用场景为夏季促销领奖和在线福利获取；从交易行为看，相关品类包括红包奖励、电子支付服务。

不喜欢：用户不喜欢被动收益行为如躺平、小额零钱获取，或需要大动作的收益方式（如""下周要有大动作""），这与点击行为中积极活动特征相反。",0,complete
927958,"喜欢：该用户偏好支付宝品牌的夏季福利活动，关键词包括夏天、现金和奖励，使用场景为在线领红包的福利活动，偏好品类为数字福利和在线服务（如打车、会员服务），品牌涉及支付宝、apple等，使用场景聚焦夏季在线互动和现金奖励。
不喜欢：该用户不喜欢自驾旅行和探索类活动，如探访江南秘境等户外探险内容，关键词涉及自驾和探访，偏好品类与旅行相反，使用场景偏向线下探索而非在线福利。",0,complete
1576977,"喜欢：用户偏好支付宝的福利活动，特别是与夏季相关的现金红包奖励，关键词包括夏天、夏季、夏日、福利和现金红包；品牌方面倾向支付宝；使用场景涉及夏季促销和线上互动；偏好品类涵盖支付宝服务、季节主题活动和现金激励。

不喜欢：用户不喜欢支付宝的红包活动，如果缺乏具体季节关联或过于泛化，如未点击商品中的""精彩""关键词所示，与点击行为中明确的夏季主题相反。",0,complete
450817,"喜欢：用户偏好理财和基金相关品类（如奖品补给站活动），关键词包括基金、奖品、补发（基于点击商品实体词），品牌如汇添富（从""稳添富补给站""推断，与搜索关键词""汇添富基金""一致），使用场景为理财服务中的奖品获取和补发流程（结合交易行为实体如""理财""和服务使用实体如""余额宝""）。

不喜欢：用户不喜欢债券基金和红包活动品类（从未点击商品实体词如""债券基金""、""红包""），关键词如债券、红包、直播（与点击行为相反，未点击商品涉及直播理财），品牌如中欧基金（从未点击标题""中欧基金袁维德""推断），使用场景为直播形式的理财讨论和红包发放（基于未点击实体词如""直播""、""理财""）。",0,complete
1334635,"喜欢：用户偏好红包抽奖活动和薅羊毛优惠，偏好品类包括金融理财（如基金、红包）和互动游戏（如抽奖、任务）；关键词如红包、抽奖、消费券；品牌涉及支付宝相关服务（如蚂蚁庄园、芭芭农场）；使用场景集中于游戏玩乐、省钱任务和线上优惠活动，例如通过支付宝参与红包抽奖和做任务获取福利。

不喜欢：用户不喜欢夏季主题或非红包相关的福利活动，如未点击的“夏季扭扭节福利”所示，这与点击行为中红包和抽奖特征相反，表明对季节限定或非互动式福利缺乏兴趣。",0,complete
1959738,"喜欢：用户偏好电子产品租赁服务（如手机和电脑）、话费充值（尤其小面额、优惠和三网充值），品牌涉及Apple/苹果，使用场景聚焦通信便利和临时设备使用，关键词包括租手机、租电脑、充值话费、优惠。

不喜欢：用户不喜欢分期租用服务和产品体验分享内容，如苹果手机的分期租用和真实体验描述，与点击行为中直接租赁和话费充值的偏好相反。",0,complete
1903955,"喜欢：用户偏好红包、现金奖励类在线活动，偏好品类包括互动游戏和促销活动（如扭扭节），关键词涉及抽红包、薅羊毛、支付宝、现金红包，品牌如支付宝（从点击商品实体词体现），使用场景为夏季在线娱乐和领现金红包（如支付宝平台的扭一扭活动）。

不喜欢：用户不喜欢流量卡和信用卡申请类实用服务，偏好品类避免流量充值及金融产品（如微贷网），关键词如流量包充值、申请信用卡，品牌如电信、移动（从未点击商品实体词体现），使用场景为流量充值和信用卡办理（与点击行为相反）。",0,complete
980064,"喜欢：用户偏好促销活动（如红包、消费券）、快餐品牌（如麦当劳）、支付平台（如支付宝），涉及关键词如""红包""、""麦当劳""、""夏天""，使用场景包括线上优惠领取（如支付宝扭扭节活动）和夏季主题消费（如夏日红包大奖），同时交易行为显示对超市购物（如永辉超市、物美超市）和餐饮品类（如汉堡、薯条）有较高兴趣。

不喜欢：用户对负面问题或投诉类内容不感兴趣，如未点击的""超市商品丢失问题""，表明避免与超市商品相关的纠纷或问题解决主题。",0,complete
610970,"喜欢：该用户偏好理财基金品类（如主题基金和指数产品），关键词包括理财、基金、鲜花，品牌倾向创金合信、易方达和支付宝，使用场景涉及理财直播（如818理财节）和同城鲜花配送（如520鲜花上门服务）。
不喜欢：基于未点击商品，用户不喜欢债券基金（与点击的股票基金相反）、保险相关活动（如华泰保险直播）、海外投资（如海外基金）、流量卡/电话卡申请服务（如9元无限流量卡），以及不相关的直播主题（如七夕专场或半导体）。",0,complete
1708916,"喜欢：该用户偏好购物优惠券和粉丝福利，偏好品类包括优惠券查询、粉丝互动和日常购物（如零食、礼品盒），关键词如购物券、福利优惠券，品牌涉及支付宝（从服务使用），使用场景为线上查询优惠券、领取粉丝福利及结合交易行为中的零食消费（如香菇肥牛、旺仔）和公益服务（如芭芭农场、支付宝运动）。

不喜欢：该用户不喜欢手机分期租赁服务，特别是高端电子产品如iPhone的体验分享，基于未点击商品特征，与点击行为相反，表现为对租赁、分期和高端设备（如苹果手机）缺乏兴趣。",0,complete
1345054,"喜欢：用户偏好理财相关品类，关键词包括支付宝、理财、活动，品牌如支付宝（从点击和搜索数据体现），使用场景涉及在线理财活动、基金投资和金融管理（基于交易行为中的余额宝、花呗、多种基金实体，服务使用中的理财服务、金融投资，以及搜索关键词中的财富号、基金相关词）。
不喜欢：用户不喜欢红包抢购活动，关键词如抢红包、冰块，品牌如蚂蚁保金选（从未点击商品实体词体现），使用场景为游戏化促销（与点击的严肃理财活动形成对比，未点击商品特征显示娱乐性强）。",0,complete
356646,"喜欢：用户偏好金融品类中的信用卡分期相关主题，关键词包括""分期""、""账单""和""一次性解释""，品牌无特定偏好（点击商品未提及品牌），使用场景为金融信息查询和知识获取（如点击标题强调明白信用卡分期含义）。

不喜欢：用户不感兴趣于信用卡申请、取现、最低还款及额度查询等特征（基于未点击商品中与点击行为相反的实体词，如信用卡申请办理、取现、最低还款）。",0,complete
1573606,"喜欢：用户偏好支付宝的促销活动，特别是与夏天主题相关的红包大奖活动，涉及关键词如支付宝、红包、夏天、活动、大奖，偏好品类为数字支付和互动促销，品牌为支付宝，使用场景为在线消费和季节性优惠参与。

不喜欢：用户不喜欢直接的现金红包发放或自动抵扣功能，基于未点击商品特征，表现为缺乏主题性（如夏天元素）和大奖吸引力，关键词如抵扣、免费红包与之相反。",0,complete
1238071,"喜欢：用户偏好旅游度假品类，关键词如度假村和桂林，品牌如clubmed，使用场景涉及休闲娱乐（如酒店预订和门票服务）和餐饮服务（如外卖点餐和美食城），基于点击行为和交易服务实体（如旅游平台、机票、火车票）的支持。

不喜欢：用户不喜欢奢侈品品类，关键词如双11和惊喜，品牌如阿里资产，使用场景为促销活动，基于未点击商品实体（奢侈品、双11）与点击行为（旅游度假）相反的特征。",0,complete
1475621,"喜欢：用户偏好保险理赔相关的内容，包括金融管理品类（如转账、还款）、关键词（如保险、理赔）、品牌（如支付宝、蚂蚁保）和使用场景（如金融咨询和资产管理），基于点击行为中保险主题的突出表现。
不喜欢：用户对花呗金等促销活动不感兴趣，基于未点击行为中与花呗金相关的特征。",0,complete
312461,"喜欢：用户偏好消防相关品类（如消防员故事、火灾事件进展），关键词包括七夕、大厦、电梯、比赛；品牌涉及科技产品如苹果、华为（从搜索关键词）；使用场景包括学习（消防知识平台）和娱乐（互动游戏），同时关注金融服务如理财、保险（从服务使用实体）。

不喜欢：用户不喜欢艺术化或教育性内容（如国风画、安全教育挑战），偏好具体事件而非抽象救援主题（如暴雨救援），与点击行为相反的特征包括艺术表达和救援抽象化。",0,complete
1253642,"喜欢：用户偏好手机租赁、开店流程和商铺相关品类（如商业服务），关键词包括手机、租赁、开店（从搜索和点击实体词体现），品牌如支付宝（服务使用和搜索中高频出现），使用场景涉及创业开店和手机租赁业务运营（基于点击商品标题和实体词）。

不喜欢：用户不喜欢休闲活动（如体育中心免费开放）、个人理财收益查询（如余额宝体验金）、攒钱日记、话费充值优惠等（从未点击商品标题和实体词，与点击行为相反），特征包括免费、场馆、攒现金、收益、钱管家、社会保障、话费充值、懒人攒钱法、健身服务和自驾探访（基于未点击实体词如免费、场馆、攒现金、收益、钱管家、话费充值、健身服务、自驾）。",0,complete
1673739,"喜欢：用户偏好支付宝相关的金融活动，如红包和节日促销（如扭扭节），关键词包括支付宝、红包、夏天、活动；偏好品类为金融理财（如余额宝、花呗、基金）和红包活动；品牌偏好支付宝；使用场景为参与支付宝节日活动（如夏季扭扭节）领红包，涉及充值、提现等日常金融管理。

不喜欢：用户不喜欢话费充值服务（如三网特惠充、领话费券）、每日重复的红包活动（如摇一摇红包、省钱消消消），以及强调每日或今天的活动提醒（如""每日领""、""今天""），这些特征与点击的节日特定活动相反。",0,complete
1935741,"喜欢：偏好金融投资品类，关键词包括人工智能、半导体、新能源、白酒、恒生科技、汽车和证券，品牌涉及招商、天弘、德邦等基金机构，使用场景为A股市场实时分析和投资决策（如点击标题聚焦板块预测和基金动态）。

不喜欢：基于未点击商品，不喜欢美股和港股相关投资（如标题涉及美股大涨或港股补涨），医疗板块（如医疗大跳水或坚决不买医疗），以及成交量教学或印花税等教育性内容（与点击的实时决策相反）。",0,complete
1573801,"喜欢：该用户偏好金融福利和信用管理类内容，包括红包领取、芝麻信用分提升（如涨分锦囊）、社群福利活动；关键词涉及红包、涨分、芝麻分、福利、社群；品牌倾向芝麻信用相关（隐含于点击商品）；使用场景为在线福利获取、信用优化和教育辅助（结合交易行为中的小学训练、计算等实体）。

不喜欢：该用户不喜欢VIP专属或排他性群体福利，如未点击商品中的VIP专属群内容，表明对特定群体限制的福利不感兴趣。",0,complete
1407348,"喜欢：用户偏好支付宝相关的红包活动和夏季主题奖励（如扭扭节大奖），关键词包括红包、支付宝、夏天；偏好品类涵盖食品零食（如饼干、火鸡面）、电子产品（如耳机、手机）、宠物用品（如猫屋）；品牌涉及支付宝、苹果；使用场景为娱乐消费和日常购物（如外卖、餐饮）。

不喜欢：用户对教育性、省钱指南类内容不感兴趣，如集分宝使用秘籍，与点击的娱乐奖励活动特征相反。",0,complete
282384,"喜欢：用户偏好支付宝相关的数字支付活动，关键词包括活动、红包、夏天、夏日、夏季和大奖，品牌为支付宝，使用场景涉及在线福利领取、夏季促销和消费券活动，偏好品类为红包福利和季节性促销。

不喜欢：用户不喜欢笔筒和教程类内容，基于未点击商品的特征，与点击行为中偏好动态活动相反，表现为对办公用品和DIY教程缺乏兴趣。",0,complete
1330241,"喜欢：偏好日常家居用品品类如纸巾、洗衣液和生鲜超市购物，关键词包括躺平、理财、红包和运动，品牌涉及支付宝、余额宝、管家婆和掌柜，使用场景集中于家庭消费、在线理财服务（如转账和公益捐步）以及休闲娱乐活动（如蚂蚁庄园养小鸡）。

不喜欢：基于未点击商品特征，不喜欢3D拼图、手机租赁系统软件、安全服务和免费下载相关的内容，这与点击行为中躺平代表的被动休闲偏好相反。",0,complete
1234049,"喜欢：用户偏好拍卖品类（如汽车、农产品、软件著作权和奢侈品），关键词包括破产、成功、阿里资产和双11，品牌如宝沃，使用场景涉及在线投资拍卖和购物活动（如司法拍卖、金融投资）。

不喜欢：用户不偏好房地产品类（如自建危房）和纪念币品类（如贵金属纪念币），关键词如大城市和首发，使用场景为房地产投资和收藏品购买。",0,complete
631673,"### 用户兴趣偏好总结（场景0）

喜欢：用户偏好租赁3C数码产品（如手机、电脑）的品类，关键词包括租赁、免押、租机、新品发布和教程，品牌如Apple/苹果、华为、小米、人人租机，使用场景涉及数码设备租赁服务、科技新品资讯关注（如iPhone发布）及产品功能教程学习（如调色、隐藏功能）。

不喜欢：用户不喜欢非数码租赁（如公寓）和安全相关特性的品类，关键词如屏幕录制、地震预警、折叠屏、超高清摄像头，品牌如萌虎租机等特定平台，使用场景包括公寓租赁申请、安全预警教程及监控设备应用。",0,complete
70052,"喜欢：用户偏好科技产品租赁（如苹果手机租赁）和支付宝平台的数字福利活动（如红包奖励），关键词包括租赁、福利、夏季，品牌涉及苹果和支付宝，使用场景为在线娱乐（如手机拍照功能）和促销活动（如夏季扭扭节）。

不喜欢：用户不感兴趣于实体零售购物（如大润发超市）、家庭亲子活动（如陪孩子时光）和公益捐赠事件（如卫生巾捐赠），关键词如亲子、开业、捐赠。",0,complete
1969178,"喜欢：用户偏好茶饮品类，特别是喜茶品牌，关键词包括特价、优惠点单、红包、新品和自助，使用场景为支付宝自助点单获取优惠，支持支付宝相关服务如红包和余额宝，并关注新品促销活动。

不喜欢：用户不喜欢茶百道品牌和酒酿口味，基于未点击行为中与点击的喜茶特价新品形成对比，对升级回归系列缺乏兴趣。",0,complete
989262,"喜欢：用户偏好收藏品类如盲盒和联名产品（基于点击商品），关键词包括上门服务、租赁和维修（从搜索关键词如""上门维修""、""免押租机""），品牌如敷尔佳（透明质酸钠修复贴）和teenieweenie（服装），使用场景涉及购物（如德信泉生活广场）、娱乐（如电影票）和美容（如面膜）。

不喜欢：用户对打车服务、出行优惠和交通相关产品不感兴趣（基于未点击商品如""打车特惠出行""和实体词""打车""、""出行""）。",0,complete
663880,"喜欢：用户偏好支付宝平台的现金红包奖励活动，特别是涉及夏天主题的促销如扭扭节，偏好品类为金融奖励和在线互动活动，关键词包括现金红包、奖励、支付宝、夏天，品牌为支付宝，使用场景为参与季节主题的在线游戏获取即时福利。

不喜欢：用户不喜欢缺乏具体奖励机制或创新元素的类似现金红包活动，如未点击商品中仅强调现金红包而缺少互动关键词（如""奖励""或""扭一扭""），表明对单调促销的回避。",0,complete
1081230,"喜欢：用户偏好红包、抽奖类优惠活动（偏好品类），关键词包括红包和薅羊毛（关键词），品牌涉及支付宝相关服务（品牌），使用场景为在线娱乐、社交省钱互动（使用场景），基于点击商品标题和实体词（如""抽红包""、""一起""）以及搜索关键词（如""红包""、""优惠券""）的支持。

不喜欢：用户不喜欢强调特定品牌如支付宝或小额购物如1分购的红包活动（偏好品类和品牌），基于未点击商品实体词（如""支付宝""、""1分购""）与点击行为（偏好社交性、大额红包）相反的特征。",0,complete
1598845,"喜欢：用户偏好支付宝平台的现金奖励活动，特别是夏季促销场景，涉及现金红包、任务完成奖励；品牌偏好支付宝；关键词包括现金、奖励、夏季；使用场景集中于线上任务完成和夏季活动参与，如蚂蚁庄园和蚂蚁森林的互动。

不喜欢：用户不喜欢非现金的红包奖励或一般红包形式，基于未点击商品与点击行为的差异，偏好具体现金奖励而非模糊红包描述。",0,complete
589698,"喜欢：用户偏好话费充值优惠品类，关键词如现金、消费券、充值（从搜索关键词和服务使用实体中体现），品牌如天天好券和高阳（从点击商品实体词中提取），使用场景包括移动支付省钱活动（如支付宝充值、抢券赚现金，基于服务使用实体和搜索关键词）。

不喜欢：基于未点击商品（支付宝扭一扭活动薅20+红包），用户不喜欢红包活动（与点击的话费充值优惠形成相反特征，体现对非充值类促销的回避）。",0,complete
1608181,"喜欢：用户偏好回收服务（如旧衣服回收、奢侈品回收），关键词包括回收、现金和换现金，品牌涉及铛铛一下（搜索中），使用场景聚焦环保回收和现金获取，基于点击行为（旧衣服换现金）及搜索关键词（奢侈品回收、旧衣回收等）、服务使用（环保回收、旧衣服回收）和交易行为（回收相关实体）。

不喜欢：用户不喜欢流量卡、手机充值等电信服务（如无限流量卡、流量包充值），基于未点击商品特征（流量卡相关实体如移动9元360g无限流量卡、电信、手机充值）与点击行为（回收现金）相反。",0,complete
1615304,"喜欢：用户偏好支付宝的红包活动和福利促销，关键词包括红包、福利、薅羊毛，品牌如支付宝，使用场景涉及夏季扭扭节等省钱薅羊毛活动，偏好品类为红包福利和支付宝服务。
不喜欢：用户不喜欢基金直播、基金经理讨论及新能源投资等专业金融内容，基于未点击行为中与点击相反的特征如直播、基金经理、新能源和海外基金。",0,complete
678655,"喜欢：偏好品类为手机卡和流量服务，关键词包括无限流量、流量卡和手机靓号，品牌偏好中国移动、中国联通和电信，使用场景涉及移动通信和在线支付（如支付宝转账、外卖点餐）。  
不喜欢：基于未点击商品，偏好品类为油价信息和房贷相关服务，关键词涉及油价、加油和房贷，品牌如支付宝（用于积分兑换）和交通银行（信用卡申请），使用场景为汽车查询（如油价调整）和金融管理（如提前还贷）。",0,complete
1226200,"喜欢：用户偏好食品品类（如红枣、鸡蛋、面条）、DIY手工品类；关键词包括过年、挂件、红枣；品牌如饿了么、支付宝（从服务使用和搜索）；使用场景涉及家庭烹饪、节日装饰（基于点击商品和交易行为）。

不喜欢：用户不喜欢赚钱技巧和时间敏感内容（如2023年），以及虚构故事主题（基于未点击商品实体词与点击行为相反的特征）。",0,complete
383845,"喜欢：用户偏好支付宝品牌相关的金融促销活动，特别是夏季主题的红包奖励和福利，关键词包括夏天、夏季、夏日，使用场景为夏季参与支付宝的扭扭节活动获取优惠；偏好品类涉及红包奖励和福利促销，从交易行为（如余额宝、花呗）和服务使用（如支付宝、红包）中强化了金融兴趣。

不喜欢：用户不喜欢便利蜂品牌的美食和食堂相关商品，关键词包括美食、食堂、便利商店，使用场景为便利店消费；偏好品类为便利店美食，基于未点击商品与点击行为相反的特征（如美食 vs. 金融福利），表明对这类实体消费不感兴趣。",0,complete
1599242,"喜欢：用户偏好支付宝平台的夏季促销活动，特别是涉及红包奖励、福利发放、绿色里程兑换和超值好物的内容，关键词包括支付宝、夏天、红包、福利、绿色里程，品牌以支付宝为主，使用场景为线上优惠活动如扭扭节和里程兑换。

不喜欢：用户不喜欢那些缺乏具体奖励元素（如红包、上新或超值好物）的类似支付宝夏季活动，尽管主题相似但未提供额外福利。",0,complete
1720568,"喜欢：用户偏好金融投资品类，特别是基金和股票市场，关键词包括""加仓""、""反弹""、""医疗""、""证券""、""恒生科技""，品牌涉及蚂蚁财富相关服务（如余额宝），使用场景为个人理财决策和短期市场机会捕捉，重点关注积极操作如加仓和反弹预测。

不喜欢：基于未点击商品特征，用户不喜欢市场下跌、调整相关主题，避免涉及""减仓""、""创新低""、""下跌""、""一日游""等消极关键词，具体品类如半导体、光伏、中药、白酒、军工，这些与点击行为中的积极加仓和反弹主题相反。",0,complete
1211132,"喜欢：用户偏好政策补贴和购房补助相关的金融服务，关键词包括补贴、补助、英才、安徽板块，品牌涉及支付宝和apple，使用场景涵盖政务服务（如医保查询、公积金）、金融管理（如理财、借贷）以及生活便利（如外卖点餐、饮品消费）。

不喜欢：用户对执法、医疗举报、养老金查询、教育报名、运动培训等非补贴主题的内容不感兴趣，这些特征与点击行为相反，包括交警、医药、职业年金、报名、运动等。",0,complete
1027366,"喜欢：用户偏好数字公仔等新上架数字产品（偏好品类），关键词包括上新、蚂蚁庄园相关（如养小鸡、种果树），品牌如支付宝（从交易和服务使用中高频出现），使用场景涉及在线支付（如花呗、转账）和公益参与（如捐赠、蚂蚁森林能量）。

不喜欢：用户不喜欢壁纸、海洋主题（如海洋装壁纸）和出行相关（如清明出行）的商品，基于未点击商品中与点击行为（数字公仔上新）相反的特征。",0,complete
307221,"喜欢：用户偏好金融理财品类（如支付宝、余额宝），关键词包括夏季、现金红包、奖励，品牌如支付宝，使用场景为夏季福利活动和日常支付服务（如乘车码、生活缴费）。

不喜欢：基于未点击商品，用户不喜欢秋日主题的活动、抽红包方式以及薅羊毛相关的促销。",0,complete
1797451,"喜欢：用户偏好旅游出行品类，特别是避暑秘境主题的租车服务，关键词包括避暑、秘境、租车和旅行，品牌偏好哈啰租车，使用场景为自驾出发和避暑旅游（基于点击商品、搜索关键词和服务使用实体如哈啰租车、飞猪租车、携程租车和信用免押租车）。  
不喜欢：用户不喜欢节日主题（如七夕）的租车推广、互动考卷形式的自驾游内容，以及租车公司内幕揭秘（基于未点击商品实体词如七夕、考卷、马上答和汽车租赁公司，与点击行为中的避暑旅游主题相反）。",0,complete
265518,"喜欢：用户偏好金融理财品类（如余额宝、现金红包），关键词包括现金、福利、红包，品牌如支付宝，使用场景涉及在线支付、理财管理和优惠领取。  
不喜欢：用户不喜欢Apple粉丝相关活动（如果粉礼），基于未点击行为与点击的理财福利特征相反。",0,complete
980991,"喜欢：该用户偏好支付宝相关的金融服务和红包活动（如""支付宝扭一扭活动薅20+红包""），涉及品类包括日常消费品（纸巾、抽纸、卫生纸）、食品（卢布肠、牛肉、啤酒）、电子产品（手机、充电器、数据线）和移动支付服务；关键词如红包、赚钱、任务、支付宝；品牌包括支付宝、中国移动、苹果（从交易实体如苹果 iPhone 12/13/14 pro）；使用场景聚焦移动支付（付款码、花呗）、日常购物（便利店、超市）和赚钱活动（赚现金、签到、抽奖），体现对便捷金融和实惠消费的兴趣。

不喜欢：该用户不喜欢信用卡申请和银行信贷服务，基于未点击商品""招商信用卡...""的特征，与点击行为相反（支付宝红包活动 vs 招商银行信用卡办理），具体表现为对申请办理、解决方案、招商银行等关键词和品类的回避，反映对传统银行信贷的缺乏兴趣。",0,complete
1973314,"喜欢：用户偏好交通出行品类（如地铁、公交），关键词包括低碳出行、优惠、乘车码，品牌支付宝（作为平台），使用场景为城市公共交通优惠活动（如绿色出行周、地铁公交出行礼包）。

不喜欢：用户不喜欢现金红包和促销活动品类（如扭一扭活动），关键词如现金红包、1分购，品牌支付宝（在金融促销中），使用场景为游戏玩乐或金融促销（如领现金红包）。",0,complete
92329,"喜欢：该用户偏好交通服务品类（如地铁、铁路）、金融服务品类（如花呗、公积金），关键词包括地铁、郑州市、花呗，品牌涉及招商银行等银行，使用场景为日常通勤（如地铁线路导航）和金融支付管理（如公积金查询、花呗使用），基于点击行为（郑州地铁线路图）和搜索关键词（地铁、郑州市、花呗）等数据。

不喜欢：该用户不喜欢环保公益主题（如海洋保护、蚂蚁森林）、生活小妙招和自然知识内容（如古树），这些特征基于未点击商品（如保护海洋、蚂蚁森林相关标题）与点击行为（实用交通信息）相反。",0,complete
1867795,"喜欢：用户偏好流量卡品类，特别是360G无限流量卡，关键词包括免费办理、小宝卡、大王卡，品牌涉及中国联通、中国移动、电信，使用场景为省钱通信和通过签到或任务赚钱（基于点击商品和搜索关键词）。

不喜欢：用户不喜欢信用卡科普、鲜花配送、话费充值优惠，以及流量较小的流量卡（如80G），这些特征与点击的高流量卡和通信需求相反（基于未点击商品中与点击行为相反的特征）。",0,complete
1437113,"喜欢：用户偏好话费充值相关的优惠券服务，特别是涉及""天天好券""和""高阳""品牌的通用三网手机话费特惠充值，偏好品类包括通信支付和省钱优惠，关键词如""充值""、""话费""和""天天好券""，使用场景聚焦于日常手机话费节省和便捷充值。
不喜欢：用户不喜欢针对特定运营商如中国电信的话费优惠券，以及某些优惠形式如高温补贴话费券或立减福利，基于未点击商品中与点击行为相反的特征，如""中国电信""、""话费优惠券""和""高温补贴""。",0,complete
1561019,"喜欢：用户偏好餐饮品类（如火锅、奶茶），关键词包括海底捞、五折券、羊毛，品牌如海底捞，使用场景为餐饮消费和直接优惠获取。

不喜欢：用户不感兴趣于需要做任务或领福卡的消费券频道，关键词如做任务、领福卡啦、消费券频道。",0,complete
135633,"喜欢：偏好品类为交通票务（如火车票），关键词包括儿童票、步骤、图解，品牌如铁路12306，使用场景涉及出行规划和家庭票务购买（基于点击商品和交易行为中的铁路、火车票实体）。
不喜欢：不喜欢学生优惠票相关的内容，基于未点击商品中与点击行为相反的特征（学生优惠 vs 儿童票）。",0,complete
1704792,"喜欢：该用户偏好红包活动（如支付宝扭扭节）、夏季促销（关键词：夏天、夏日、夏季）和支付宝品牌，使用场景集中于金融理财（如余额宝、理财服务）和消费优惠（如领红包、外卖订单），基于点击行为和交易实体（支付宝、红包、余额宝）及搜索关键词（红包、理财直播）。

不喜欢：该用户不喜欢七夕节日活动、基金直播间形式和债券基金产品（如黄金概念），基于未点击商品（七夕、德邦基金、债券基金）与点击行为（夏季红包）相反的特征。",0,complete
1613161,"喜欢：用户偏好支付宝平台的活动，特别是夏季主题的促销如扭扭节红包大奖；偏好品类包括公益慈善（如公益捐步、种果树）和理财服务（如余额宝、基金）；关键词涉及运动（如支付宝运动、捐步）和公益；品牌偏好支付宝（从点击和服务使用）；使用场景为支付宝支付（如收款码、花呗）和理财管理（如资产管理、存钱）。

不喜欢：基于未点击商品，用户不喜欢秋日主题的活动（如""秋日一起抽红包""）和薅羊毛式的优惠（如低价值营销），表明对非夏季季节性和过度促销内容不感兴趣。",0,complete
1693558,"喜欢：用户偏好特价促销和日常实用消费品，包括食品（如年夜饭套餐、饼干、绿豆沙糕）、日用品（如纸巾、洗衣液、清洁用品）、电子产品（如vivo品牌的数据线、充电器）和投资理财（如易方达基金）；关键词聚焦百亿补贴、节日优惠和低价；品牌倾向天猫淘宝、支付宝；使用场景涉及在线购物折扣、任务奖励（如芭芭农场种树）和家庭消费。

不喜欢：用户不感兴趣于抽奖活动（如iPhone14抽奖）、自驾旅行（如探访江南秘境）、高端电子产品（如iPhone14）和虚构冒险主题（如纯阳之体画皮新娘），这些与点击的低价实用商品形成反差。",0,complete
1933837,"喜欢：用户偏好餐饮小吃品类（如冰淇淋、黄焖肉、饺子、麻辣烫），关键词如红包、饿了么、学生优惠，品牌如饿了么、支付宝、农夫山泉，使用场景包括外卖点餐、线上支付参与优惠活动（如闯关赢红包）和日常理财管理（如余额宝）。  
不喜欢：用户不喜欢航空旅行、国际航线等高端出行服务，基于未点击商品中与点击行为（本地优惠活动）相反的航空概念和国际特征。",0,complete
1691011,"喜欢：用户偏好理财品类（如基金、基金经理），关键词包括红包、直播间和大咖对对碰；品牌涉及蚂蚁财富、支付宝；使用场景为在线金融互动（如理财直播）和日常消费（如缴费、食品饮料）。
不喜欢：用户不喜欢医药主题的内容，基于未点击商品中与点击行为相反的医药特征（如N医药）。",0,complete
1061211,"喜欢：偏好品类包括家居装修（如热水器、吸尘器、卫生间改造）、时尚美容（如连衣裙、blingbling饰品、国货化妆品）、旅行体验（如意大利vlog、大理漫画之旅）和个人护理（如浴室护理、减脂瘦身）；关键词如装修、旅行、国货、护理、健身（从搜索关键词""健身""关联）；品牌如花知晓和三式（国货品牌）；使用场景涉及家庭改造（老房重装、智能卫生间）、旅行记录（vlog）、日常时尚穿搭（连衣裙）和健康管理（减脂）。

不喜欢：偏好品类如宠物护理（猫咪罐头、养猫指南）、国际化妆品（唇釉、粉底液）和搞笑内容（家庭地位话题）；关键词如猫咪、唇釉、家庭搞笑（从""兄弟""等实体词）；品牌如TF（国际化妆品）；使用场景包括宠物饲养（猫咪挑选）、化妆品开箱（电子拆箱）和幽默分享（家庭搞笑），这些与点击行为中的实用家居、国货美容和旅行形成反差。",0,complete
963121,"喜欢：该用户偏好支付宝平台的夏季福利活动，特别是抽现金红包的互动形式；偏好品类包括数字红包和奖励促销；关键词涉及抽现金红包、福利、支付宝、夏天；品牌偏好支付宝；使用场景为在线娱乐和促销活动（如夏季扭扭节）。

不喜欢：该用户不喜欢直接领取现金红包的方式，这与点击行为中抽奖形式的互动特征相反。",0,complete
406450,"喜欢：用户偏好理财活动、抽奖福利和红包相关的内容，关键词包括评论有奖、七夕、支付宝和花呗，品牌涉及支付宝和花呗，使用场景集中在节日促销（如七夕）和理财服务（如提升额度、现金福利）。

不喜欢：用户不喜欢高端电子产品（如三星Galaxy）、负面警告（如违法转账）、日常琐事提醒（如台风）以及借贷压力相关的内容（如急用钱、额度问题）。",0,complete
868634,"喜欢：用户偏好兼职客服工作品类，关键词如时薪、居家、招募和业务，品牌如支付宝和哈啰出行，使用场景为居家在线客服、生活缴费相关业务（如话费充值）和金融招聘机会。  
不喜欢：用户不喜欢客服报名的问答、攻略等指导性内容，以及非招聘相关的分享活动（如送西瓜），与点击行为中直接的招聘机会特征相反。",0,complete
947773,"喜欢：用户偏好夏季主题的促销活动和福利内容，偏好品类包括生活用品（如纸巾、洗衣液）和休闲娱乐（如抽奖、红包），关键词如福利、夏季和现金（从搜索关键词），品牌涉及支付宝（从服务使用），使用场景为夏季消费和休闲活动（如芭芭农场、水果卡）。

不喜欢：用户不喜欢金融服务如跨行转账，特征包括实时到账、0手续费和云闪付品牌，基于未点击商品与点击的夏季福利活动相反。",0,complete
798263,"喜欢：用户偏好支付宝品牌的红包活动，关键词包括支付宝、红包、夏季、大奖、福利；偏好品类为游戏玩乐和任务完成服务（如互动小游戏、集分宝、做任务）；使用场景为夏季线上娱乐和领红包（如扭扭节福利发放），结合交易行为中的红包、余额宝和服务使用中的现金红包、转账红包。

不喜欢：用户不喜欢没有夏季主题的红包活动，如未点击商品所示，其特征缺乏季节元素（如夏天、夏日），与点击行为相反，表现为单纯""薅""红包的功利性活动。",0,complete
709560,"喜欢：用户偏好打车服务品类，关键词如""打车优惠""和""红包券""，品牌包括""高德出行""和""高德打车""，使用场景为日常出行和优惠券领取，基于点击商品中高德打车红包优惠券的实体词（红包券、入口、高德出行、高德打车、打车优惠），并得到交易行为（如车费支付、交通费）、服务使用（如打车、网约车）和搜索关键词（如打车、出行）的支持。

不喜欢：用户不喜欢顺风车服务和强调省钱或特惠的打车优惠，基于未点击商品中与点击行为相反的特征（如顺风车、省钱、特惠），这些特征在未点击商品实体词（出行优惠券领取、顺风车、特惠打车、省钱）中突出，但用户未点击相关标题。",0,complete
1496752,"喜欢：用户偏好支付宝品牌的红包活动，偏好品类为在线支付优惠（如活动价、现金红包），关键词包括支付宝和红包（从搜索和点击行为体现），使用场景涉及支付工具（如收款码、转账）和优惠获取（如薅红包活动）。

不喜欢：用户不喜欢1分购和游戏玩乐内容（如""我纯阳之体开局娶画皮新娘""），基于未点击商品中与点击行为相反的特征（如低价购物和娱乐元素，而非纯红包活动）。",0,complete
1022250,"喜欢：用户偏好摄影器材和3C数码产品（如单反相机、电脑），关键词包括""单反相机""、""器材""和""安利""，品牌涉及""兰拓""（相机租赁相关），使用场景聚焦娱乐推荐和PK活动（如互动游戏和数码设备比较）。

不喜欢：用户不喜欢转账操作和金融管理服务（如批量转账、奖金发放和操作指南），以及故事性内容（如网恋转账），关键词包括""批量转账""、""操作指南""和""网恋""，使用场景涉及日常金融事务和指导性内容。",0,complete
561096,"喜欢：用户偏好金融投资品类（如基金、股票市场），关键词包括大盘、市场、收益，品牌如蚂蚁财富、支付宝、余额宝，使用场景涵盖理财管理（如基金交易、虚拟炒股）、公益慈善（如基金会、捐步）和日常消费（如外卖点餐、生鲜食品购买）。
不喜欢：用户对互动活动和休闲露营相关的内容不感兴趣，如花花卡和露营，基于未点击商品的特征。",0,complete
1992669,"### 用户兴趣偏好总结（场景0）

喜欢：用户偏好金融科技和生活服务品类，关键词包括租手机、分期、免押金、社保缴费，品牌涉及支付宝（高频出现在交易和服务中），使用场景为支付租赁（如手机分期）和生活管理（如社保查询），体现对实用工具和本地化服务的兴趣。

不喜欢：用户对花呗金等社交奖励内容不感兴趣，与点击的实用服务特征相反，表现为回避社交元素（如小伙伴、上班）和非核心金融产品。",0,complete
1382580,"喜欢：用户偏好金融理财品类，特别是基金估值相关内容，关键词包括基金估值、支付宝生活号、更新和收盘，品牌涉及支付宝和蚂蚁财富，使用场景为基金投资咨询、操作流程学习和实时播报分析。  
不喜欢：用户不喜欢泛泛的基金估值更新内容，如强调所有基金估值或实时查询方法，这与点击行为中偏好深度分析和问题解决的特征相反。",0,complete
655233,"喜欢：用户偏好金融支付服务和季节福利活动，如支付宝、余额宝、红包奖励等品类；关键词包括夏天、消费券、理财；品牌偏好支付宝；使用场景涉及在线福利、公益慈善和季节促销（如夏季扭扭节）。

不喜欢：用户不喜欢电商特权促销和等级系统，如天猫超市的宠粉、特权上新和超市购物，与点击的金融福利特征相反。",0,complete
1726664,"喜欢：用户偏好金融赚钱活动品类，关键词包括赚钱红包、零花钱模式、做任务、签到和收益，品牌偏好支付宝，使用场景为夏季消费节和在线任务获取现金红包的赚钱活动。

不喜欢：用户不喜欢回收服务品类，关键词如旧衣服回收和节能环保概念，使用场景为旧衣服回收和环保相关服务。",0,complete
1927902,"喜欢：用户偏好现金红包、支付宝相关福利和季节主题（如夏天、秋日）的互动活动，关键词包括奖励、薅羊毛、抽红包，使用场景为线上赚钱任务（如打卡签到、做任务）和日常金融服务（如转账、充值）。

不喜欢：基于未点击商品，用户不喜欢缺乏季节元素或趣味描述的简单红包促销活动（如仅强调活动或红包）。",0,complete
1758908,"喜欢：用户偏好支付宝品牌的现金红包福利活动，关键词包括夏天、夏季、福利和红包奖励，使用场景为夏季促销和金融福利领取（如扭扭节活动），偏好品类集中于现金红包和互动福利服务，与搜索关键词（如红包、支付宝）和服务使用实体（如现金、蚂蚁会员）一致。

不喜欢：用户不喜欢游戏类虚拟物品如星琼、金票，以及开服活动（如崩铁相关），与现金红包偏好相反，表现为对虚拟货币和非金融娱乐内容的回避。",0,complete
692548,"喜欢：用户偏好建筑、造纸和宝藏相关的虚拟内容，关键词包括宝藏、建筑、造纸；使用场景涉及虚拟农场和游戏类活动（如芭芭农场、种果树）；偏好品类为虚拟建筑类；品牌方面，服务使用如蚂蚁森林相关，但无直接品牌偏好体现。

不喜欢：用户不喜欢小镇主题、实物兑换、答疑和支付宝开发者事件相关的内容，关键词包括小镇、兑换、答疑、青岛，与点击行为中的建筑偏好相反。",0,complete
931113,"喜欢：该用户偏好夏季促销活动和福利相关内容，涉及品类包括食品（如大米、乳粉）和家居用品（如螺丝、贴纸），关键词如现金、红包、vip会员，品牌如支付宝和纽仕兰，使用场景为线上赚钱任务（如做任务、领红包）和生活消费支付。
不喜欢：该用户不喜欢电信服务，包括流量卡办理、话费充值和手机卡相关商品，基于未点击行为中与点击相反的流量卡、充值优惠等特征。",0,complete
800394,"喜欢：该用户偏好支付宝品牌的红包奖励活动，偏好品类包括现金福利和夏季促销，关键词涉及支付宝、红包、现金、福利，使用场景为赚钱任务（如做任务、领红包）和夏季主题互动（如扭扭节活动），基于点击商品和服务使用数据（如支付宝、现金领取、赚钱红包）。

不喜欢：用户不喜欢流量卡服务，特别是电信和中国联通品牌的免费流量卡促销（如无限流量卡、特惠充值），这与点击行为相反，基于未点击商品特征（如流量卡、电信、免费）。",0,complete
997585,"喜欢：偏好支付宝的活动品类，特别是与夏天、夏日、夏季相关的关键词，品牌为支付宝，使用场景为在夏季参与扭扭节活动，领取红包和大奖福利。

不喜欢：基于未点击商品，用户对不强调季节元素（如夏天、夏日、夏季）或大奖的红包活动不感兴趣，例如那些只突出薅红包的支付宝活动。",0,complete
1736355,"喜欢：用户偏好金融投资品类，关键词包括资产规划、股市、基金和总资产，品牌如蚂蚁财富、网商银行和支付宝，使用场景涉及理财管理、资产配置和投资损益计算。
不喜欢：用户不喜欢环保活动（如绿色里程、低碳出行）、游戏促销（如原神、集福）和福利金等促销内容，这些特征与金融投资兴趣相反。",0,complete
1196834,"喜欢：用户偏好食品餐饮品类，特别是品牌如小杨生煎（从点击商品和搜索关键词体现），关注关键词如优惠券、红包和羊毛（从搜索关键词和点击行为反映），使用场景集中在日常消费、外卖点餐和出行优惠（从交易行为和服务使用实体如外卖订单、饿了么、出行通等推断）。

不喜欢：用户不喜欢电影花絮等娱乐内容（从未点击商品标题和实体词如潜艇总动员、花絮推断），与点击的实用食品优惠形成鲜明对比。",0,complete
422299,"喜欢：用户偏好医疗健康服务中的体检预约品类，关键词包括浙大一院、海创园院区、在线约、方便和小程序，品牌涉及浙大一院，使用场景为通过便捷在线工具（如小程序）实现高效医疗服务。

不喜欢：用户不喜欢强调官方形式、三甲医院标签或公益捐赠相关的内容，这与点击行为中追求的便利性相反，具体表现为对官方、公益基金会、捐赠等特征的回避。",0,complete
331272,"喜欢：用户偏好数字公仔和壁纸类商品（偏好品类），关键词包括数字公仔、壁纸、公益（如公益慈善、种树）、金融（如余额宝、花呗）；品牌涉及支付宝相关服务（如蚂蚁庄园、芭芭农场）；使用场景主要为在线娱乐（如数字游戏）、公益捐赠（如蚂蚁森林）和金融管理（如生活缴费）。

不喜欢：用户不喜欢带有""上新啦""主题的商品（如海洋装壁纸或9月数字公仔），以及涉及海洋、小鸡、过生日、乡村孩子等关键词的商品，这些特征在未点击商品中与点击行为（数字公仔壁纸）相反。",0,complete
421000,"喜欢：该用户偏好快餐食品品类，特别是早餐类产品如麦当劳的猪柳蛋麦满分，关键词包括麦当劳、麦满分、猪柳蛋和开心，品牌偏好麦当劳，使用场景涉及早餐消费、外卖点餐和快餐场景，支持数据包括搜索关键词（麦当劳、汉堡）、服务使用（外卖点餐、饿了么）和交易行为（麦当劳、餐厅、外卖订单）。

不喜欢：基于未点击商品（笔筒教程），用户不喜欢DIY手工教程类内容，如笔筒制作，这与点击行为中食品相关特征相反。",0,complete
1636329,"喜欢：用户偏好奶茶品类，关键词如奶茶、茶饮、柠檬茶，品牌如饿了么、一点点、沪上阿姨、瑞幸咖啡，使用场景为夏季饮品、外卖订单和餐饮小吃。

不喜欢：用户未点击酒酿系列商品，表明对酒酿口味不感兴趣。",0,complete
1417721,"### 用户兴趣偏好总结（场景0）

喜欢：用户偏好实用信息和生活服务，包括新闻事件（如大厦火灾进展）、消防知识（搜索消防学习平台）、城市服务（如房产登记、缴费充值）；关键词涉及大厦、进展、消防；品牌如支付宝、中国移动（服务使用）；使用场景为日常消费（交易如麻辣香锅调料、充值卡）和在线管理（服务如账单查询、公积金）。

不喜欢：用户不喜欢情感渲染和艺术表达的内容，如救援瞬间致敬和国风画（未点击商品特征），与点击的事实性事件更新相反。",0,complete
1620524,"喜欢：用户偏好农业和地方特产品类，如农产品种植（小洋芋、金豆豆），关键词包括种植、地方发展；品牌无明显突出，但交易实体中涉及蕉内、星巴克等；使用场景聚焦农业教育、公益种植和农村振兴，基于点击商品和交易实体（如牛肉、酱菜、公益慈善服务）。

不喜欢：用户不喜欢环保和动物保护主题内容，如海洋保护、华南虎、麋鹿、蚂蚁森林活动，这些与点击行为相反，基于未点击商品实体词（如海洋、绿色能量、大熊猫）。",0,complete
1783037,"喜欢：用户偏好海南本地政务服务内容，包括不动产查询（如不动产权证书、定点查询）、教育信息（如学校开学时间公布）和税务办理（如电子税务局、开票权限）；关键词涉及海南板块、不动产、学校、税务；品牌偏好海易办和码上办事；使用场景为个人实用信息查询（如不动产信息、开学时间）和在线税务事务处理。

不喜欢：用户不喜欢信用相关主题（如信用便捷）、企业开发项目（如小微企业、净地开发）以及基础攻略类内容（如办税攻略），这些特征与点击行为中的具体查询和指南相反。",0,complete
1019757,"喜欢：用户偏好金融借贷品类，关键词包括额度、贷款、借钱和信用，品牌如支付宝、蚂蚁系列（如借呗、花呗）和apple（在金融服务场景），使用场景为急用钱、信用额度提升和日常资金管理，基于点击商品""急用钱时没额度？""及搜索词如""分付""、""借呗""和服务实体""交易借贷""、""理财""。

不喜欢：用户不喜欢娱乐壁纸和公益游戏品类，关键词如数字公仔、小鸡、盲盒和美食，使用场景为休闲娱乐和公益捐赠，基于未点击商品如""数字公仔壁纸""、""小鸡厨房""的相反特征，与服务实体""庄园工坊""、""蚂蚁庄园""未触发点击一致。",0,complete
643713,"喜欢：用户偏好手机租赁品类，特别是苹果品牌（如iPhone）；关键词包括免审核、0首付、分期付款、提高芝麻分和不查征信；使用场景为信用免押租赁数码产品，如租苹果手机和租机审核服务。

不喜欢：用户不喜欢强调无门槛、畅享体验或自由租赁的共享租机平台，特别是那些忽略信用审核豁免的商品，如未点击商品中突出门槛和自由租特征。",0,complete
1627681,"喜欢：用户偏好支付宝平台的现金红包活动，特别是夏季主题的福利奖励（如扭扭节），偏好品类包括金融理财（如现金红包、余额宝）和消费优惠（如超市、小吃店），关键词如红包、现金、奖励、夏季，品牌如支付宝，使用场景为夏季促销和日常娱乐活动（如领现金红包、参与扭扭节）。

不喜欢：用户不喜欢涉及支付自动抵扣的红包机制（如未点击商品中的""抵扣""特征），偏好直接领取奖励而非消费时被动扣除的优惠方式。",0,complete
1605829,"喜欢：用户偏好支付宝品牌的红包活动，关键词包括夏天、夏日、夏季和七夕情人节，使用场景为节日消费（如七夕）和夏季促销，偏好品类为红包封面和活动福利。

不喜欢：用户不喜欢环保主题（如蚂蚁森林）、便利店服务（如友客便利）和食品类内容（如酸辣汤），这些特征与点击行为中数字红包和活动相反。",0,complete
545613,"喜欢：用户偏好虚拟饲料和高级游戏物品，在芭芭农场和蚂蚁庄园等平台进行游戏玩乐、公益捐赠、喂养小鸡和种果树等场景，关键词包括饲料和高级，品牌涉及芭芭农场和蚂蚁庄园，使用场景聚焦于互动小游戏、公益项目和虚拟喂养活动。

不喜欢：用户不喜欢实体公仔商品，如支付宝·蚂蚁庄园·公仔9，表明对实体衍生物品不感兴趣，与点击的虚拟饲料行为相反。",0,complete
93421,"喜欢：该用户偏好支付宝品牌的金融活动、现金奖励和夏季主题福利，涉及品类如红包领取、线上互动（如扭扭节），关键词包括现金、奖励、活动、夏天，使用场景为线上奖励领取和支付宝生态服务（如理财、红包）。

不喜欢：基于未点击商品，用户不喜欢家居改造、个人生活分享内容，涉及品类如宿舍空间改造、休闲生活，关键词包括小窝、分享、周末、快乐，使用场景为生活分享和休闲活动。",0,complete
1425808,"喜欢：用户偏好金融投资品类，特别是基金估值查询，关键词包括基金估值和查看方法（如""三个方法""），品牌涉及蚂蚁金服相关服务（如余额宝、花呗），使用场景为在线投资理财和资产管理，基于点击行为显示对简单、多方法的基金估值指南感兴趣。

不喜欢：用户不喜欢实时估值查询、定点查询和每日更新等繁琐的基金估值工具或方法，基于未点击商品中与点击行为相反的特征（如强调助手、实时估值或减少方法选项）。",0,complete
1903203,"喜欢：该用户偏好支付宝平台的红包活动和夏季主题促销，具体表现为偏好品类如支付服务（支付宝、花呗）、娱乐活动（红包、抽奖），关键词包括红包、支付宝、夏天，品牌支付宝（从点击商品和交易行为中高频出现），使用场景为在线消费（如外卖点餐、转账）和季节性营销（如扭扭节活动），同时涉及日常消费场景如超市购物和食品购买（从交易实体如超市、食品店、蛋炒饭等推断）。

不喜欢：基于未点击的3D拼图商品（实体词为3d拼图），该用户对拼图类游戏产品不感兴趣，这与点击行为中偏好红包和活动类内容形成相反特征。",0,complete
470288,"喜欢：该用户偏好金融支付服务，特别是支付宝相关的现金红包、福利和奖励活动，关键词包括现金、支付宝、福利、奖励、夏季，品牌以支付宝为主，使用场景涉及夏季促销活动和在线赚钱服务（如扭扭节领现金红包）。

不喜欢：用户不喜欢体育健身服务，如乐动力品牌的健身达标活动、体育场馆项目和免费开放事件，与点击行为相反的特征是健身服务而非现金奖励。",0,complete
344134,"### 用户兴趣偏好总结（场景0）
喜欢：偏好支付宝相关的线上福利活动，如红包、答题赢奖和夏季主题促销；关键词包括赚钱红包、福利、夏季和答题；品牌以支付宝为核心；使用场景聚焦于线上娱乐、赚钱任务和福利领取，如扭扭节活动。

不喜欢：基于未点击行为，不感兴趣于流量卡和电话卡申请服务，如无限流量卡、话费充值；关键词包括流量卡申请、无限流量卡、特惠和免费申请。",0,complete
376306,"喜欢：用户偏好与花花卡相关的抽奖和运气活动，关键词包括大奖和运气，品牌涉及支付宝花花卡（如点击商品标题中的花花卡），使用场景为在线娱乐和金融抽奖（如搜索关键词中的花花卡和任务中心，服务使用中的红包和现金领取）。

不喜欢：用户不喜欢转账操作和批量处理内容（如未点击商品中的批量转账、商家转账和操作指南），以及涉嫌非法活动（如洗钱和兼职刷单）或与抽奖无关的互动（如露营和友情转账）。",0,complete
1989660,"喜欢：用户偏好3C数码产品租赁（如手机、相机、电脑），尤其关注华为品牌手机（如P60 Pro）、开箱视频和热卖新品；在品类上，对租赁服务（免押金）、金融服务（支付宝、余额宝、理财）有强烈兴趣；关键词包括""租机租赁""、""免押金""、""热卖""；品牌偏好华为、支付宝；使用场景涉及数码设备租赁、在线支付、投资理财及交通出行（如公交码）。

不喜欢：用户对苹果品牌产品（如iPhone维护技巧、电池健康内容）及快递查询服务不感兴趣，这与点击的华为手机和顺丰推广内容形成明显对比。",0,complete
459623,"喜欢：用户偏好手机租赁（尤其是折叠手机）、回收服务（如手机、电脑、衣服）、免押分期租赁；关键词包括租赁、免押、回收、折叠手机；品牌未明确指定但涉及租赁折叠手机；使用场景为信用免押租赁、环保回收和探索未来技术趋势。

不喜欢：用户不喜欢购买或租赁非折叠手机（如iPhone、华为）、闲置回收附带清洁促销；关键词包括购买商品、具体品牌（iPhone、华为）、分期租机；品牌如苹果、华为；使用场景为购买新手机或租赁现有品牌手机。",0,complete
1652521,"喜欢：用户偏好支付宝相关的现金红包和福利活动（如扭扭节、薅羊毛），关键词包括现金、红包、福利和支付宝；品牌偏好支付宝；使用场景涉及夏季、节日（如中秋节）和日常消费（如下午茶、外卖点餐）；偏好品类为零食（如鱼干、果干）、水果（如蜜瓜、猕猴桃）和金融福利（如理财、红包）。
不喜欢：用户不喜欢包含""1分购""的低价促销活动，尽管其他元素如支付宝、现金红包和福利相似，这表明其对特定低价或附加促销形式不感兴趣。",0,complete
1465531,"喜欢：用户偏好支付宝平台的互动福利活动，如花花卡翻卡赢大奖和现金红包奖励；偏好品类为金融福利和游戏互动；关键词包括花花卡、支付宝、现金红包；品牌偏好支付宝；使用场景为线上娱乐、夏季福利领取和任务参与（基于点击商品标题和实体词，如""花花卡""、""互动""、""现金红包""，以及服务使用中的互动小游戏、蚂蚁庄园）。

不喜欢：用户不喜欢话费充值、提现活动和服务，如月月赚、开宝箱提现；特征包括充值话费、提现服务（基于未点击商品标题和实体词，如""充值话费""、""天天提现""，与点击行为中的互动福利相反）。",0,complete
1524204,"喜欢：用户偏好支付宝相关的现金奖励活动，特别是夏季主题的福利活动，偏好品类包括支付服务和现金红包（如点击商品中的支付宝、现金、夏天），关键词涉及支付宝、现金、红包、夏季，品牌以支付宝为主（服务使用和搜索中多次出现），使用场景集中于线上领红包、支付转账和日常消费（交易行为中的条码支付、转账收款，服务使用中的赚现金、领现金红包）。

不喜欢：用户不喜欢专家服务和鉴宝夺宝类活动，如未点击商品中的专家、鉴宝|淘宝、喵屋汇夺宝，特征包括专家咨询和夺宝游戏（与点击行为中支付宝现金活动相反）。",0,complete
1478561,"喜欢：用户偏好基金投资品类，特别是QDII基金和港股基金估值，关键词包括""基金估值""、""更新""和""港股""，品牌涉及QDII基金相关产品（如标题中提到的QDII基金），使用场景为投资理财和实时跟踪基金表现，这与其交易行为（如诺安创新驱动灵活配置混合C等基金实体）、服务使用（理财、基金机构）和搜索关键词（诺安成长混合、收益）一致。

不喜欢：用户不喜欢大盘走势解析和结构分析，这基于未点击商品""1.28大盘走势结构解析""的实体词""大盘""、""解析""、""结构""，与点击行为中偏好具体基金估值而非宏观市场分析的特征相反。",0,complete
1226998,"喜欢：用户偏好支付宝相关的现金红包福利活动，特别是夏季主题的领奖促销，偏好品类为金融福利和促销活动，关键词包括现金红包、福利、领奖、夏季，品牌支付宝，使用场景为在线金融参与和季节性促销互动。

不喜欢：用户不喜欢缺乏具体福利描述的类似活动，如仅标题提及支付宝夏季扭扭节而不涉及现金红包或领奖元素，反映出对无实质奖励的促销形式不感兴趣。",0,complete
1557421,"喜欢：该用户偏好快餐外卖品类，关键词包括学生特惠、自助点餐和优惠券，品牌偏好华莱士（如莱点点服务），使用场景涉及学生优惠和自助点餐（基于点击商品标题和实体词）。

不喜欢：基于未点击商品中与点击行为相反的特征，用户不喜欢涉及入口分享和红包领取的元素（未点击实体词包括入口、红包、分享，而点击商品无这些特征）。",0,complete
1665843,"喜欢：用户偏好生鲜食品（如蔬菜种子、水果、调味品）、家居用品（如帽子、围裙）、电商相关关键词（淘菜菜、支付宝、红包），品牌包括苏泊尔、海天、恒顺牌，使用场景集中于日常烹饪（早饭、火锅）、在线购物（社区电商）和娱乐健身（互动游戏、公益服务），体现对实用性和优惠活动的兴趣。

不喜欢：基于未点击商品，用户不喜欢咸菜类食品（如芥菜丝咸菜）和家庭装饰相关产品（如彼岸花或""我的家""主题物品），与点击的厨具（炒锅）形成反差，显示对非实用或特定食品类型的回避。",0,complete
294779,"喜欢：偏好金融优惠和银行服务品类，关键词如省钱卡、银行优惠、支付宝（从点击商品和搜索关键词），品牌如中国建设银行（从点击商品），使用场景为省钱、优惠获取和日常支付（基于交易行为中的支付宝、余额宝和搜索中的省钱卡、消费金）。

不喜欢：偏好社交邀请或非直接优惠形式，关键词如小伙伴（从未点击商品实体词），使用场景为社交分享的优惠活动（基于未点击商品标题中的""小伙伴""和""羊毛""，与点击行为中直接、具体的银行优惠特征相反）。",0,complete
136528,"### 用户兴趣偏好总结（场景0）
喜欢：用户偏好支付宝品牌的夏季福利活动，关键词包括夏天、现金红包、奖励和福利，使用场景为线上促销活动（如扭扭节领现金红包），偏好品类为金融促销和季节性娱乐活动。  
不喜欢：用户不喜欢金选相关的红包收益活动，关键词如收益和金选，使用场景为正式收益导向的金融活动（如金选日红包）。",0,complete
1695782,"喜欢：该用户偏好品类包括零食（如饼干、花生、麻花）、餐饮小吃（如胡辣汤、米线）和红包活动；关键词如支付宝、现金红包、夏天；品牌如支付宝、淘宝、饿了么；使用场景为夏季日常消费、红包领取和外卖点餐服务。
不喜欢：基于未点击行为，该用户不喜欢债券基金等金融投资产品。",0,complete
1322792,"喜欢：用户偏好移动通信服务（如联通大王卡和蚂蚁小宝卡）、金融产品（如信用卡注销管理）、支付服务（如支付宝的到店付款攒现金功能）；关键词包括信用卡、注销、支付宝、现金；品牌涉及中国联通、蚂蚁、中国移动；使用场景聚焦于到店支付攒现金和信用卡优化。

不喜欢：用户对未点击商品中的其他手机卡类型（如电信卡、靓号服务）、信用卡分期、新办卡推荐、提现免费额度知识等不感兴趣，这些特征与点击行为相反，表明用户偏好特定金融管理而非新申请或分期服务。",0,complete
234774,"### 用户兴趣偏好总结（场景0）

喜欢：用户偏好支付宝生态中的游戏化互动服务（如抢红包、砸冰块等红包雨活动），关键词涉及红包、现金、支付宝，品牌倾向蚂蚁集团（蚂蚁保金选），使用场景集中于支付宝平台的红包领取、保险相关任务和轻游戏体验（如蚂蚁庄园养小鸡），偏好品类包括红包福利、保险服务和日常小额娱乐消费。

不喜欢：用户对运营商话费充值服务（如中国移动、电信、联通号码的全国通充值）、提现活动（天天提现）以及月月赚理财促销不感兴趣，表现为未点击相关商品，与点击行为中红包游戏偏好相反。",0,complete
1918351,"喜欢：该用户偏好咖啡品类（如瑞幸咖啡和星巴克品牌），关注优惠、点单和在线点单等关键词，使用场景集中于外卖点餐和消费优惠活动，体现对餐饮服务的兴趣。
不喜欢：该用户不喜欢网约车服务相关的内容（如曹操司机和惊喜故事），与点击行为中的咖啡优惠特征相反。",0,complete
797276,"喜欢：偏好品类包括理财（如债券基金）和在线购物（如拼多多购物券）；关键词涉及经济、消费习惯、信用；品牌偏好拼多多；使用场景聚焦金融投资（如债券基金特点）和消费优化（如改变消费习惯），支持数据包括点击商品中的债券基金、拼多多相关实体，以及服务使用中的理财、基金和搜索中的现金、理财关键词。

不喜欢：基于未点击商品，不喜欢直播内容（如七夕主题、理财直播或答题专场）、基建投资主题、急救知识、壁纸（如海洋或数字公仔）和回收服务（如旧家电回收），这些特征与点击行为中的理财和购物偏好相反，体现为未点击商品中的直播、基建、壁纸等实体。",0,complete
880848,"喜欢：偏好在线交易和游戏服务品类（如游戏代充值、电商平台），关键词包括报复、买家、天猫、花呗、支付宝，品牌涉及Apple、appstore、交易猫、饿了么，使用场景涵盖日常消费支付、交通出行（如打车、公交）和金融服务（如转账、基金）。  
不喜欢：基于未点击商品特征，不喜欢家庭或亲情相关主题（如家人）。",0,complete
1582380,"喜欢：用户偏好品类包括日用品（如纸巾、肥皂、婴儿湿巾）、文具（如画笔、尺子、彩色笔）和支付服务（如收款码、余额宝）；关键词涉及支付、活动、升级；品牌如雕牌、liby；使用场景涵盖医院支付活动（如场景支付推广）、家庭生活（如婴儿盆、夏季服装）、教育服务（素质培训）和娱乐（电影票、淘票票）。
不喜欢：用户对医保缴费、医保支付、充值使用指南不感兴趣，避免涉及医保相关操作指南（如程序入口、缴费流程）。",0,complete
19311,"喜欢：用户偏好支付宝品牌相关的金融支付服务和促销活动，关键词包括红包、夏天、活动，使用场景涉及在线优惠和夏季季节促销，偏好品类为金融工具和营销活动（如余额宝、花呗、抽奖），品牌包括支付宝，使用场景聚焦于数字平台优惠和季节相关福利。

不喜欢：用户不喜欢早餐类食品商品，如油条和整鸡，基于未点击行为中与点击行为相反的特征，偏好品类为快餐和生鲜食品（如肉酥、早餐），关键词包括元享、贝贝，使用场景涉及日常餐饮促销。",0,complete
1415209,"喜欢：用户偏好科技产品品类（如苹果电脑、手机和平板电脑），关键词包括租赁、回收和维修服务，品牌倾向苹果（Apple），使用场景涉及自助生活、设备维护和数字娱乐（如电商平台和支付宝服务）。
不喜欢：用户不喜欢教育或学校相关的内容（如校园风采），与点击的科技产品特征相反。",0,complete
1362586,"喜欢：用户偏好支付宝平台上的季节主题红包活动（如夏天、夏日、夏季），关键词包括活动、大奖、红包和特定元素（如fll），品牌为支付宝，使用场景涉及参与互动式赚钱活动（如扭扭节），结合交易行为中的红包相关实体（如红包|PRIZE、红包|INTENT_TARGET）和服务使用中的走路、步步挣等运动元素。

不喜欢：用户不喜欢纯现金红包奖励，基于未点击商品中强调现金红包的特征（如""现金红包""），与点击行为中偏好游戏化活动奖励（如大奖和季节互动）相反。",0,complete
371874,"喜欢：用户偏好支付宝平台的红包活动和金融优惠服务，包括品类如游戏充值（如qq币、switch点卡）、生活缴费（如手机费、电费）和食品（如香菇鸡桶面），关键词如红包、支付宝、活动、消费券，品牌如支付宝、天星、中国移动，使用场景涉及在线支付、优惠获取和日常消费管理。

不喜欢：用户不喜欢证券投资类内容，如财通证券相关的股票市场分析和金融投资主题，与点击的红包活动形成鲜明对比。",0,complete
563550,"喜欢：用户偏好支付宝相关的红包活动、夏季促销和育儿用品，具体包括偏好品类如数字红包活动、婴儿用品（奶瓶配件、婴儿牙刷、婴儿纸尿裤）和生活服务（电费缴纳、快递）；关键词如支付宝、红包、夏天、活动；品牌如支付宝、pigeon；使用场景为夏季消费、日常省钱和育儿场景，基于点击商品（支付宝扭扭节活动）和交易行为（婴儿用品、生活服务实体）。

不喜欢：用户不喜欢粉丝特权、等级特权相关的内容，如新年主题的宠粉活动，基于未点击商品（2023年第一天宠粉特权）与点击行为相反的特征（实用省钱导向 vs. 抽象娱乐导向）。",0,complete
1276622,"喜欢：用户偏好回收服务品类（如回收玩具、衣物），关键词包括回收、处理、毛绒玩具，品牌涉及回收猿、绿小萌和鹿小探等回收服务，使用场景为家庭环境下的儿童物品处理与环保回收。

不喜欢：用户不喜欢开学季促销活动和高科技电子产品品类（如iPhone 15 Pro），关键词包括开学季和主力机型，品牌如苹果，使用场景为租赁或购买高端设备。",0,complete
1204682,"喜欢：用户偏好金融支付服务（如支付宝、花呗、信用卡还款）、优惠活动（如话费充值折扣95折、直播奖品和百万补贴）、零食品类（如辣条、小米锅巴、小麻花）、家居清洁用品（如洗碗刷、保鲜膜、抹布），关键词包括优惠、充值、直播、奖品，品牌如无印良品、lay’s乐事，使用场景涉及家庭日常清洁、休闲娱乐（直播互动）和公益参与（如蚂蚁庄园、救助搜索）。

不喜欢：用户不喜欢特定电信运营商（如中国电信）的话费充值优惠或低折扣活动（如9折），以及重复性强的充值中心推广。",0,complete
1605326,"### 用户兴趣偏好总结（场景0）
喜欢：偏好在线支付服务（如花呗、支付宝）、交通出行（如滴滴出行、公交）、休闲消费（如瑞幸咖啡、外卖食品），品牌包括支付宝、apple、瑞幸咖啡等，使用场景涉及日常支付、旅行住宿（如酒店、民宿）和金融服务（理财、余额宝），关键词如出行、红包、花呗也高频出现。

不喜欢：不喜欢商业进货相关的红包促销活动，基于未点击的进货红包商品特征，与个人消费行为相反。",0,complete
31212,"喜欢：该用户偏好电子产品租赁品类，特别是苹果品牌手机（如苹果手机租赁），关键词涉及租赁、公交和公益，使用场景包括手机拍照技术应用、移动支付（如支付宝）和公益运动（如捐步）。
不喜欢：该用户不喜欢旅游探索活动，如自驾探访自然或文化景点（如江南秘境）。",0,complete
809496,"喜欢：用户偏好支付宝平台的现金红包活动，包括抽红包、薅羊毛等场景，关键词如现金红包、支付宝、红包，品牌支付宝，使用场景为在线优惠获取和金融奖励，偏好品类涉及金融优惠和互动游戏（如抽奖），基于点击商品和搜索关键词（如现金红包、支付宝）及交易行为（如支付宝、花呗）和服务使用（如赚现金、现金红包）的强关联。

不喜欢：用户不喜欢基于步数或金币积累的赚钱活动，如走路赚钱、攒金币赢红包，以及双11促销，关键词如步数、金币、双11，基于未点击商品（如步数相关标题和实体词）与点击行为（直接现金红包抽奖）的相反特征。",0,complete
284485,"喜欢：用户偏好支付宝品牌的福利活动、现金红包和理财收益报告，关键词包括支付宝、红包、收益、夏天，使用场景为在线理财和夏季促销活动，偏好品类涉及金融理财（如理财周报）和数字支付福利。

不喜欢：用户不喜欢不包含理财收益元素的支付宝红包活动，如仅强调""薅红包""的促销，与点击行为中理财收益特征的缺失相反。",0,complete
578277,"喜欢：偏好支付宝品牌的季节主题红包活动，关键词包括夏天、夏日、夏季、福利和大奖，使用场景为夏季节日期间参与互动领取红包福利，涉及品类如数字服务和节日促销。

不喜欢：不喜欢普通红包活动，特别是那些缺乏季节元素或节日氛围的活动，基于未点击商品特征如""活动""和""红包""但缺失夏天等关键词。",0,complete
797343,"喜欢：用户偏好电子产品租赁品类（如苹果手机），关键词包括租赁、征信、苹果、充电（基于点击商品和搜索关键词如""苹果耳机""、""租苹果手机""、""充电""），品牌涉及人人租、支付宝、抖音（从点击商品标题和服务使用实体如""人人租""、""支付宝""推断），使用场景主要为免征信租赁、金融投资（服务使用如""炒股工具""、""证券""）、电动汽车充电（服务使用如""电动汽车充电""、""云快充""）以及娱乐健康场景（如芭芭农场、电影搜索）。

不喜欢：用户对优惠促销活动（如好礼、金秋十月营销）、云快充品牌相关营销不感兴趣，基于未点击商品""云快充优惠好礼""的实体词""优惠,好礼,云快充""，与点击行为（租赁苹果手机）形成明显反差。",0,complete
850964,"喜欢：用户偏好支付宝相关的金融理财服务（如余额宝、花呗、基金投资）、出行活动（如低碳出行、打车、公交）、快餐食品（如麦当劳、炸鸡、碳酸饮料），以及娱乐内容如原神游戏和电影票务，关键词包括支付宝、原神、低碳出行、红包，使用场景集中于在线消费、出行和数字娱乐。

不喜欢：用户对DIY手工类内容如笔筒教程不感兴趣，这与点击的绿色出行活动形成反差，表明用户偏好动态、数字化的活动而非静态、手工制作类内容。",0,complete
287145,"喜欢：用户偏好金融品类，如红包、现金奖励和银行优惠；关键词包括支付宝、夏天、现金、红包、省钱卡；品牌如支付宝、建设银行；使用场景为在线参与金融活动和获取优惠，体现对数字支付和银行服务的兴趣。

不喜欢：用户不喜欢出行和休闲品类，如打车服务和踏青活动；关键词如踏青、花小猪打车；品牌如花小猪打车；使用场景为出行礼包和休闲促销，基于未点击商品的反向特征推断。",0,complete
1750288,"喜欢：用户偏好快递物流服务，特别是上门寄件、取件和大件物流，关键词包括快递、物流查询和优惠，使用场景涉及便捷的个人或企业寄件需求（如从服务使用中的寄递、京东快递和搜索关键词中的物流、上门寄件体现），品牌方面虽未直接指定，但服务实体如顺丰速运、圆通快递相关。

不喜欢：用户对家政保洁服务（如深度保洁、开荒）、证件照处理、信用卡申请、旧衣回收、支付宝提现以及流量卡申请等内容不感兴趣，这些特征从未点击商品的实体词如保洁、家政、证件照、信用卡申请、提现、流量卡中体现，与点击的快递服务特征相反。",0,complete
1650009,"喜欢：用户偏好免费体育活动和场馆访问，特别是乐动力品牌下的具体事件（如2023年成都体育中心开放日），涉及关键词免费、场馆、项目和时间；使用场景包括即时参与的健身服务，如运动马拉松和走路运动；偏好品类为体育健身，品牌包括乐动力和支付宝小程序；其他数据支持对现金红包、走路和公益种树的兴趣。

不喜欢：用户不喜欢需要达标或累计任务的健身服务，如支付宝体育服务中的达标活动（如累计7天或首次达标），涉及关键词达标、健身服务和任务导向；与点击行为相反的特征包括非免费、非即时参与的服务。",0,complete
1145073,"喜欢：用户偏好手机流量服务（特别是境外流量包如香港流量包），偏好品类包括通信服务（如流量包、充值话费）、金融服务（如余额宝、理财）和公益活动（如蚂蚁庄园种树），关键词涉及香港、流量、境外，品牌从搜索中暗示对Apple、华为等手机相关品牌的兴趣，使用场景聚焦境外旅行、数字支付和公益参与。

不喜欢：用户不喜欢交通信息查询（如口岸便利），基于未点击商品与点击行为相反的特征（购买服务 vs. 交通指南），偏好避免与便利性、地点导航相关的非购买性内容。",0,complete
422277,"喜欢：用户偏好游戏化福利活动（如蚂蚁庄园、饿了么果园）、夏季主题促销、食品相关品类（水果、牛奶、鸡蛋），关键词包括福利、夏季、签到和做任务，品牌如支付宝和饿了么，使用场景聚焦休闲娱乐、外卖点餐和任务型互动。

不喜欢：用户对金融储蓄工具（如笔笔攒、月月赚）和话费充值服务（移动联通电信通用）不感兴趣，表现为未点击相关商品，与点击的福利活动特征相反。",0,complete
699920,"喜欢：用户偏好地图采集和优惠券分享类内容，涉及品牌如蚂蚁路客和华莱士，关键词包括打卡、旅游、红包、自助和学生特惠，使用场景为数字任务平台（如意见征集、带薪旅游）和优惠领取（如点餐优惠券）。
不喜欢：用户对直接的手机点餐特惠和纯优惠券推广内容不感兴趣，如蜜雪冰城特惠券或华莱士手机点餐，与点击行为中强调分享和故事性特征相反。",0,complete
1435527,"喜欢：用户偏好支付宝平台的营销活动，如扭扭节现金红包、生活缴费红包和出行优惠券，关键词包括现金、红包、任务、签到和理财，品牌涉及支付宝、余额宝和花呗，使用场景为生活支付、缴费服务和出行优惠，偏好品类包括金融红包、生活服务和任务型消费。

不喜欢：用户未点击乐动力体育中心的免费开放活动，表明对体育健身相关内容和特定地点（如成都）的场馆项目不感兴趣，与支付宝红包活动形成反差。",0,complete
258436,"喜欢：该用户偏好支付宝品牌的活动和红包，关键词包括夏天、夏日、夏季，使用场景为夏季在线参与活动领取红包。  
不喜欢：该用户不喜欢招商银行等信用卡申请办理服务。",0,complete
614195,"喜欢：用户偏好交通管理、证件服务和电子产品品类（如驾驶证换证、耳机、充电器），关键词包括驾驶证、电子驾驶、租机服务，品牌如交管12123和支付宝，使用场景为手机在线办理和交通相关服务（如在线申请驾驶证、快递物流查询）。

不喜欢：用户不喜欢信用分提升相关的内容（如涨分锦囊），与点击的驾驶证服务特征相反。",0,complete
438641,"喜欢：用户偏好支付宝的农场游戏服务（如芭芭农场和蚂蚁庄园），特别关注饲料品类（尤其是高级饲料），关键词包括饲料和高级，品牌涉及支付宝和蚂蚁庄园，使用场景为移动应用中的公益游戏和饲料领取活动。

不喜欢：用户对生态保护内容（如神奇物种和湿地生态）不感兴趣，也不喜欢攻略类信息（如小鸡饲料领取攻略），这与点击的高级饲料行为形成相反特征。",0,complete
1790849,"喜欢：用户偏好支付宝平台的现金红包福利活动，特别是与夏季相关的促销如扭扭节抽奖；偏好品类包括红包奖励和消费福利，关键词如支付宝、现金红包、福利、夏天，品牌为支付宝，使用场景为夏季日常消费和线上抽奖活动。

不喜欢：用户对黄金票积累、薅羊毛策略和黄金投资科普内容不感兴趣，基于未点击商品中与点击行为相反的特征，如攒黄金票、买黄金攻略等。",0,complete
192743,"喜欢：该用户偏好金融理财品类，关键词如现金红包、福利、红包雨和夏天相关活动，品牌包括支付宝和余额宝，使用场景涉及节日福利领取和线上红包活动（基于点击商品实体词如余额宝、支付宝、现金红包、福利、夏天，以及交易行为实体如支付宝、余额宝、红包，服务使用实体如余额宝、红包，搜索关键词如余额宝、红包、理财直播）。

不喜欢：该用户不喜欢话费充值品类，关键词如月月赚和运营商服务，品牌包括中国移动、电信、联通，使用场景涉及话费充值活动（基于未点击商品实体词如充值话费、月月赚、中国移动、电信、联通，与点击行为中偏好金融红包相反）。",0,complete
2004555,"喜欢：用户偏好营销相关内容，特别是每日更新的营销信息（如""每日营销一页""），涉及关键词如营销、每日；品牌偏好支付宝、花呗、余额宝等金融支付品牌（基于交易行为和服务使用中的高频实体）；使用场景包括日常消费支付（如移动支付、转账收款）和理财活动（如余额宝、理财服务）。

不喜欢：用户不喜欢与""一页纸""相关的营销内容（基于未点击商品实体词），反映出对纸质格式或特定版本（如6.29）的排斥，与点击行为中""一页""特征相反。",0,complete
1317569,"喜欢：用户偏好环保公益类内容，包括蚂蚁森林相关活动（如保护海洋、绿色生活小妙招），关键词涉及公益、互动和评论区参与，品牌如支付宝生态（芭芭农场、蚂蚁庄园），使用场景为在线公益互动和日常绿色实践（基于点击商品和搜索关键词如公益林、蚂蚁森林能量，以及服务使用中的公益捐步、种果树）。

不喜欢：用户不偏好特定动物保护主题（如华南虎、麋鹿）、育儿相关内容（如动物带娃攻略）以及历史性种树故事（如古树年龄），这些特征与点击行为中的互动公益主题相反（基于未点击商品实体词如华南虎、妈妈、古树）。",0,complete
93093,"喜欢：用户偏好金融理财品类，特别是基金和保险；关键词包括基金、理财、收益和保险；品牌如支付宝（花呗、余额宝）、中国平安；使用场景涉及在线投资、日常消费支付（如外卖、停车）和公益参与（如蚂蚁森林）。

不喜欢：基于未点击商品，用户不喜欢债券基金（与点击的基金相反），以及浪漫主题或直播形式的理财内容，如七夕专场直播。",0,complete
1831810,"喜欢：用户偏好医疗健康品类中的体检服务，关键词包括""方便""、""在线预约""和""小程序""，品牌如浙大一院，使用场景为通过小程序便捷预约体检，强调便利性和数字化体验。

不喜欢：用户不喜欢强调官方、三甲医院标签或与核心服务无关（如捐赠）的体检预约内容，避免正式化和非功能性描述。",0,complete
625947,"喜欢：用户偏好外卖服务品类，特别是华莱士品牌的学生特惠手机点餐，关键词包括外卖红包、点餐优惠券和自助，使用场景涉及学生优惠和日常点餐便利。

不喜欢：用户不喜欢流量卡申请（如联通、电信无限流量卡）和金融分期服务（如分期乐、备用金），避免关键词如办理、申办和无限流量卡。",0,complete
51180,"喜欢：用户偏好彩票中奖主题，特别是兑奖流程、银行反应（如大额度进账处理）和数学概率（如中奖保证计算）；在品类上，偏好彩票、公益捐赠（如公益基金会、重病患儿救助计划）和理财服务（如余额宝、基金）；关键词包括彩票、中奖、银行、流程；品牌涉及支付宝相关（如蚂蚁财富、芭芭农场）；使用场景涵盖彩票购买、公益种树（如芭芭农场）、游戏玩乐（如斗地主）和理财管理（如基金走势图）。

不喜欢：用户对彩票中奖的个人励志故事（如东山再起主题）或收款人细节（如银行支票问题）不感兴趣，这与点击行为中强调的兑奖流程和银行反应形成对比。",0,complete
1674651,"喜欢：用户偏好支付宝品牌相关的数字支付和营销活动，关键词包括支付宝、红包、夏天、活动，使用场景为在线参与夏季促销、红包领取及游戏化任务（如种果树、养小鸡），偏好品类集中于数字支付平台和娱乐性营销。
不喜欢：用户对债券基金等金融投资产品不感兴趣，与点击的娱乐性红包活动形成鲜明对比。",0,complete
204654,"喜欢：偏好DIY手工制作和理财储蓄品类，关键词如存钱罐、零花钱、赚钱、支付宝和备用金，品牌包括vivo、oppo、apple、小米和华为，使用场景涉及理财服务（如余额宝、基金）、游戏娱乐（如芭芭农场、蚂蚁庄园）以及日常储蓄任务（如签到、做任务）。

不喜欢：与收藏品、古董相关的专家鉴宝服务，与实用DIY手工和储蓄偏好相反，基于未点击商品特征。",0,complete
1427869,"喜欢：用户偏好基金投资品类，特别是医疗健康和科技相关基金（如中欧医疗健康混合、半导体概念基金），关键词包括基金估值、医疗、半导体、金融（从搜索关键词和服务使用推断），品牌涉及支付宝生态系统（如借呗、花呗、余额宝）及基金公司（如中欧、招商），使用场景为在线理财管理、投资咨询和健康金融（基于服务使用中的基金、估值、医疗健康服务）。

不喜欢：用户不喜欢基金估值助手、实时估值查询方法及每日更新提醒等辅助工具（基于未点击商品中与点击行为相反的特征，如未点击商品实体词中的""助手""、""定点查询""、""实时估值""、""每日""，而点击行为仅涉及直接的""更新""和""基金估值""）。",0,complete
1540808,"喜欢：用户偏好金融服务品类如话费充值、理财和基金，关键词包括折扣、特惠、红包和福利，品牌涉及支付宝、芝麻GO和饿了么，使用场景聚焦在线支付、日常消费（如零食和饮料）及理财管理，体现对实用金融优惠的强兴趣。

不喜欢：用户不喜欢手工艺品品类如DIY挂饰，关键词如胖胖和过年，与点击的实用金融主题相反，反映对休闲手工或节日装饰的缺乏兴趣。",0,complete
655138,"喜欢：用户偏好支付宝品牌的活动，特别是涉及现金红包、夏季主题的福利领取；偏好品类包括线上促销和季节活动（如夏季扭扭节），关键词如支付宝、现金红包、夏天、福利、领奖；使用场景聚焦于线上福利领取和支付宝平台互动。

不喜欢：用户不喜欢强调免费抽奖、大奖但缺乏具体季节或福利细节的活动；基于未点击商品，关键词如免费、大奖、回家与点击行为相反，表明对泛泛抽奖或非具体福利内容缺乏兴趣。",0,complete
1418952,"喜欢：用户偏好食品品类中的拌面（基于点击商品""简单做拌面""），关键词为""拌面""，无特定品牌（点击商品未提及品牌），使用场景为快速简便的家庭烹饪（如""简单做""暗示便捷餐食）。

不喜欢：用户不喜欢其他面食类型如小面和小笼包（基于未点击商品实体词""小面""、""小笼包""），特别是涉及复杂制作如发酵和擀面的面食（如未点击商品中""老面""、""擀面""、""发酵""特征）。",0,complete
1451231,"喜欢：用户偏好支付宝相关的金融支付品类，如现金红包、赚零钱和转账服务，关键词包括支付宝、现金红包和赚零钱，品牌以支付宝为主，使用场景涉及在线支付、参与促销活动获取现金奖励（如夏日扭扭节），并体现在交易行为（支付宝、红包、实时提现）、服务使用（领现金红包、赚现金）和搜索（支付宝、现金红包）中。

不喜欢：用户不喜欢中奖名单公示等被动结果查看内容，与点击的主动赚钱活动（如现金红包）相反，体现在未点击商品（中奖名单、公示）的特征上。",0,complete
1642405,"喜欢：用户偏好支付宝品牌相关的数字福利活动，特别是夏季主题的红包奖励；偏好品类包括季节限定红包和福利发放；关键词如夏天、夏日、夏季、红包奖励突出；使用场景为夏季线上福利领取，如扭扭节活动。

不喜欢：用户不喜欢非季节性的红包活动，如单纯的活动薅红包，缺乏季节元素；基于未点击商品特征（活动、支付宝、红包），与点击行为相反，表现为对无主题或通用红包的回避。",0,complete
1985291,"喜欢：偏好支付宝相关的数字支付和优惠活动，关键词包括红包、福利和夏季主题（如夏天、夏日），品牌偏好支付宝（从点击和搜索数据体现），使用场景涉及在线领取红包、参与支付宝促销活动（如扭扭节）和夏季消费（支持数据：点击商品实体词""支付宝、夏天、红包奖励""；交易行为实体""支付宝、余额宝""；服务使用实体""支付宝运动""；搜索关键词""支付宝、红包、消费券""）。

不喜欢：特权等级活动（如宠粉、特权）和自驾旅行探索类内容（如江南秘境、自驾），与点击行为中即时福利和红包主题相反（支持数据：未点击商品实体词""特权、宠粉、自驾、江南秘境""；点击行为聚焦支付宝福利而非特权或旅行）。",0,complete
1109212,"喜欢：用户偏好金融投资品类，特别是A股市场、投资策略（如抄底、反弹和机会捕捉），关键词包括A股、策略、抄底、反弹、印花税和趋势交易；品牌涉及余额宝和长盛盛裕纯债债券A；使用场景为实时投资决策、理财服务和市场波动分析，基于点击商品标题（如A股利好、策略连载）和搜索关键词（趋势交易、余额宝）体现。

不喜欢：用户不喜欢心理按摩类内容、非核心投资主题（如医疗、军工或煤炭板块），以及安慰性或行业特定商品，关键词如心理、反转、煤炭和加仓建议，基于未点击商品标题（如心理按摩策略、医疗反弹、煤炭暴涨）与点击行为相反的特征推断。",0,complete
243493,"喜欢：用户偏好手机流量卡品类，特别是无限流量卡，关键词包括免费办理、0元领、流量王卡和大王卡，品牌如中国联通和电信，使用场景为申请和办理低价无限流量手机卡（基于点击商品标题和实体词中的中国联通无限流量卡、电信星卡等高频特征）。

不喜欢：用户不喜欢信用卡申请（如招商银行信用卡）、借款服务（如有额度借款成功）和支付红包服务（如微信支付提现、支付宝生活缴费红包），以及中国移动品牌的流量卡（基于未点击商品标题和实体词中招商银行、借款、微信支付、支付宝、中国移动等与点击行为相反的特征）。",0,complete
1794289,"喜欢：偏好品类包括软件会员（如wps超级会员）、玩具（如鲁班锁）、数字产品（如appstore）和金融服务（如余额宝）；关键词涉及会员服务（如vip会员）、娱乐（如电影票）、科技（如apple）和金融（如基金）；品牌偏好Apple、金山wps和支付宝；使用场景集中在游戏交易、公益种树和金融投资，对争议性主题如报复、买家冲突感兴趣。

不喜欢：基于未点击商品特征，不喜欢涉及家人、亲情主题的内容，如家庭故事或情感类叙述。",0,complete
1339139,"喜欢：用户偏好金融投资品类，特别是A股市场分析和基金建议，关键词包括""A股""、""基金""、""利空消息""和""买什么基金好""，品牌涉及天弘、建信等基金公司（如天弘越南市场股票、建信纳斯达克100指数C），使用场景为个人理财决策和紧急市场预测（如点击标题中的""突发利空！怎么办？""和""急！目前空仓""）。

不喜欢：用户不喜欢没有紧急感或问题解决元素的A股新闻标题，关键词为""确定了！""或""传来几个大消息""等平淡市场消息（基于未点击商品标题与点击行为相反的特征）。",0,complete
1664638,"喜欢：用户偏好理财品类，特别是基金投资，关键词如买基金、恋爱、七夕，品牌涉及支付宝生态（如蚂蚁财富），使用场景为节日主题直播理财结合生活比喻。  
不喜欢：用户不喜欢债券基金和黄金概念相关的理财内容。",0,complete
677713,"喜欢：该用户偏好金融服务和会员特权品类，关键词包括支付宝、积分兑换、特权，品牌偏好支付宝，使用场景涉及在线支付、积分管理和会员特权查看（基于点击商品""支付宝大众会员查看积分兑换及等级特权领取""及搜索关键词""支付宝""、""vip会员""）。

不喜欢：用户不喜欢与粉丝互动（如宠粉）、娱乐内容（如彼岸花）和家庭主题（如我的家）相关的商品（基于未点击商品实体词""宠粉""、""彼岸花""、""是我的""，与点击行为中的特权主题相反）。",0,complete
760540,"喜欢：该用户偏好支付宝相关的金融和生活服务品类，如现金红包、福利活动；关键词包括夏季、夏天、现金、福利；品牌主要为支付宝；使用场景涉及线上促销、季节活动（如夏季扭扭节），结合交易行为中的外卖、骑行和保险服务，以及搜索关键词中的现金、健康金，体现对支付宝平台便捷金融和季节性优惠的青睐。

不喜欢：该用户不喜欢时间特定或特权类活动，如新年主题（2023年第一天）、粉丝特权（宠粉）和等级特权，这与点击行为中支付宝夏季现金红包的即时福利特征相反，未点击商品实体词凸显了对非季节、非普惠福利内容的回避。",0,complete
1216270,"喜欢：该用户偏好现金红包和夏季促销活动，偏好品类包括金融优惠（如红包、现金奖励）和季节性消费（如夏天、夏日），关键词如现金、红包、大奖、夏天，品牌如支付宝，使用场景涉及领奖活动、夏季消费和游戏玩乐（基于点击商品强调大奖和现金红包，以及搜索关键词现金、红包、支付宝）。

不喜欢：该用户不喜欢小额红包或自动抵扣的优惠，不强调大奖或现金奖励（基于未点击商品标题和实体词如免费、抵扣、小额红包，与点击行为相反）。",0,complete
468465,"### 用户兴趣偏好总结（场景0）
喜欢：该用户偏好数字支付和促销活动品类，关键词包括红包、夏季和支付宝相关活动，品牌如支付宝，使用场景为线上夏季红包领取和数字服务互动（如芭芭农场、花呗支付）。  
不喜欢：基于未点击商品特征，用户不喜欢手机品牌促销（如小米）和收入相关事件（如退款或收入话题）。",0,complete
1963808,"### 用户兴趣偏好总结（场景0）

喜欢：该用户偏好摄影设备（如单反相机）和AI技术（如AIGC写真）品类，关键词包括单反相机、写真、人工智能和证件照，品牌涉及dr.alva和植物医生（护肤类），使用场景聚焦个人摄影（如证件照拍摄）、电影娱乐（如电影购票）和日常通勤（如公交服务），基于点击商品（AI写真相机）、搜索关键词（单反相机、证件照）、交易行为（洁颜蜜、洗面奶等护肤产品）和服务使用（拍摄、电影购票）。

不喜欢：该用户不偏好汽车相关品类（如新车、二手车），关键词包括买车、电车和车来啦，品牌如比亚迪，使用场景涉及购车和车辆交通（如货车、列车），基于未点击商品（车类标题）与点击行为（摄影/AI主题）相反的特征。",0,complete
563002,"喜欢：用户偏好投资类内容，特别是网格交易策略在半导体、国防军工、白酒、光伏和医药行业的应用；关键词包括投资、网格、半导体、国防军工、白酒、光伏、医药；品牌涉及华夏、天弘、鹏华等基金机构；使用场景为在线理财平台如支付宝、蚂蚁财富，结合公益和缴费服务。

不喜欢：用户对宏观经济分析（如中美股债吸引力、上证指数回调）、市场评论（如牛市行情、新能源机会）、政策新闻（如房地产和个人税政策）以及事件驱动内容（如腾讯季报、量化交易讨论）不感兴趣，这些特征与点击的行业投资主题相反。",0,complete
1746042,"喜欢：用户偏好金融理财和优惠相关品类，如黄金票、红包、健康金；关键词包括黄金票、消费券、健康金；品牌涉及支付宝、余额宝、蚂蚁财富；使用场景为在线互动获取简单优惠，如动动手即可领取黄金票或参与红包活动。

不喜欢：用户不喜欢粉丝专属和等级特权内容，如宠粉、特权，以及时间特定事件如2023年第一天，表明对非直接优惠的专属或复杂活动不感兴趣。",0,complete
1607233,"喜欢：偏好品类为金融活动（如红包获取），关键词包括红包和活动，品牌偏好支付宝，使用场景为在线薅羊毛（如参与扭一扭活动获取红包），基于点击商品实体词（活动、支付宝、红包）和服务使用实体（支付宝运动、蚂蚁庄园）等数据。
不喜欢：1分购和福利相关的表述（如现金红包强调），基于未点击商品实体词（1分购、福利）与点击行为相反的特征。",0,complete
447145,"### 用户兴趣偏好总结（场景0）
喜欢：用户偏好红包和福利相关品类，关键词如夏天、夏日、夏季，品牌如支付宝，使用场景包括夏季消费和领奖活动，基于点击行为中支付宝红包、夏季主题及交易数据中的红包、夏季实体支持。
不喜欢：用户不喜欢花呗金相关内容和上班场景，基于未点击行为中花呗金、上班实体与点击的支付宝红包、夏季休闲特征相反。",0,complete
1407390,"喜欢：用户偏好支付宝相关的红包福利活动（如扭扭节）、夏季主题（如夏天、夏日）、日常食品品类（如酸奶、牛奶）、品牌如君乐宝和特仑苏，使用场景包括线上支付（如余额宝、转账）、外卖消费（如饿了么）和娱乐活动（如扭蛋机）。
不喜欢：用户不喜欢与赚钱技巧或知识性内容相关的商品，如未点击的""2023年还不知道这一点你是赚不到钱的""，表明对非直接福利的金融建议或抽象知识分享不感兴趣。",0,complete
1967402,"喜欢：该用户偏好金融投资品类，特别是港股和海外市场相关的直播内容；关键词包括港股、市场解读、直播；品牌涉及招商产业债券A、华宝中证全指证券公司ETF联接C等基金产品；使用场景为在线观看理财直播进行投资决策。  
不喜欢：该用户不喜欢债券基金主题和节日相关的金融推广内容，如七夕专场直播或黄金概念活动。",0,complete
700104,"喜欢：用户偏好支付宝品牌相关的金融和优惠活动，关键词包括红包、夏季（如夏季、夏日主题），品类涵盖在线支付和促销服务，使用场景涉及支付宝平台的红包领取和夏季活动参与，如""支付宝扭扭节""优惠。

不喜欢：基于未点击商品，用户对体育中心、免费开放活动、乐动力品牌及场馆项目不感兴趣，表现为回避成都市乐动力体育中心的免费场馆和时间相关服务。",0,complete
761550,"喜欢：用户偏好支付宝的夏季主题福利活动，包括现金奖励和红包领取，关键词如夏天、夏日、现金，品牌支付宝，使用场景为在线促销和季节活动（如扭扭节），结合交易行为中的支付码使用和服务使用中的蚂蚁庄园互动，体现对数字红包和季节营销的强兴趣。

不喜欢：用户不喜欢无特定主题的支付宝红包活动，如未点击的""薅20+红包""商品，表明对泛化活动表述（如""活动""和""红包""）缺乏兴趣，这与点击行为中强调的季节关键词形成反差。",0,complete
970555,"喜欢：该用户偏好支付宝相关的红包活动，特别是涉及夏季主题（如夏天、夏日）、福利发放和薅羊毛互动形式，关键词包括红包、支付宝、夏天、福利、薅羊毛、抽红包，品牌偏好支付宝，使用场景集中在夏季在线优惠和社交共享（如""一起""元素）。

不喜欢：用户不喜欢缺乏季节主题（如秋日或夏季）和生动描述的红包活动，例如仅强调活动本身或小规模红包（如20+），与点击行为相反的特征是平淡的促销形式。",0,complete
1731692,"喜欢：用户偏好支付宝相关的支付和娱乐活动，包括红包、消费券、扭蛋机抽奖（如扭扭节福利）和夏季主题；偏好品类为生鲜水产、水产和鸡鱼；关键词涉及现金、支付宝、花呗、基金；品牌偏好支付宝及其衍生服务（如蚂蚁会员）；使用场景涵盖消费福利、金融服务（如免息额）和季节性活动（如夏季扭扭节）。

不喜欢：用户不喜欢消防、救援和暴雨相关的内容，这与未点击商品（如消防版《少年郎》和暴雨救援瞬间）的特征一致，表明对严肃主题和灾害事件缺乏兴趣。",0,complete
863251,"喜欢：该用户偏好品类为专家服务和鉴宝（如古董鉴定），关键词包括专家和鉴宝，品牌偏好涉及支付宝、余额宝等金融服务（基于交易和服务使用实体），使用场景为在线收藏品评估和投资咨询。
不喜欢：该用户不喜欢夺宝类抽奖活动（如喵屋汇夺宝），基于未点击行为与点击相反，关键词包括夺宝，品牌如淘宝平台，使用场景为抽奖游戏。",0,complete
839117,"喜欢：用户偏好助眠内容（如点击的""助眠""实体词），3C数码产品租赁（基于搜索关键词""租机服务""、""电脑""、""苹果 iphone""和交易实体""手机""、""电脑""），金融理财服务（如交易实体""余额宝""、""花呗""和搜索关键词""理财""、""信用贷""），品牌倾向支付宝、苹果和中国移动（从搜索和交易实体中高频出现），使用场景包括睡前放松（点击标题""睡前看""）和日常设备租赁（搜索""免押金租赁""、""短期租机""）。

不喜欢：用户对营销推广类服务如支付宝生活号（从未点击商品实体词）不感兴趣，这与娱乐放松内容（如助眠）相反，表现为对实用服务推广的回避。",0,complete
933018,"喜欢：用户偏好支付宝平台的红包活动和夏季主题促销，偏好品类包括在线娱乐活动（如扭扭节）和消费红包，关键词如支付宝、红包、夏天、大奖，品牌为支付宝，使用场景涉及在线参与活动、领红包和夏季消费娱乐。

不喜欢：用户不喜欢股票市场分析内容，如大盘走势解析，与点击行为相反的特征是金融投资相关主题，包括大盘、结构等关键词。",0,complete
320152,"喜欢：用户偏好现金赚钱活动（如赚现金、领现金红包、做任务）、游戏玩乐（如互动小游戏、抽奖、种果树）、水果相关服务（如饿了么果园、芭芭农场）、外卖点餐平台（如饿了么），品牌包括支付宝、apple，使用场景涉及任务打卡、租赁数码产品（如手机租赁、电脑）和营销玩法（如天天签到、翻牌）。

不喜欢：用户不喜欢教育性或知识性的赚钱内容，如未点击的""2023年还不知道这一点你是赚不到钱的""，表明对年份或未知信息的严肃赚钱建议不感兴趣。",0,complete
590592,"喜欢：用户偏好支付宝相关的红包福利活动，特别是夏季主题的促销（如""扭扭节""），涉及关键词支付宝、红包、夏天、福利和品牌支付宝，使用场景为在线领红包和夏季消费（如饮品、食品），偏好品类包括数字支付服务、红包活动和季节性促销（夏季）。

不喜欢：用户对秋季主题的活动（如""金秋消费节""）不感兴趣，尽管它们也涉及红包和支付宝，但特征与点击行为相反（秋季 vs. 夏季）。",0,complete
1892041,"喜欢：用户偏好理财工具类内容，特别是基金估值相关的实用助手，涉及偏好品类如理财服务和基金管理工具，关键词如基金估值、助手，品牌如支付宝（从服务使用和搜索中常见），使用场景为日常理财管理和投资辅助操作。

不喜欢：用户不喜欢基金估值内容中强调市场惊喜、意外事件或实时更新查询的特征，如全红、惊喜、意外、实时估值等元素，这些与点击的实用工具型内容形成反差。",0,complete
742563,"喜欢：用户偏好支付宝平台的红包活动，包括抽红包、福利发放和大奖获取等品类；关键词涉及红包、福利、大奖、薅羊毛；品牌主要为支付宝；使用场景集中在消费节、扭扭节等互动奖励活动，如省钱消消消和现金领取任务。

不喜欢：用户不喜欢基金投资相关的内容，包括基金收益分析、累计收益和持有收益讨论等品类；关键词涉及基金、收益；品牌无明确体现；使用场景偏向理财收益查询，与红包活动形成反差。",0,complete
962057,"喜欢：用户偏好理财品类，关键词包括支付宝、活动、理财和促销相关（如红包、消费券），品牌以支付宝为核心，使用场景聚焦在线金融促销活动（如支付宝818理财节），同时从服务使用和搜索数据中体现出对公益慈善、健康管理和日常金融工具的辅助兴趣。

不喜欢：用户不喜欢特征为活动、支付宝、理财的重复或正式表述内容，基于未点击商品中相同实体词的呈现方式（如“活动正式开始”标题），表明对雷同金融促销的敏感度较低。",0,complete
1046373,"喜欢：用户偏好金融服务，特别是招商银行的信用卡申请服务，涉及品牌招商银行、关键词申请办理、使用场景信用卡申请和金融管理，基于点击行为中对招商银行信用卡的明确兴趣。

不喜欢：用户不喜欢流量卡服务、中国联通和电信的卡类产品、以及信用卡取现功能，基于未点击行为中与点击偏好相反的流量卡、免费办理和支付宝/微信相关服务。",0,complete
1503922,"喜欢：该用户偏好支付宝平台的活动和红包促销（偏好品类），关键词包括夏天、消费券、租赁服务（如租手机），品牌如支付宝和苹果（从搜索关键词推断），使用场景为夏季促销、公益参与（如捐步、种树）和租赁服务（基于点击商品和搜索数据）。

不喜欢：该用户不喜欢宠粉活动和等级特权相关的内容（基于未点击商品特征，与点击行为相反），如新年主题的粉丝福利（实体词包括宠粉、特权）。",0,complete
169651,"喜欢：用户偏好支付宝平台的现金红包活动，特别是与夏季主题相关的福利（如夏天、夏日、夏季关键词），涉及品牌支付宝，偏好品类为红包和促销活动，使用场景聚焦于夏季限时促销和领大奖。
不喜欢：用户不喜欢日常重复性的现金红包活动（如每天领取的扭扭节），尤其缺乏季节元素（如夏天主题），基于未点击商品中""今天""和""领现金红包""的日常特征与点击行为相反。",0,complete
550004,"喜欢：用户偏好手机租赁服务，特别是免押金、0首付的分期购机选项，关注苹果和华为品牌的新品（如iPhone15、华为Mate系列）、折叠屏手机（如OPPO Find N3 Flip），使用支付宝平台参与租赁活动（如开学优惠、限时抢购），关键词包括""租机""、""免押""、""分期购""，品牌涉及爱享租、租小已、人人租等租赁平台，使用场景集中于个人电子设备租赁和节日促销（如端午节）。  
不喜欢：用户不感兴趣于直接购买新手机或换机建议，对华为Mate60的具体规格（如512GB+鸿蒙OS）、高性价比手机评测（如Hi nova 9 Pro）、苹果教育优惠等促销活动没有点击兴趣。",0,complete
1739946,"喜欢：用户偏好促销活动类商品（如夏季主题福利），关键词包括福利、夏季、优惠（从搜索""优惠节""、""福利社""、""打卡签到""等高频词推断），品牌如支付宝（从交易和搜索中高频出现），使用场景集中于线上活动或打卡场景（如""打卡福利""、""开门打卡""）。

不喜欢：用户不喜欢回收服务（如超市购物卡回收）、购物卡交易和复杂理财产品（如理财周周转卡），基于未点击商品中与点击行为相反的""回收""、""超市购物卡""和""理财""等特征。",0,complete
176600,"喜欢：用户偏好支付宝平台的现金红包活动，特别是涉及扭扭节、夏季主题的每日抽奖和薅羊毛机会，偏好品类为在线娱乐奖励（如红包和现金），关键词包括支付宝、红包、现金、夏天、薅羊毛，品牌以支付宝为主，使用场景为日常娱乐和在线互动（如每天领红包）。

不喜欢：用户对类似支付宝福利活动但强调静态领奖和福利发放的表述不感兴趣，与点击行为相反的特征包括缺少动态参与元素（如""每天""或""薅羊毛""），偏好品类、关键词、品牌和使用场景均与喜欢内容形成对比，表现为更泛化的福利导向而非行动激励。",0,complete
2008239,"喜欢：偏好品类为金融理财和现金服务（如福利金兑换、红包活动），关键词包括福利金、现金、红包、理财（基于点击商品""福利金当钱花""及搜索关键词""现金""、""理财""），品牌偏好支付宝（交易行为中支付宝高频出现），使用场景集中于日常消费和在线支付（交易行为涉及超市、便利店支付，服务使用包括理财、充值）。

不喜欢：延迟获得福利金的方式（基于未点击商品""晚点得福利金""与点击行为""当钱花""直接兑换相反），以及网商银行品牌（未点击商品实体词""网商银行""与点击行为偏好支付宝形成对比）。",0,complete
109846,"喜欢：用户偏好环保主题（如海洋保护、绿色生活小妙招）、日常消费品类（包括食品如煎云吞、爆米花、甜糯香蕉，日用品如洗衣液、洗面奶）、品牌如光明大白兔、支付宝相关服务，以及使用场景如理财（搜索关键词""理财""、服务实体""余额宝""）、生活缴费（服务实体""缴电费""、交易实体""电费""）和外卖（搜索关键词""外卖""、交易实体""外卖订单""）。

不喜欢：用户不感兴趣于虚拟数字产品（如未点击实体词""数字公仔、壁纸""）、游戏化公益元素（如""蚂蚁森林""、""种树""）、动物主题内容（如""华南虎、麋鹿、大熊猫""）以及上新活动（如""上新啦""）。",0,complete
1861520,"喜欢：用户偏好支付宝相关的金融安全服务，包括警惕诈骗、理性消费等品类；关键词如支付宝、安全、警惕、理性；品牌如支付宝（从点击商品和交易行为中体现）；使用场景为安全提醒、理性应援和支付管理（基于点击商品实体词、服务使用实体如安全中心和搜索关键词如芝麻信用分）。

不喜欢：用户不感兴趣于网恋交友、虚假投资和免费兑换礼品，基于未点击商品实体词如互联网、网恋、交友、投资、数字藏品、免费、礼品，反映出对高风险社交、投机性投资和免费诱惑的回避。",0,complete
929349,"喜欢：该用户偏好金融品类中的信用卡账单分期和通信品类中的联通流量卡（如9元360G无限流量卡），关键词包括""账单分期""和""无限流量""，品牌偏好中国联通，使用场景涉及在线申请流量卡和理解金融产品术语。

不喜欢：该用户不喜欢移动流量卡（如19元流量卡）、电信星卡和招商银行信用卡相关产品，基于未点击行为，关键词如""移动流量卡""和""招商信用卡""，品牌涉及中国移动、电信和招商银行，使用场景为其他运营商的流量卡申请或信用卡办理。",0,complete
850086,"喜欢：偏好品类包括饮料（如可乐型汽水）和夏季服装（如短裤、连衣裙），关键词如红包、支付宝、夏季，品牌如支付宝、百事可乐，使用场景为夏季活动和红包领取。
不喜欢：基于未点击商品，不喜欢信用卡申请、流量卡办理和手机卡服务相关特征。",0,complete
1590170,"喜欢：用户偏好蚂蚁森林相关的环保活动（如积累绿色能量种树），在品类上倾向金融投资（如基金、保险概念）和在线服务；关键词包括蚂蚁森林、蚂蚁能量和环保；品牌偏好蚂蚁集团（如支付宝、蚂蚁财富）；使用场景涉及在线环保参与和金融管理（如理财服务、社保查询）。

不喜欢：用户对海洋保护、野生动物保护（如华南虎、麋鹿）以及育儿主题（如暑期带娃攻略）不感兴趣，这些特征与点击的蚂蚁森林行为相反。",0,complete
568461,"### 用户兴趣偏好总结（场景0）

喜欢：该用户偏好基金投资品类，关键词包括止盈、亏损、运气、实力和日记（教育性内容），品牌如蚂蚁财富和支付宝，使用场景为在线理财教育和风险管理，尤其关注基金操作中的风险警示和亏损案例。

不喜欢：该用户不喜欢盈利导向的基金内容，如强调盈利或常规投资操作日记，关键词包括盈利和基金投资，使用场景为正面收益展示或日常操作记录。",0,complete
630813,"喜欢：该用户偏好金融投资品类，特别是基金操作和数据驱动的决策，关键词包括基金、数据、抄底、军工指数、新能源车等投资主题，品牌涉及诺德、嘉实、鹏扬等基金机构，使用场景在理财投资（如余额宝、财富直播）和出行服务（如网约车、骑行）。

不喜欢：该用户不喜欢短期波段交易和特定行业主题的波动分析，如半导体、纳斯达克、医疗、证券、猪肉概念等，尤其避免涉及卖点、机会或利润讨论的内容。",0,complete
842005,"喜欢：用户偏好支付宝品牌的活动，关键词包括红包、夏天、夏季，使用场景为在线参与夏季促销活动（如扭扭节），偏好品类为数字红包和季节性促销（基于点击商品标题和实体词，以及交易行为中的红包、夏季主题和服务使用中的支付宝相关服务）。

不喜欢：用户不喜欢信用卡相关的内容（基于未点击商品标题中信用卡主题的特征，与点击行为中支付宝红包活动形成相反对比）。",0,complete
262939,"喜欢：用户偏好食品饮料（如水果、牛奶、青柑普洱）、电子产品租赁（如免押金租手机、平板）、支付宝理财功能（如余额宝、蚂蚁星愿），品牌涉及Apple、华为、小米等，使用场景集中在日常消费（便利店、餐饮）和通知提醒类服务。

不喜欢：用户对环保公益主题（如海洋保护、蚂蚁森林）、壁纸、动物科普（如大熊猫、华南虎）及生活小妙招等内容不感兴趣，基于未点击商品特征与点击行为相反。",0,complete
1374876,"喜欢：用户偏好教育服务品类，特别是大学英语四六级成绩查询，关键词包括英语考试和校园相关（如""英语四六级考试成绩""、""校园一卡通""），品牌方面无直接点击品牌但整体数据涉及校园服务实体（如""校园教育""、""教育教学服务""），使用场景为校园环境（如""大学城""、""师范学院""）和在线查询入口。

不喜欢：用户不喜欢茶饮品类如喜茶，关键词如特价、红包、新品（基于未点击商品的""特价""、""红包""、""新品""实体），品牌如喜茶（从未点击实体词），使用场景为优惠点单和自助促销活动（如""优惠点单""、""自助""）。",0,complete
880805,"喜欢：用户偏好健康保险产品，特别是针对儿童的医疗险和重疾险，涉及关键词如孩子，品牌包括保险相关（如搜索中的中国平安、众安保险），使用场景在家庭健康管理和育儿保障，同时交易行为显示对儿童用品（如儿童、纯牛奶）和医疗保健服务（如挂号、医保）的持续关注。

不喜欢：基于未点击商品，用户对节日娱乐活动如元宵佳节、烟花灯光秀、亚运会相关事件不感兴趣，表现为对大型活动、灯光表演和城市庆典的回避。",0,complete
1573049,"### 用户兴趣偏好总结（场景0）

喜欢：用户偏好积分兑换和免费获取虚拟物品的品类，关键词包括""免费""和""移动积分""，品牌涉及中国移动（基于交易行为中的""中国移动""和点击商品实体），使用场景为通过移动服务进行积分兑换（如点击商品""移动积分免费换魔石""）。

不喜欢：用户不喜欢手机租赁服务（如未点击商品中的""租机租赁""和""迪瓜租""）、流量卡申请（如""无限流量卡""和""流量卡""）、高端手机品牌（如""华为""）以及促销活动（如""双十一""），这些特征与点击行为中""免费积分""的偏好相反。",0,complete
1835611,"喜欢：该用户偏好回收类品类（如旧衣服、二手书和废旧物品），关键词包括旧物回收、现金、红包和消费券，品牌涉及支付宝、高德和漫游鲸等服务平台，使用场景主要为环保回收、省钱消费和日常物品处理（如学生用品和纸巾购买）。  
不喜欢：该用户不喜欢投资理财类内容，如止盈止损、心态调整和执行力提升，基于未点击商品的特征。",0,complete
1607778,"### 用户兴趣偏好总结（场景0）

喜欢：用户偏好餐饮小吃品类（如快餐、中餐、面食），关键词包括天气、降雨、红包和任务，品牌如支付宝、美团、麦当劳和哈啰出行，使用场景涉及日常消费（超市、便利店支付）、出行服务（打车、骑行）和天气查询（高温、降雨预报），基于交易行为中的餐饮实体（米村拌饭、麦辣鸡腿堡）、服务使用中的天气服务（中国天气、气象水质）和点击商品（北京高温降雨新闻）。

不喜欢：用户不喜欢农业产品内容和赚钱技巧建议，基于未点击商品中与点击行为（天气信息）相反的特征，如小洋芋、青柠等农业品类及2023年赚钱概念。",0,complete
1671471,"喜欢：偏好节能宣传周活动、支付宝相关优惠（如薅羊毛）和地铁出行等品类；关键词包括节能宣传周、支付宝、地铁、郑州市通车；品牌如支付宝；使用场景为节能宣传活动启动、出行优惠薅羊毛和城市事件参与。

不喜欢：基于未点击商品，不喜欢回收旧衣或直接的低碳践行行动，如旧衣服回收和绿色低碳主题内容。",0,complete
1025152,"喜欢：用户偏好支付宝品牌的红包奖励活动，关键词包括夏天、夏日、夏季和福利，偏好品类为福利活动（如红包发放），使用场景为夏季期间参与趣味性活动（如扭扭节）以领取奖励，体现出对季节主题和轻松互动方式的兴趣。

不喜欢：用户不喜欢缺乏季节元素（如夏天、夏日或夏季关键词）的红包活动，基于未点击商品缺少这些特征，仅强调""活动""和""薅红包""的直接获取方式，与点击行为中季节关联的趣味性形成反差。",0,complete
707874,"喜欢：该用户偏好金融服务（如信用卡申请和理财）、娱乐会员（如爱奇艺VIP影音特权）、生活便利服务（如超市购物卡回收和单车礼券）以及电商优惠（如天猫超市运费券），关键词包括信用卡、会员、回收、影音、特权、租房和支付宝，品牌涉及招商银行、爱奇艺、青桔、永辉超市、天猫和支付宝，使用场景涵盖金融服务申请、影音娱乐享受、资源回收减少浪费、便利出行（如单车）和城市租房服务。

不喜欢：该用户不喜欢电子消费券、地方特色美食（如南京芒果糯米饭）、贷款测试（如网商贷）、手机维护知识、急用钱额度服务以及银行省钱卡（如建行、工行、宁波银行），这些特征与点击行为中偏好的金融服务和便利服务相反。",0,complete
1555084,"喜欢：用户偏好支付宝相关的红包福利和夏季促销活动，偏好品类包括餐饮饮品（如咖啡、果汁饮料、外卖订单）、关键词如支付宝、红包、夏季、福利，品牌如支付宝，使用场景为线上福利领取和外卖点餐。
不喜欢：用户对体育健身服务如乐动力健身达标活动不感兴趣，与红包福利特征相反，包括免费场馆、健身服务和达标任务。",0,complete
777170,"喜欢：该用户偏好餐饮品类（如外卖订单、面馆、年夜饭套餐）、文具品类（如书套、书皮保护套）、支付服务（如收款码、支付宝）及农场游戏（如芭芭农场、饿了么果园），关键词包括外卖、鸡蛋、牛奶、水果和年夜饭，品牌涉及娃哈哈、饿了么、支付宝，使用场景涵盖餐饮消费（如外卖点餐）、在线支付、学习办公（文具使用）和休闲娱乐（种果树、养小鸡）。

不喜欢：基于未点击商品，用户不喜欢咖啡品类（如价格战促销和品牌星巴克、瑞幸咖啡），以及实验性食品内容（如牛奶可乐组合），关键词包括咖啡、夏日、价格、实验和奇迹，使用场景涉及咖啡消费和趣味实验活动。",0,complete
859354,"喜欢：该用户偏好苹果品牌手机（如iPhone 14 Pro），特别是功能类内容如门禁卡（ic门禁卡），涉及品类为电子产品及配件，关键词包括apple和ic门禁卡，使用场景聚焦于移动支付和智能设备便利功能（如开启门禁卡）。

不喜欢：该用户不喜欢租赁服务（如手机租赁）、公益动物主题（如大熊猫租借）和订单管理建议，涉及品类为租赁或无关内容，关键词如租借和预定，品牌如美美租或大哥租机，使用场景如租赁或非功能性主题。",0,complete
388798,"### 用户兴趣偏好总结（场景0）

喜欢：用户偏好支付宝平台的现金红包福利活动，特别是与夏日和夏季相关的扭扭节促销，涉及关键词如支付宝、现金红包、福利、大奖，偏好品类为数字红包和在线福利，品牌为支付宝，使用场景包括夏季在线活动、福利领取和季节促销。

不喜欢：用户不喜欢实物餐饮套餐，如年夜饭套餐，这与点击的虚拟福利活动相反，反映出对实物商品、节日主题或餐饮消费的回避。",0,complete
967504,"喜欢：偏好品类包括甜点（如生日蛋糕、巧克力）和水果（如小番茄圣女果、芭乐），关键词如生日蛋糕、甜蛋糕，品牌如康美纳卡、nestle，使用场景涉及外卖点餐、同城配送和数字支付平台（如支付宝、饿了么）。

不喜欢：基于未点击商品特征，用户不喜欢金融产品（如花呗金）和工作相关主题（如上班）。",0,complete
1411072,"喜欢：用户偏好消费服务品类（如支付工具和优惠活动），关键词包括支付宝、红包、消费节和春季，品牌如支付宝和麦当劳（基于搜索关键词），使用场景涉及在线支付、消费促销和日常消费（如餐饮和交通支付）。

不喜欢：用户不喜欢家居改造品类（如沙发垫和裤子），与消费行为相反，表现为对DIY或实用家居用品缺乏兴趣。",0,complete
1655987,"喜欢：该用户偏好理财基金品类，关键词包括七夕、恋爱和直播，品牌如蚂蚁财富和支付宝（基于搜索关键词），使用场景为节日主题的理财直播（如七夕专场）。
不喜欢：基于未点击商品特征，用户不喜欢债券基金、黄金投资（如黄金票）以及涉及海外市场或港股布局的内容。",0,complete
804332,"喜欢：用户偏好金融投资品类，特别是基金和债券（如国泰中证动漫游戏ETF联接C、银华安盈短债债券C等），关键词包括基金名称（如银华基金、安信鑫日享中短债债券C）和节日事件（七夕），品牌涉及支付宝、蚂蚁财富及相关基金公司（如嘉实基金、鹏华基金），使用场景涵盖理财、投资分析（如尾盘反弹讨论）和日常支付（如信用卡、外卖订单）。

不喜欢：用户对快速教程（如""一分钟""、""攻略""、""教会""）、黄金票相关内容和纳斯达克指数（如纳斯达克100）不感兴趣，这与点击行为中七夕金融分析的偏好相反。",0,complete
1280089,"喜欢：用户偏好公益慈善品类（如旧衣回收、教育支持），关键词包括""旧衣回收""、""好消息""、""孩子""和""中山大学""，品牌如""白鲸鱼""，使用场景涉及环保回收、教育成就庆祝和公益捐赠活动，体现对可持续生活和正面社会影响的兴趣。

不喜欢：用户不喜欢医疗反转话题、投资加仓建议和抽奖活动（如""大奖""、""免费""），这些特征与点击的公益内容形成鲜明对比，反映出对风险性金融、医疗争议和娱乐抽奖的回避倾向。",0,complete
1287090,"喜欢：用户偏好支付宝品牌的夏季主题数字推广活动，关键词包括夏天、夏日、夏季，偏好品类为在线娱乐和移动支付，使用场景涉及扫码支付、外卖点餐和公益互动（如蚂蚁森林），基于交易行为中的支付宝、扫码订单和服务使用中的支付宝、蚂蚁庄园等实体。

不喜欢：用户对现金红包相关的促销活动不感兴趣，这与点击行为中缺乏现金红包特征相反，基于未点击商品的现金红包实体词与点击商品的夏季主题形成对比。",0,complete
68934,"喜欢：用户偏好优惠活动品类，如红包抽奖和薅羊毛省钱；关键词包括红包、抽奖和一起；品牌涉及支付宝（基于服务使用和活动关联）；使用场景为季节促销（如秋日）和在线互动。
不喜欢：用户不喜欢加油相关品类和油品质量疑问内容，关键词如加油、油品和夏季；使用场景为加油服务和夏季活动（尽管有红包元素，但未点击表明反感）。",0,complete
1021471,"喜欢：用户偏好支付宝平台的红包福利活动，特别是夏季主题的促销（如""夏天""、""夏日""、""夏季""关键词），偏好品类包括红包大奖、水果蔬菜（从交易行为如""田掌柜水果""、""叮咚买菜""）和外卖服务（从服务使用如""外卖点餐""、""饿了么""）；关键词集中于支付宝、红包、福利；品牌以支付宝为主；使用场景涉及夏季促销、领红包大奖（从点击商品实体""支付宝,夏天,大奖,福利,红包,夏日,夏季""），并延伸至公益种树（如服务使用""饿了么果园""、""芭芭农场""）。

不喜欢：用户不喜欢现金红包奖励、秋季主题（如未点击商品中的""秋日""）、抽红包活动或薅羊毛表述的推广内容（从未点击商品实体""奖励,现金红包,抽红包,薅羊毛""），这些特征与点击行为中强调的""大奖""和夏季主题相反。",0,complete
1378801,"喜欢：用户偏好金融服务品类，如信用卡申请和花呗还款，关键词包括花呗、红包、可靠，品牌涉及支付宝相关服务（如花呗），使用场景为在线金融交易、红包获取和还款活动。

不喜欢：用户不喜欢抽奖或大奖相关的金融促销，基于未点击商品中强调幸运儿和大奖的特征，与点击行为中注重实用性和可靠性的偏好相反。",0,complete
645429,"喜欢：该用户偏好支付宝相关的红包福利活动，特别是夏季主题的福利发放；在品类上，对餐饮消费（如火锅、小吃）和日常支付服务（如花呗、余额宝）有较高兴趣；关键词包括支付宝、红包、夏天；品牌偏好支付宝；使用场景涉及夏季活动、福利领取和日常消费支付。

不喜欢：基于未点击行为，用户对体育健身服务（如乐动力达标活动）、健身相关实体（如场馆、项目）以及特定地点（如成都）的免费开放活动不感兴趣。",0,complete
1283596,"### 用户兴趣偏好总结（场景0）

喜欢：偏好金融理财和现金奖励活动，特别是支付宝相关的服务；关键词包括现金、红包、支付宝、理财；品牌如支付宝；使用场景涉及夏季福利、赚钱任务和日常理财（如工资理财、集分宝）。

不喜欢：不喜欢通信类产品，如流量卡和电话卡；关键词如流量卡、无限流量、手机卡；品牌如中国联通、电信、移动电信。",0,complete
1144577,"喜欢：该用户偏好公益环保类内容，如蚂蚁森林项目和小洋芋农业故事（偏好品类），关键词包括蚂蚁森林、金豆豆和小洋芋（关键词），品牌涉及支付宝（品牌），使用场景主要为公益捐赠、环保活动和农业推广（使用场景）。

不喜欢：基于未点击商品特征，用户对虚拟装饰品如数字公仔和壁纸不感兴趣，特别是海洋主题壁纸、数字公仔上新以及乡村孩子送书活动（与点击行为相反的虚拟和装饰性主题）。",0,complete
1005108,"喜欢：用户偏好金融理财和现金奖励活动，偏好品类包括红包、支付宝服务及夏季娱乐，关键词如现金、红包、夏天，品牌如支付宝和蚂蚁保，使用场景为日常领红包、夏季福利活动（如砸冰块抢红包）。

不喜欢：用户不喜欢流量卡和会员服务，偏好品类如通信数据产品，关键词如流量、会员，品牌如电信和中国移动，使用场景为数据流量充值或会员专享服务（如流量包充值）。",0,complete
900342,"喜欢：用户偏好支付宝生态系统相关的支付服务、红包活动和公益游戏，关键词包括福利、现金红包、夏天（如夏季扭扭节促销），品牌如支付宝、花呗、余额宝，使用场景涉及日常消费（如充值话费、公交乘车）、交通出行（如羊城通、乘车码）和参与互动促销（如扭一扭抽奖）。

不喜欢：用户不感兴趣于金融投资分析内容，如股票大盘走势、证券市场和牛市研判，这与点击行为中支付宝福利活动形成鲜明对比，特征包括大盘、证券等实体词。",0,complete
1905266,"喜欢：该用户偏好黄金投资和理财品类，关键词包括黄金、央行、金价和理财，品牌如博时黄金（基于交易实体中的多次出现），使用场景为理财投资和资产管理（从服务使用和搜索关键词中体现）。

不喜欢：该用户不喜欢基金亏损相关的内容，基于未点击商品中基金亏损的特征（如未点击标题强调基金亏钱）。",0,complete
1174735,"喜欢：用户偏好债券市场投资，特别是实时债市行情播报（如国债、利率债和信用债的持仓策略、数据分析和收益预测），关键词包括晴天、吃肉、加仓、策略和恐龙蛋（暗示高收益），使用场景为金融投资决策和收益监控，相关品牌和服务包括蚂蚁财富、支付宝生态（如余额宝、蚂蚁庄园）及理财服务。

不喜欢：用户不喜欢强调风险、负面行情（如阴天、不佳或独立行情）或不确定性高的债市内容，避免涉及风险分析、阴天描述或独立市场波动的投资信息。",0,complete
861461,"喜欢：偏好支付宝相关的红包活动和省钱薅羊毛品类，关键词包括支付宝、红包、活动，品牌支付宝，使用场景为在线金融省钱操作（如扭一扭活动获取现金红包）。

不喜欢：旅游目的地（如桂山岛）和话费充值服务（如中国移动、联通流量卡），基于未点击商品中与点击行为相反的旅游及运营商相关特征。",0,complete
1674562,"喜欢：用户偏好支付宝品牌的夏季主题红包活动，涉及福利和大奖等关键词，偏好品类为数字红包和在线促销，使用场景包括夏季消费和福利领取（基于点击商品实体词：支付宝、夏天、大奖、福利、红包、夏日、夏季）。

不喜欢：用户不喜欢缺少季节元素的红包活动，如直接的薅红包活动，与点击行为中强调的季节主题相反（基于未点击商品实体词：活动、支付宝、红包，缺少夏天、夏日等季节词）。",0,complete
83984,"喜欢：用户偏好金融品类（如信用卡申请和额度管理），关键词包括信用、额度、现金、银行，品牌涉及渤海银行、招商银行、光大银行等，使用场景为在线金融交易、赚钱任务和支付服务（基于点击商品、搜索关键词和服务使用实体）。

不喜欢：用户不喜欢租赁品类（如手机租赁和免押金服务），关键词如租机、平台租赁，品牌如小米（从演讲关联），使用场景为设备租赁和科技产品发布（基于未点击商品与点击行为相反的特征）。",0,complete
1336356,"### 用户兴趣偏好总结（场景0）
喜欢：该用户偏好金融理财类内容，如支付宝现金红包和福利活动，关键词包括支付宝、现金红包、夏天/夏季，品牌偏好支付宝（从点击和搜索数据），使用场景涉及夏季日常消费（如外卖、零食）和理财服务（如余额宝、花呗），同时结合交易行为显示对健康食品（水果、坚果）和日常用品（纸巾、牙膏）的倾向。

不喜欢：基于未点击商品与点击行为相反的特征，该用户不喜欢评论有奖活动、高端电子产品（如三星Galaxy手机）、七夕礼物主题以及游戏相关内容（如小呗游戏），反映出对非金融福利、节日营销和娱乐游戏的回避。",0,complete
1175737,"喜欢：用户偏好支付宝相关的现金红包活动（如扭扭节），涉及关键词现金、红包、支付宝、夏天，品牌支付宝，使用场景为在线参与促销活动（如签到、任务）、领红包和季节主题福利（如夏季扭扭节），偏好品类包括福利领取和互动游戏。

不喜欢：用户不喜欢转账操作，特别是批量转账和转账指南（如商家转账、批量发奖金），基于未点击商品特征与点击行为相反（现金红包活动 vs. 转账操作）。",0,complete
1337739,"喜欢：用户偏好话费充值服务品类，关键词包括天天提现、开宝箱、月月赚，品牌涉及中国移动、电信、联通，使用场景为省钱便利的手机充值活动。
不喜欢：用户不喜欢支付宝相关的现金红包活动，关键词包括活动、支付宝、红包，使用场景为扭一扭游戏等福利互动。",0,complete
361950,"喜欢：用户偏好支付宝平台的红包活动和日常优惠，品类包括娱乐消费（如红包、vip会员）、关键词如支付宝、红包、夏天、活动，品牌偏好支付宝，使用场景为休闲娱乐和日常消费（如扭扭节活动、领现金红包）。

不喜欢：用户对金融投资报告和行业分析不感兴趣，基于未点击商品特征如指数（中证1000）、周报、医药观点（政策业绩估值三重底），这些与点击行为中的娱乐优惠相反。",0,complete
89363,"喜欢：该用户偏好金融优惠和促销活动品类，关键词包括支付宝、现金红包、夏季、福利和活动，品牌偏好支付宝，使用场景涉及在线移动支付、季节性促销（如夏季扭扭节）和现金奖励领取。
不喜欢：该用户不喜欢信用卡申请和银行服务，如招商银行相关产品，基于未点击行为反映出对银行信用卡办理的回避。",0,complete
977562,"喜欢：用户偏好出行服务品类（如顺风车出行），关键词包括花呗金、优惠券、出行特惠，品牌涉及高德打车和支付宝（花呗），使用场景为上班通勤或日常出行需求，基于点击商品中的实体词和标题特征。

不喜欢：用户不喜欢曹操出行品牌或惊喜元素，基于未点击商品中与点击行为相反的实体词特征（如曹操司机、制造惊喜），尽管同样涉及高德打车红包券入口。",0,complete
576563,"喜欢：用户偏好公共服务（如社会保障、医疗待遇）、金融服务（花呗、余额宝）、健康活动（献血、游泳），关键词包括浙江、社会保障、献血，品牌涉及支付宝生态（如花呗、余额宝），使用场景为日常公共服务办理（如浙里办）、健康管理和金融交易。

不喜欢：用户对教育主题（如学区房、在线教育概念）不感兴趣，基于未点击行为中与医疗/公共服务主题相反的特征。",0,complete
1018398,"喜欢：用户偏好支付宝相关的红包活动（如扭扭节福利）、茶叶品类（白茶、菊花茶、蜜桃乌龙茶）、纸巾（婴儿抽纸、柔纸巾）、水果（长西瓜），以及租赁服务（免押金租赁），品牌包括支付宝和立顿，使用场景涉及夏季扭扭节活动、冬季家居用品支付（如停车支付、电费）和日常任务（如蚂蚁庄园游戏）。

不喜欢：用户不喜欢话费充值、提现服务（如天天提现）、开宝箱类活动（如月月赚），特别是涉及中国移动、电信、联通等运营商的促销（如全国通充值）。",0,complete
1828648,"### 用户兴趣偏好总结（场景0）
喜欢：用户偏好金融理财品类（如基金、理财服务），关键词包括理财、支付宝、升级，品牌以支付宝为主，使用场景为支付宝应用内的理财活动及功能更新（如消息盒子升级），基于交易行为中的基金实体（如国投瑞银增利宝货币A）、服务使用中的理财服务、搜索关键词中的理财相关词（如余额宝、财通），以及点击商品中的理财和支付宝活动实体。  
不喜欢：用户不喜欢理财攻略类内容，特别是全攻略和强调优惠获取的特征（如薅50元、实物奖），基于未点击商品中的全攻略实体与点击行为（偏好公告/升级而非攻略）相反，且未点击商品实体词（全攻略）与点击实体（升级）形成对比。",0,complete
351492,"喜欢：用户偏好旅游探索类内容，特别是自驾游和中国江南地区的秘境探访，偏好品类包括户外活动和文化遗产，关键词如自驾、江南秘境、中国，使用场景为休闲旅游和文化体验；品牌方面无直接偏好信息，但整体倾向自然与人文结合的主题。

不喜欢：用户对消费券、本地促销和新闻类内容不感兴趣，基于未点击行为，特征包括消费券、温州市、温度新闻等，表明对实用消费、本地优惠和新闻更新缺乏兴趣。",0,complete
260856,"喜欢：用户偏好流量卡品类（如9元、19元无限流量卡），关键词包括免费申请、包邮到家，品牌涉及易尊、中国移动、电信、联通，使用场景为在线申请移动通信服务，满足低成本、便捷的流量需求。

不喜欢：用户不喜欢360G无限流量卡、鲜花定制配送服务（如同城鲜花配送），以及流量包充值特惠，这些特征与点击的低价免费申请行为相反，表明对高价变体或非通信类服务缺乏兴趣。",0,complete
1119040,"喜欢：偏好美食探索（如地方特色菜肴如阳澄湖大闸蟹、日式烧鸟和闽南菜）、旅行景点（如西藏南迦巴瓦和南京金融城海鲜自助）、家居装修（现代简约风、软装布置）、宠物护理（自制宠物零食和养猫指南）、汽车维护（倒车入库、发动机故障处理）、美容产品（TF唇釉、高光分享）、生活小妙招（收纳技巧、DIY花瓶）和安全服务（账户安全）；关键词包括美食达人、旅行日记、养猫、汽车费油、收纳；品牌如TF、Sansui；使用场景涵盖家庭烹饪、出行规划、休闲娱乐（如下午茶）和安全防护。

不喜欢：简单家常烹饪（如炖蛋和油焖茄子）、儿童教育内容（如宝宝互动和学画画）、宠物细节（如猫咪胡须秘密）、节日主题（如圣诞老人绘画）、基础健身（如瘦手臂）和简单艺术（如简笔画），这些特征与用户点击的实用、娱乐导向内容相反。",0,complete
796600,"喜欢：用户偏好公益类内容，特别是动物保护（如华南虎、麋鹿）和互动游戏（如神奇卡），涉及品类包括公益服务（如芭芭农场、蚂蚁庄园）、游戏道具，关键词如华南虎、麋鹿，品牌如芭芭农场，使用场景为在线公益参与和游戏化互动（如种果树、公益抽卡），基于点击商品和交易行为（如公益、种果树）及服务使用（如公益平台、种果树）。

不喜欢：用户对海洋保护、绿色生活小妙招以及古树相关主题不感兴趣，这些特征与点击的动物保护内容相反，基于未点击商品实体（如海洋、生活小妙招、古树）。",0,complete
1191750,"喜欢：该用户偏好酒店预订和铁路购票服务，尤其关注优惠活动和红包福利，品牌如锦江酒店和12306，使用场景涉及出行住宿（如酒店公寓入住）和购票（如12306购票），关键词包括优惠、红包、预定、购票。

不喜欢：该用户对12306的新功能更新、话费充值促销（如特惠充、积分活动）以及学生优惠资质核验流程不感兴趣，关键词包括上新、特惠充、流程，品牌如中国移动，使用场景涉及话费充值和学生优惠操作。",0,complete
1306759,"喜欢：该用户偏好金融服务品类，特别是借款和消费信贷工具；关键词包括备用金、借款平台、消费额度和先用后付；品牌倾向晚点付相关服务（如点击商品中的""晚点""实体）；使用场景聚焦于急缺资金时寻求即时金融支持，如开通额度用于消费或应急借款。

不喜欢：基于未点击商品，该用户不喜欢投资相关话题（如标普500和纳斯达克）、额度管理问题（如冻结或提升额度技巧）以及被动金融讨论（如通货膨胀），这些特征与点击行为中获取即时资金的偏好相反。",0,complete
1926917,"喜欢：用户偏好天气灾害信息（如台风和暴雨预警）、城市交通服务（尤其地铁免费服务）、生活相关主题（如女生保护）；关键词包括台风、暴雨、地铁、免费、女生；品牌涉及支付宝（基于搜索和交易行为）；使用场景为出行规划（如地铁乘坐）、天气监测（如台风路径查询）和日常生活信息获取（如新闻事件）。

不喜欢：用户不偏好泛化的天气预报（如河北省气象台发布）、特定区域天气影响（如东北或华南的台风预警）以及办事平台推广（如豫事办体验），这些特征与点击的具体事件和实用服务相反。",0,complete
1758004,"喜欢：用户偏好通信服务品类，特别是手机流量卡和充值服务，关键词包括免费、申请、无限流量，品牌如中国联通和中国移动，使用场景为在线申请流量卡和手机充值（基于点击商品实体词如电话卡一证通查、移动流量卡、中国联通、免费，以及交易行为实体如充值卡、手机充值，服务使用实体如话费充值、中国联通，搜索关键词如流量卡、电话费）。
不喜欢：用户不喜欢金融投资品类（如原油价格）、腾讯品牌的流量卡服务、以及消费券优惠活动，关键词如腾讯、消费券，品牌如腾讯，使用场景涉及能源市场和优惠促销（基于未点击商品实体词如成品油、原油价格、腾讯、消费券、优惠福利，与点击行为相反的特征，即未点击商品中包含腾讯相关服务或无关金融主题）。",0,complete
193637,"喜欢：用户偏好出行服务品类（如打车、网约车），关键词包括打车、优惠券和出行，品牌如高德打车，使用场景涉及日常通勤和旅行（基于点击商品、交易行为中的滴滴出行/火车票/酒店、服务使用中的网约车/高德打车、搜索关键词中的哈啰出行/高德）。

不喜欢：用户不喜欢金融投资相关内容（如债市和猜涨跌），与出行兴趣相反（基于未点击商品实体词）。",0,complete
528355,"喜欢：用户偏好科技产品品类，特别是小米品牌手机的内存优化，关键词涉及维修（如搜索中的""手机维修服务""、""家电""）、使用场景包括日常手机维护和外卖点餐（从交易行为如""外卖订单""和服务使用如""饿了么""体现）。
不喜欢：用户对金融储蓄类内容不感兴趣，如未点击商品的""笔笔攒心愿储蓄""，与理财工具相反，体现为对储蓄、心愿金等关键词的回避。",0,complete
43157,"喜欢：用户偏好支付宝平台的活动，特别是夏季主题的红包奖励和福利发放，涉及偏好品类如数字支付服务（如红包、花呗），关键词如支付宝、夏天、红包、福利，品牌为支付宝，使用场景包括在线参与扭扭节活动、领取现金红包奖励和福利发放。

不喜欢：用户不喜欢饿了么相关的服务，如免费领水果和外卖优惠，涉及偏好品类如外卖服务、果园活动，关键词如饿了么、领水果、会员优惠券，品牌为饿了么，使用场景为果园免费水果领取和外卖红包会员优惠。",0,complete
150041,"喜欢：用户偏好金融品类，特别是招商银行的信用卡申请服务，关键词包括""申请办理""和""招商银行""，品牌为招商银行，使用场景涉及银行相关事务如信用卡办理和额度管理。

不喜欢：用户对通信服务品类不感兴趣，如流量卡和手机卡办理，关键词包括""免费""、""流量卡""和""手机卡""，品牌涉及联通、电信和移动，使用场景为手机卡申请或流量卡办理。",0,complete
871547,"喜欢：用户偏好海洋主题的数字公仔壁纸，包括新品上架（上新啦）和壁纸装饰品类，关键词如海洋、壁纸，品牌涉及数字公仔相关，使用场景为个人娱乐装饰，结合交易行为中的玩具和卡牌兴趣，以及服务使用中的公益项目（如海洋保护）和搜索关键词（如蚂蚁能量），体现对静态、视觉化内容的兴趣。

不喜欢：用户不偏好互动性强的公益游戏（如蚂蚁森林、小鸡盲盒）、科普内容（如大熊猫知识）或社区互动（如评论区讨论），基于未点击商品中与点击行为相反的特征，如蚂蚁森林、盲盒上新、科普和社区元素。",0,complete
150926,"喜欢：用户偏好金融知识类内容（如五险一金等社会保障主题）、生活服务缴费（电费、生活缴费）、赚钱活动（赚零钱、签到领红包、积分兑换）和理财管理（现金、红包、理财服务），关键词包括现金、积分、红包、缴费、贷款、提现额度，品牌涉及支付宝、中国移动及银行（如招商银行、中信银行），使用场景集中于日常支付（扫码支付、商户代扣）、缴费操作（电费、话费充值）和优惠参与（做任务、集分宝）。

不喜欢：用户对信用卡相关主题（如申请、科普、免息期）和提现手续费细节（如支付宝提现操作、微信支付免费券）不感兴趣，避免点击涉及信用卡办理、提现额度优化或社保断缴具体解决方案的内容。",0,complete
188757,"喜欢：用户偏好科技产品租赁品类，特别是手机和电脑相关，如苹果品牌（Apple）产品；关键词包括租手机、苹果手机租赁和手机拍照；使用场景涉及设备租赁用于个人摄影或日常科技需求，如去除路人或更换天空背景。

不喜欢：用户对加油、油品和油价相关的内容不感兴趣，避免汽车燃料品类；关键词如加油和油品；使用场景涉及汽车维护或能源消费，如油价关注或油品疑问。",0,complete
644570,"喜欢：用户偏好公益环保类内容，特别是蚂蚁森林相关的古树保护活动，涉及城市如福州和济南，关键词包括古树保护、蚂蚁森林、公益，品牌倾向支付宝生态服务（如蚂蚁森林），使用场景为在线绿色行动和惊喜上新项目。
不喜欢：用户不喜欢缺乏惊喜元素、上新主题或具体城市关联的古树保护内容，如重复的公益宣传。",0,complete
1731246,"喜欢：偏好品类包括支付服务、话费充值和现金奖励；关键词如现金、红包、充值、话费、支付宝；品牌涉及支付宝（从服务使用和搜索数据体现）和中国移动（交易行为中）；使用场景为日常支付、家庭亲情卡充值及节日活动（如十一）。

不喜欢：偏好品类相反，如投资理财和商业收款；关键词如牛市、加仓、我的家、兑换；使用场景包括投资决策（如股票方向）和个人生活主题（如流浪挑战），与点击行为形成鲜明对比。",0,complete
1394098,"喜欢：该用户偏好高端户外品牌（如始祖鸟兔年限定）、运动相关品类（如运动鞋、卫衣）、品牌包括苹果和华为，使用场景涉及购物支付（如支付宝、条码支付）、交通出行（如乘车码、助力车）和健康管理（如健康码、公益种树）。

不喜欢：用户对粉丝福利、会员特权等泛泛营销促销内容不感兴趣，如""宠粉""和""特权""相关活动。",0,complete
1310766,"喜欢：用户偏好支付宝平台的夏季红包活动，偏好品类包括在线福利和红包奖励，关键词如支付宝、夏天、红包、福利和奖励，品牌偏好支付宝，使用场景为夏季在线福利领取和消费红包互动。

不喜欢：用户不喜欢与进货相关的商业红包活动，基于未点击商品的特征（如进货红包），与点击行为中消费红包相反。",0,complete
1869515,"喜欢：偏好品类为通信服务（如流量卡、手机卡），关键词包括免费、办卡、无限流量，品牌涉及中国移动、中国联通、阿里宝卡，使用场景聚焦于办理网络服务和获取免费通信资源。

不喜欢：基于未点击商品特征，不喜欢信用卡申请（如招商银行）、支付宝任务领红包、充值话费、红包活动等金融或任务型服务。",0,complete
897138,"喜欢：该用户偏好现金红包和福利活动，偏好品类包括理财（如搜索关键词中的理财、健康金）和游戏互动（如服务使用实体中的消除游戏、泡泡龙），关键词如现金、红包、福利，品牌偏好支付宝（从点击商品和搜索实体体现），使用场景涉及在线支付（如交易行为中的花呗、余额宝）和日常娱乐（如服务使用中的抽奖、小游戏）。
不喜欢：用户不喜欢季节特定活动（如夏季、夏日）和大奖促销，基于未点击商品中与点击行为（无季节词）相反的特征，如强调夏天、夏日等季节元素和活动、大奖等促销形式。",0,complete
1332491,"喜欢：该用户偏好通信类产品如电话卡、流量卡（特别是大王卡和电信卡），关键词包括现金、赚钱、支付宝、签到（如服务使用中的""赚现金""、""支付宝""和搜索中的""天天赚点""、""签到""），品牌涉及支付宝、腾讯相关（如搜索中的""腾讯""、""支付宝""），使用场景集中在移动支付、任务赚钱和日常消费（如交易行为中的""转账""、""余额宝""和服务使用中的""做任务""、""充值话费""）。
不喜欢：用户对贷款、提现、银行卡额度相关服务不感兴趣，如周转资金、免费额度评估（基于未点击商品实体词""周转资金""、""免费""、""银行卡""、""额度""、""提现""，与点击行为中的通信产品特征相反）。",0,complete
834299,"喜欢：用户偏好支付宝品牌下的金融支付服务，关键词包括现金红包、夏天、福利和夏季活动，品类涵盖红包福利和在线娱乐，使用场景为夏季在线福利领取和娱乐互动（基于点击商品实体词如支付宝、夏天、抽现金红包，以及服务使用实体如支付宝、余额宝和搜索关键词如红包、支付宝）。

不喜欢：用户不喜欢单反相机租赁产品，如佳能5D4，表明对相机设备品类不感兴趣（基于未点击商品实体词单反相机、佳能5d，与点击行为中福利活动特征相反）。",0,complete
1092062,"喜欢：用户偏好金融账单管理品类，关键词包括还款日、帐单和账单日，品牌如支付宝和花呗，使用场景涉及个人财务调整、支付服务优化及主动控制还款周期。
不喜欢：用户不喜欢花呗账单的通用解释或不相关群体内容，表现为对花呗账单的普遍性信息及群体性描述缺乏兴趣。",0,complete
1006479,"喜欢：该用户偏好流量卡品类，特别是中国联通的无限流量卡（如360G），关键词包括办理、领取、小宝卡和大王卡，品牌为中国联通，使用场景为移动通信和流量充值服务，基于点击行为（如联通流量卡申请）和搜索关键词（如流量卡、额度）的匹配。

不喜欢：用户不喜欢电信品牌的流量卡（如电信9元无限流量卡）、招商银行的信用卡申请、招聘信息（如广发银行招聘）以及支付宝提现服务，这些未点击商品的特征（如申请办理、找工作、提现）与点击行为相反，体现对非联通流量卡、金融申请及非流量相关服务的回避。",0,complete
1163215,"喜欢：用户偏好理财品类（如基金、红包、抽奖活动），关键词如免费、大奖、理财，品牌如支付宝、蚂蚁财富、余额宝，使用场景为在线抽奖、公益参与（如芭芭农场、蚂蚁庄园）和金融投资（如定投、理财产品）。
不喜欢：基于未点击商品特征，用户不喜欢益智玩具、国潮产品、投资操作内容（如医疗反转、加仓）和债券基金。",0,complete
1710832,"喜欢：用户偏好交通出行服务品类，特别是打车相关优惠券（如出行优惠券领取、领券），关键词包括打车、优惠券、省钱，品牌倾向高德打车，使用场景聚焦于出行省钱和便捷支付（如支付宝、花呗支持）。

不喜欢：用户不喜欢顺风车服务（如未点击商品中的顺风车特征），对特惠打车形式兴趣较低。",0,complete
12494,"喜欢：用户偏好支付宝相关的数字服务活动，如红包和夏季促销（偏好品类：数字服务/红包活动），关键词包括支付宝、红包、夏季、公益（从搜索关键词和点击实体词），品牌如支付宝（从点击商品），使用场景涉及在线参与促销活动、公益捐赠（从服务使用实体如公益捐步、蚂蚁庄园）。

不喜欢：用户不喜欢户外旅游和探险活动，如自驾和探访自然秘境（基于未点击商品实体词如自驾、江南秘境，与点击的在线活动特征相反）。",0,complete
1992632,"喜欢：用户偏好通信服务品类，特别是流量卡和手机卡申请；关键词包括办理、免费、联通流量；品牌偏好中国联通；使用场景为在线申请和网上营业厅。
不喜欢：用户不喜欢信用卡相关品类；关键词如信用卡额度、赚现金；品牌如招商银行、中国移动；使用场景如金融借贷、彩票和红包活动。",0,complete
1704713,"喜欢：用户偏好支付宝相关的现金红包和福利活动，偏好品类包括红包奖励和夏季促销（如""现金红包""、""夏天""），关键词为支付宝、现金红包、夏天，品牌涉及支付宝（从点击商品和交易行为），使用场景为日常支付服务（如便利店、奶茶店消费）和夏季活动（如扭扭节领红包）。

不喜欢：用户不喜欢基金、理财直播和债券基金相关的内容，基于未点击商品的特征如直播间、基金经理、债券基金等，与点击行为相反。",0,complete
1322885,"喜欢：用户偏好出行服务品类（如打车、公交），关键词包括出行、打车、优惠券（从搜索关键词""出行""、""打车""、""消费券""和点击实体词""出行""、""打车""、""优惠劵""体现），品牌如高德打车和享道出行（从点击商品实体词""高德打车""、""红包|享道出行""确认），使用场景为日常出行优惠（如点击商品标题显示""领券打车特惠出行""）。

不喜欢：用户不喜欢花小猪打车品牌（从未点击商品实体词""花小猪打车""和标题""花小猪打车在送68元踏青礼包""体现，与点击的高德打车优惠相反），以及踏青相关活动或520主题内容（从未点击实体词""踏青""、""520""和标题""踏青之旅""、""520还能这么“花”""推断）。",0,complete
629720,"喜欢：用户偏好快速充电技术（如快充、闪电快充）、智能手机品牌iQOO、在线证件服务（如无犯罪记录证明申请），以及从交易和服务数据中体现的餐饮外卖（如饿了么、淘宝）、金融理财（如支付宝、余额宝）、共享充电场景（如街电、来电充电），关键词包括融合、申请入口，使用场景涉及在线申请和充电服务。

不喜欢：用户不喜欢断电应急事件和汽车放电功能（如""唐""指代比亚迪唐汽车），基于未点击商品中与点击行为相反的断电、救急特征，反映出对电力中断和汽车相关应急服务的排斥。",0,complete
327813,"喜欢：偏好科技半导体品类和直播服务，关键词包括直播、半导体、稳健理财（从搜索关键词如""理财直播""、""稳健理财""），品牌涉及支付宝平台（从服务使用如""支付宝""、""淘宝直播""），使用场景为在线理财投资和科技趋势学习（基于点击商品标题和实体词）。
不喜欢：基于未点击商品特征，不喜欢债券基金品类、节日主题（如七夕）、黄金概念、恋爱相关理财内容、以及基建投资等（从未点击实体词如""债券基金""、""七夕""、""黄金概念""、""恋爱""、""基建""）。",0,complete
1086803,"喜欢：偏好品类包括交通服务（如打车特惠）、公益项目（如捐赠、种树）和数字娱乐（如支付宝游戏），关键词涉及特惠、公益、支付宝相关服务，品牌主要为花小猪打车和支付宝，使用场景聚焦出行优惠、公益捐赠和休闲娱乐活动。

不喜欢：基于未点击商品特征，不喜欢哈啰出行品牌和赛博朋克主题的内容。",0,complete
1772155,"喜欢：用户偏好金融理财品类（如基金投资和赚金币活动），关键词包括理财、攻略、赚金币，品牌涉及支付宝和蚂蚁财富，使用场景聚焦于理财节攻略和游戏赚金币互动。

不喜欢：用户不喜欢福利领取和薅羊毛等促销性质内容，如财富日福利、定投省钱卡和被动省钱工具。",0,complete
1120221,"喜欢：该用户偏好金融理财品类，关键词如理财、福利、攻略，品牌如支付宝、蚂蚁财富（基于交易行为中的""蚂蚁财富""、""余额宝""和服务使用中的""理财服务""），使用场景包括投资理财、省钱和省钱卡消费（从交易行为""省钱卡""、服务使用""攒现金""和搜索关键词""理财直播""、""月月赚""等推断）。

不喜欢：基于未点击商品中与点击理财行为相反的特征，用户不喜欢评论有奖活动、游戏（如套圈游戏）、存钱小技巧、美食券和黄金票相关的内容（从未点击商品实体词""评论有奖""、""套圈""、""存钱""、""大牌美食""、""黄金票""等推断）。",0,complete
1746025,"喜欢：用户偏好健康保险和金融服务品类，关键词包括医保、电子凭证、激活、红包和优惠券，品牌如支付宝和中国联通，使用场景涉及在线支付、健康管理和金融交易（如医保电子凭证激活、账单支付）。

不喜欢：用户对健身服务、体育赛事和达标活动不感兴趣，基于未点击商品的特征（如健身服务、乐动力、免费场馆和体育中心）。",0,complete
1116000,"喜欢：偏好支付宝品牌，涉及现金红包、福利奖励和夏季主题（如夏天、夏日）的金融优惠活动；关键词包括现金、红包、福利；使用场景为线上支付、福利领取和公益相关（如公益基金会、捐赠）；品类涵盖金融支付和优惠促销。

不喜欢：基于未点击商品，不喜欢饿了么品牌、外卖服务、会员优惠券和免费领水果等特征，与支付宝现金福利活动形成鲜明对比。",0,complete
198995,"喜欢：该用户偏好农业和乡村生活品类（如贝贝南瓜、鸡蛋、豆腐皮），关键词包括点石成金、守护、探索奥秘，品牌涉及支付宝相关服务（如芭芭农场、蚂蚁庄园），使用场景为乡村守护、新农人活动和日常探索（基于点击商品标题和实体词，结合交易行为中的农产品及服务使用中的农场互动）。

不喜欢：该用户不喜欢负面结局和个人失败主题的内容，如点石成金导致贫穷的男性主导故事（基于未点击商品标题和实体词中与点击行为相反的负面特征）。",0,complete
1527186,"喜欢：用户偏好金融产品如信用卡申请和贷款服务（基于点击商品和搜索关键词），关注品牌可靠性如微贷网和银行（广发、平安等），关键词包括申请、额度、分期（从搜索和点击实体词提取），使用场景涉及金融查询、赚钱任务和支付工具（如支付宝、花呗，从服务使用和交易行为体现）。

不喜欢：用户对电信相关服务如流量卡申请、话费充值、会员优惠（如蚂蚁会员、v会员）和免费申请类商品不感兴趣（基于未点击商品实体词），这与点击行为中金融焦点相反，表现为避免流量卡、充值服务和特惠办理。",0,complete
644984,"喜欢：用户偏好理财相关品类，如余额宝和支付宝服务，关键词包括理财、福利、攻略、现金红包，品牌涉及支付宝（从搜索关键词和服务使用实体推断），使用场景聚焦于理财节、省钱支付和福利获取（基于点击商品标题、交易行为实体如余额宝和转账收款、服务使用实体如现金红包和赚钱红包、搜索关键词如现金和支付有礼）。

不喜欢：用户不喜欢黄金投资相关品类，如买黄金和黄金票，基于未点击商品标题和实体词（小白、新手、科普帖）与点击行为（理财福利攻略）相反的特征，表现为对新手科普和黄金票领取的回避。",0,complete
78240,"喜欢：用户偏好金融服务品类，特别是信用卡申请；关键词包括信用卡、额度评估和分期贷款；品牌如交通银行；使用场景在金融管理和办卡（基于交易行为中的信用卡、转账、红包，服务使用中的信用卡办理、现金领取，搜索关键词中的信用卡、额度评估、分期贷款，以及点击商品中的交通银行信用卡申请）。

不喜欢：用户不喜欢流量卡相关产品，如免费申请、提现额度和无限流量服务（基于未点击商品实体词中的流量卡、免费、提现、额度，与点击行为中信用卡特征相反）。",0,complete
93179,"喜欢：该用户偏好出行服务品类，关键词包括出行特惠、优惠券和打车，品牌偏好高德打车，使用场景涉及出行省钱和优惠券领取（基于点击商品和搜索关键词如打车券、滴滴出行，以及交易行为中的出行费用、用车费用）。

不喜欢：用户不喜欢花小猪打车相关的踏青主题促销，如踏青礼包（基于未点击商品与点击行为相反的特征，即未点击花小猪打车优惠而偏好高德打车）。",0,complete
1732982,"喜欢：该用户偏好流量卡品类，特别是无限流量套餐；关键词包括""无限流量""、""免费办理""和""腾讯大王卡""；品牌偏好腾讯、电信和中国联通；使用场景涉及办理流量卡和手机充值，如从点击商品和服务使用实体（如流量卡办理、话费充值）体现。

不喜欢：该用户不喜欢信用卡申请、支付宝积分兑换和外卖优惠券，这些特征在未点击商品中（如交通银行信用卡、支付宝积分好物、美团饿了么优惠券）与点击行为（流量卡相关）相反。",0,complete
1868778,"喜欢：用户偏好支付宝相关的夏季福利活动，包括现金奖励和线上互动，关键词如夏天、夏季、现金，品牌支付宝，使用场景为夏季线上红包活动（基于点击商品标题和实体词，如“支付宝福利活动”、“夏天”、“现金”，并得到交易行为中支付宝扫码支付、服务使用中支付宝红包、搜索关键词中支付宝和集五福的支持）。
不喜欢：用户不喜欢类似支付宝夏日现金红包活动，特别是强调“红包”的表述（基于未点击商品实体词“红包”与点击行为中“福利活动”和“奖励”特征相反）。",0,complete
1369316,"### 用户兴趣偏好总结（场景0）
喜欢：用户偏好金融投资品类，特别是军工、半导体、光伏、汽车等板块的基金和股市分析；关键词包括加仓、反转、反弹、政策、指数；品牌倾向元芳和光年（投资建议来源）；使用场景集中于实时市场操作、加仓决策、反弹预测和政策影响分析，体现对积极交易策略和高波动板块的关注。

不喜欢：用户不喜欢观察、谨防主题的内容；偏好品类如黄金、白酒、游戏；关键词包括鸡汤、粉丝、体验；使用场景涉及情感支持、日志分享和谨慎观望，与点击行为中积极操作特征相反。",0,complete
524225,"喜欢：该用户偏好电影（尤其是动作片如《巨齿鲨2》），关键词包括口碑、深渊、双雄，品牌涉及支付宝、饿了么，使用场景为娱乐观影、在线支付和外卖服务；同时偏好餐饮小吃（如烧烤、鸡排）、运动赛事（如亚运会）和会员服务（如vip会员），基于点击商品、搜索关键词（电影、淘票票电影、支付宝）和交易行为（外卖订单、炸鸡烧烤、充值中心）。

不喜欢：该用户不喜欢负面社会问题内容，如报复、家庭纠纷、电话欠费停机等特征，基于未点击商品实体词（报复、买家、家人、欠费、停机），与点击的娱乐电影内容相反。",0,complete
1738535,"喜欢：用户偏好支付宝相关的福利和红包奖励，尤其对夏季主题的促销活动感兴趣，偏好品类包括红包和福利服务，关键词如支付宝、红包和夏季，品牌如支付宝，使用场景涉及日常福利领取和红包获取（如支付宝福利发放和夏季扭扭节活动）。

不喜欢：用户不喜欢抽奖类活动和薅羊毛主题，如免费大奖和抽奖游戏（基于未点击商品中的抽奖、薅羊毛和免费大奖特征）。",0,complete
1115370,"喜欢：用户偏好支付宝相关的活动、红包和夏季主题，包括品类如节日促销和现金福利，关键词如支付宝、红包、夏天、夏日、夏季，品牌支付宝，使用场景在季节节日活动和线上福利领取（如扭扭节活动）。

不喜欢：用户不喜欢话费充值、提现服务和月月赚相关产品，基于未点击行为，与移动运营商（如中国移动、电信、联通）和提现功能相关。",0,complete
1413824,"喜欢：偏好金融投资品类（如基金、股票市场），关键词包括纳斯达克、美股、A股、加仓、半导体、白酒、油气等，品牌涉及蚂蚁财富、支付宝等金融平台，使用场景为实时市场趋势分析、操作决策建议和投资组合管理。

不喜欢：基于未点击商品特征，不喜欢内容聚焦个人收益/亏损报告、精准预测评估和具体业绩成本分析，如医疗白酒精准预测或基金收益亏损细节。",0,complete
29589,"### 用户兴趣偏好总结（场景0）
喜欢：偏好支付宝相关的红包福利活动，关键词包括支付宝、红包、夏天、福利，品牌偏好支付宝，使用场景为夏季主题促销和在线红包领取。  
不喜欢：缺乏季节元素的福利活动，如纯现金红包，没有夏季主题。",0,complete
410283,"喜欢：偏好品类包括金融理财（如公积金提取、基金、股票投资）和公益慈善（如公益捐赠、助学计划），关键词涉及公积金、基金、新能源车等，品牌如支付宝（服务使用）、Apple（交易实体），使用场景主要为金融交易（转账、信用卡还款）和公益参与（捐赠、种树）。
不喜欢：基于未点击商品特征，不喜欢娱乐装饰品类（如壁纸、数字公仔），关键词如海洋、上新啦等，品牌未体现，使用场景为数字娱乐内容消费。",0,complete
291423,"喜欢：用户偏好健康服务品类，关键词如医保卡和家庭共济网，品牌如familymart（基于点击实体），使用场景为家庭医保管理和健康保障（从点击商品标题和交易行为中的医疗、第一人民医院等实体推断）。

不喜欢：用户不喜欢外卖服务品类，关键词如饿了么和水果，品牌如饿了么（从未点击商品实体推断），使用场景为外卖点餐和水果福利（与点击行为相反，基于未点击商品标题和实体）。",0,complete
1018647,"喜欢：用户偏好汽车相关品类，如油品和加油站服务；关键词包括加油、油品；品牌如中油好客e站；使用场景在日常通勤和汽车维护中，体现对实用汽车知识的兴趣。  
不喜欢：用户对餐饮套餐类内容不感兴趣，如年夜饭套餐，与点击的油品主题形成鲜明对比。",0,complete
390033,"喜欢：用户偏好茶饮品类如喜茶，关键词包括优惠、红包、新品和自助点单，品牌涉及喜茶和支付宝，使用场景为餐饮优惠获取和支付服务，基于点击行为和搜索数据体现对茶饮优惠的强烈兴趣。

不喜欢：用户不喜欢花小猪打车品牌、踏青礼包以及龙井拿铁等特征，基于未点击商品与点击行为相反的特征（如出行服务与茶饮优惠的对比）。",0,complete
1267093,"喜欢：用户偏好免费抽奖和薅羊毛活动，喜欢赚钱红包、游戏玩乐类服务（如抽奖平台和互动小游戏），关键词包括免费、抽奖、薅羊毛，品牌如支付宝和饿了么（基于搜索关键词），使用场景在数字生活娱乐和省钱活动（如通过步数打卡或外卖点餐赚取现金）。

不喜欢：用户不喜欢强调""回家""或""大奖""的抽奖活动（基于未点击商品实体词与点击行为相反的特征），与薅羊毛的乐趣感相冲突。",0,complete
1874713,"喜欢：用户偏好支付宝平台的夏季促销活动，涉及现金红包、福利奖励等金融理财品类（如余额宝、理财服务），关键词包括现金、支付宝、夏季，品牌以支付宝为主，使用场景为线上任务（如芭芭农场种果树、蚂蚁庄园养小鸡）和季节性优惠。

不喜欢：用户不偏好秋日主题的抽红包活动，如薅羊毛，与夏季和正式奖励特征相反。",0,complete
1465487,"喜欢：该用户偏好支付宝品牌的金融活动（如红包福利和夏季主题促销），关键词包括支付宝、红包、活动、夏季，使用场景涉及在线支付、优惠参与和理财服务，基于点击行为中对支付宝扭扭节活动和大奖红包的兴趣。

不喜欢：用户不喜欢涉及银行存款计算、具体金额收益的内容（如""10万存款一年能挣多少钱""），或重复的福利广告（如""领现金红包""和""抵扣""），这与点击行为中强调活动和大奖的特征相反。",0,complete
1792320,"喜欢：用户偏好支付宝平台的现金红包和福利领取活动，涉及品类如投资（国金及第中短债债券A）、日常消费（生鲜超市、大润发）和任务型服务（蚂蚁庄园、芭芭农场），关键词包括现金、红包、福利和投资，品牌如支付宝、维达和心相印，使用场景包括支付（余额宝、花呗）、任务赚现金（如种果树、养小鸡）及生活缴费（电费、交水电煤气费）。  
不喜欢：用户对""省咖""和""消费金""相关的内容不感兴趣，这与未点击商品的特征相反，表现为对省钱导向或消费积分类服务缺乏点击意愿。",0,complete
145983,"喜欢：用户偏好环保和绿色生活品类，关键词包括""保护""、""海洋""、""生活小妙招""，品牌涉及支付宝相关服务（如余额宝、蚂蚁森林），使用场景为在线互动和分享生活技巧，基于点击商品体现对环保参与式内容的兴趣。
不喜欢：用户不喜欢育儿主题（如""带娃攻略""）、历史自然探索（如""古树""、""红树林""）或蚂蚁森林搞笑内容，基于未点击商品中与点击行为相反的""暑期""、""动物""、""妈妈""等特征。",0,complete
1795067,"喜欢：该用户偏好支付宝相关的金融支付和优惠活动品类，尤其关注红包、现金奖励和福利发放；关键词包括支付宝、红包、现金、福利；品牌偏好支付宝；使用场景涉及在线支付、季节促销（如夏天）和互动任务（如扭扭节活动），同时体现对现金领取、游戏玩乐和日常消费的积极兴趣。

不喜欢：基于未点击商品，用户不喜欢债券基金、基金投资及黄金相关产品，与点击的优惠活动相反，具体表现为对债券基金、直播间、买基金、黄金概念和恋爱主题的消极态度。",0,complete
824355,"喜欢：用户偏好在线交易纠纷内容，特别是涉及买家报复的主题，偏好品类包括游戏交易和电商平台（如交易猫、淘宝），关键词如报复、买家，品牌如支付宝、Apple，使用场景涵盖在线服务、公益捐赠和共享充电宝。
不喜欢：用户不喜欢账号找回行为、线下打击行动，尤其是交易猫相关的内容。",0,complete
1507136,"喜欢：用户偏好支付宝品牌的红包活动，关键词包括支付宝和红包，偏好品类为金融促销（如现金红包、理财服务），使用场景涉及在线支付、优惠获取和日常消费（如外卖点餐、转账收款），基于点击行为和整体数据（如服务使用中的支付宝、余额宝，搜索中的红包、理财，交易中的支付宝、红包）。

不喜欢：用户不喜欢强调免费或自动抵扣的促销方式，具体特征如""免费""和""抵扣""，基于未点击商品与点击行为的对比（点击商品仅突出红包获取，未点击商品额外强调免费发放和支付抵扣）。",0,complete
1495792,"喜欢：该用户偏好金融借贷品类，关键词如额度、申请、备用金、花呗和借贷，品牌涉及支付宝相关服务（如花呗），使用场景包括节日消费（如情人节、七夕）的额度管理和金融申请需求。

不喜欢：基于未点击商品特征，用户不喜欢游戏相关（如小呗游戏）、红包封面定制、实物礼物（如三星手机）和额度冻结问题等内容。",0,complete
1318017,"喜欢：用户偏好金融支付服务品类，如支付宝红包活动和余额宝理财；关键词包括支付宝、红包、夏天和活动；品牌偏好支付宝；使用场景涉及在线支付、红包领取和日常消费（如水果、蔬菜），基于点击行为（支付宝扭扭节福利）和搜索关键词（支付宝、红包、花呗）支持。

不喜欢：用户不喜欢医疗话题、投资建议（如加仓跑路）和抽奖活动（如免费抽大奖），这些特征与点击行为相反，基于未点击商品实体（医疗、反转、加仓、抽奖、薅羊毛、免费）体现。",0,complete
237230,"喜欢：偏好金融理财品类（如红包、理财服务），关键词如现金红包、支付宝、夏日促销，品牌如支付宝、余额宝，使用场景包括生活缴费（如电费、水费）和季节性优惠活动（如夏日扭扭节）。
不喜欢：基于未点击商品，不喜欢宠粉和特权相关的内容（如会员等级福利、粉丝专属优惠）。",0,complete
693377,"喜欢：用户偏好支付宝品牌的活动，关键词包括红包、现金福利、抵扣和理财，使用场景涉及支付宝促销如扭扭节和理财节，偏好品类为即时福利和数字支付服务（基于点击商品实体词如支付宝、红包、现金福利，以及搜索关键词如现金红包、支付宝）。

不喜欢：用户不喜欢储蓄相关产品，如存钱罐和攒钱工具，关键词如躺平、亲情卡和存钱，使用场景涉及被动储蓄和长期积累（基于未点击商品实体词如存钱、小猪攒钱罐、躺平，与点击行为中即时福利特征相反）。",0,complete
526114,"喜欢：用户偏好金融理财品类（如余额宝、闲钱理财），关键词包括红包、福利、夏季，品牌以支付宝为主，使用场景集中于在线福利领取和夏季促销活动（如扭扭节红包发放）。

不喜欢：用户不喜欢车辆相关品类（如新车、亚运会主题），关键词包括新款、亚运会，使用场景涉及新品发布或体育赛事推广。",0,complete
1753419,"喜欢：用户偏好支付宝品牌下的金融理财服务，如余额宝和花呗，关键词包括红包、福利和现金红包，使用场景涉及在线支付、理财和获取现金福利，偏好品类为金融理财和现金福利活动，基于点击商品和搜索关键词（如红包、余额宝、花呗）的频繁出现。

不喜欢：用户对互动游戏、露营活动和花花卡等元素不感兴趣，基于未点击商品的特征（如露营、花花卡、互动），这与点击行为中强调的直接现金福利相反，反映出对社交互动和户外娱乐类内容的回避。",0,complete
614622,"喜欢：用户偏好金融投资品类，特别是科技主题如半导体、人工智能和医疗健康；关键词包括尾盘提醒、今天、加仓、大盘、芯片概念；品牌涉及蚂蚁财富、支付宝、嘉实基金和天弘基金；使用场景为实时市场监控和操作建议，如工作日尾盘时段进行投资决策。

不喜欢：基于未点击行为，用户不喜欢中性或负面描述的投资内容，如满仓、震荡回落、连续小幅上涨等关键词；避免非投资主题如广告费、稿费，以及过于自信的持仓总结。",0,complete
127287,"喜欢：该用户偏好环保公益相关品类，关键词包括保护、海洋、生活小妙招和蚂蚁森林能量，品牌涉及支付宝（基于服务使用如支付宝运动和蚂蚁庄园），使用场景为在线互动（如评论区分享）和公益参与（如公益捐款和种树活动）。
不喜欢：基于未点击商品特征，用户对科普知识（如涨知识和官方科普）、森林主题（如蚂蚁森林和古树）、特定动物保护（如大熊猫和华南虎）以及游戏化元素（如神奇卡）表现出较低兴趣。",0,complete
1174377,"喜欢：用户偏好电子产品品类，特别是苹果手机（如iPhone15和iPhone14 Pro Max），关键词包括分期、租用、价格和体验，品牌倾向苹果（Apple），使用场景涉及租赁服务和分期付款以节省成本或试用新设备。

不喜欢：用户对强调促销倒计时、高级租赁概念或平台可靠性营销的商品不感兴趣，这与点击行为中聚焦具体产品信息和真实体验的特征相反。",0,complete
386935,"喜欢：用户偏好支付宝平台的红包活动，关键词包括红包、现金、夏天、夏日和夏季，品牌以支付宝为主，使用场景聚焦于支付宝扭扭节领奖活动，涉及现金奖励和季节主题福利。

不喜欢：用户对饿了么果园、免费领水果及外卖会员优惠券不感兴趣，基于未点击商品中与点击行为相反的饿了么相关实体（如饿了么果园、领水果、会员优惠券）和外卖优惠特征。",0,complete
1091109,"喜欢：用户偏好支付宝生态系统相关的金融支付服务，如红包、消费券和活动参与（偏好品类：金融支付、健康管理、餐饮消费；关键词：支付宝、红包、夏天、活动；品牌：支付宝、花呗、余额宝；使用场景：日常线上支付、消费激励活动、健康健身场景）。

不喜欢：用户不喜欢复杂、难以理解或非激励性的内容，如模糊主题或需要额外认知努力的信息（基于未点击商品""明白""实体与点击行为相反特征）。",0,complete
413501,"喜欢：用户偏好支付宝平台的现金红包活动，尤其涉及夏天、夏季、奖励等关键词元素，品牌偏好支付宝，使用场景为参与支付宝的季节性促销（如扭扭节）获取现金红包和福利奖励，偏好品类包括数字红包和福利活动。

不喜欢：用户不喜欢支付宝现金红包活动中强调免费、抵扣等特征但缺乏夏天、夏季或奖励元素的类似内容，基于未点击商品中与点击行为相反的特征（如免费红包或支付抵扣）。",0,complete
546873,"喜欢：用户偏好鲜花定制和素雅风格的商品，涉及品类如鲜花、水果（如榴莲蛋糕、水果店）和餐饮（如湘品鲜长沙菜、外卖订单）；关键词包括""鲜花""、""定制""、""素雅""和""蛋糕""；品牌倾向支付宝、美团和朴朴超市；使用场景聚焦在线支付（如花呗、微信支付）、任务型消费（如做任务赚现金）和日常购物（如超级市场、外卖）。

不喜欢：用户不喜欢奢侈品、汽车相关产品以及涉及破产等负面事件的商品，这与点击行为中鲜花和素雅风格形成鲜明对比，具体表现为对高价值奢侈品（如阿里资产）、汽车（如宝沃牌）和促销事件（如双11惊喜）的回避。",0,complete
1421520,"### 用户兴趣偏好总结（场景0）
喜欢：偏好金融投资品类，关键词包括复盘、操作策略、科创、军工和半导体，品牌涉及蚂蚁财富、荣耀等金融服务，使用场景为在线市场分析、投资决策和个人理财，具体表现为对股市动态、科技板块（如人工智能、云计算）和策略性内容的强烈兴趣。  
不喜欢：与点击行为相反的特征，如具体证券反弹预判或过度自信的完美预测内容，避免涉及个人失误分享（如卖飞证券）或单一证券主题。",0,complete
736218,"### 用户兴趣偏好总结（场景0）

喜欢：用户偏好数字生活服务工具，特别是支付宝生态下的电子票据管理应用（如电子票夹），关键词包括票据、学会（学习使用），品牌涉及支付宝（从服务使用和搜索关键词高频出现），使用场景为日常生活票据保存和数字便利服务，结合交易行为中的家居用品（如床垫、被褥）和服务使用中的生活缴费、公交查询，体现对实用型数字工具的强烈兴趣。

不喜欢：用户不喜欢强调快速办理（如1分钟、一分钟）或舒适导向（如舒心）特征的类似服务，基于未点击商品中与点击行为相反的""舒心""和""1分钟""元素，尽管核心内容（电子票据、学会）相同，表明对营销化或简化版功能的反感。",0,complete
455064,"喜欢：用户偏好支付宝生态系统中的实用服务，包括偏好品类如话费充值（点击商品）、赚钱活动（服务使用中的赚零钱、现金领取）、运动健康（支付宝运动、步数记录）和公益参与（公益捐步、蚂蚁森林）；关键词涉及现金、充值、基金和运动；品牌倾向支付宝、中国联通和电信移动；使用场景集中在移动支付、省钱优惠（如8折话费充值）、健康生活（健身、打卡）和公益互动（种树、养小鸡）。

不喜欢：基于未点击商品，用户不喜欢抽象赚钱建议或非实用内容，如""赚不到钱""主题的教育标题（未点击商品中的""2023年还不知道这一点你是赚不到钱的""），具体表现为回避小说类娱乐（实体词""我纯阳之体开局娶画皮新娘""）和模糊时间概念（""时候""），与点击的实用支付服务形成对比。",0,complete
261481,"喜欢：该用户偏好支付宝的夏季福利活动，特别是涉及红包奖励的促销，关键词包括支付宝、夏天、福利、红包奖励，品牌为支付宝，使用场景为线上参与奖励活动（如扭扭节），偏好品类为线上福利和红包获取。

不喜欢：该用户不喜欢支付宝夏季活动缺少福利和红包奖励元素，如未点击商品所示，关键词包括支付宝、夏天、夏日、夏季，但无福利相关特征。",0,complete
428452,"喜欢：该用户偏好金融支付品类，关键词包括红包、免费、现金和抵扣，品牌如支付宝，使用场景涉及支付自动抵扣和赚钱任务（基于交易行为中的余额宝、花呗，服务使用中的现金红包、支付宝，搜索关键词中的现金、红包，以及点击商品的实体词支付宝、抵扣、免费、红包）。

不喜欢：该用户不喜欢抽奖机制（如抽现金红包）和季节性主题（如夏天、夏季、夏日），基于未点击商品的实体词抽现金红包、夏天、夏季、夏日，与点击行为中直接免费红包抵扣的特征相反。",0,complete
1822734,"喜欢：用户偏好抽奖和奖励活动品类，关键词包括""免费""和""大奖""，品牌涉及支付宝相关服务（如花呗、余额宝），使用场景为线上任务和简单抽奖（如集集星球、蚂蚁庄园）。
不喜欢：用户不喜欢露营相关品类、花花卡品牌、互动抽奖和薅羊毛关键词，使用场景为户外或高互动性活动（如露营趴）。",0,complete
953804,"喜欢：用户偏好实惠折扣的支付服务品类，如手机话费充值，强调秒到账和社交邀请（如""小伙伴一起""）；关键词包括实惠、折扣、优惠充；品牌涉及支付宝、花呗；使用场景为月底金融管理和省钱需求。
不喜欢：用户不感兴趣于体育健身和旅游活动，如免费场馆、自驾探访或健身达标服务，关键词包括乐动力、体育中心、江南秘境。",0,complete
1194218,"喜欢：用户偏好外卖优惠券（如饿了么、美团）和流量卡充值服务（如电信、移动），关键词包括红包、优惠券、流量包，品牌涉及饿了么、美团、华莱士、电信，使用场景为点餐省钱和移动流量管理，基于点击行为（如外卖红包天天领、流量卡特惠）和搜索关键词（如外卖红包、流量卡）体现。

不喜欢：用户不喜欢信用卡申请（如交通银行）和复杂流量卡申请服务（如联通靓号），关键词包括信用卡、办卡、申请，基于未点击商品（如交通银行信用卡、联通手机靓号）与点击行为相反的特征（未点击涉及办卡和申请流程，而点击偏向简单优惠）。",0,complete
727033,"喜欢：用户偏好电子产品租赁服务，特别是手机品类（如荣耀Magic6和华为Mate60），关键词包括租手机、免押金租赁和荣耀，品牌倾向荣耀和华为，使用场景涉及科技产品探索和免押金租赁平台（如租机租赁）。

不喜欢：用户不喜欢基金估值相关的内容，如基金估值查询、助手工具和实时估值更新，关键词包括基金估值、查看和定点查询。",0,complete
1304132,"喜欢：用户偏好3C数码租赁品类（特别是手机租赁），关键词包括支付租金、管理订单、押金退还、方便，品牌如小呗租机、极品租、爱租机，使用场景涉及通过生活号管理租赁订单、处理租金支付和押金退还的便利操作。

不喜欢：用户不喜欢新产品开箱体验和新品发布，关键词如开箱、体验、新品发布、降租价，品牌如华为、苹果的新品展示，使用场景偏向消费新产品（如iPhone系列开箱或促销）而非租赁服务的实用管理细节。",0,complete
520454,"喜欢：用户偏好支付宝相关的现金奖励活动，特别是结合生日庆祝和小鸡游戏的场景，偏好品类包括支付宝服务（如芭芭农场、蚂蚁庄园）、现金红包和互动小游戏，关键词如福利、过生日、付款攒现金，品牌偏好支付宝，使用场景为到店支付、生日福利薅取和参与小游戏任务（如养小鸡、种果树）。

不喜欢：用户不偏好没有具体事件（如生日）或游戏元素（如小鸡）的泛泛支付宝福利宣传，关键词仅限支付宝、福利、付款攒现金，表现为对缺乏激励细节或情感连接的类似活动无兴趣。",0,complete
1478128,"喜欢：用户偏好支付宝品牌相关的季节性福利活动，特别是夏季红包奖励，关键词包括夏天、夏日和红包，使用场景为夏日促销和节日福利，偏好品类涉及红包奖励和福利发放。

不喜欢：用户不喜欢频繁的赚钱红包、消费券和消费金相关活动，这些特征与点击的季节性福利相反，表现为非季节性的赚钱导向内容。",0,complete
1768662,"喜欢：用户偏好餐饮品类，特别是拌饭、凉皮等食品，关键词如顾客和服务员服务反馈，品牌如米村拌饭（从点击和搜索中体现），使用场景包括外卖点餐（如饿了么服务）和家庭用餐（交易中的餐具、保鲜盒等）。
不喜欢：用户对旅游相关如自驾探访和铁路服务如学生优惠资质核验不感兴趣（基于未点击商品的反向特征，与餐饮服务偏好相反）。",0,complete
1924904,"喜欢：用户偏好金融理财服务，如芝麻信用评估、花呗额度管理和话费充值（偏好品类），关键词包括额度、红包、信用分和话费特惠（关键词），品牌涉及支付宝、网商银行和微贷网（品牌），使用场景涵盖在线支付、节日促销（如七夕红包）和公益相关活动（如蚂蚁森林）（使用场景）。

不喜欢：用户回避高风险金融操作和无关生活内容，如不靠谱提额、诈骗信息（如评论区骗局）和琐事工具（如Word文本框），基于未点击商品中与信用管理相反的特征（如提额骗局、手续费开通服务和违法转账）。",0,complete
287675,"喜欢：用户偏好宁波市的本地消费券活动，特别是暑假期间的消费券（偏好品类），涉及关键词如消费券、宁波市、公交（从搜索关键词和点击实体词），品牌如支付宝（从服务使用和搜索关键词），使用场景包括本地出行、健康服务（如健康金、健康码）和公益理财（如蚂蚁庄园、笔笔攒）。

不喜欢：用户对中东欧相关消费券、线上消费券以及特定区域如高新区的消费券不感兴趣（基于未点击商品实体词如中东、线上消费、宁波高新区，与点击的暑假消费形成对比）。",0,complete
1565627,"### 用户兴趣偏好总结（场景0）

喜欢：偏好租赁服务品类（如手机、3C产品租赁），关键词包括支付租金、管理订单、生活号，品牌涉及支付宝（从生活号推断），使用场景为便捷的在线支付和租赁管理，体现对高效、免押金租赁工具的强烈兴趣。

不喜欢：基于未点击商品特征，反感产品设计细节（如中框圆润、实体按键）、热搜新闻、新手教育指南（如iPhone小白必看）和技术迭代内容（如手机更新），这些与用户偏好的实用支付管理功能相反。",0,complete
1765152,"喜欢：用户偏好外卖服务和水果优惠相关品类，关键词如饿了么、水果、免费、红包，品牌如饿了么和支付宝，使用场景包括点外卖、领会员优惠券及日常水果消费（如饿了么果园活动）。
不喜欢：用户不喜欢收银工具、退款服务及农业产品相关特征（如小洋芋），基于未点击商品中与点击行为相反的元素。",0,complete
1808048,"喜欢：该用户偏好支付宝平台的活动，特别是夏季主题的红包和消费券（偏好品类：线上福利活动；关键词：红包、夏天、消费券；品牌：支付宝；使用场景：夏季线上促销、福利领取），基于点击商品和搜索关键词（如""支付宝""、""红包""、""夏天""）及交易行为（如""支付宝""、""红包""、""夏天""）的强关联。

不喜欢：该用户不喜欢打车服务如花小猪打车，以及春季主题的踏青相关活动（基于未点击商品实体""花小猪打车""和""踏青礼包""，与点击行为中支付宝夏季活动形成相反特征）。",0,complete
1870912,"喜欢：用户偏好话费充值品类，关键词如话费券、充值话费、优惠、天天、立减，品牌如中国电信，使用场景为手机话费省钱优惠活动（基于点击商品标题和实体词，如""高温补贴话费券""和""9折话费优惠券""，结合服务使用实体中的话费充值和搜索关键词中的电话费、支付宝）。

不喜欢：用户不喜欢外卖服务和旅游出行品类，关键词如外卖红包、自驾、探访，品牌如饿了么，使用场景为外卖点餐和自驾旅游（基于未点击商品标题和实体词中与点击行为相反的特征，如""外卖红包天天领""和""自驾3h，探访中国最后的江南秘境""，其关键词和品类与话费充值无关联）。",0,complete
891237,"喜欢：用户偏好红包相关的金融活动，品牌如支付宝，关键词包括红包和支付宝，使用场景涉及线上任务参与（如芭芭农场游戏）和现金红包领取，偏好品类集中于促销红包和消费券。

不喜欢：用户不喜欢夏季促销活动（夏促），基于未点击商品的特征，表现为对活动类推广的回避。",0,complete
129897,"喜欢：用户偏好金融信用服务（如信用卡申请、额度管理）、食品（面条、辣酱、水果）、电子产品（数据线、充电器），品牌涉及银行（渤海银行、招商银行）和科技（oppo、华为、小米），使用场景包括日常消费（早饭、外卖点餐）和金融服务（赚现金、红包、积分商城），搜索关键词如额度、信用卡、支付宝突出其金融兴趣。

不喜欢：基于未点击商品特征，用户对分期购买手机平台、涉及押金的商品不感兴趣，与点击的信用卡额度主题相反。",0,complete
745662,"### 用户兴趣偏好总结（场景0）
喜欢：用户偏好金融支付和理财服务品类，关键词集中于支付宝、现金红包、福利，品牌偏好支付宝，使用场景包括参与在线促销活动（如扭扭节）和领取现金红包，基于点击行为（如""支付宝又发福利了，扭扭节，领现金红包""）及交易实体（红包、支付宝、余额宝）、服务实体（支付宝、红包、理财）、搜索关键词（支付宝、红包、转账红包）一致体现。

不喜欢：用户对转账操作指南、批量转账服务以及涉及网恋或被骗风险的转账内容不感兴趣，基于未点击商品实体词（如转账批量转、操作指南、网恋、转账、被骗）与点击行为（偏好福利红包而非转账）相反特征推断。",0,complete
43696,"喜欢：偏好品类为支付服务和现金奖励，关键词包括现金、福利、付款攒现金，品牌如支付宝，使用场景涉及到店付款攒现金（基于点击商品和搜索关键词如现金、消费券、红包，以及服务使用中的支付宝、现金红包）。
不喜欢：基于未点击商品，不喜欢话费充值相关的内容，如充值话费、手机费（与点击行为相反，未点击商品实体词显示充值话费和手机费）。",0,complete
1759137,"喜欢：该用户偏好壁纸品类（特别是海洋主题和新品），关键词包括海洋、上新啦、公益和支付宝；品牌倾向支付宝、中国移动和蚂蚁庄园；使用场景涉及家居装饰（如壁纸应用）、公益捐赠（如慈善捐款）和日常支付服务（如话费充值）。
不喜欢：该用户不喜欢数字公仔主题的壁纸，基于未点击行为中与点击的海洋主题相反的特征。",0,complete
913214,"喜欢：偏好金融理财和优惠活动品类，如余额宝、红包雨和租赁服务（如手机租赁）；关键词包括红包雨、福利、快乐、羊毛和余额宝；品牌涉及支付宝（余额宝）和蚂蚁金服相关（如蚂蚁庄园）；使用场景为在线参与任务、领红包、做日常理财和优惠领取活动。

不喜欢：基于未点击商品，不喜欢医药板块、晴雨表（股市分析）、医药服务和大盘（金融投资报告）等严肃金融分析内容。",0,complete
156745,"### 用户兴趣偏好总结（场景0）
喜欢：该用户偏好支付宝生态系统相关活动（如花花卡抽奖、芭芭农场种树和公益捐步），运动品类（如跑步鞋和童凉鞋），日常用品（如软抽纸、浴巾和面纸巾），食物（如炸酱面和肉夹馍），品牌包括支付宝、斐乐和美团，使用场景涉及线上理财（如余额宝和花呗）、健康运动（如支付宝运动）和公益参与（如蚂蚁庄园养小鸡），关键词聚焦运动、红包和集五福。  
不喜欢：基于未点击自驾探秘商品，用户不喜欢旅游相关活动，如自驾游、探访秘境等户外探险内容。",0,complete
1163089,"喜欢：用户偏好消费券、支付宝、余额宝等数字支付服务，以及公交、打车等出行方式；关键词包括消费券、优惠券、公交；品牌如支付宝；使用场景为在线平台（如温度新闻）获取消费券和日常城市消费支付。

不喜欢：用户不喜欢线下领取消费券的方式、特定区域（如鹿城区）的消费券活动，或过时的消费券（如暑期消费券）。",0,complete
2010477,"喜欢：该用户偏好支付宝平台的现金红包和奖励活动，关键词包括夏天、夏季、福利和现金红包，品牌偏好支付宝（在点击商品和交易行为中高频出现），使用场景为夏季促销和金融优惠（如余额宝、花呗相关交易），偏好品类为金融促销和季节性活动（基于点击实体词和搜索关键词如现金、消费券）。

不喜欢：该用户对体育健身服务（如乐动力）、房间分享（小窝）和健身达标活动不感兴趣（基于未点击商品实体词如乐动力、健身服务、分享、小窝，与点击的现金奖励相反）。",0,complete
105839,"喜欢：用户偏好金融投资领域，特别是基金操作和市场分析，关注品类如白酒、证券、芯片、军工、新能源、半导体、医疗、光伏；关键词包括反弹、加仓、清仓、抄底、满仓、操作提醒；品牌涉及蚂蚁财富、余额宝、国泰、中欧等；使用场景为实时投资决策和操作建议，如反弹机会把握和板块潜伏。

不喜欢：用户不喜欢内容涉及计算机行业、风险提示、教学干货、观望等待、政策分析和暴雷事件，基于未点击商品中与点击行为相反的特征，如计算机主题、风险预警、周末教学、等待切入和政策利好讨论。",0,complete
1022600,"喜欢：用户偏好支付宝相关的红包和消费优惠活动，偏好品类包括支付服务（如红包抵扣、消费节）、关键词如支付宝、红包、夏日消费节，品牌如支付宝（从点击商品体现），使用场景为在线支付自动抵扣和红包领取（基于点击商品标题和实体词，结合搜索关键词如支付宝、红包，以及交易行为中的外卖订单、电影票等高频消费场景）。

不喜欢：用户不喜欢银行和信用卡相关的优惠活动，偏好品类避免银行服务（如信用卡促销），关键词如信用卡、工商银行（从未点击商品实体词体现），品牌如工商银行（从未点击标题），使用场景为银行优惠活动（如618优惠），这与点击行为中支付宝红包偏好形成相反特征。",0,complete
1682563,"喜欢：用户偏好餐饮品类（如水果、烤肉和臭豆腐），关键词包括免费、大奖和优惠券，品牌如支付宝、饿了么和中国体育彩票，使用场景涉及日常消费（超市购物、外卖点餐）和娱乐活动（抽奖、红包游戏）。

不喜欢：用户不喜欢医疗相关内容和投资主题（如加仓、反转），这些特征在未点击商品中出现，与点击的免费抽奖娱乐行为相反。",0,complete
751674,"喜欢：该用户偏好兼职工作（如线上、日结兼职）和金融产品（如余利宝、余额宝），关键词包括时薪、支付宝红包、理财收益，品牌涉及支付宝和蚂蚁财富相关服务，使用场景主要为居家在线工作和金融管理活动，基于点击商品和搜索关键词如""兼职""、""理财""、""收益""等数据。

不喜欢：该用户不喜欢被动赚钱方式（如做任务、天天签到）和低收益理财（如工资理财），基于未点击商品实体词如""赚零钱""、""天天乐""、""红包""等特征，与点击行为中主动高收益兼职相反。",0,complete
127842,"喜欢：用户偏好支付宝品牌的福利活动，关键词包括夏天、现金、奖励，使用场景为在线参与季节主题现金红包活动，偏好品类集中于金融促销和现金奖励。
不喜欢：用户不喜欢支付宝福利活动如果缺少夏天主题或包含1分购等促销元素。",0,complete
1463550,"喜欢：用户偏好支付宝相关的数字红包活动和夏季主题促销，关键词包括支付宝、红包、活动、夏季（如""夏天""、""夏日""），品牌涉及支付宝（从点击商品和搜索关键词""支付宝""确认），使用场景为在线红包领取和夏季营销活动（基于点击商品标题和实体词""活动""、""红包""、""夏季""）。

不喜欢：用户不喜欢金融产品如债券基金和信用卡申请（从未点击商品""债券基金的特点""和""办卡哪家强""实体词""债券基金""、""信用卡申请办理""），以及物流服务如汽车托运（从未点击""汽车托运常见的六个问题""实体词""汽车托运""），同时避免其他平台的优惠券如饿了么和美团外卖（从未点击商品""饿了么外卖红包天天领""实体词""美团""、""饿了么""、""外卖优惠券""）。",0,complete
62428,"喜欢：用户偏好支付宝平台的红包活动（如扭扭节福利）和夏季主题促销（如夏天、夏日相关），涉及偏好品类如餐饮小吃（如外卖订单、小吃店）、理财服务（如余额宝、小荷包），关键词如红包、支付宝、夏季、公益（如捐步、种树），品牌如支付宝、喜茶、维达，使用场景包括在线支付（如手机扫码）、日常消费（如外卖）和休闲娱乐（如互动小游戏、蚂蚁庄园）。
不喜欢：用户不喜欢彩票相关的内容，如彩票故事或开奖查询，基于未点击彩票商品的特征（彩票、网友）与点击红包活动行为相反。",0,complete
1075786,"喜欢：用户偏好基金估值相关内容和海洋主题壁纸，结合支付宝理财服务（如蚂蚁财富、网商银行）、公益捐赠（如壹基金、中国乡村发展基金会）、母婴用品（如孕妇内衣、婴儿衣服、哺乳用品）、家居收纳（如收纳盒、抱枕、衣物被子）及食品（如代餐面包、水果），使用场景聚焦家庭生活、理财管理和母婴护理。
不喜欢：用户对基金估值的辅助工具（如助手、实时查询功能、使用方法）以及非主题壁纸（如数字公仔）不感兴趣，基于未点击商品中与点击行为相反的特征。",0,complete
139183,"喜欢：用户偏好金融服务品类如信用卡分期和通信服务品类如低价流量卡，关键词包括分期、免费申请和流量卡，品牌涉及电信和支付宝，使用场景为在线申请服务和日常省钱便利（如通过支付宝支付交通费用）。

不喜欢：用户不喜欢其他品牌的通信服务如联通和移动流量卡，以及手机促销、手工DIY和特定金融产品如花呗还款，关键词如促销、DIY和年轻人推荐，品牌如中国移动和联通，使用场景如购物节活动和手工制作（基于未点击商品中与点击行为相反的特征）。",0,complete
942242,"### 用户兴趣偏好总结（场景0）

喜欢：偏好品类包括手机话费充值和理财服务（如余额宝、话费特惠充值）；关键词涉及优惠、巨惠、充值、省钱；品牌倾向高阳和支付宝；使用场景为享受三网运营商话费折扣活动（如95折特惠充值），结合省钱卡和现金红包等省钱需求。

不喜欢：偏好品类涵盖转账服务和免费体验；关键词包括转账、免费、体验；品牌如中国电信（与点击的三网覆盖相反）；使用场景为批量转账操作（如商家转账或网恋转账故事），与话费充值优惠形成对比。",0,complete
1247827,"喜欢：偏好支付宝品牌的促销活动品类，关键词包括夏天、红包、夏季，使用场景为夏季福利领取和红包活动。
不喜欢：基于未点击商品，不喜欢医疗反转、投资加仓和抽奖薅羊毛相关的主题，关键词如反转、加仓、抽奖，使用场景为金融投资决策和抽奖活动。",0,complete
1917178,"喜欢：用户偏好天气服务品类，特别是台风实时路径相关，关键词如台风路径（从搜索和点击行为体现），使用场景涉及出行信息服务（如公交、地铁服务使用）；品牌偏好不明显（交易行为中虽有支付宝等，但点击行为未关联特定品牌）。

不喜欢：用户不喜欢与报复、买家冲突相关的负面内容（基于未点击商品实体词""报复,买家""，体现对欺诈或纠纷事件的回避）。",0,complete
1290643,"### 用户兴趣偏好总结（场景0）

喜欢：该用户偏好支付宝相关的金融奖励活动，偏好品类为现金红包和夏季促销，关键词包括支付宝、现金红包、夏天、福利，品牌偏好支付宝，使用场景为在线参与促销活动（如扭扭节领红包），基于点击行为中对支付宝福利和夏季主题的积极互动。

不喜欢：该用户不喜欢与加油、油品质量疑问相关的教育性或问题解决内容，基于未点击行为中与点击行为相反的特征（如汽车油品话题）。",0,complete
1859486,"喜欢：用户偏好投资策略品类，特别是A股市场相关主题，关键词包括策略、a股、关键，品牌涉及支付宝、余额宝和基金服务（如华泰柏瑞、鹏华酒指数C），使用场景为金融投资理财（如资产管理、定投），同时交易行为显示对日常消费如宠物用品（猫砂、幼猫粮）、食品（粽子、面包）和便捷服务（租借充电宝、网约车）的潜在兴趣。

不喜欢：用户不喜欢半导体、医疗医药、军工、光伏等投资主题，基于未点击商品中与点击行为相反的实体特征（如半导体、指数、医疗医药、加仓），反映出对非A股策略类内容的回避。",0,complete
1984406,"喜欢：用户偏好手机租赁品类，特别是苹果品牌产品，关键词包括手机租赁、苹果手机和拍照功能（如更换天空、去除路人），使用场景涉及租赁服务和摄影应用，基于点击行为和搜索关键词（如租手机平台、apple iphone）的支持。

不喜欢：用户不喜欢加油相关主题，如油品质量讨论，基于未点击商品（加油、油品）与点击行为（手机租赁）的相反特征。",0,complete
1656557,"喜欢：用户偏好手机租赁服务，特别是苹果品牌产品，涉及拍照功能和编辑工具（如更换天空、去除路人）；关键词包括租手机、苹果手机租赁；使用场景为创意摄影和租赁消费，基于点击商品和搜索关键词（如租手机平台、apple iphone）。

不喜欢：用户不感兴趣于话费充值、优惠促销活动，如省钱消消消和摇一摇红包；关键词包括充值话费、优惠福利；使用场景为日常话费管理和促销参与，基于未点击商品实体（如中国联通、移动电信）。",0,complete
1789955,"喜欢：用户偏好回收流程和购物卡处理（偏好品类），关键词如回收和沃尔玛（关键词），品牌如沃尔玛（品牌），使用场景涉及公益捐赠和闲置物品管理（使用场景），从交易行为（如捐赠、公益慈善）、服务使用（如公益捐步、蚂蚁森林能量）和搜索关键词（如回收回收、上门回收）中体现。

不喜欢：用户不喜欢强调闲置物品价值转化或变废为宝的营销表述（基于未点击商品""沃尔玛购物卡回收，将闲置转化为价值变废为宝""的实体词""变废为宝""和""闲置""，与点击行为""回收流程""的实用导向相反）。",0,complete
984087,"喜欢：用户偏好支付宝平台的红包福利活动，特别是夏季主题的促销，涉及品类如数字红包和娱乐活动，关键词包括红包、大奖、福利，品牌如支付宝，使用场景为在线消费和夏季娱乐促销（基于点击商品和服务使用实体如芭芭农场、花呗）。

不喜欢：用户对地方消费券领取活动不感兴趣，特别是涉及特定区域（如台州路桥）和时间约束的内容（基于未点击商品与点击行为相反的特征）。",0,complete
357390,"### 用户兴趣偏好总结（场景0）
喜欢：用户偏好金融优惠品类如现金红包和支付抵扣，关键词包括现金、红包、支付宝，品牌倾向支付宝，使用场景涉及支付自动抵扣、免费红包获取及金融活动答疑（如安心充服务），体现对实用、保障性强的金融福利的兴趣。

不喜欢：用户不喜欢季节性主题（如""夏日""）的现金红包促销，或高额但可能不切实际的奖励（如""最高可领88元""），而倾向于更直接、低门槛的优惠，基于未点击商品与点击行为（强调免费、自动抵扣）的相反特征。",0,complete
1603631,"喜欢：偏好金融理财、话费充值优惠和任务奖励类内容，关键词包括支付宝、余额宝、现金红包、签到和做任务，品牌如支付宝和芝麻信用，使用场景涉及移动支付、在线理财及日常任务完成（如攒现金、赚零钱）。
不喜欢：基于未点击商品与点击行为相反的特征，用户不偏好教育类（如育儿）、生活技巧（如烹饪）及社会新闻内容，关键词如好妈妈、烹饪、救援队，使用场景偏向离线生活和非金融互动（如家庭计划或创作指导）。",0,complete
1205084,"喜欢：用户偏好支付宝平台上的现金红包、1分购低价福利活动，涉及理财（如余额宝、花呗）、生活缴费（如水费、电费）等使用场景，关键词包括现金、红包、支付宝、省钱卡，品牌以支付宝为核心，品类涵盖红包领取、生活服务支付。
不喜欢：用户不喜欢强调""活动""的促销推广方式，尽管涉及支付宝和红包元素，但未点击相关商品表明对活动类推广缺乏兴趣。",0,complete
30345,"喜欢：用户偏好金融充值服务品类，如话费充值，关键词包括""特惠""和""折扣""，品牌如""欧燕""和""掌上荣耀""，使用场景为在线优惠活动（如95折话费充值）。

不喜欢：用户不喜欢加油相关服务（如油品质量讨论），以及支付宝红包活动（如""扭一扭活动""），基于未点击商品特征与点击行为相反。",0,complete
232637,"喜欢：用户偏好地理信息品类，关键词如辽宁省和地图，品牌如高德（基于交易行为），使用场景为地理探索和位置服务（如点击三维地图和搜索辽宁省）。

不喜欢：用户不喜欢外卖优惠品类，如饿了么红包、会员优惠券和免费领水果（基于未点击商品中与点击行为相反的特征，如饿了么果园相关实体）。",0,complete
1536918,"喜欢：该用户偏好出行服务品类（如打车、网约车），关键词包括出行优惠和打车优惠券，品牌偏好花小猪打车，使用场景涉及日常通勤和节省出行费用（基于点击商品实体词如出行、顺风车、优惠券，以及服务使用实体如打车网约车、交通出行，搜索关键词如打车券、交通违章查询）。

不喜欢：该用户不喜欢踏青相关活动和医疗相关服务（基于未点击商品实体词如踏青、踏青礼包、眼科、综合医院，与点击行为中出行优惠相反）。",0,complete
1251302,"喜欢：用户偏好日常消费优惠品类，如现金红包、消费券和打车服务；关键词包括红包、打车软件、花呗；品牌涉及麦当劳、支付宝、高德；使用场景涵盖支付、游戏玩乐和日常服务如网约车、集分宝活动。

不喜欢：用户对旅游相关活动如自驾、探访秘境不感兴趣，也不喜欢高端电子产品如三星手机和节日礼物如七夕礼物。",0,complete
1158675,"喜欢：用户偏好通信服务品类（如流量卡、手机卡），关键词包括流量卡、手机、现金，品牌如中国联通和电信，使用场景涉及省钱、话费充值及日常通信需求，基于点击商品和服务使用实体（如话费充值、手机充值）体现。

不喜欢：用户不喜欢信用卡申请等金融服务，基于未点击商品实体词（如信用卡申请办理）与点击行为（通信卡）相反的特征。",0,complete
296411,"喜欢：用户偏好蛋糕类食品（如生日蛋糕和小蛋糕），关键词包括订蛋糕、生日蛋糕配送和同城，品牌涉及饿了么等外卖平台（基于搜索和交易数据），使用场景为生日庆祝和同城便捷配送。

不喜欢：用户不喜欢青团等清明时令食品，关键词如清明和尝鲜，与点击的蛋糕偏好相反。",0,complete
700245,"喜欢：偏好支付宝相关的金融服务，特别是红包、福利活动，关键词包括支付宝、红包、福利，品牌为支付宝，使用场景聚焦在线支付、促销活动（如扭扭节），并涉及余额宝、花呗等金融工具。

不喜欢：基于未点击行为，不喜欢DIY类游戏（如套圈圈）和转账操作体验，关键词如DIY、转账、免费，与点击的福利活动形成反差。",0,complete
1312651,"### 用户兴趣偏好总结（场景0）
喜欢：用户偏好民生福利相关的优惠活动，如夏日赢大奖，关键词包括现金、红包、消费券（基于搜索和点击商品），品牌涉及支付宝、花呗（从服务使用和交易实体），使用场景聚焦日常消费、金融优惠和参与抽奖活动（结合交易和服务实体）。

不喜欢：用户不喜欢社群形式或高频抽红包的福利活动（基于未点击商品中""社群""和""天天""特征，与点击商品""民生福利社""和""夏日""的相反）。",0,complete
204688,"喜欢：用户偏好实用便捷的服务和日常消费，包括汽车相关服务（如一键挪车）、在线支付（支付宝、花呗）、外卖餐饮（饿了么、美团）、交通出行（打车、公交）和租赁服务（免押租机）；关键词涉及现金、vip会员、上门服务；品牌涵盖支付宝、Apple、中国移动；使用场景主要为交通问题解决、数字支付和外卖点餐。

不喜欢：用户不喜欢手工DIY和节日装饰类内容，如挂饰和过年主题，与点击的实用服务特征相反。",0,complete
299563,"喜欢：该用户偏好通信服务品类，特别是手机话费充值，关键词包括优惠、巨惠和特惠（如95折），品牌如高阳，使用场景涉及日常省钱消费和手机服务（如充值话费）。
不喜欢：用户不喜欢特定运营商（如中国电信）相关的话费充值服务，以及折扣较低（如98折起）或通用充值中心特征，这些与点击行为中的高折扣和品牌偏好相反。",0,complete
614694,"喜欢：用户偏好支付宝相关的红包活动，特别是扭扭节主题，涉及金融支付服务品类（如余额宝、转账），关键词包括""支付宝""和""红包""，品牌以支付宝为主，使用场景集中于促销和节日互动（如扭扭节活动）。

不喜欢：用户不喜欢强调现金红包、福利或夏日主题的类似活动，基于未点击商品的特征（如""领现金红包""、""福利""、""夏日""），反映出对额外修饰或季节性变体的排斥。",0,complete
1502289,"喜欢：偏好金融理财服务，如红包活动（如抢红包）、支付宝和余额宝；关键词包括红包、理财、消费券；品牌涉及蚂蚁集团（如蚂蚁保）；使用场景为在线互动游戏（如砸冰块）和抢红包活动，体现对游戏化金融服务的兴趣。

不喜欢：基于未点击商品特征，不喜欢时间事件（如2023年第一天）、粉丝福利（宠粉）和特权等级系统（特权），与点击的红包互动行为形成反差。",0,complete
1085644,"喜欢：用户偏好DIY旧物改造和家居装饰品类，关键词包括旧衣改造、回收和创意；品牌涉及唯姿、jill leen等化妆品相关；使用场景为环保回收、家居美化及个人创意项目，如将旧衣物转化为相框等实用物品。

不喜欢：用户对实用清洁（如清理衣服污渍）、理财方法（如存钱）、情绪管理主题（如断舍离）以及特定物品改造（如沙发垫）不感兴趣，这些特征与点击的创意改造行为相反。",0,complete
112230,"喜欢：用户偏好支付宝平台的夏季促销活动，特别是涉及现金红包奖励和福利的互动游戏（如扭一扭领红包），偏好品类包括现金红包和奖励活动，关键词如支付宝、夏天、福利、夏日和现金红包，品牌以支付宝为主，使用场景聚焦夏季主题的线上互动和红包领取。

不喜欢：用户对秋日主题的抽红包活动不感兴趣，尤其是涉及薅羊毛的促销方式，偏好相反特征包括秋日季节（与夏天相反）、抽红包（随机性高）和薅羊毛（廉价感），反映出对非季节性和过度营销内容的回避。",0,complete
1427679,"喜欢：该用户偏好金融理财品类（如理财周周转卡和蚂蚁星愿），关键词包括赚钱红包、健康花和天天领红包，品牌涉及支付宝相关服务（如蚂蚁星愿），使用场景为在线赚取现金、健康管理和日常理财互动。

不喜欢：该用户不喜欢通信服务品类（如流量卡和手机卡），关键词如无限流量、手机靓号和流量卡申请，品牌如中国联通和电信，使用场景为流量套餐办理和手机卡申请。",0,complete
1453054,"喜欢：偏好品类包括饮料（如咖啡、电解质水）、零食（如牛肉干、低脂零食）和出行服务（如单车、哈啰出行）；关键词如消费券、温州市、优惠券；品牌如东鹏、ucc、农夫山泉；使用场景涉及本地消费（温州市）、健康饮食和出行理财（如余额宝、芭芭农场）。
不喜欢：偏好品类包括甜品（如冰粉）和会员积分促销；关键词如冰粉、会员日、积分；品牌未在未点击数据中突出；使用场景涉及甜品消费和会员制活动（如入会优惠）。",0,complete
1663756,"喜欢：用户偏好支付宝相关的金融服务和活动，包括红包、现金红包、发票摇奖等，使用场景涉及夏日和电商交易；偏好品类为电商平台、理财服务；关键词如支付宝、红包；品牌如支付宝；同时从交易行为可见对零食（如辣条、饼干）、日用品（如纸巾、湿巾）的兴趣。

不喜欢：用户不喜欢茶饮料（如乌龙茶）、世界杯相关福利、书籍文学内容（如金句安慰），以及金选日红包收益活动，这些特征与点击行为中的支付宝红包活动相反。",0,complete
1010404,"喜欢：该用户偏好游戏品类（如植物大战僵尸），关键词包括挑战、公交和理财，品牌如支付宝和蚂蚁系列（蚂蚁庄园、蚂蚁森林），使用场景涉及娱乐游戏（如消除游戏）、交通出行（公交、打车）和公益慈善（如公益种树、海洋保护）。

不喜欢：用户不喜欢话费充值品类，关键词如省钱消消消、话费特惠，使用场景为话费促销活动（如充值优惠、红包福利）。",0,complete
584577,"喜欢：用户偏好支付宝品牌相关的福利和红包奖励，尤其关注夏季主题活动和现金激励；在品类上，喜欢食品（如小吃、水果、包子）和生活用品（洗衣液、纸巾）；关键词包括红包、消费券、支付宝；使用场景涉及在线支付、生活缴费和公益服务（如芭芭农场、蚂蚁森林）。
不喜欢：用户对时间特定（如2023年第一天）和粉丝特权（宠粉、等级特权）的内容不感兴趣，这与点击的现金奖励活动形成鲜明对比。",0,complete
1934025,"喜欢：用户偏好食品品类如烤鸡、甜点和生鲜（如提拉米苏、鲜虾肠粉），关键词包括""好吃的""、""互动""和""优惠""（如外卖优惠），品牌如盒马和饿了么，使用场景涉及外卖点餐、社交互动和日常购物（如饿了么超市、点餐平台）。

不喜欢：基于未点击商品，用户不喜欢厨房电器品类如空气炸锅，以及育儿或宠物相关产品（如毛孩子），反映出对家电和家庭护理内容的低兴趣。",0,complete
666224,"喜欢：用户偏好支付宝品牌的红包福利活动，关键词如现金、大奖、夏季（包括夏天、夏日），使用场景为线上金融促销和夏季主题优惠；同时偏好日常消费品类如水果（如提子、梨子）、零食（如萨其玛、鹌鹑蛋）、纸巾（如软抽纸、餐巾纸），以及服务场景如赚现金、抽奖（如天天抽奖、集金蛋）和任务型互动（如做任务、签到）。

不喜欢：用户对DIY手工、旧物改造类内容不感兴趣，如旧衣改造、涂鸦、沙发垫制作等，这些特征与未点击商品的实体词（如相框、diy涂鸦、铛铛一下、裤子）相反，反映出对家居装饰和创意手工的回避。",0,complete
1425805,"喜欢：用户偏好游戏和娱乐相关品类（如玩具、互动小游戏），关键词包括""游戏""、""小呗""、""评论有奖""，品牌如""小呗""，使用场景涉及娱乐活动（如芭芭农场、蚂蚁庄园等互动游戏），基于点击商品标题和实体词，结合交易行为实体（如玩具、游戏桌）和服务使用实体（如互动小游戏、种果树）体现。

不喜欢：用户不喜欢金融管理（如存钱、小技巧）和育儿主题（如宝宝、体质）相关品类，关键词如""存钱""、""宝宝""、""七夕礼物""，品牌如""三星""，使用场景涉及财务规划或节日促销，基于未点击商品实体词（如存钱、小技巧、中国、宝宝、体质、三星 galaxy z flip、七夕礼物）与点击行为（游戏偏好）相反的特征推断。",0,complete
450087,"喜欢：用户偏好海洋主题的壁纸新品（偏好品类：数字内容/壁纸），关键词包括""海洋""和""上新""（如点击实体词""海洋""和""上新啦""），品牌涉及支付宝生态（如服务使用实体""芭芭农场""、""蚂蚁庄园""和搜索关键词""支付宝""），使用场景集中在娱乐和公益相关服务（如服务使用实体""海洋保护""、""公益项目""和交易行为实体""生活|INTENT_TARGET""）。

不喜欢：用户不喜欢数字公仔主题的壁纸（基于未点击商品实体词""数字公仔""和""壁纸""），这与点击行为中海洋主题相反的特征（如未点击商品标题""浮瓜沉李”数字公仔壁纸来啦""对比点击商品""海洋装壁纸上新啦""）。",0,complete
1611691,"喜欢：用户偏好珠宝首饰品类（如镶嵌吊坠、玉石、手镯、翡翠），关键词包括救援、暴雨、公积金和金融服务（如理财、支付），品牌如支付宝、顺丰速运和中国黄金，使用场景涉及灾难事件关注、日常支付、快递查询和资产管理。
不喜欢：用户不喜欢消防娱乐内容（如消防员故事、节日情话），基于未点击商品的特征，包括关键词如消防、七夕和情感化事件。",0,complete
954172,"喜欢：用户偏好苹果产品（如""果粉""相关）、食品类（如零食、熟食、豆制品）、钓鱼用品（如渔具、饵料）、烘焙工具（如裱花袋），关键词包括apple、vip会员、支付工具，品牌涉及Apple、支付宝、抖音电商，使用场景涵盖日常消费（如餐饮小吃、下饭菜）、娱乐游戏（如互动小游戏）、健康管理（如健康码）及家庭生活（如亲情卡、幼儿园）。

不喜欢：用户不喜欢涉及报复、买家冲突等负面事件的内容，尤其与在线交易纠纷相关，如游戏或电商中的投诉举报场景。",0,complete
1518861,"喜欢：用户偏好互动活动和户外休闲相关品类，关键词包括互动、露营、花花卡，品牌如支付宝相关服务（如蚂蚁庄园、饿了么果园），使用场景涉及游戏化互动（如薅羊毛、种果树）和休闲露营活动，基于点击行为和服务使用数据（如点击商品标题的互动露营趴、服务实体中的互动小游戏和蚂蚁庄园）。

不喜欢：用户对打车服务和出行相关优惠不感兴趣，表现为未点击商品中的关键词如打车、出行、特惠和品牌如哈啰出行，基于未点击行为数据（如未点击打车特惠商品实体词）。",0,complete
508128,"喜欢：该用户偏好红包和促销活动类内容，偏好品类包括红包、季节活动（如夏天、夏日、夏季），关键词如红包、支付宝、夏天（从点击商品实体词和搜索关键词中提取），品牌偏好支付宝（从点击商品和交易行为实体中体现），使用场景为夏季领红包活动（基于点击商品标题和实体词）。

不喜欢：该用户不喜欢DIY手工（如拼图、笔筒）和理财健康服务类内容，基于未点击商品实体词中与点击行为相反的特征，包括DIY（手工拼图、笔筒、教程）、理财服务（理财周周转卡、蚂蚁星愿）、健康相关（健康花）和信用服务（信用住）。",0,complete
767218,"喜欢：用户偏好理财相关品类（如余额宝、花呗），关键词如理财、金币、红包，品牌如支付宝和蚂蚁金服，使用场景如通过游戏任务赚金币（如芭芭农场做任务、蚂蚁庄园养小鸡），并涉及实用支付和储蓄服务（如生活缴费、攒电能）。

不喜欢：用户不喜欢纯娱乐游戏和特权活动（如未点击商品中的游戏币嗨玩），表现为对非理财导向的游戏（如泡泡龙王国）和营销噱头（如宠粉、等级特权）缺乏兴趣。",0,complete
1849790,"喜欢：用户偏好金融理财品类，如余额宝和红包福利；关键词包括红包雨、福利、快乐；品牌偏好支付宝相关服务；使用场景涉及福利日领取红包、理财活动和日常娱乐消费，基于点击商品和搜索关键词（如支付宝、余额宝、红包）及服务使用（如现金红包、理财）的强关联。

不喜欢：用户不喜欢话费充值品类；关键词如充值话费、优惠；品牌如中国移动、电信；使用场景为话费充值优惠活动，基于未点击商品（如话费充值标题）和实体词（如充值话费、中国移动）与点击行为相反的特征。",0,complete
1115144,"### 用户兴趣偏好总结（场景0）
喜欢：用户偏好通信服务品类，如无限流量卡和手机卡办理，关键词包括无限流量、免费申请、现金红包，品牌如中国联通、中国电信，使用场景涉及移动通信、省钱任务（如赚现金、集分宝）和日常便利服务（如公交、话费充值）。  
不喜欢：用户不喜欢抽象的赚钱建议或金融教育内容，基于未点击商品的特征（如""2023年""和""不知道""），与点击行为中具体的实用服务形成反差。",0,complete
1300355,"喜欢：用户偏好美食制作内容（如酸奶岩烧吐司、蛋炒饭、烧茄子和巴斯克蛋糕），尤其关注简单、治愈和下饭的菜品；关键词包括搞笑配音、解压和懒人；品牌涉及老干妈；使用场景为日常饮食休闲和在线娱乐消费，结合交易行为中的餐饮饭店、外卖订单和服务使用中的直播、支付宝支付。

不喜欢：用户不喜欢简单冷饮如西瓜冰棍，与点击的深度娱乐内容（如搞笑配音和解压视频）相反，体现对无趣味性或低互动性零食的排斥。",0,complete
1927120,"喜欢：该用户偏好金融红包活动（偏好品类），关键词包括支付宝、红包、夏天（关键词），品牌支付宝（品牌），使用场景为夏季在线参与支付宝活动领取红包奖励（使用场景），从点击商品和交易行为（如支付宝、余额宝、花呗）、服务使用（如现金红包、赚现金）及搜索（如现金、红包）中体现。

不喜欢：该用户不喜欢债基产品（偏好品类），关键词如聚宝盆、7天酒店（关键词），品牌7天酒店（品牌），使用场景为投资或住宿（使用场景），基于未点击商品（聚宝盆之7天债基）中与点击行为（金融活动）相反的特征。",0,complete
1770861,"喜欢：用户偏好游戏相关品类（如道具交易、游戏代练和休闲游戏如蚂蚁庄园）、金融服务（如花呗、借呗和备用金）、关键词包括报复、买家、豪华和小区；品牌涉及交易猫和支付宝；使用场景集中在游戏账号找回、金融操作和休闲活动（如芭芭农场种果树）。

不喜欢：基于未点击商品特征，用户不喜欢涉及家人的内容，与点击行为中偏好冲突或个人故事（如报复和买家）相反。",0,complete
1907919,"喜欢：用户偏好运动健身品类，特别是免费开放的体育中心场馆项目，关键词包括免费、时间、场馆和项目，品牌如乐动力，使用场景为休闲健身活动（基于点击商品实体词如乐动力、免费、体育中心，以及服务使用实体如健身服务、运动，交易行为实体如运动袜，搜索关键词如乐动力）。

不喜欢：用户不喜欢需要达标条件的健身服务，如首次达标或累计达标，关键词如达标，品牌如7days inn/7天酒店，使用场景为任务型健身（基于未点击商品实体词如达标、健身服务、7days inn，与点击行为中免费无条件的特征相反）。",0,complete
336144,"喜欢：用户偏好支付宝品牌的福利活动，特别是现金红包和夏季主题的互动游戏（如扭扭节），涉及关键词如支付宝、夏天、福利，使用场景为数字推广平台的红包奖励，结合服务使用实体（如支付宝、芭芭农场）和交易行为（如付款码、收款码），体现对支付宝生态内现金激励和季节活动的兴趣。

不喜欢：用户不喜欢秋日主题的红包活动或强调""一起""的社交薅羊毛元素，基于未点击商品实体词（如抽红包、薅羊毛、一起）与点击行为（夏季主题、现金红包）相反的特征，反映出对非夏季主题或集体参与式促销的抵触。",0,complete
718443,"喜欢：用户偏好理财和基金相关活动，特别是中加基金和支付宝平台的互动式场景，如直播、任务领福卡和理财节；关键词包括基金、直播、理财、消费券、做任务；品牌涉及中加基金和支付宝；使用场景集中于在线参与理财活动、通过任务获取奖励（如领福卡）和理财节促销。

不喜欢：用户对节日主题（如七夕）、黄金好礼、海外市场解读、债券基金特点、新能源板块布局以及纯红包活动（如支付宝扭扭节）不感兴趣，这些特征与点击行为中的基金直播和任务型理财相反。",0,complete
1246613,"喜欢：用户偏好医疗健康相关的支付服务，特别是医院场景下的活动推广和推广码升级；偏好品类包括医药支付（如医院、医保）、理财工具（如余额宝、移动支付）；关键词如推广码、升级、活动；品牌涉及支付宝、蚂蚁财富；使用场景聚焦于便捷的医院支付、公益理财（如芭芭农场、蚂蚁森林）和绿色低碳行动。

不喜欢：用户不喜欢需要预充值或复杂缴费流程的服务，如医院缴费指南，避免涉及充值、程序使用等繁琐操作，与点击行为相反的特征包括缴费、充值和使用指南。",0,complete
827202,"喜欢：用户偏好公益环保类内容，特别是蚂蚁森林能量相关的兑换和公益林活动，偏好品类包括公益捐赠产品（如基金会相关实体），关键词如蚂蚁森林能量、兑换和绿色行动，品牌涉及支付宝蚂蚁森林，使用场景为在线环保行动和公益捐赠，支持从服务使用（如蚂蚁庄园、公益项目）和搜索关键词（如蚂蚁能量、绿色行动）中体现。

不喜欢：用户对快速获取绿色能量的投机方法不感兴趣，如未点击商品所示，避免与蚂蚁森林能量不直接相关的泛化绿色能量概念或速成策略，这与点击行为中强调实际兑换和公益参与的偏好相反。",0,complete
376880,"喜欢：偏好支付宝相关的红包福利活动和出行优惠，关键词包括现金、红包、支付宝、出行优惠，品牌偏好支付宝，使用场景涉及移动支付（如扫码支付、花呗）、日常消费（如超市、便利店）和出行（如公交、打车、火车票）。
不喜欢：不喜欢金融投资分析类内容，如大盘走势解析等严肃金融主题。",0,complete
820750,"喜欢：用户偏好支付宝相关的绿色出行服务（如地铁优惠和低碳出行）、公益慈善活动（如捐赠、公益捐步和绿色行动）以及信用评估功能（如芝麻约定和综合评估），关键词包括低碳出行、绿色行动和芝麻信用，品牌涉及支付宝和蚂蚁系列（如蚂蚁森林），使用场景为公共交通（如地铁）和环保信用管理。

不喜欢：用户对芝麻信用涨分秘籍和特权宠粉类营销内容不感兴趣，与点击的实用服务相反，表现为不关注信用分提升技巧或等级特权推广。",0,complete
1016208,"喜欢：用户偏好基金投资品类，关键词包括基金、医保、信用卡等，品牌如支付宝、余额宝，使用场景涉及在线理财服务、消费支付和金融管理，基于点击基金相关商品及搜索、服务实体数据。

不喜欢：用户不喜欢与基金亏损、A股下跌、利空消息相关的负面投资内容，基于未点击商品中强调亏损、清仓、利空等相反特征。",0,complete
841779,"喜欢：用户偏好金融品类，如信用卡申请和现金红包，关键词包括支付宝、可靠银行和福利活动，品牌涉及支付宝，使用场景为在线金融福利领取和现金奖励获取。

不喜欢：用户不喜欢通信服务如流量卡办理和电话卡申请，以及贷款平台和鲜花配送，这些特征与点击行为相反。",0,complete
456646,"喜欢：用户偏好育儿和家庭生活相关品类，关键词包括暑期、带娃、动物和妈妈；品牌如海底捞（从交易行为实体中高频出现）和肯德基（交易行为实体）；使用场景集中于暑期活动、家庭日常消费和亲子互动（服务使用实体如亲子存钱、芭芭农场支持此偏好）。

不喜欢：用户不喜欢环保公益主题内容，如蚂蚁森林、种树、海洋保护和动物科普（从未点击商品实体词和标题中提取，与点击行为相反）。",0,complete
628142,"喜欢：偏好支付宝品牌的红包活动，关键词如夏天、夏日、夏季和消费激励，使用场景在夏季日常消费和金融支付，偏好品类包括金融红包、娱乐活动及支付宝相关服务（如余额宝），基于点击商品强调直接领奖和季节主题。

不喜欢：基于未点击商品，不喜欢秋日主题的活动，以及涉及抽红包、薅羊毛的促销方式，关键词如秋日、抽红包和薅羊毛，与点击行为中直接领奖和夏季偏好相反。",0,complete
1373054,"喜欢：用户偏好流量卡品类，特别是电信和中国移动品牌的无限流量卡，关键词包括免费和特惠，使用场景涉及省钱通信和日常充值（基于点击商品标题和实体词，如""电信9元360G无限流量卡""、""移动19元流量卡""、""免费""、""特惠""，以及服务使用实体中的""流量卡办理""、""充值话费""和搜索关键词中的""流量卡""、""免流量卡""）。

不喜欢：用户不喜欢鲜花配送服务（如同城鲜花定制）和联通品牌的流量卡（如联通大王卡），基于未点击商品实体词中的""同城鲜花配送""、""鲜花定制""、""中国联通""、""联通大王卡""与点击行为形成对比。",0,complete
1821763,"喜欢：用户偏好支付宝品牌的夏季福利活动，关键词包括奖励、福利、现金红包和夏季，使用场景为支付宝促销互动（如扭扭节领现金红包），偏好品类涉及支付宝福利和现金奖励。

不喜欢：用户不喜欢缺少奖励和福利关键词的直接现金红包推广（如仅强调现金红包金额的支付宝夏日活动）。",0,complete
711849,"喜欢：用户偏好通信服务品类，特别是流量卡产品，关键词包括无限流量、免费办理和在线营业厅，品牌倾向中国联通，使用场景涉及省钱移动通信、话费充值及在线服务办理（基于点击商品和搜索关键词如""流量卡""、""话费充值""）。

不喜欢：用户不喜欢腾讯、移动品牌的流量卡服务（如免流量卡和移动卡），以及信用卡申请等金融产品（基于未点击商品中与点击行为相反的特征，如""腾讯""、""中国移动""、""信用卡申请""）。",0,complete
176618,"喜欢：用户偏好支付宝平台的夏季主题红包福利活动，关键词包括支付宝、夏天、红包奖励和福利；品牌偏好支付宝；使用场景为夏季促销和直接领红包的互动玩法，偏好品类涉及红包奖励和福利活动。

不喜欢：用户不喜欢涉及签到、积分或秋日主题的红包活动，以及强调""薅羊毛""表述的繁琐方式，这与点击行为中直接夏季红包的特征相反。",0,complete
180325,"喜欢：偏好品类为数码产品租赁（特别是手机），关键词包括免押租机、审核快、芝麻信用分，品牌如Apple和探物，使用场景为信用免押租赁和快速审核过程。

不喜欢：偏好品类为新产品发布（如iPhone 15）和设计讨论，关键词如热搜、设计图、趋势、配色，品牌如苹果新产品（iPhone 15系列），使用场景为休闲话题（如周末）和非实用信息（如折叠手机趋势）。",0,complete
1316962,"喜欢：用户偏好支付宝平台上的生活缴费相关公告活动，如电费信息，偏好品类包括生活缴费和公益服务（如公益捐步、蚂蚁庄园），关键词涉及活动、公示、周周、电费，品牌倾向支付宝（从服务使用实体），使用场景为在线支付、信息查询和公益参与（如充值话费、火车票）。

不喜欢：用户不喜欢电费缴费的优惠促销内容，如折扣优惠，基于未点击商品的特征，关键词包括优惠、国家电网、南方电网。",0,complete
1154454,"喜欢：用户偏好支付宝相关的红包福利活动（品牌如支付宝、饿了么），关键词包括夏天、夏日、夏季、红包和现金（如服务使用中的现金红包、走路红包），偏好品类涵盖运动配件（如跑步导汗带、健身手机包）、食品（如饼干、水果）和支付服务（如花呗、一卡通），使用场景聚焦夏季在线活动、健身任务（如健步行、蚂蚁庄园）和外卖点餐（如饿了么平台）。

不喜欢：基于未点击商品，用户不喜欢手工DIY挂饰和过年主题的内容（如胖胖、挂饰、过年），这与点击的支付宝红包活动形成鲜明对比，反映出对节日装饰和手工制作的低兴趣。",0,complete
435314,"喜欢：用户偏好通信服务品类，如手机话费充值，关键词包括充值、签到、赚现金和红包，品牌涉及中国联通、中国移动和华为，使用场景为在线省钱和便利支付（基于点击商品""充值赚话费-天天签到赚一点""及交易行为中的充值卡、电话费，服务使用中的赚零钱、签到，搜索关键词中的现金、红包奖励）。

不喜欢：用户不喜欢与不行动（如躺平）或大变化（如大动作）相关的内容，避免被动行为或高风险活动（基于未点击商品""小赚一点 继续躺平""的实体词躺平、动作，与点击行为中积极赚取和签到特征相反）。",0,complete
1082690,"喜欢：用户偏好支付宝品牌，喜欢现金红包和福利活动，偏好品类为支付服务和福利领取（如交易行为中的余额宝、收款码，服务使用中的现金红包、支付宝，搜索关键词中的现金、红包），关键词包括现金、红包，使用场景涉及在线支付和福利互动（如服务使用中的抽奖平台、数字推广平台）。

不喜欢：用户不喜欢需要支付抵扣的红包（基于未点击商品的""抵扣""特征，与点击行为中""领现金红包""的直接领取相反）。",0,complete
1126463,"喜欢：用户偏好金融品类如信用卡申请办理（品牌如招商银行），通信品类如联通流量卡办理（关键词包括免费、全国流量），使用场景为在线申请和学习科普知识；同时涉及赚钱任务（如做任务、领现金）和外卖服务（如饿了么、点餐平台），关键词强调申请、办理、免费。

不喜欢：基于未点击行为，用户不喜欢手机靓号相关产品（如选靓号、营业厅办理），特定赚钱活动（如上班看电影赚钱），以及话费充值特惠（如支付宝积分优惠），与点击行为相反的特征包括靓号、优惠形式和间接赚钱方式。",0,complete
858568,"喜欢：用户偏好金融理财服务（如支付宝红包、财富黑卡、余额宝相关任务）、娱乐品类（如网易云音乐会员和充值）、外卖点餐优惠（如饿了么特惠券和立减券）；关键词集中于红包、任务、福利、现金、特惠；品牌偏好支付宝、网易（云音乐）、饿了么；使用场景包括在线任务领红包、夏季福利活动和外卖点餐优惠。

不喜欢：基于未点击商品特征，用户对游戏小程序（如网易游戏小程序）和苹果粉丝专属福利（如果粉礼）不感兴趣。",0,complete
825586,"喜欢：用户偏好债券投资品类（尤其短债），关键词包括惊喜、收蛋、创作、财富社区、大叔、红包和操作分享，品牌如蚂蚁财富、华夏、长城、汇添富，使用场景为财富管理、社区互动和收益导向的投资操作。  
不喜欢：用户不喜欢负面债市讨论品类（如震荡或风险主题），关键词如吃面、调整、结束和问题，使用场景为不确定性高的市场分析或风险预警。",0,complete
1696874,"喜欢：用户偏好涉及精神赔偿和个人证明的社会事件内容，偏好品类为法律或个人故事相关，关键词包括""精神""、""证明""、""钱财""、""女子""、""一元""，使用场景可能是在消费新闻或故事信息；品牌方面，从交易行为可见对支付宝、腾讯视频等服务有使用（如支付宝、腾讯视频），但点击商品无特定品牌偏好。

不喜欢：用户不喜欢情感话题（如前任、结婚）、技术提醒服务（如相册备份）以及娱乐会员福利（如腾讯视频VIP），基于未点击商品的相反特征，包括关键词""前任""、""办事""、""结婚""、""相册本""、""提醒""、""腾讯视频会员""、""vip会员""。",0,complete
1284332,"喜欢：用户偏好品类包括金融服务（如借呗、花呗）、出行服务（网约车）、公益（蚂蚁庄园种树）和教育（消防课程）；关键词涉及信用管理（芝麻信用分）、消防知识（消防学习平台）和支付（余额）；品牌如搜电科技（充电宝）、美团（支付）和滴滴出行（网约车）；使用场景涵盖日常支付（收款码）、出行打车、充电宝租借和在线学习消防知识。

不喜欢：基于未点击暴雨救援商品，用户不喜欢暴雨、救援相关的情感化灾难瞬间内容。",0,complete
971336,"喜欢：用户偏好兼职工作（如居家客服）和生活服务品类，关键词包括招聘、兼职、时薪；品牌如支付宝、滴滴出行、星巴克；使用场景涉及居家工作、通勤（如公交、地铁）和日常消费（如缴费、购物）。
不喜欢：基于未点击行为，用户不喜欢游戏相关内容和评论有奖活动。",0,complete
476092,"喜欢：用户偏好支付宝品牌相关的数字支付服务，关键词包括现金、红包、福利，使用场景为夏季在线活动（如扭扭节），偏好品类涉及红包奖励和季节促销（基于点击商品标题和实体词，以及搜索关键词如现金、支付宝、红包）。

不喜欢：用户不喜欢年夜饭套餐相关的餐饮产品（基于未点击商品标题和实体词，与点击行为中夏季在线福利活动相反）。",0,complete
348933,"喜欢：用户偏好金融投资品类，特别是基金（如白酒指数、新能源汽车、人工智能主题），关键词包括大盘分析、加仓、抄底、实盘操作和风险控制，品牌涉及蚂蚁财富、招商中证、嘉实等，使用场景为实时市场决策、理财直播和资产管理，体现对机会导向投资策略的强烈兴趣。

不喜欢：基于未点击商品特征，用户不喜欢针对白酒和中药基金的负面预测或质疑性内容，如讨论是否到顶，这与点击行为中偏好积极操作建议相反。",0,complete
478654,"喜欢：用户偏好日常消费品类如食品（鲜鸡蛋、猪肉馅、迷你煎包）和日用品（洁婷透气护垫、保鲜袋），关键词包括现金、红包、消费券和基金（搜索中高频出现），品牌涉及安井、蒙牛、饿了么（交易和服务中体现），使用场景涵盖超市购物（永辉超市）、外卖点餐（饿了么平台）、任务型活动（集集星球游戏、做任务赚现金）以及金融理财（关注市场收益波动，如点击商品所示）。

不喜欢：基于未点击商品特征，用户不喜欢浪漫主题（如七夕、恋爱元素）、债券基金投资建议，以及特定板块分析（如新能源、半导体、医疗），这些与点击的市场下跌内容（强调收益损失）形成直接对比。",0,complete
146757,"喜欢：该用户偏好手机租赁品类，尤其关注免押金租赁（如芝麻免押、一元租机）、苹果品牌设备（如iPhone 14 Pro），使用场景包括快速审核（如微租机）、便捷订单管理和科技体验；关键词涉及租苹果手机、平台租赁、免押租手机。

不喜欢：基于未点击行为，用户不喜欢涉及解锁过程、全新拆封或渲染图展示的租赁内容（如苹果15标准版），避免复杂操作、新品曝光或标准版设备场景。",0,complete
1649049,"喜欢：用户偏好手机流量卡品类，关键词包括流量卡、手机卡和支付宝相关服务，品牌如中国联通、移动和电信，使用场景涉及移动通信上网和运动奖励任务（如走路赚红包）。

不喜欢：用户不喜欢信用卡相关产品（如招商银行信用卡）、提现额度服务以及小猪等非流量卡实体。",0,complete
76098,"喜欢：用户偏好苹果品牌（如iPhone 15）、手机产品及相关科技新闻，关键词包括现金、红包、租赁（如惠租）、签到和转账，品牌涉及苹果、支付宝和小米，使用场景涵盖赚钱应用（如赚现金、集分宝）、金融交易（如转账、红包）、3C产品租赁（如手机、电脑租赁）以及签到任务（如打卡、积分签到），整体兴趣集中在电子产品、金融服务和现金奖励活动上。

不喜欢：用户不喜欢开学季主题或一站式服务（如未点击商品中的开学季备齐），与点击行为中科技新闻特征相反，反映出对教育相关或学生用品主题的缺乏兴趣。",0,complete
1365767,"喜欢：用户偏好数字娱乐品类如数字公仔、壁纸和盲盒，关键词包括“上新啦”、“小鸡”、“海洋”，品牌涉及支付宝相关服务（如蚂蚁庄园），使用场景为线上娱乐和游戏互动（如蚂蚁庄园的虚拟内容消费）。
不喜欢：基于未点击商品“叮铃铃，收信啦！”的实体词“叮铃铃”，用户不喜欢传统通信或通知类内容（如信件提醒）。",0,complete
1548063,"喜欢：用户偏好金融理财品类（如理财、基金和债券），关键词包括理财、支付宝、蚂蚁森林、红包和收益，品牌如支付宝和蚂蚁财富，使用场景涉及理财节薅羊毛、春节主题活动和获取现金奖励的娱乐互动。
不喜欢：用户不喜欢泛泛的理财活动通知和福利提醒（如财富日宣传），偏好具体攻略型内容，基于未点击商品中与点击行为相反的特征（如""开始啦""或""不要忘了领""的简单通知）。",0,complete
1280340,"喜欢：该用户偏好支付宝品牌的福利活动，特别是与夏季相关的红包大奖场景，关键词包括夏天、夏日、夏季，偏好品类为红包和娱乐奖励活动，使用场景集中于支付宝扭扭节等互动游戏。
不喜欢：该用户不喜欢没有季节主题或额外福利描述的支付宝红包活动，如直接薅红包的简单活动。",0,complete
1877701,"喜欢：用户偏好理财活动、现金红包和蚂蚁森林能量，关键词包括理财、现金红包、蚂蚁森林能量，品牌涉及支付宝（从服务使用和搜索数据高频出现），使用场景为日常赚钱任务和金融福利活动（如理财节、领红包）。

不喜欢：用户不喜欢消费券、话费优惠券和签到活动，这些特征在未点击商品中与点击行为（偏好现金红包和理财）相反，体现为对消费券、话费充值相关优惠的回避。",0,complete
1867616,"喜欢：用户偏好支付宝平台的现金红包活动，特别是与季节（如夏天）相关的福利和奖励，偏好品类包括线上互动游戏和数字红包，关键词涉及支付宝、现金红包、夏天，品牌偏好支付宝，使用场景为夏季促销期间参与扭一扭等任务式活动以获取高额红包奖励。

不喜欢：用户不喜欢包含1分购的促销形式，尽管涉及支付宝和现金红包，但可能与小额优惠或低价购买方式不感兴趣，基于未点击商品中与点击行为相反的特征（如缺少季节元素和强调薅高额红包）。",0,complete
1382520,"喜欢：用户偏好金融支付和优惠活动类内容，偏好品类包括红包福利和夏季促销，关键词如""红包""、""活动""、""夏天""、""夏日""，品牌如支付宝，使用场景为夏季线上领奖和支付优惠活动。

不喜欢：用户不喜欢企业公司新闻和投资主题内容，包括上市、品牌产品升级等特征，如蜜雪冰城和茶百道的商业动态。",0,complete
1275463,"喜欢：用户偏好支付宝相关的金融优惠活动，包括红包、福利和抽奖等品类，关键词如红包、福利、支付宝，品牌偏好支付宝，使用场景为在线参与薅羊毛和获取现金奖励活动，如扭扭节福利发放。

不喜欢：用户不喜欢严肃的赚钱知识或教育内容，基于未点击商品的特征，如""2023年还不知道这一点你是赚不到钱的""中的警告性话题。",0,complete
1809242,"喜欢：用户偏好金融投资品类，特别是A股市场相关主题，关注关键词如A股反弹、星辰的操作建议，使用品牌如蚂蚁财富、apple|BRAND进行投资交易，场景涉及基金决策、金融服务使用和投资操作分析。

不喜欢：用户不喜欢医疗、半导体、地产等投资主题，以及元芳的操作建议和政策讨论，基于未点击商品中这些特征与点击行为相反。",0,complete
1126875,"喜欢：用户偏好苹果品牌手机租赁服务，特别是iPhone系列（如iPhone 15），涉及免押金租赁、手机升级场景，关键词包括租苹果、免押金租赁、3C数码产品租赁，使用场景聚焦于租赁支付（如支付宝、余额宝）和免押金服务（如信用免押）。

不喜欢：用户不感兴趣于手机资讯（如iPhone新资讯）、租金支付管理（如生活号订单管理）、其他品牌手机（如华为折叠屏、荣耀Magic V2），以及分期租赁相关内容（如租手机分期）。",0,complete
1226697,"喜欢：用户偏好金融支付服务，特别是商家转账、批量发奖金和结日薪，偏好品类包括转账结算和工资管理，关键词如奖金、日薪和批量发，品牌涉及支付宝、花呗和余额宝（基于搜索和服务使用数据），使用场景为商业运营中的批量薪酬支付和即时资金管理。

不喜欢：用户不喜欢按月转账业务、开通或终止流程以及免费体验（基于未点击商品特征），反映出对定期订阅式转账服务的缺乏兴趣。",0,complete
1824942,"喜欢：用户偏好公益环保类内容，如保护海洋和绿色生活小妙招（关键词：保护、海洋、生活小妙招），涉及品类包括生活缴费（水费、燃气费用）和日常消费（蔬菜、燃气）；品牌如支付宝、蚂蚁庄园（服务使用）；使用场景聚焦生活缴费（如交水电煤气费）和公益互动（如养小鸡、种树）。

不喜欢：用户不喜欢快速获取绿色能量或云养大熊猫相关的内容，这些特征（如绿色能量、云）与点击行为相反，表明对游戏化奖励驱动的环保主题不感兴趣。",0,complete
1442367,"喜欢：用户偏好流量卡和手机卡服务品类，关键词包括联通、电信、办理、免费和流量卡，品牌偏好联通和电信，使用场景为在线申请流量卡和手机卡办理，体现对便捷、低成本通信服务的兴趣。

不喜欢：用户不喜欢移动品牌的流量卡和无限流量相关特征，基于未点击商品中移动、无限流量和无限卡等元素与点击行为相反。",0,complete
2010617,"喜欢：用户偏好金融投资品类（如基金、股票），关键词包括A股、纳斯达克、基金等，品牌如支付宝、蚂蚁财富，使用场景涉及在线理财、投资分析和日常支付服务（如余额宝、花呗），基于交易行为中的基金实体（如建信纳斯达克100指数C）、服务使用中的理财服务、搜索关键词中的金融主题（如招商中证白酒指数）以及点击商品标题的A股相关内容。

不喜欢：用户不喜欢操作分享、调仓建议和亏损叙述相关的内容，基于未点击商品标题中的特征（如""调仓""、""分享""、""大面""），与点击行为中A股情绪化讨论相反，避免具体投资操作指导或亏损故事。",0,complete
1945786,"喜欢：用户偏好数字公仔和壁纸品类，关键词包括金融理财（如借呗、花呗、额度）、公益慈善（如捐赠、蚂蚁庄园）和虚拟农场游戏（如芭芭农场），品牌涉及支付宝、微信，使用场景涵盖在线支付、公益捐赠、理财服务和打车网约车（如滴滴出行）。

不喜欢：用户不喜欢海洋主题的内容，基于未点击包含海洋元素的壁纸商品。",0,complete
711512,"喜欢：用户偏好性价比高的电子产品（如热门手机），偏好品类包括生鲜食品（如纯牛奶、水果、蔬菜）和日常消费（如外卖、租赁服务），关键词涉及省钱（如红包、优惠券）、外卖和金融（如基金、借呗），品牌倾向伊利、蒙牛、麦当劳等食品品牌，使用场景聚焦外卖点餐、3C数码租赁和环保回收。  
不喜欢：用户不喜欢育儿教育主题（如零花钱管理、青春期教育），基于未点击商品中与点击行为相反的育儿、家长和零花钱相关特征。",0,complete
591633,"喜欢：用户偏好支付宝相关的福利活动，特别是夏季主题的红包大奖，涉及品类如数字支付和红包福利，关键词包括支付宝、夏天、福利、红包，品牌如支付宝，使用场景集中在夏季福利发放和红包领取，结合交易行为（如支付宝、余额宝）和服务使用（如外卖点餐、理财）强化了对支付宝生态的兴趣。

不喜欢：基于未点击商品，用户不喜欢秋季主题的红包抽取活动，如""薅羊毛""式行为，关键词包括秋日、抽红包、薅羊毛，与点击行为中夏季和福利特征相反。",0,complete
1375996,"喜欢：用户偏好支付宝相关的促销活动（如扭扭节红包福利）和农业产品（如浙江山区农货），关键词包括夏天、红包、福利、农货，品牌支付宝，使用场景涉及支付宝福利发放（如领现金红包）和农业支持（如帮老乡销年货）。

不喜欢：用户不喜欢时间特定事件（如2023年第一天）和等级特权主题（如宠粉），基于未点击行为中与点击的实用福利和农业特征相反。",0,complete
1890674,"喜欢：偏好品类为金融信用服务，关键词包括征信、信用查询、个人信用报告，品牌如招联金融、支付宝，使用场景涉及个人信用管理、在线查询服务和金融投资（基于点击商品""查征信""、搜索关键词""征信""、""招联""、服务使用""征信查询""等数据）。

不喜欢：偏好品类如技术编程、政府报告和汽车机械，关键词如编程、政府、涡轮、增压，使用场景包括软件开发、政府事务讨论和汽车技术分析（基于未点击商品实体词如""模型,编程""、""政府工作报告,人社""、""涡轮,增压""等与点击行为相反的特征）。",0,complete
691629,"喜欢：用户偏好现金奖励和到店支付场景，涉及品类如金融支付和日常消费（如余额宝、转账、红包），关键词包括现金、红包奖励和攒现金，品牌如支付宝（从服务使用和搜索中高频出现），使用场景聚焦于支付攒钱和实体店消费（如到店付款、兼职理财）。

不喜欢：用户不喜欢添加促销性元素如""福利""、""今天""或""第一""的现金奖励内容（基于未点击商品中与点击行为相反的特征，如强调重复福利或时间敏感促销），表明对过度营销或即时性优惠的回避。",0,complete
1418487,"喜欢：偏好品类包括餐饮外卖（如烧烤、外卖订单）和话费充值；关键词如红包、优惠券、话费充值；品牌如饿了么、美团外卖、支付宝；使用场景涉及日常消费支付（如外卖点餐、生活缴费）、理财管理（如余额宝、花呗）和公益参与（如蚂蚁森林种树）。

不喜欢：基于未点击商品，不喜欢游戏攻略等游戏玩乐内容。",0,complete
106888,"喜欢：用户偏好家政服务，特别是害虫控制（如除四害），以及健康咨询（心理健康咨询）和支付宝相关服务（生活号、蚂蚁庄园）；关键词包括四害消杀、家政保洁；品牌如58到家、啄木鸟；使用场景涉及学生生活、城市居住（重庆市）、外卖使用（美团、饿了么）和环保参与（神奇海洋、养小鸡）。

不喜欢：用户不喜欢汽车美容、汽车保养和汽车维修服务，基于未点击相关商品（如汽车美容、汽车维修保养），与点击的家政服务行为相反。",0,complete
1273330,"喜欢：用户偏好金融和保险相关活动，特别是红包奖励和蚂蚁保金选产品；偏好品类包括金融红包、保险服务；关键词如""抢红包""、""蚂蚁保金选""；品牌如蚂蚁保、支付宝；使用场景在金融奖励活动、保险服务中。

不喜欢：用户不感兴趣于理财工具、信用服务和健康管理产品；偏好品类包括理财、信用服务、健康管理；关键词如""理财周周转卡""、""健康花""；品牌如蚂蚁星愿；使用场景在理财投资、信用住宿、健康活动中。",0,complete
1446852,"喜欢：用户偏好电子产品租赁品类，特别是苹果品牌手机，关键词包括手机拍照、租赁服务和摄影功能（如更换天空、去除路人），使用场景涉及数字消费和在线租赁平台（如支付宝相关服务）。

不喜欢：用户对汽车维护话题不感兴趣，包括油品质量和加油相关特征，基于未点击行为与点击偏好相反。",0,complete
1385942,"喜欢：用户偏好通信服务品类（如流量卡和话费充值）与生活情感品类（如鲜花配送），关键词涉及信用额度申请、流量卡和520鲜花等金融与生活服务主题，品牌倾向中国电信、中国联通及银行类（如中信银行），使用场景聚焦省钱管理（如赚现金、充值话费）和节日便利（如同城鲜花赠送）。

不喜欢：基于未点击彩票数据商品，用户不喜欢彩票或数据统计类内容。",0,complete
467532,"喜欢：偏好基金投资，特别是煤炭、科创、白酒等指数基金（如富国中证煤炭指数C、招商中证白酒指数C），关注反弹、加仓策略、盘后数据分析和操作确认；关键词包括""反弹""、""策略""、""数据""、""梭哈""；品牌涉及易方达、南方、天弘等基金公司；使用场景集中于理财服务、财富社区和市场监控。

不喜欢：不喜欢创业板、半导体、光伏、新能源等主题（如未点击的半导体、光伏标题），以及情绪底、一日游、惊喜等短期或情绪化内容，与点击的稳健反弹策略相反。",0,complete
267482,"喜欢：用户偏好理财活动，特别是支付宝平台的金融产品，涉及品类如理财节和福利获取，关键词包括理财、活动、支付宝、福利、黄金票，品牌以支付宝为主，使用场景为在线参与理财活动以获取奖励。
不喜欢：用户对手机租赁、系统更新（如鸿蒙）和信用免押金服务不感兴趣，基于未点击商品的特征与点击行为相反。",0,complete
1268434,"喜欢：该用户偏好半导体基金品类（如华夏国证半导体芯片ETF联接C），关键词包括""半导体""、""加仓""和""交易机会""（基于点击标题中的""半导体缩量下跌机会来了""），品牌涉及华夏、富国等基金公司（从交易行为实体和搜索关键词中高频出现），使用场景为金融投资决策（服务使用实体如财富频道、证券，点击行为聚焦基金操作分享）。

不喜欢：该用户不喜欢白酒相关投资（未点击标题中""白酒和半导体今天重点加仓""与点击行为相反）、海外市场投资（未点击""投资海外市场""内容）以及被动盈利故事（未点击""基金吃大肉""等非操作导向内容）。",0,complete
125999,"喜欢：用户偏好支付宝相关的金融福利活动，特别是夏季主题的红包发放，偏好品类包括红包、福利和季节促销，关键词如支付宝、红包、夏天、夏日、夏季，品牌偏好支付宝，使用场景为夏季促销活动（如扭扭节福利）。

不喜欢：用户不喜欢环保、公益种树和金融分析相关的内容，如保护海洋、蚂蚁森林和大盘走势解析，基于未点击商品中与点击行为相反的特征（环保主题、公益种树和金融分析）。",0,complete
805550,"喜欢：用户偏好金融服务品类，特别是信用卡申请办理，关键词包括""信用卡""和""办卡""，品牌偏好交通银行，使用场景涉及在线金融管理和办卡服务，基于点击行为中对交通银行银联金卡的明确兴趣。

不喜欢：用户不喜欢招商银行品牌、流量卡申请服务（如中国移动或电信的无限流量卡）、以及支付宝提现等特征，基于未点击商品中与点击行为相反的特征，如招商银行信用卡和流量卡申请未被选择。",0,complete
1578906,"### 用户兴趣偏好总结（场景0）
喜欢：用户偏好金融服务和支付工具，特别是支付宝相关的提现免手续费功能，涉及品类如金融管理、省钱技巧和日常支付，关键词包括支付宝、提现、手续费免，品牌偏好支付宝，使用场景聚焦于日常支付操作和节省费用需求。

不喜欢：用户不喜欢通信服务如流量卡、电话卡申请以及免费服务领取，这些特征与点击行为相反，体现在未点击商品中的流量卡、电话卡、免费申请等实体词上。",0,complete
1313252,"喜欢：用户偏好财务工具品类（如电子发票开具），关键词包括支付红包、电子发票助手和消费券，品牌涉及支付宝，使用场景为在线支付、办公自动化和日常消费管理。  
不喜欢：用户对政府会议和人社政策相关主题不感兴趣，如青岛人社和国务院会议。",0,complete
1852211,"喜欢：该用户偏好支付宝平台的现金红包活动，特别是免费、每天可领且自动抵扣的类型；偏好品类包括金融理财（如红包、现金奖励）和生活服务（如支付、充值）；关键词如红包、现金、免费、签到；品牌支付宝；使用场景为日常赚零花钱、在线支付优惠和APP互动（如扭扭节）。

不喜欢：基于未点击商品，用户不喜欢类似但缺乏具体优惠细节（如免费或每日机制）的红包福利描述，仅泛泛强调福利或领现金红包。",0,complete
583601,"喜欢：用户偏好亲子活动、游乐园体验和梦幻小院相关的休闲场所，尤其关注帝都（北京）地区；在品类上，喜欢餐饮小吃（如拌饭、奶茶和零食）、水果（如栗子、桃桃蜜柚）和清洁工具（如拖把、除尘纸）；关键词包括梦幻小院、亲子、优惠券、电影票和公交；品牌涉及沪上阿姨、支付宝和余额宝；使用场景为家庭出游、在线支付（如花呗、转账）和公益参与（如芭芭农场种果树）。

不喜欢：用户不喜欢家居环境相关的舒适内容，如将梦幻小院概念应用于室内装饰或家居产品，表明对纯室内舒适类（如家居、恬静环境）不感兴趣，与点击的户外体验形成反差。",0,complete
587832,"喜欢：用户偏好基金投资品类（如白酒、新能源车、半导体相关基金），关键词包括加仓、抄底、A股、理财，品牌涉及361度（运动装）、百事可乐（饮料），使用场景为在线理财（蚂蚁财富、支付宝财富服务）和日常消费（好邻居便利店购物、天气查询）。  
不喜欢：基于未点击行为，用户不喜欢市场回调分析（如上证指数讨论）、震荡或减仓建议内容，关键词如回调、减仓、高开低走，避免臆测其他特征。",0,complete
1017456,"喜欢：用户偏好投资分析、实时市场评论和操作建议，尤其关注半导体、科技、白酒、医药、新能源等行业动态，使用网格投资策略；偏好品类包括ETF基金（如半导体、科技相关）和特定行业产品，关键词如投资、网格、复盘、操作、大涨、反转，品牌涉及蚂蚁财富等金融平台，使用场景为个人理财决策、A股/美股/港股市场跟踪及操作执行（如加仓提醒）。

不喜欢：用户不喜欢宏观指数分析（如上证指数）、吸引力比较（如股债对比）、行业深度研究（如医药生物行业）、政策评论（如房地产、个税）、负面利空新闻及非核心主题（如外资流出、腾讯季报），这些与点击行为中积极、操作导向的特征相反。",0,complete
1233928,"喜欢：用户偏好实用消费服务，如超市购物和运费优惠，关键词包括运费、天猫、超市，品牌涉及天猫（如天猫超市），使用场景为在线购物和日常节省成本，体现在点击运费券行为及交易实体（如超市、支付宝）和服务实体（如超市、手机充值）中。

不喜欢：用户不喜欢旅游探险内容，如自驾游和探访秘境，基于未点击商品的特征（自驾、江南秘境）与点击行为（实用消费）相反，体现为对休闲旅游类目的低兴趣。",0,complete
1460670,"喜欢：该用户偏好生活用品品类如挂饰和DIY装饰（基于点击商品""胖胖的彩虹鱼挂饰""），关键词包括过年、外卖和牛奶（源自搜索关键词和交易实体），品牌涉及小米、华为和可口可乐（从交易行为中的BRAND实体提取），使用场景主要为家庭DIY和日常便利店消费（参考点击商品标题""在家做""及交易中的便利店|ACTIVITY_SCENE）。

不喜欢：用户不喜欢理财和投资相关品类，如省钱攻略和黄金票（基于未点击商品实体词""薅羊毛""、""攒黄金票""），关键词如买黄金和科普帖（从未点击实体词提取），使用场景为日常省钱技巧（与点击行为的家庭DIY场景相反）。",0,complete
1733592,"喜欢：用户偏好金融转账服务（如支付宝、余额宝、花呗）、红包相关活动（如转账红包、现金红包），以及情感故事主题（如网恋、女友），使用场景集中于在线支付、转账操作和情感互动，品牌上倾向支付宝生态（包括余额宝和花呗），关键词包括转账、红包、花呗。

不喜欢：用户不喜欢实用教育性的转账技巧内容（如账号管理、凭证学习或转钱方法），这与点击的负面情感故事（网恋转账）形成鲜明对比，避免涉及转账操作指导或账号全称处理等实用功能。",0,complete
240182,"喜欢：用户偏好电子产品租赁品类，特别是苹果品牌手机（如苹果14），关注关键词如免押金、正品新机、租二手苹果手机，使用场景包括租赁二手设备、查询手机真伪以及省钱试用新机，结合交易行为（如手机租赁、支付宝支付）和服务使用（如3c数码产品、免押租赁）体现对数码产品和金融服务的兴趣。

不喜欢：用户不喜欢话费充值、消费券和折扣优惠活动，如商城购物（真快乐商城）、通用话费服务（全国三网通用）和频繁促销（天天消费领券），基于未点击商品与点击行为相反的特征（如折优惠、全国话费）。",0,complete
1219044,"### 用户兴趣偏好总结（场景0）
喜欢：用户偏好咖啡品类，关键词包括咖啡、品牌如星巴克、瑞幸咖啡和Tims，使用场景涉及餐饮消费和外卖点餐，基于点击商品中对咖啡品牌的分析及交易行为中的餐饮小吃实体（如惠云面馆、吴茂兴）和服务使用中的外卖平台（如饿了么）。

不喜欢：用户不喜欢价格促销主题的咖啡商品（如低价或价格战）、实验性内容（如可乐牛奶实验），以及对鹰集咖啡品牌不感兴趣，基于未点击商品中与点击行为相反的特征（如""低至1元一杯""的价格战和""可乐加牛奶""的实验）。",0,complete
970249,"喜欢：该用户偏好支付宝的核心功能优化（如消息盒子升级），涉及理财服务（如余额宝）、支付工具使用场景（在线支付、功能更新），关键词包括支付宝、升级、消息盒子，品牌偏好支付宝（基于点击行为、服务使用和搜索数据）。

不喜欢：用户不喜欢红包相关的促销活动（如免费红包、支付自动抵扣），基于未点击商品与点击行为相反的特征（红包、抵扣 vs. 功能升级）。",0,complete
674212,"### 用户兴趣偏好总结（场景0）
喜欢：该用户偏好餐饮品类（如咖啡、奶茶），关键词包括优惠、学生价、福利，品牌如沪上阿姨，使用场景涉及点单和外卖服务，基于点击行为和交易数据中的高频实体（如沪上阿姨、优惠券、外卖订单、支付宝）。  
不喜欢：该用户不喜欢特权、宠粉活动以及自驾旅游等特征，基于未点击商品的反向特征（如宠粉、特权、自驾、江南秘境），与点击的实用优惠行为形成对比。  

（字数：148）",0,complete
926774,"喜欢：用户偏好现金红包、支付宝福利活动等金融红包品类，关键词如现金、红包、支付宝，品牌偏好支付宝，使用场景为日常红包领取和季节促销（如夏天相关活动），基于点击商品标题和实体词（如""领现金红包""、""支付宝""、""夏天""）以及搜索关键词（如""现金""、""红包""）和服务使用实体（如""支付宝""、""现金红包""）的支持。

不喜欢：用户不喜欢手机话费充值服务，偏好品类为话费相关优惠，关键词如充值话费、手机费，使用场景包括到店付款和话费券兑换，基于未点击商品标题和实体词（如""充值话费""、""手机费""）与点击行为（现金红包福利）相反的特征。",0,complete
1084914,"喜欢：用户偏好运动赛事（如亚运会）和文旅活动相关的品类，关键词包括亚运会、门票、运动；品牌涉及支付宝、饿了么等数字支付和外卖服务；使用场景集中于在线支付、外卖点餐和参与数字营销活动（如抽奖、公益捐步），体现对南京本地事物和日常便利服务的兴趣。

不喜欢：用户不喜欢催促性的营销表述（如""快来领""），这与点击行为中避免的过度促销特征相反。",0,complete
1338546,"喜欢：用户偏好金融保险品类（如门诊险、好医保）、在线购物（如天猫超市）、支付服务（如支付宝、余额宝），关键词包括特权、上新、优惠，品牌涉及天猫、支付宝，使用场景为日常消费（如外卖点餐、理财管理）。
不喜欢：用户不喜欢粉丝互动（如宠粉）和旅游活动（如自驾、江南秘境），基于未点击商品特征与点击行为相反。",0,complete
815479,"喜欢：用户偏好支付宝品牌的红包活动、季节促销（如夏天扭扭节），关键词包括支付宝、红包、活动、夏天、夏日、夏季，使用场景为娱乐消费和游戏化互动（如扭扭节福利），偏好品类涉及数字支付和线上促销。

不喜欢：用户不喜欢实用缴费服务，如电费充值和生活缴费签到，表现为未点击相关商品，关键词包括电费、充值、优惠、特惠，使用场景为日常缴费和账单管理。",0,complete
1384409,"### 用户兴趣偏好总结（场景0）
喜欢：该用户偏好支付宝相关的现金红包福利活动，尤其涉及""扭扭节""主题；在品类上，倾向于餐饮（如外卖、快餐和盖浇饭）和理财（如余额宝、活钱理财）；关键词包括红包、福利和优惠；品牌偏好支付宝和饿了么；使用场景主要为在线支付、日常消费和领取福利。

不喜欢：基于未点击行为，用户不喜欢""夏日""主题的现金红包活动。",0,complete
1279073,"喜欢：该用户偏好金融投资品类，特别是基金相关产品（如新能源、消费行业、先进制造等主题基金），关键词包括基金估值助手、基金估值工具使用方法，品牌如蚂蚁财富、支付宝和余额宝，使用场景为基金投资管理、理财工具操作和日常财富增值。
不喜欢：该用户不喜欢基金估值的实时查询、每日更新、定点查询功能，这与点击的助手使用方法形成鲜明对比，体现在未点击商品强调实时估值数据、更新频率和查询操作上。",0,complete
751094,"喜欢：用户偏好预算导向的城市旅行（如西安吃喝玩乐），关键词包括预算、吃喝玩乐、西安市；偏好品类为日常消费（如食品、日用品）和数字服务；品牌涉及伊利、蒙牛；使用场景包括省钱旅行（如芭芭农场、省钱卡）、支付宝支付和外卖点餐。

不喜欢：用户不喜欢自驾探访自然秘境的活动（如江南秘境），与预算城市旅行特征相反。",0,complete
297775,"喜欢：该用户偏好金融理财品类，关键词如现金红包、夏天、支付宝，品牌包括支付宝（从点击和服务使用实体），使用场景为在线红包活动、夏季促销和日常消费（基于点击商品标题和实体词，结合服务使用实体中的理财、公益慈善和交易行为实体中的余额宝、花呗）。

不喜欢：该用户不喜欢手机租赁、电子产品租赁和拍照功能（基于未点击商品实体词如手机租赁、苹果手机租赁、手机拍照，与点击行为中的金融活动特征相反）。",0,complete
1874243,"### 用户兴趣偏好总结（场景0）
喜欢：用户偏好信用服务（如信用测评、额度查询和备用金申请）、金融产品（如免押租手机租赁）和支付宝相关服务，关键词包括""信用测评""、""额度""、""芝麻信用分""和""消费金""，品牌涉及支付宝内部功能（如备用金），使用场景为个人财务管理、信用提升和设备租赁。  
不喜欢：用户不喜欢红包活动或类似营销游戏（如""扭一扭""红包），与点击的信用主题相反。",0,complete
733030,"喜欢：用户偏好支付宝品牌下的金融理财服务，关键词如现金红包、福利、奖励和夏天/夏季主题；偏好品类包括在线赚钱活动（如抽红包、互粉互动）和生鲜食品（如水果、蔬菜）；使用场景涉及超市购物（如世纪联华）、理财管理（如集分宝、红包领取）和夏季促销互动。

不喜欢：用户对油价波动和原油价格相关的能源市场内容不感兴趣，这与点击行为中偏好金融奖励和生鲜消费的特征相反。",0,complete
739018,"喜欢：该用户偏好支付宝相关的现金红包福利活动，尤其在夏季场景（如“夏天”、“夏日”），偏好品类包括金融奖励和线上娱乐，关键词如“福利”、“红包”，品牌偏好支付宝，使用场景为线上互动和季节促销。
不喜欢：该用户不喜欢失业保障金、补助金、健康金等保障性金融产品和教程内容，关键词如“失业”、“补助”、“医保”，使用场景为医疗保障和学习指南。",0,complete
1495707,"喜欢：用户偏好饲料相关品类（如小鸡饲料），关键词包括蚂蚁庄园、高级饲料和喂养攻略，品牌如蚂蚁庄园，使用场景在支付宝游戏中进行虚拟宠物喂养和奖励领取（如养小鸡、喂小鸡），基于点击蚂蚁庄园饲料商品及服务使用中的蚂蚁庄园、饲料等实体。

不喜欢：用户不喜欢村长相关的虚拟宠物内容，基于未点击村长小鸡商品，与点击行为中蚂蚁庄园主题相反。",0,complete
1778457,"喜欢：偏好通信服务品类，特别是流量卡申请和在线充值；关键词包括无限流量、免费、申请；品牌偏好中国移动、中国联通；使用场景涉及手机充值、流量卡在线申请和转账服务。
不喜欢：基于未点击商品特征，不喜欢腾讯品牌、蚂蚁会员相关服务，以及大王卡类型和特定办理服务。",0,complete
1644958,"喜欢：偏好债券基金和股票型指数基金（特别是宽基指数），关键词包括债券基金、指数基金、投资指南，品牌涉及中欧、富国、广发、国泰等基金公司，使用场景为投资理财和学习金融知识（如通过投资指南提升认知）。

不喜欢：基于未点击行为，不喜欢直播活动（如七夕专场）、收益亏损讨论（如亏损故事）、以及非核心投资主题如恋爱、房地产政策或生活缴费优惠。",0,complete
1079960,"喜欢：用户偏好金融理财品类（如理财周周转卡、赚钱红包），关键词包括理财、红包、健康，品牌涉及蚂蚁星愿、健康花，使用场景为在线理财和健康管理服务。

不喜欢：用户不偏好出行用品（如防晒贝壳帽）、会员服务（如VIP会员），关键词如出行、防晒、暑期，使用场景为旅行和娱乐活动。",0,complete
583132,"喜欢：用户偏好支付宝品牌的金融促销活动，特别是现金红包和奖励相关品类，关键词包括夏天、夏日、现金红包、福利和奖励，使用场景集中于在线夏季主题福利活动，如扭一扭领红包。

不喜欢：用户不喜欢加油相关、批量转账操作指南和洗钱风险等内容，偏好品类为汽车服务（如油品）和金融服务负面主题，关键词包括加油、转账、操作指南和洗钱，使用场景涉及疑问解答、转账操作和风险避免。",0,complete
1984494,"喜欢：用户偏好品类包括食品（如面粉、面条、糕点、饺子）、杂粮粗粮（如黄小米、糯小米）、清洁用品（如洗衣液、卫生纸）；关键词涉及现金、红包、理财、支付宝；品牌如拜格bayco、维达、蓝月亮；使用场景涵盖超市购物、支付服务（条码支付、余额宝）、金融服务（花呗、转账）以及鉴宝主题（基于点击行为）。

不喜欢：基于未点击商品特征（如现金红包促销、淘特平台相关、过年主题、省钱攻略、进口水果如车厘子、饮料建议和转账服务），用户不喜欢现金红包类促销、淘特平台活动、过年节日主题、省钱攻略内容、特定进口水果（如车厘子）、饮料推荐以及转账相关服务。",0,complete
1974170,"喜欢：用户偏好金融信用服务品类，关键词包括""征信""和""花花信用""，使用场景聚焦于个人信用问题补救（如信用修复咨询），品牌倾向体现在对""花花信用""相关内容的兴趣，交易行为中虽涉及日常用品但点击行为明确指向信用领域。

不喜欢：用户对通信服务（如电话卡、流量卡申请）和金融产品申请（如信用卡办理）不感兴趣，这些特征在未点击商品中突出表现为""电话卡一证通查""、""移动流量卡""、""招商银行信用卡""等实体词，与点击行为中的信用修复主题形成反差。",0,complete
167514,"喜欢：用户偏好支付宝品牌的金融福利活动，特别是现金红包奖励类内容，涉及夏季主题（如夏天、夏日）和校园场景（如北京大学附属中学），关键词包括现金、支付宝、福利活动，使用场景聚焦校园消费和季节促销。

不喜欢：用户不喜欢魔术揭秘类内容，如金币变戒指和点石成金比喻，关键词包括金币、戒指、点石成金，这些特征与点击的金融活动相反，缺乏真实现金奖励和实用场景。",0,complete
748812,"### 用户兴趣偏好总结（场景0）
喜欢：用户偏好支付宝生态中的抽奖和优惠活动，如花花卡，关键词包括大奖、运气和支付宝相关服务（如蚂蚁庄园），品牌涉及支付宝平台，使用场景为在线支付、优惠获取和随机抽奖活动，支持品类包括数字服务、公益互动（如捐步）和消费券。

不喜欢：用户不喜欢粉丝福利和等级特权类内容，如宠粉和特权，这与点击的抽奖行为相反，表现为对粉丝导向或会员等级系统的低兴趣。",0,complete
1086714,"喜欢：用户偏好湖北本地实用服务（如档案查询）、公益相关活动（如蚂蚁庄园和种果树）、日常消费品类（包括水果、零食、内衣），关键词涉及消费券、外卖和麦当劳，品牌如超能、dettol/滴露，使用场景涵盖超市购物（如朴朴超市）、在线服务和公益游戏。

不喜欢：用户对休闲活动如踏青和打车服务促销（如花小猪打车礼包）不感兴趣。",0,complete
456537,"喜欢：用户偏好气象信息服务品类，关键词包括暴雨预警、天气指数、约会攻略和洗车预报，品牌如中央气象台，使用场景涉及日常出行规划、娱乐活动决策（如七夕约会和周末洗车）及灾害防范。  
不喜欢：用户不喜欢地方性灾害事件报道，特征如具体地理位置（如福建漳州）、河流水位暴涨等与点击行为相反的地方细节描述。",0,complete
841249,"喜欢：用户偏好金融服务品类，如信用购和花呗，关键词包括理财、红包和消费节，品牌涉及支付宝相关服务（如余额宝），使用场景为日常在线支付、信用管理和金融消费，体现对实用金融工具的强烈兴趣。

不喜欢：用户不喜欢娱乐分享品类，如个人空间展示或故事内容，关键词如分享和空间，使用场景为休闲娱乐或个人生活分享，与点击的金融实用服务形成鲜明对比。",0,complete
1432800,"喜欢：用户偏好金融福利和日常消费服务品类，关键词包括现金、红包、支付宝，品牌如支付宝和饿了么，使用场景为在线红包领取、外卖点餐和兼职任务参与。
不喜欢：基于未点击年夜饭套餐商品，用户不喜欢高价餐饮套餐品类。",0,complete
1179299,"喜欢：用户偏好金融投资品类，特别是基金操作和A股市场分析，关键词包括加仓、半导体、白酒、新能源车和机会，品牌如蚂蚁财富、华宝基金和天弘基金，使用场景为在线实时交易决策、理财分享和积极反弹策略。

不喜欢：用户不喜欢避险主题内容，关键词如政策、LPR、失望和创新低，避免使用场景中的悲观市场解读、避险策略和政策敏感分析，基于未点击商品中与点击行为相反的特征（如点击加仓机会但未点击白酒避险或政策影响标题）。",0,complete
922375,"### 用户兴趣偏好总结（场景0）
喜欢：用户偏好夏天主题的食品品类，如水果、冰淇淋和咖啡；关键词包括""夏天""、""水果""和""消费券""；品牌倾向麦当劳、星巴克和肯德基；使用场景集中于外卖点餐、餐饮消费和优惠券使用，体现对季节性轻食和便捷服务的兴趣。

不喜欢：基于未点击商品特征，用户不喜欢DIY教程类内容（如笔筒）、低价促销（如""10元起""）和鸡相关产品（如""快乐吃鸡""），与点击的夏天水果主题形成反差。",0,complete
125040,"喜欢：用户偏好金融投资品类，关键词包括指数晴雨表、中植系暴雷、股票和违章查办等，品牌如支付宝、中信建投证券和蚂蚁财富，使用场景为证券投资、理财服务和交通违章查询。

不喜欢：用户不喜欢娱乐游戏和促销活动，如评论有奖、小呗相关内容和三星手机礼物，这些特征与点击的严肃金融内容相反。",0,complete
301309,"喜欢：该用户偏好在线客服招募品类，特别是支付宝相关的云客服业务，关键词包括充值话费、生活缴费、升级和名额，品牌偏好支付宝，使用场景涉及生活缴费服务和在线兼职机会（如话费充值、业务升级）。

不喜欢：该用户不喜欢居家打字客服品类，关键词如高速ETC、哈啰出行和打字，品牌如哈啰出行，使用场景如高速ETC业务和居家打字工作（基于未点击商品中与点击行为相反的特征）。",0,complete
571838,"喜欢：用户偏好支付宝品牌的活动，如夏季扭扭节，涉及红包、福利和现金奖励；对现金相关服务（如缴费、抽奖、游戏）感兴趣；关键词包括夏季、现金、红包；使用场景涵盖促销活动（如扭扭节）、生活缴费（如电费、水费）和娱乐游戏（如抽奖）。

不喜欢：用户不感兴趣于企业分红、投资现金分红等财务新闻，如恒力石化的分红公告，表明对大型现金交易或公司财务不偏好。",0,complete
1210267,"喜欢：偏好金融工具和医疗保健品类，关键词包括基金、医保和金融投资（如搜索中的""基金""、""医保""和""社会保障""），品牌如支付宝和蚂蚁财富（交易行为中的""支付宝""、""蚂蚁财富""，服务使用中的""理财服务""），使用场景为日常金融管理（如点击的基金估值助手使用方法）和医疗报销（如点击的医保二次报销注意事项）。
不喜欢：基于未点击商品中与点击行为相反的特征，不喜欢基金估值的基础查询（如""基金估值是什么""）、实时估值更新（如""主动型基金实时估值查询""）、主动型基金估值工具以及节日购物主题（如""过年买年货""）。",0,complete
1905207,"喜欢：偏好品类为话费充值服务，关键词包括优惠、巨惠充、天天好券和充值，品牌涉及移动/联通/电信三网运营商和高阳，使用场景是日常手机话费充值，强调直接折扣和优惠券活动。
不喜欢：基于未点击商品特征，不喜欢强调高温补贴、免费立减优惠或特定运营商（如中国电信）的推广，偏好与点击行为相反的特征如额外补贴或非三网通用优惠。",0,complete
1340144,"喜欢：用户偏好支付宝平台的理财服务（如理财周周转卡、蚂蚁星愿）、现金红包活动（如赚钱红包、天天领红包），关键词包括夏天、健康花和信用住，使用场景集中在夏季促销、理财管理和红包领取，品牌以支付宝为主，品类涉及金融投资和红包福利。

不喜欢：用户对红包封面等非现金红包形式不感兴趣，基于未点击行为中与现金红包相反的抽象特征（如万物）。",0,complete
420524,"喜欢：用户偏好支付宝平台的夏季活动，涉及红包、免费可乐等饮品品类，关键词包括夏天、夏日、夏季、红包、免费，品牌如支付宝和可乐，使用场景为支付宝扭扭节福利发放的消费优惠场景。

不喜欢：用户不喜欢秋日主题的抽红包活动和薅羊毛行为，基于未点击商品中与点击行为相反的特征，如秋日关键词和被动抽红包方式。",0,complete
802104,"### 用户兴趣偏好总结（场景0）
喜欢：偏好理财品类，特别是余额宝相关的红包优惠活动；关键词包括红包雨、余额宝、羊毛（优惠）；品牌如支付宝；使用场景聚焦理财红包领取和线上优惠互动。  
不喜欢：不偏好话费充值品类；关键词如充值话费、话费优惠；品牌如中国移动、中国联通；使用场景涉及话费充值服务。",0,complete
1641548,"喜欢：用户偏好出行相关的优惠和红包服务，偏好品类包括交通（如公交、地铁）和餐饮（如咖啡、快餐），关键词如""出行红包""和""出行优惠""，品牌如ipshanghai和瑞幸咖啡，使用场景涉及日常通勤、在线支付及下午茶消费，基于点击行为和搜索数据体现对出行福利的积极兴趣。

不喜欢：用户不喜欢话费充值、省钱工具、免费礼品兑换和DIY教程等内容，这些特征与点击的出行红包相反，基于未点击商品中的实体词如充值话费、省钱、礼品兑换和笔筒教程，反映出对非出行相关红包、实用优惠和手工类活动的低兴趣。",0,complete
1980547,"喜欢：用户偏好金融理财类内容，特别是基金经理相关的问答（如点击商品标题和实体词），以及日常消费如食品（偏好品类包括月饼、奶茶、猪脚饭等）、外卖服务（如饿了么、外卖订单）；关键词包括问答、基金经理、红包（从搜索关键词）；品牌偏好支付宝、饿了么（从交易行为）；使用场景涉及在线金融咨询和日常餐饮购物（如余额宝、外卖点餐）。

不喜欢：用户不喜欢港股和美股相关的金融内容，基于未点击商品中与点击行为相反的港股、美股特征（从未点击商品实体词）。",0,complete
1171586,"喜欢：用户偏好公益环保类内容，特别是支付宝神奇海洋中的互动游戏主题（如""好朋友""关系），涉及品类如数码租赁（参考服务使用实体中的""租苹果手机""、""3c产品租赁""）、关键词如""好朋友""（来自点击商品实体词）、品牌如支付宝（隐含于服务使用实体）、使用场景为在线公益参与和互动娱乐（参考交易行为中的""捐赠""和服务使用中的""神奇海洋""、""蚂蚁庄园""）。

不喜欢：用户不喜欢神奇海洋中强调神秘生物或客服引导的互动内容（如未点击商品的""神秘""、""客服""、""支小宝""特征），这与点击行为中偏好的""好朋友""主题形成反差。",0,complete
89266,"喜欢：用户偏好支付宝品牌下的金融支付服务，特别是现金红包和福利活动，关键词如现金红包、福利、支付宝，偏好品类为现金奖励和夏季主题营销，使用场景涉及夏季活动中的领奖和扭扭节互动。

不喜欢：用户不喜欢话费充值、支付宝积分兑换和月月赚活动，这些特征在未点击商品中突出，包括充值话费、话费特惠、积分兑换和月月赚任务。",0,complete
1445328,"喜欢：该用户偏好金融奖励品类（如红包和现金活动），关键词包括现金、红包、支付宝，品牌偏好支付宝，使用场景为参与支付宝扭扭节活动赚取大奖，结合服务使用（如赚现金、集分宝）和搜索行为（如现金、红包）体现对游戏化赚钱场景的兴趣。

不喜欢：该用户不喜欢小额购买促销（如1分购），基于未点击商品中与点击行为相反的特征（点击强调大奖而非低价优惠）。",0,complete
430152,"喜欢：用户偏好品类为手机卡服务，关键词包括免费申请和中国联通，品牌偏好中国联通，使用场景涉及个人通信和手机卡申请。
不喜欢：用户对支付宝相关服务、话费充值优惠、无限流量卡促销等不感兴趣，基于未点击商品中与点击行为相反的特征。",0,complete
1810958,"喜欢：用户偏好流量卡服务品类，特别是中国移动品牌的产品（如移动花卡和19元无限流量卡）；关键词包括免费、流量服务和支付宝相关支付；使用场景涉及在线办理手机卡、流量套餐和话费充值，体现对移动通信服务的兴趣。

不喜欢：用户不喜欢联通流量卡服务品类，包括联通大王卡和中国联通品牌；关键词如办理、申办和电信相关特征，与点击行为相反，表明对联通流量卡申请和全国流量卡办理的排斥。",0,complete
1833233,"喜欢：用户偏好金融交易相关的内容，尤其对转账、红包和理财感兴趣；偏好品类包括支付服务（如转账、红包码）；关键词如现金、红包、转账红包；品牌如支付宝（隐含在服务使用中）；使用场景涉及情感故事（如七夕节转账事件）和节日相关活动。

不喜欢：用户不喜欢实用性的转账工具，如批量转账和免费体验功能，基于未点击商品与点击行为相反的特征（故事性 vs. 工具性）。",0,complete
1110003,"喜欢：用户偏好食品类（如年夜饭套餐、纯牛奶、鲜鸡蛋）、日用品（如牙膏）、支付工具（支付宝、花呗）、生活缴费（电费、水费）、省钱关键词（现金、红包、集分宝、月月赚）、品牌如伊利和饿了么，使用场景包括日常消费（超市购物、外卖点餐）、在线交易（转账、充值）和任务赚钱（互动小游戏、做任务）。

不喜欢：基于未点击DIY挂饰商品（实体词为挂件、过年），用户不喜欢手工制作、装饰类产品（如彩虹鱼挂饰），与点击的实用消费行为相反。",0,complete
690189,"喜欢：用户偏好支付宝平台的现金红包活动，偏好品类为日常福利和优惠（如现金红包、红包奖励），关键词包括支付宝、夏天、红包，品牌偏好支付宝，使用场景为夏季日常福利领取（如每天领一次红包的简单互动）。

不喜欢：用户不喜欢理财、信用服务或健康相关的金融产品，偏好品类避免理财和信用服务（如理财周周转卡、信用住），关键词包括理财、信用住、健康花，品牌如蚂蚁星愿，使用场景为复杂金融投资（如理财周周转卡和健康花服务）。",0,complete
2009728,"喜欢：用户偏好支付宝品牌的活动和现金奖励，关键词包括现金、红包、夏季福利，使用场景在夏季促销和线上互动，偏好品类为金融促销和数字服务。
不喜欢：用户不喜欢回收服务，如闲置物品处理和购物卡回收，关键词包括闲置、购物卡回收，使用场景在二手交易和资源回收领域。",0,complete
692652,"喜欢：该用户偏好省钱赚钱的日常活动，如攒黄金票和薅羊毛；偏好品类包括食品（如牛奶、雪糕）和支付服务；关键词涉及现金红包、做任务和签到；品牌倾向支付宝相关（如蚂蚁财富、花呗）及食品品牌（如伊利、蒙牛）；使用场景为日常在线任务、理财和消费。
不喜欢：基于未点击商品，用户不喜欢与特定地点（如成都）、时间事件（2023年8月8日）、体育场馆（乐动力体育中心）、免费开放事件或新手科普帖相关的内容，关键词如免费、场馆、项目和科普帖。",0,complete
1214328,"喜欢：偏好支付宝相关的金融支付服务（如余额宝、花呗）和免费获取小额现金（如早餐类），关键词包括领钱、免费、信用卡（搜索中高频出现），品牌如支付宝和中国移动（交易和服务中常见），使用场景为日常省钱任务（如蚂蚁庄园做任务、芭芭农场赚零钱）和食品饮品消费（如醋、牛奶）。

不喜欢：基于未点击行为，不喜欢涉及政府补贴、社会保障和一次性大额领钱的内容（如国家、社保相关实体词），与点击的日常小额免费获取形成反差。",0,complete
48173,"喜欢：用户偏好通信服务品类，如流量卡和话费充值，关键词包括“免费”、“申请”、“特惠”和“充值”，品牌涉及中国移动、中国联通、中国电信和支付宝，使用场景聚焦省钱通信（如无限流量卡办理）和出行便利（如打车优惠券）；同时关注金融服务，如信用卡申请和知识学习，关键词“信用卡”高频出现，使用场景为金融管理。

不喜欢：用户不喜欢节日促销和泛娱乐内容，如七夕红包封面和理财活动封面，这些未点击商品的特征（如“七夕红包”、“理财”、“封面”）与点击行为相反，缺乏实用性和直接服务价值，体现在偏好具体服务而非花哨促销。",0,complete
45476,"喜欢：偏好红包相关的促销活动品类，关键词包括抽红包、薅羊毛、红包和一起，品牌倾向游戏化互动平台（如标题中的""秋日""暗示季节促销），使用场景为娱乐性福利获取和集体参与活动。

不喜欢：基于未点击商品特征，不喜欢支付宝平台绑定的现金红包和1分购活动，表现为对特定品牌（支付宝）和直接现金福利形式的排斥。",0,complete
1493044,"喜欢：用户偏好旧衣服回收、赚钱揭秘相关的环保回收服务，涉及品类如公益回收和二手回收（如服务使用实体中的""旧衣回收""、""公益种树""），关键词包括""旧衣回收""、""现金""（搜索关键词如""回收奢侈品""、""现金红包""），品牌如支付宝（服务使用实体中多次出现），使用场景为赚钱和环保（如点击商品中的""挣钱""、""揭秘""）。

不喜欢：用户对汽车相关服务不感兴趣，如加油、油品、租车和油价（基于未点击商品中的""加油""、""油品""、""租车""、""油价""实体词，与点击的回收主题相反）。",0,complete
1859945,"喜欢：该用户偏好支付宝相关的在线抽奖游戏活动，如花花卡翻卡抽大奖，偏好品类包括红包、游戏玩乐和理财互动，关键词涉及花花卡、大奖、翻卡，品牌为支付宝，使用场景为线上抽奖和娱乐活动。

不喜欢：该用户不感兴趣基金投资和黄金相关产品，如德邦基金直播间的黄金好礼，偏好品类包括基金、黄金投资，关键词涉及德邦基金、黄金概念，品牌为德邦基金，使用场景为金融直播和投资推广。",0,complete
1245517,"喜欢：用户偏好公共交通支付工具品类，关键词包括刷码、公交、地铁、线路图和地铁乘车出行，品牌为时华，使用场景为公共交通出行和刷码支付。
不喜欢：用户不喜欢附加福利如话费折扣和红包、娱乐内容如小剧场、以及地域特定服务如羊城通或大同公交。",0,complete
1206947,"喜欢：用户偏好现金奖励和红包活动相关的服务，特别是通过邀请好友赚取红包（如""天天赚红包奖励""），对旧衣物回收感兴趣（如""旧衣物""），关键词包括赚钱、天天、红包；品牌涉及支付宝（从交易行为）；使用场景为日常省钱、赚取额外收入和回收闲置物品。

不喜欢：用户不喜欢流量卡办理（如联通流量卡、电信）、信用卡申请（如招商银行），以及特定旧衣物回收服务（如""一米""），这些特征与点击行为相反，表现为对办理类服务和特定回收方式的回避。",0,complete
849900,"喜欢：用户偏好通信服务品类，如流量卡（关键词包括""流量卡""、""电信流量""），品牌涉及中国电信和支付宝（从点击商品和交易行为），使用场景聚焦移动通信和在线支付（如""手机费""、""转账""）；同时，在金融服务中偏好理财和基金（搜索关键词如""汇添富基金""、""理财""，服务使用如""理财直播""、""基金""），日常消费场景如超市购物（交易行为如""好润多超市""、""永辉""）。

不喜欢：用户不喜欢信用卡相关产品，基于未点击商品特征（如""招商银行信用卡""、""申请办理""），与点击行为中偏好流量卡而非银行服务相反，表明对银行申请和信用卡办理缺乏兴趣。",0,complete
237498,"喜欢：用户偏好食品饮料品类如牛奶和可乐，关键词包括实验、奇迹和DIY活动，品牌如可乐（隐含），使用场景为家庭趣味实验和日常娱乐，基于点击商品""教你几个好玩的小实验，可乐加牛奶等待奇迹""及实体词""等待,实验,牛奶,奇迹,可乐""，并支持交易行为（如鲜奶甜吐司、冰红茶饮料）、服务使用（如牛奶、鸡蛋）和搜索关键词（如鲜鸡蛋、水果）。

不喜欢：用户不喜欢咖啡品类和年夜饭套餐，关键词如咖啡、价格战和促销，品牌如星巴克、瑞幸，使用场景为咖啡消费和餐饮套餐，基于未点击商品标题如""咖啡江湖：守成的星巴克、翻身的瑞幸和进击的Tims""及实体词""咖啡,瑞幸咖啡,starbucks/星巴克""，与点击行为（实验和牛奶可乐）相反。",0,complete
158220,"喜欢：用户偏好支付宝相关的在线客服工作机会（如云客服、居家打字客服），涉及品类包括健康管理（电子献血证）和生活服务（充值话费、生活缴费）；关键词集中于时薪、业务、客服；品牌以支付宝为主；使用场景为居家工作和在线健康证书管理。

不喜欢：用户不喜欢与商业战役或投资主题相关的内容（如葛洲坝、永安行），这些特征与点击行为中的服务导向和工作机会相反，表现为对战役筹划等非服务类主题缺乏兴趣。",0,complete
548663,"喜欢：偏好品类包括美容化妆品（如粉底、精华）、时尚服饰（如内搭裙、blingbling饰品）、生活家居（如装修知识、衣柜改造）和宠物护理（如猫咪行为管理）；关键词涉及""女孩""、""装修""、""猫咪""、""独立生活""；品牌如""彤人秘""；使用场景聚焦日常化妆、家庭优化、宠物照顾及生活分享。

不喜欢：基于未点击商品，不喜欢美食内容（如红烧排骨、麻辣豆腐鱼）、特定宠物问题（如猫咪咬人）、婚礼主题、防晒产品、汽车相关（如沃尔沃）、家庭搞笑或减肥话题。",0,complete
559271,"喜欢：用户偏好回收服务，特别是京东e卡回收，偏好品类为金融理财（如闲置卡变现），关键词包括""回收""和""闲置""，品牌涉及京东，使用场景聚焦于省钱和理财管理，如处理闲置物品以获取现金收益。

不喜欢：用户不喜欢冬季保养产品、信用卡申请服务、流量卡办理和鲜花配送等，这些特征与点击的回收服务相反，体现在未点击商品中的养护服务、申请办理、流量卡和同城配送等实体。",0,complete
170423,"喜欢：用户偏好季节节气内容（如秋分），关键词包括节日（父亲节、端午节）和日常生活知识；偏好品类为休闲食品（如零食、下午茶）和支付宝相关服务；品牌涉及支付宝、饿了么；使用场景聚焦日常知识获取和休闲消费。

不喜欢：用户不喜欢消费券促销活动（如百货消费券、麦当劳好券），关键词如消费券；使用场景涉及购物促销和特定事件（如中秋）。",0,complete
1219464,"喜欢：用户偏好投资理财品类，特别是基金和股票市场；关键词包括科创50、基金盈利亏损、行情分析、证券、医疗；品牌涉及易方达、嘉实、东方阿尔法等基金公司，以及支付宝、蚂蚁财富等金融平台；使用场景为实时市场跟踪、投资日志和个人理财管理，如通过财富频道和理财服务进行行情速报和盈亏分析。

不喜欢：基于未点击行为，用户不喜欢A股抄底策略、IPO上市新闻和全球产业升级主题；具体表现为对a股、抄底、失败、hwahong华虹、上市、ipo、产业升级、半导体、芯片、嘉实等特征不感兴趣，避免涉及宏观市场事件或静态基金展示内容。",0,complete
856508,"喜欢：用户偏好红包、抽奖、薅羊毛等优惠活动，关键词包括红包、抽红包、薅羊毛；品牌涉及美团、支付宝（如服务使用中的蚂蚁庄园和红包服务）；使用场景为在线消费和奖励获取，如通过支付订单、积分兑换和消费节活动。

不喜欢：用户不喜欢情感励志、生活感悟类内容，如未点击商品中的""大家""主题，与红包优惠的实用导向相反。",0,complete
1283246,"### 用户兴趣偏好总结（场景0）

喜欢：用户偏好通信品类中的无限流量卡，关键词包括""360G""、""免费""、""移动""、""电信""，品牌倾向中国移动和电信，使用场景涉及日常移动数据需求（如出行服务哈啰出行）和低成本通信服务。

不喜欢：用户不喜欢电话卡查询服务（如全国电话卡一证通查）、信用卡分期、借贷周转金、手机靓号选择以及营业厅相关服务（如网上营业厅或靓号办理）。",0,complete
1119346,"### 用户兴趣偏好总结（场景0）
喜欢：用户偏好支付宝平台的福利活动，特别是红包奖励和夏季主题促销，偏好品类包括线上红包、福利发放和支付宝服务，关键词如支付宝、红包、夏季、福利，品牌偏好支付宝，使用场景为线上红包领取、支付宝活动参与和夏季促销互动。

不喜欢：用户不喜欢话费充值服务和月月赚相关活动，基于未点击商品的特征，如中国移动、电信、联通号码的话费充值、开宝箱和月月赚服务，反映出对电信运营商充值及任务型赚钱玩法的低兴趣。",0,complete
4770,"喜欢：用户偏好食品品类（如水果、蔬菜和零食，从交易行为中高频出现苹果、芒果、饼干等），关键词集中于免费、福利、游戏和出行相关（如点击的""免费""和搜索的""游戏中心""），品牌涉及游戏类如原神及食品类如良品铺子（交易行为中多次出现），使用场景主要为游戏娱乐和出行优惠（服务使用中的""游戏玩乐""和点击的""绿色里程""）。

不喜欢：用户不喜欢需要兑换或参与活动的商品（从未点击商品的""兑好礼""特征，与点击的""免费""福利相反），如低碳出行或上新促销（未点击实体词中的""低碳出行""和""上新""）。",0,complete
215373,"喜欢：用户偏好公益环保类内容，如海洋保护、绿色生活小妙招和蚂蚁森林能量，涉及品类包括公益慈善、生活便利服务（如外卖点餐、生活缴费），关键词如保护、评论区、绿色能量，品牌如支付宝（蚂蚁森林）、饿了么，使用场景为在线互动、环保活动和日常缴费（如电费、水费）。

不喜欢：用户对育儿相关主题如带娃攻略或特定自然教育如古树年龄不感兴趣，基于未点击商品特征（如暑期、动物、妈妈）与点击行为（环保互动）相反。",0,complete
1764811,"喜欢：用户偏好流量卡申请（如电信9元无限流量卡、移动花卡）、免费服务（如免费申请）和理财管理（如余额宝、支付宝转账），关键词包括流量卡、星卡、申请，品牌涉及电信、移动，使用场景为在线办理手机卡和理财服务（如攒现金、资产管理）。

不喜欢：用户不喜欢红包活动（如摇一摇红包、现金红包）、话费充值优惠（如立减充值、卡池优惠）、信用相关服务（如征信花花信用、信用卡申请）和积分兑换（如支付宝积分），基于未点击商品中与流量卡申请相反的特征。",0,complete
957002,"喜欢：用户偏好支付宝品牌的现金红包活动，关键词包括现金、红包、夏季福利，偏好品类为线上支付福利和奖励活动，使用场景聚焦夏季线上福利领取（如扭扭节活动），从点击商品和交易行为（支付宝、余额宝、红包）及搜索关键词（现金、红包）中体现。

不喜欢：用户不喜欢花小猪打车品牌的踏青主题礼包活动，基于未点击商品与点击行为相反的特征（如花小猪打车替代支付宝，踏青主题替代夏季福利），从实体词（花小猪打车、踏青）和搜索关键词（打车相关）中推断。",0,complete
520589,"喜欢：用户偏好支付宝和中国移动品牌的通信服务与数字福利活动，包括话费充值、流量卡、夏季红包、免费优惠等品类，关键词如夏天、福利、红包、优惠突出，使用场景集中于夏季促销和在线福利领取（如扭扭节活动）。

不喜欢：用户不喜欢壁纸、海洋主题和数字公仔等装饰性或虚拟物品，基于未点击商品中这些特征与点击行为相反（如壁纸上新或数字公仔结合红包活动）。",0,complete
7990,"喜欢：用户偏好支付宝相关的红包活动，特别是扭一扭活动，涉及支付和理财服务（如余额宝、花呗），品牌如支付宝，关键词如红包、活动，使用场景为省钱和日常消费（基于点击商品和交易行为中的支付、理财实体）。
不喜欢：用户不喜欢当类似红包活动添加季节元素（如夏天、夏季、夏日）或1分购等附加特征时（基于未点击商品中与点击行为相反的季节主题和1分购实体）。",0,complete
95847,"喜欢：偏好品类包括现金红包、福利活动和简单理财（如余额宝、活钱理财），关键词如支付宝、现金、红包、夏天（季节性活动），品牌如支付宝，使用场景为在线领奖、福利扭扭节和日常理财活动（如签到赚现金）。

不喜欢：基于未点击商品，不喜欢品类如流量卡服务（如无限流量卡）、债券基金和电话卡办理，关键词如无限流量卡、办理、债券基金，品牌如电信、中国联通，使用场景为办理流量卡、债券投资和电话卡申请。",0,complete
652378,"### 用户兴趣偏好总结（场景0）

喜欢：用户偏好食品品类如零食（膨化食品、方便面、坚果）和红包活动，关键词如支付宝、现金红包、福利和夏季，品牌如支付宝、康师傅和三只松鼠，使用场景如夏季抽奖、省钱任务和线上福利互动。

不喜欢：用户不喜欢加油和油品相关的内容，基于未点击商品特征与点击行为相反（如红包福利 vs. 油品疑问）。",0,complete
1763972,"喜欢：用户偏好支付宝品牌的红包奖励和福利活动，尤其关注夏季主题（如夏季、夏日），关键词包括支付宝、红包、福利、夏季；偏好品类涉及游戏化任务（如扭一扭领红包）和外卖点餐；使用场景包括在线支付和优惠活动参与。

不喜欢：用户不喜欢不带季节主题的红包活动，如直接的""薅红包""类型，基于未点击商品的特征与点击行为相反。",0,complete
897952,"喜欢：该用户偏好零食品类（如冰淇淋雪糕冻品），关键词包括七夕和联名，品牌如大窑，使用场景涉及节日促销（七夕）和电商购物，基于点击商品""大窑联名冰淇淋 | 七夕2件5折""及交易行为中的零食实体（如椒盐花生、魔芋爽）和搜索关键词（七夕）。  
不喜欢：该用户不喜欢中奖名单公示类内容，表明对抽奖或公告性质的东西缺乏兴趣，基于未点击商品""中奖名单公示啦，快来看看有没有你～""的实体词（中奖名单、公示），与点击行为中促销导向相反。",0,complete
1628739,"喜欢：用户偏好支付宝相关的福利活动，包括现金红包、游戏化促销（如扭扭节），偏好品类为支付服务和红包活动，关键词如""福利""和""领现金红包""，品牌以支付宝为主，使用场景涉及日常省钱和娱乐参与（如通过支付宝平台领取即时奖励）。

不喜欢：用户不喜欢余额宝等储蓄类产品，基于未点击行为与点击相反的特征（如投资导向而非即时福利）。",0,complete
206179,"喜欢：用户偏好支付宝的现金红包福利活动，涉及关键词如现金、红包、夏天和福利；品牌方面偏好支付宝；使用场景为日常消费（如食品杂货品类中的蔬菜、水果和饺子）和夏季促销活动，从交易行为可见高频购买生鲜食材如黄瓜、土豆和饺子。

不喜欢：用户不喜欢转账业务操作，包括批量转账、业务开通和正式金融服务，基于未点击商品中与点击行为相反的实体词如按月转账业务、商家转账和批量发奖金，这些特征与娱乐性红包活动形成对比。",0,complete
1937709,"喜欢：用户偏好互动性强、有即时奖励的活动，如抽红包和薅羊毛；在品类上，喜欢酒水饮料（如生啤、黄啤酒）、日常食品（如原味酸牛奶、西红柿）和支付服务（如支付宝、花呗）；品牌涉及支付宝、蚂蚁财富和京东；使用场景包括在线娱乐（如理财直播、游戏玩乐）和消费优惠（如超市购物、消费券）。

不喜欢：用户对深度理财内容不感兴趣，如债券基金、理财直播、收益分析和市场走势复盘，这些特征与点击行为相反，表明偏好轻松活动而非严肃金融教育。",0,complete
750702,"喜欢：用户偏好支付宝平台的现金红包活动，偏好品类为红包和现金奖励，关键词包括支付宝、红包、现金，品牌偏好支付宝，使用场景涉及移动支付、任务参与和日常领红包（如扭扭节活动）。

不喜欢：用户不喜欢话费充值服务和积分兑换活动，偏好品类为话费管理和积分使用，关键词如充值话费、支付宝积分，使用场景在话费优惠和积分兑换（如未点击商品中的立减福利）。",0,complete
1495401,"喜欢：偏好品类包括红包、现金管理和日常消费（如实体店通用消费），关键词如支付宝、红包、实体店、现金，品牌如支付宝和中国移动，使用场景为理财管理（如财富频道、理财直播）和实体店消费红包领取。

不喜欢：基于未点击商品特征，不喜欢基金投资（如基金投顾、金牛奖）和流量卡办理（如联通流量卡、电信星卡），关键词如基金、流量卡、办理，品牌如交银施罗德基金和联通，使用场景为基金投顾服务和流量卡申请。",0,complete
1291530,"喜欢：用户偏好支付宝品牌的红包活动，关键词包括红包、现金、薅羊毛，偏好品类为金融福利和夏季主题（如夏天、夏日），使用场景涉及支付宝平台的季节福利发放和薅羊毛活动。

不喜欢：用户对缺乏季节关联或具体福利描述（如夏季主题、大奖细节）的支付宝红包活动不感兴趣，表现为对泛泛推广（如""精彩""）的回避。",0,complete
1933208,"喜欢：用户偏好关系服务品类（如电子结婚证），关键词包括520和结婚证（匹配搜索和点击行为），品牌涉及支付宝（从服务使用实体如支付宝、余额宝推断），使用场景为在线认证和数字服务；同时，交易行为数据显示对餐饮小吃（如河粉、麦辣鸡腿堡）、理财（如余额宝、理财服务）和公益（如芭芭农场、蚂蚁森林）的兴趣。

不喜欢：用户不喜欢户外活动品类（如踏青），关键词包括踏青礼包和花小猪打车（基于未点击商品实体），品牌如花小猪打车（从未点击实体推断），使用场景为出行服务和休闲礼包（与点击行为相反，关系服务 vs. 户外休闲）。",0,complete
1101571,"喜欢：用户偏好金融理财品类，关键词如红包、支付宝、花呗和理财，品牌如支付宝和蚂蚁保，使用场景包括在线红包领取活动（如抢红包）和理财服务互动（如蚂蚁保金选），基于点击行为、搜索关键词（红包、支付宝、花呗）和服务使用实体（支付宝、花呗）的频繁出现。

不喜欢：用户不喜欢余额宝相关的红包雨活动和羊毛优惠，基于未点击商品（余额宝红包雨）与点击行为（抢红包）相反的特征，表明对被动或泛化红包形式不感兴趣。",0,complete
1548662,"喜欢：偏好在线交易和游戏相关品类（如道具交易、装备买卖），关键词如报复、买家、小区，品牌如支付宝、交易猫、apple，使用场景包括游戏交易平台、提现服务和租赁服务（基于服务使用实体如交易借贷、提现、租赁，以及搜索关键词如交易猫、闲鱼，点击商品实体词报复、买家|小区）。

不喜欢：不喜欢涉及家人的内容（基于未点击商品实体词家人，与点击行为中报复、买家等冲突特征相反）。",0,complete
1840203,"喜欢：用户偏好金融理财和促销活动品类，关键词包括红包雨、余额宝、福利和快乐，品牌如支付宝，使用场景为在线参与简单直接的福利获取和红包活动，体现对轻松、即时奖励的追求。

不喜欢：用户不喜欢复杂投资产品和分期购物品类，关键词包括债券基金、分期购买、直播间和大咖对对碰，使用场景为专业理财讨论和分期购物平台，体现对繁琐、高风险金融内容的回避。",0,complete
